aero_map_id,setup_id,speed_mps,front_height_m,rear_height_m,yaw_deg,drs,cl_front,cl_rear,cd,downforce_n,drag_n,data_source_type,synthetic_flag,model_version,data_version,generation_timestamp,random_seed,validation_status
1,1,0,0.025,0.04,-5,0,1.39409979229,1.85037844628,0.762790725811,0,0,synthetic,True,1.0.0,1.0.0,2026-09-16T20:12:09.907988+00:00,42,schema_checked
2,1,0,0.025,0.04,-5,1,1.39409979229,1.38778383471,0.625488395165,0,0,synthetic,True,1.0.0,1.0.0,2026-09-16T20:12:09.907988+00:00,42,schema_checked
3,1,0,0.025,0.04,0,0,1.42582258069,1.89248387104,0.755290725811,0,0,synthetic,True,1.0.0,1.0.0,2026-09-16T20:12:09.907988+00:00,42,schema_checked
4,1,0,0.025,0.04,0,1,1.42582258069,1.41936290328,0.619338395165,0,0,synthetic,True,1.0.0,1.0.0,2026-09-16T20:12:09.907988+00:00,42,schema_checked
5,1,0,0.025,0.04,5,0,1.39409979229,1.85037844628,0.762790725811,0,0,synthetic,True,1.0.0,1.0.0,2026-09-16T20:12:09.907988+00:00,42,schema_checked
6,1,0,0.025,0.04,5,1,1.39409979229,1.38778383471,0.625488395165,0,0,synthetic,True,1.0.0,1.0.0,2026-09-16T20:12:09.907988+00:00,42,schema_checked
7,1,0,0.025,0.06,-5,0,1.43471480593,1.91130096673,0.766425406656,0,0,synthetic,True,1.0.0,1.0.0,2026-09-16T20:12:09.907988+00:00,42,schema_checked
8,1,0,0.025,0.06,-5,1,1.43471480593,1.43347572505,0.628468833458,0,0,synthetic,True,1.0.0,1.0.0,2026-09-16T20:12:09.907988+00:00,42,schema_checked
9,1,0,0.025,0.06,0,0,1.46736179035,1.95479268553,0.758925406656,0,0,synthetic,True,1.0.0,1.0.0,2026-09-16T20:12:09.907988+00:00,42,schema_checked
10,1,0,0.025,0.06,0,1,1.46736179035,1.46609451414,0.622318833458,0,0,synthetic,True,1.0.0,1.0.0,2026-09-16T20:12:09.907988+00:00,42,schema_checked
11,1,0,0.025,0.06,5,0,1.43471480593,1.91130096673,0.766425406656,0,0,synthetic,True,1.0.0,1.0.0,2026-09-16T20:12:09.907988+00:00,42,schema_checked
12,1,0,0.025,0.06,5,1,1.43471480593,1.43347572505,0.628468833458,0,0,synthetic,True,1.0.0,1.0.0,2026-09-16T20:12:09.907988+00:00,42,schema_checked
13,1,0,0.025,0.085,-5,0,1.33088329698,1.75555370331,0.757133414289,0,0,synthetic,True,1.0.0,1.0.0,2026-09-16T20:12:09.907988+00:00,42,schema_checked
14,1,0,0.025,0.085,-5,1,1.33088329698,1.31666527749,0.620849399717,0,0,synthetic,True,1.0.0,1.0.0,2026-09-16T20:12:09.907988+00:00,42,schema_checked
15,1,0,0.025,0.085,0,0,1.36116759187,1.79550138781,0.749633414289,0,0,synthetic,True,1.0.0,1.0.0,2026-09-16T20:12:09.907988+00:00,42,schema_checked
16,1,0,0.025,0.085,0,1,1.36116759187,1.34662604086,0.614699399717,0,0,synthetic,True,1.0.0,1.0.0,2026-09-16T20:12:09.907988+00:00,42,schema_checked
17,1,0,0.025,0.085,5,0,1.33088329698,1.75555370331,0.757133414289,0,0,synthetic,True,1.0.0,1.0.0,2026-09-16T20:12:09.907988+00:00,42,schema_checked
18,1,0,0.025,0.085,5,1,1.33088329698,1.31666527749,0.620849399717,0,0,synthetic,True,1.0.0,1.0.0,2026-09-16T20:12:09.907988+00:00,42,schema_checked
19,1,0,0.04,0.04,-5,0,1.40008860574,1.85936166646,0.763326671108,0,0,synthetic,True,1.0.0,1.0.0,2026-09-16T20:12:09.907988+00:00,42,schema_checked
20,1,0,0.04,0.04,-5,1,1.40008860574,1.39452124984,0.625927870308,0,0,synthetic,True,1.0.0,1.0.0,2026-09-16T20:12:09.907988+00:00,42,schema_checked
21,1,0,0.04,0.04,0,0,1.4319476698,1.9016715047,0.755826671108,0,0,synthetic,True,1.0.0,1.0.0,2026-09-16T20:12:09.907988+00:00,42,schema_checked
22,1,0,0.04,0.04,0,1,1.4319476698,1.42625362853,0.619777870308,0,0,synthetic,True,1.0.0,1.0.0,2026-09-16T20:12:09.907988+00:00,42,schema_checked
23,1,0,0.04,0.04,5,0,1.40008860574,1.85936166646,0.763326671108,0,0,synthetic,True,1.0.0,1.0.0,2026-09-16T20:12:09.907988+00:00,42,schema_checked
24,1,0,0.04,0.04,5,1,1.40008860574,1.39452124984,0.625927870308,0,0,synthetic,True,1.0.0,1.0.0,2026-09-16T20:12:09.907988+00:00,42,schema_checked
25,1,0,0.04,0.06,-5,0,1.4412844213,1.92115538979,0.767013328535,0,0,synthetic,True,1.0.0,1.0.0,2026-09-16T20:12:09.907988+00:00,42,schema_checked
26,1,0,0.04,0.06,-5,1,1.4412844213,1.44086654234,0.628950929399,0,0,synthetic,True,1.0.0,1.0.0,2026-09-16T20:12:09.907988+00:00,42,schema_checked
27,1,0,0.04,0.06,0,0,1.47408089755,1.96487134632,0.759513328535,0,0,synthetic,True,1.0.0,1.0.0,2026-09-16T20:12:09.907988+00:00,42,schema_checked
28,1,0,0.04,0.06,0,1,1.47408089755,1.47365350974,0.622800929399,0,0,synthetic,True,1.0.0,1.0.0,2026-09-16T20:12:09.907988+00:00,42,schema_checked
29,1,0,0.04,0.06,5,0,1.4412844213,1.92115538979,0.767013328535,0,0,synthetic,True,1.0.0,1.0.0,2026-09-16T20:12:09.907988+00:00,42,schema_checked
30,1,0,0.04,0.06,5,1,1.4412844213,1.44086654234,0.628950929399,0,0,synthetic,True,1.0.0,1.0.0,2026-09-16T20:12:09.907988+00:00,42,schema_checked
31,1,0,0.04,0.085,-5,0,1.3359681033,1.7631809128,0.757588459025,0,0,synthetic,True,1.0.0,1.0.0,2026-09-16T20:12:09.907988+00:00,42,schema_checked
32,1,0,0.04,0.085,-5,1,1.3359681033,1.3223856846,0.6212225364,0,0,synthetic,True,1.0.0,1.0.0,2026-09-16T20:12:09.907988+00:00,42,schema_checked
33,1,0,0.04,0.085,0,0,1.36636810314,1.80330215471,0.750088459025,0,0,synthetic,True,1.0.0,1.0.0,2026-09-16T20:12:09.907988+00:00,42,schema_checked
34,1,0,0.04,0.085,0,1,1.36636810314,1.35247661603,0.6150725364,0,0,synthetic,True,1.0.0,1.0.0,2026-09-16T20:12:09.907988+00:00,42,schema_checked
35,1,0,0.04,0.085,5,0,1.3359681033,1.7631809128,0.757588459025,0,0,synthetic,True,1.0.0,1.0.0,2026-09-16T20:12:09.907988+00:00,42,schema_checked
36,1,0,0.04,0.085,5,1,1.3359681033,1.3223856846,0.6212225364,0,0,synthetic,True,1.0.0,1.0.0,2026-09-16T20:12:09.907988+00:00,42,schema_checked
37,1,0,0.055,0.04,-5,0,1.26020350368,1.64953401336,0.750808204278,0,0,synthetic,True,1.0.0,1.0.0,2026-09-16T20:12:09.907988+00:00,42,schema_checked
38,1,0,0.055,0.04,-5,1,1.26020350368,1.23715051002,0.615662727508,0,0,synthetic,True,1.0.0,1.0.0,2026-09-16T20:12:09.907988+00:00,42,schema_checked
39,1,0,0.055,0.04,0,0,1.28887947746,1.68706921619,0.743308204278,0,0,synthetic,True,1.0.0,1.0.0,2026-09-16T20:12:09.907988+00:00,42,schema_checked
40,1,0,0.055,0.04,0,1,1.28887947746,1.26530191214,0.609512727508,0,0,synthetic,True,1.0.0,1.0.0,2026-09-16T20:12:09.907988+00:00,42,schema_checked
41,1,0,0.055,0.04,5,0,1.26020350368,1.64953401336,0.750808204278,0,0,synthetic,True,1.0.0,1.0.0,2026-09-16T20:12:09.907988+00:00,42,schema_checked
42,1,0,0.055,0.04,5,1,1.26020350368,1.23715051002,0.615662727508,0,0,synthetic,True,1.0.0,1.0.0,2026-09-16T20:12:09.907988+00:00,42,schema_checked
43,1,0,0.055,0.06,-5,0,1.28783310339,1.69097841292,0.753280806595,0,0,synthetic,True,1.0.0,1.0.0,2026-09-16T20:12:09.907988+00:00,42,schema_checked
44,1,0,0.055,0.06,-5,1,1.28783310339,1.26823380969,0.617690261408,0,0,synthetic,True,1.0.0,1.0.0,2026-09-16T20:12:09.907988+00:00,42,schema_checked
45,1,0,0.055,0.06,0,0,1.31713778965,1.72945668448,0.745780806595,0,0,synthetic,True,1.0.0,1.0.0,2026-09-16T20:12:09.907988+00:00,42,schema_checked
46,1,0,0.055,0.06,0,1,1.31713778965,1.29709251336,0.611540261408,0,0,synthetic,True,1.0.0,1.0.0,2026-09-16T20:12:09.907988+00:00,42,schema_checked
47,1,0,0.055,0.06,5,0,1.28783310339,1.69097841292,0.753280806595,0,0,synthetic,True,1.0.0,1.0.0,2026-09-16T20:12:09.907988+00:00,42,schema_checked
48,1,0,0.055,0.06,5,1,1.28783310339,1.26823380969,0.617690261408,0,0,synthetic,True,1.0.0,1.0.0,2026-09-16T20:12:09.907988+00:00,42,schema_checked
49,1,0,0.055,0.085,-5,0,1.21719855787,1.58502659465,0.746959645856,0,0,synthetic,True,1.0.0,1.0.0,2026-09-16T20:12:09.907988+00:00,42,schema_checked
50,1,0,0.055,0.085,-5,1,1.21719855787,1.18876994599,0.612506909602,0,0,synthetic,True,1.0.0,1.0.0,2026-09-16T20:12:09.907988+00:00,42,schema_checked
51,1,0,0.055,0.085,0,0,1.24489595264,1.62109392897,0.739459645856,0,0,synthetic,True,1.0.0,1.0.0,2026-09-16T20:12:09.907988+00:00,42,schema_checked
52,1,0,0.055,0.085,0,1,1.24489595264,1.21582044672,0.606356909602,0,0,synthetic,True,1.0.0,1.0.0,2026-09-16T20:12:09.907988+00:00,42,schema_checked
53,1,0,0.055,0.085,5,0,1.21719855787,1.58502659465,0.746959645856,0,0,synthetic,True,1.0.0,1.0.0,2026-09-16T20:12:09.907988+00:00,42,schema_checked
54,1,0,0.055,0.085,5,1,1.21719855787,1.18876994599,0.612506909602,0,0,synthetic,True,1.0.0,1.0.0,2026-09-16T20:12:09.907988+00:00,42,schema_checked
55,1,30,0.025,0.04,-5,0,1.39409979229,1.85037844628,0.762790725811,2682.77794351,630.732581405,synthetic,True,1.0.0,1.0.0,2026-09-16T20:12:09.907988+00:00,42,schema_checked
56,1,30,0.025,0.04,-5,1,1.39409979229,1.38778383471,0.625488395165,2300.27002407,517.200716752,synthetic,True,1.0.0,1.0.0,2026-09-16T20:12:09.907988+00:00,42,schema_checked
57,1,30,0.025,0.04,0,0,1.42582258069,1.89248387104,0.755290725811,2743.82464727,624.531018905,synthetic,True,1.0.0,1.0.0,2026-09-16T20:12:09.907988+00:00,42,schema_checked
58,1,30,0.025,0.04,0,1,1.42582258069,1.41936290328,0.619338395165,2352.61274706,512.115435502,synthetic,True,1.0.0,1.0.0,2026-09-16T20:12:09.907988+00:00,42,schema_checked
59,1,30,0.025,0.04,5,0,1.39409979229,1.85037844628,0.762790725811,2682.77794351,630.732581405,synthetic,True,1.0.0,1.0.0,2026-09-16T20:12:09.907988+00:00,42,schema_checked
60,1,30,0.025,0.04,5,1,1.39409979229,1.38778383471,0.625488395165,2300.27002407,517.200716752,synthetic,True,1.0.0,1.0.0,2026-09-16T20:12:09.907988+00:00,42,schema_checked
61,1,30,0.025,0.06,-5,0,1.43471480593,1.91130096673,0.766425406656,2766.73679201,633.738008128,synthetic,True,1.0.0,1.0.0,2026-09-16T20:12:09.907988+00:00,42,schema_checked
62,1,30,0.025,0.06,-5,1,1.43471480593,1.43347572505,0.628468833458,2371.6350453,519.665166665,synthetic,True,1.0.0,1.0.0,2026-09-16T20:12:09.907988+00:00,42,schema_checked
63,1,30,0.025,0.06,0,0,1.46736179035,1.95479268553,0.758925406656,2829.69398224,627.536445628,synthetic,True,1.0.0,1.0.0,2026-09-16T20:12:09.907988+00:00,42,schema_checked
64,1,30,0.025,0.06,0,1,1.46736179035,1.46609451414,0.622318833458,2425.60168178,514.579885415,synthetic,True,1.0.0,1.0.0,2026-09-16T20:12:09.907988+00:00,42,schema_checked
65,1,30,0.025,0.06,5,0,1.43471480593,1.91130096673,0.766425406656,2766.73679201,633.738008128,synthetic,True,1.0.0,1.0.0,2026-09-16T20:12:09.907988+00:00,42,schema_checked
66,1,30,0.025,0.06,5,1,1.43471480593,1.43347572505,0.628468833458,2371.6350453,519.665166665,synthetic,True,1.0.0,1.0.0,2026-09-16T20:12:09.907988+00:00,42,schema_checked
67,1,30,0.025,0.085,-5,0,1.33088329698,1.75555370331,0.757133414289,2552.09759462,626.05469194,synthetic,True,1.0.0,1.0.0,2026-09-16T20:12:09.907988+00:00,42,schema_checked
68,1,30,0.025,0.085,-5,1,1.33088329698,1.31666527749,0.620849399717,2189.19172751,513.364847391,synthetic,True,1.0.0,1.0.0,2026-09-16T20:12:09.907988+00:00,42,schema_checked
69,1,30,0.025,0.085,0,0,1.36116759187,1.79550138781,0.749633414289,2610.17066258,619.85312944,synthetic,True,1.0.0,1.0.0,2026-09-16T20:12:09.907988+00:00,42,schema_checked
70,1,30,0.025,0.085,0,1,1.36116759187,1.34662604086,0.614699399717,2239.00686006,508.279566141,synthetic,True,1.0.0,1.0.0,2026-09-16T20:12:09.907988+00:00,42,schema_checked
71,1,30,0.025,0.085,5,0,1.33088329698,1.75555370331,0.757133414289,2552.09759462,626.05469194,synthetic,True,1.0.0,1.0.0,2026-09-16T20:12:09.907988+00:00,42,schema_checked
72,1,30,0.025,0.085,5,1,1.33088329698,1.31666527749,0.620849399717,2189.19172751,513.364847391,synthetic,True,1.0.0,1.0.0,2026-09-16T20:12:09.907988+00:00,42,schema_checked
73,1,30,0.04,0.04,-5,0,1.40008860574,1.85936166646,0.763326671108,2695.15794382,631.175741172,synthetic,True,1.0.0,1.0.0,2026-09-16T20:12:09.907988+00:00,42,schema_checked
74,1,30,0.04,0.04,-5,1,1.40008860574,1.39452124984,0.625927870308,2310.79302434,517.564107761,synthetic,True,1.0.0,1.0.0,2026-09-16T20:12:09.907988+00:00,42,schema_checked
75,1,30,0.04,0.04,0,0,1.4319476698,1.9016715047,0.755826671108,2756.48635491,624.974178672,synthetic,True,1.0.0,1.0.0,2026-09-16T20:12:09.907988+00:00,42,schema_checked
76,1,30,0.04,0.04,0,1,1.4319476698,1.42625362853,0.619777870308,2363.37519855,512.478826511,synthetic,True,1.0.0,1.0.0,2026-09-16T20:12:09.907988+00:00,42,schema_checked
77,1,30,0.04,0.04,5,0,1.40008860574,1.85936166646,0.763326671108,2695.15794382,631.175741172,synthetic,True,1.0.0,1.0.0,2026-09-16T20:12:09.907988+00:00,42,schema_checked
78,1,30,0.04,0.04,5,1,1.40008860574,1.39452124984,0.625927870308,2310.79302434,517.564107761,synthetic,True,1.0.0,1.0.0,2026-09-16T20:12:09.907988+00:00,42,schema_checked
79,1,30,0.04,0.06,-5,0,1.4412844213,1.92115538979,0.767013328535,2780.31741879,634.224146033,synthetic,True,1.0.0,1.0.0,2026-09-16T20:12:09.907988+00:00,42,schema_checked
80,1,30,0.04,0.06,-5,1,1.4412844213,1.44086654234,0.628950929399,2383.17857806,520.063799747,synthetic,True,1.0.0,1.0.0,2026-09-16T20:12:09.907988+00:00,42,schema_checked
81,1,30,0.04,0.06,0,0,1.47408089755,1.96487134632,0.759513328535,2843.58363665,628.022583533,synthetic,True,1.0.0,1.0.0,2026-09-16T20:12:09.907988+00:00,42,schema_checked
82,1,30,0.04,0.06,0,1,1.47408089755,1.47365350974,0.622800929399,2437.40788803,514.978518497,synthetic,True,1.0.0,1.0.0,2026-09-16T20:12:09.907988+00:00,42,schema_checked
83,1,30,0.04,0.06,5,0,1.4412844213,1.92115538979,0.767013328535,2780.31741879,634.224146033,synthetic,True,1.0.0,1.0.0,2026-09-16T20:12:09.907988+00:00,42,schema_checked
84,1,30,0.04,0.06,5,1,1.4412844213,1.44086654234,0.628950929399,2383.17857806,520.063799747,synthetic,True,1.0.0,1.0.0,2026-09-16T20:12:09.907988+00:00,42,schema_checked
85,1,30,0.04,0.085,-5,0,1.3359681033,1.7631809128,0.757588459025,2562.60884269,626.430957056,synthetic,True,1.0.0,1.0.0,2026-09-16T20:12:09.907988+00:00,42,schema_checked
86,1,30,0.04,0.085,-5,1,1.3359681033,1.3223856846,0.6212225364,2198.12628837,513.673384786,synthetic,True,1.0.0,1.0.0,2026-09-16T20:12:09.907988+00:00,42,schema_checked
87,1,30,0.04,0.085,0,0,1.36636810314,1.80330215471,0.750088459025,2620.92109446,620.229394556,synthetic,True,1.0.0,1.0.0,2026-09-16T20:12:09.907988+00:00,42,schema_checked
88,1,30,0.04,0.085,0,1,1.36636810314,1.35247661603,0.6150725364,2248.14472716,508.588103536,synthetic,True,1.0.0,1.0.0,2026-09-16T20:12:09.907988+00:00,42,schema_checked
89,1,30,0.04,0.085,5,0,1.3359681033,1.7631809128,0.757588459025,2562.60884269,626.430957056,synthetic,True,1.0.0,1.0.0,2026-09-16T20:12:09.907988+00:00,42,schema_checked
90,1,30,0.04,0.085,5,1,1.3359681033,1.3223856846,0.6212225364,2198.12628837,513.673384786,synthetic,True,1.0.0,1.0.0,2026-09-16T20:12:09.907988+00:00,42,schema_checked
91,1,30,0.055,0.04,-5,0,1.26020350368,1.64953401336,0.750808204278,2405.9892094,620.824533912,synthetic,True,1.0.0,1.0.0,2026-09-16T20:12:09.907988+00:00,42,schema_checked
92,1,30,0.055,0.04,-5,1,1.26020350368,1.23715051002,0.615662727508,2064.99960008,509.076117808,synthetic,True,1.0.0,1.0.0,2026-09-16T20:12:09.907988+00:00,42,schema_checked
93,1,30,0.055,0.04,0,0,1.28887947746,1.68706921619,0.743308204278,2460.73757606,614.622971412,synthetic,True,1.0.0,1.0.0,2026-09-16T20:12:09.907988+00:00,42,schema_checked
94,1,30,0.055,0.04,0,1,1.28887947746,1.26530191214,0.609512727508,2111.98873653,503.990836558,synthetic,True,1.0.0,1.0.0,2026-09-16T20:12:09.907988+00:00,42,schema_checked
95,1,30,0.055,0.04,5,0,1.26020350368,1.64953401336,0.750808204278,2405.9892094,620.824533912,synthetic,True,1.0.0,1.0.0,2026-09-16T20:12:09.907988+00:00,42,schema_checked
96,1,30,0.055,0.04,5,1,1.26020350368,1.23715051002,0.615662727508,2064.99960008,509.076117808,synthetic,True,1.0.0,1.0.0,2026-09-16T20:12:09.907988+00:00,42,schema_checked
97,1,30,0.055,0.06,-5,0,1.28783310339,1.69097841292,0.753280806595,2463.10477255,622.869066953,synthetic,True,1.0.0,1.0.0,2026-09-16T20:12:09.907988+00:00,42,schema_checked
98,1,30,0.055,0.06,-5,1,1.28783310339,1.26823380969,0.617690261408,2113.54782875,510.752634901,synthetic,True,1.0.0,1.0.0,2026-09-16T20:12:09.907988+00:00,42,schema_checked
99,1,30,0.055,0.06,0,0,1.31713778965,1.72945668448,0.745780806595,2519.1528058,616.667504453,synthetic,True,1.0.0,1.0.0,2026-09-16T20:12:09.907988+00:00,42,schema_checked
100,1,30,0.055,0.06,0,1,1.31713778965,1.29709251336,0.611540261408,2161.6416818,505.667353651,synthetic,True,1.0.0,1.0.0,2026-09-16T20:12:09.907988+00:00,42,schema_checked
101,1,30,0.055,0.06,5,0,1.28783310339,1.69097841292,0.753280806595,2463.10477255,622.869066953,synthetic,True,1.0.0,1.0.0,2026-09-16T20:12:09.907988+00:00,42,schema_checked
102,1,30,0.055,0.06,5,1,1.28783310339,1.26823380969,0.617690261408,2113.54782875,510.752634901,synthetic,True,1.0.0,1.0.0,2026-09-16T20:12:09.907988+00:00,42,schema_checked
103,1,30,0.055,0.085,-5,0,1.21719855787,1.58502659465,0.746959645856,2317.089923,617.642257167,synthetic,True,1.0.0,1.0.0,2026-09-16T20:12:09.907988+00:00,42,schema_checked
104,1,30,0.055,0.085,-5,1,1.21719855787,1.18876994599,0.612506909602,1989.43520663,506.466650877,synthetic,True,1.0.0,1.0.0,2026-09-16T20:12:09.907988+00:00,42,schema_checked
105,1,30,0.055,0.085,0,0,1.24489595264,1.62109392897,0.739459645856,2369.81538336,611.440694667,synthetic,True,1.0.0,1.0.0,2026-09-16T20:12:09.907988+00:00,42,schema_checked
106,1,30,0.055,0.085,0,1,1.24489595264,1.21582044672,0.606356909602,2034.70487273,501.381369627,synthetic,True,1.0.0,1.0.0,2026-09-16T20:12:09.907988+00:00,42,schema_checked
107,1,30,0.055,0.085,5,0,1.21719855787,1.58502659465,0.746959645856,2317.089923,617.642257167,synthetic,True,1.0.0,1.0.0,2026-09-16T20:12:09.907988+00:00,42,schema_checked
108,1,30,0.055,0.085,5,1,1.21719855787,1.18876994599,0.612506909602,1989.43520663,506.466650877,synthetic,True,1.0.0,1.0.0,2026-09-16T20:12:09.907988+00:00,42,schema_checked
109,1,50,0.025,0.04,-5,0,1.39409979229,1.85037844628,0.762790725811,7452.16095421,1752.03494835,synthetic,True,1.0.0,1.0.0,2026-09-16T20:12:09.907988+00:00,42,schema_checked
110,1,50,0.025,0.04,-5,1,1.39409979229,1.38778383471,0.625488395165,6389.63895576,1436.66865764,synthetic,True,1.0.0,1.0.0,2026-09-16T20:12:09.907988+00:00,42,schema_checked
111,1,50,0.025,0.04,0,0,1.42582258069,1.89248387104,0.755290725811,7621.73513132,1734.80838585,synthetic,True,1.0.0,1.0.0,2026-09-16T20:12:09.907988+00:00,42,schema_checked
112,1,50,0.025,0.04,0,1,1.42582258069,1.41936290328,0.619338395165,6535.0354085,1422.54287639,synthetic,True,1.0.0,1.0.0,2026-09-16T20:12:09.907988+00:00,42,schema_checked
113,1,50,0.025,0.04,5,0,1.39409979229,1.85037844628,0.762790725811,7452.16095421,1752.03494835,synthetic,True,1.0.0,1.0.0,2026-09-16T20:12:09.907988+00:00,42,schema_checked
114,1,50,0.025,0.04,5,1,1.39409979229,1.38778383471,0.625488395165,6389.63895576,1436.66865764,synthetic,True,1.0.0,1.0.0,2026-09-16T20:12:09.907988+00:00,42,schema_checked
115,1,50,0.025,0.06,-5,0,1.43471480593,1.91130096673,0.766425406656,7685.37997782,1760.38335591,synthetic,True,1.0.0,1.0.0,2026-09-16T20:12:09.907988+00:00,42,schema_checked
116,1,50,0.025,0.06,-5,1,1.43471480593,1.43347572505,0.628468833458,6587.87512583,1443.51435185,synthetic,True,1.0.0,1.0.0,2026-09-16T20:12:09.907988+00:00,42,schema_checked
117,1,50,0.025,0.06,0,0,1.46736179035,1.95479268553,0.758925406656,7860.26106178,1743.15679341,synthetic,True,1.0.0,1.0.0,2026-09-16T20:12:09.907988+00:00,42,schema_checked
118,1,50,0.025,0.06,0,1,1.46736179035,1.46609451414,0.622318833458,6737.78244939,1429.3885706,synthetic,True,1.0.0,1.0.0,2026-09-16T20:12:09.907988+00:00,42,schema_checked
119,1,50,0.025,0.06,5,0,1.43471480593,1.91130096673,0.766425406656,7685.37997782,1760.38335591,synthetic,True,1.0.0,1.0.0,2026-09-16T20:12:09.907988+00:00,42,schema_checked
120,1,50,0.025,0.06,5,1,1.43471480593,1.43347572505,0.628468833458,6587.87512583,1443.51435185,synthetic,True,1.0.0,1.0.0,2026-09-16T20:12:09.907988+00:00,42,schema_checked
121,1,50,0.025,0.085,-5,0,1.33088329698,1.75555370331,0.757133414289,7089.15998505,1739.04081094,synthetic,True,1.0.0,1.0.0,2026-09-16T20:12:09.907988+00:00,42,schema_checked
122,1,50,0.025,0.085,-5,1,1.33088329698,1.31666527749,0.620849399717,6081.08813198,1426.01346497,synthetic,True,1.0.0,1.0.0,2026-09-16T20:12:09.907988+00:00,42,schema_checked
123,1,50,0.025,0.085,0,0,1.36116759187,1.79550138781,0.749633414289,7250.47406271,1721.81424844,synthetic,True,1.0.0,1.0.0,2026-09-16T20:12:09.907988+00:00,42,schema_checked
124,1,50,0.025,0.085,0,1,1.36116759187,1.34662604086,0.614699399717,6219.46350018,1411.88768372,synthetic,True,1.0.0,1.0.0,2026-09-16T20:12:09.907988+00:00,42,schema_checked
125,1,50,0.025,0.085,5,0,1.33088329698,1.75555370331,0.757133414289,7089.15998505,1739.04081094,synthetic,True,1.0.0,1.0.0,2026-09-16T20:12:09.907988+00:00,42,schema_checked
126,1,50,0.025,0.085,5,1,1.33088329698,1.31666527749,0.620849399717,6081.08813198,1426.01346497,synthetic,True,1.0.0,1.0.0,2026-09-16T20:12:09.907988+00:00,42,schema_checked
127,1,50,0.04,0.04,-5,0,1.40008860574,1.85936166646,0.763326671108,7486.54984396,1753.2659477,synthetic,True,1.0.0,1.0.0,2026-09-16T20:12:09.907988+00:00,42,schema_checked
128,1,50,0.04,0.04,-5,1,1.40008860574,1.39452124984,0.625927870308,6418.86951205,1437.67807711,synthetic,True,1.0.0,1.0.0,2026-09-16T20:12:09.907988+00:00,42,schema_checked
129,1,50,0.04,0.04,0,0,1.4319476698,1.9016715047,0.755826671108,7656.90654143,1736.0393852,synthetic,True,1.0.0,1.0.0,2026-09-16T20:12:09.907988+00:00,42,schema_checked
130,1,50,0.04,0.04,0,1,1.4319476698,1.42625362853,0.619777870308,6564.93110709,1423.55229586,synthetic,True,1.0.0,1.0.0,2026-09-16T20:12:09.907988+00:00,42,schema_checked
131,1,50,0.04,0.04,5,0,1.40008860574,1.85936166646,0.763326671108,7486.54984396,1753.2659477,synthetic,True,1.0.0,1.0.0,2026-09-16T20:12:09.907988+00:00,42,schema_checked
132,1,50,0.04,0.04,5,1,1.40008860574,1.39452124984,0.625927870308,6418.86951205,1437.67807711,synthetic,True,1.0.0,1.0.0,2026-09-16T20:12:09.907988+00:00,42,schema_checked
133,1,50,0.04,0.06,-5,0,1.4412844213,1.92115538979,0.767013328535,7723.1039411,1761.73373898,synthetic,True,1.0.0,1.0.0,2026-09-16T20:12:09.907988+00:00,42,schema_checked
134,1,50,0.04,0.06,-5,1,1.4412844213,1.44086654234,0.628950929399,6619.94049462,1444.62166596,synthetic,True,1.0.0,1.0.0,2026-09-16T20:12:09.907988+00:00,42,schema_checked
135,1,50,0.04,0.06,0,0,1.47408089755,1.96487134632,0.759513328535,7898.84343513,1744.50717648,synthetic,True,1.0.0,1.0.0,2026-09-16T20:12:09.907988+00:00,42,schema_checked
136,1,50,0.04,0.06,0,1,1.47408089755,1.47365350974,0.622800929399,6770.57746674,1430.49588471,synthetic,True,1.0.0,1.0.0,2026-09-16T20:12:09.907988+00:00,42,schema_checked
137,1,50,0.04,0.06,5,0,1.4412844213,1.92115538979,0.767013328535,7723.1039411,1761.73373898,synthetic,True,1.0.0,1.0.0,2026-09-16T20:12:09.907988+00:00,42,schema_checked
138,1,50,0.04,0.06,5,1,1.4412844213,1.44086654234,0.628950929399,6619.94049462,1444.62166596,synthetic,True,1.0.0,1.0.0,2026-09-16T20:12:09.907988+00:00,42,schema_checked
139,1,50,0.04,0.085,-5,0,1.3359681033,1.7631809128,0.757588459025,7118.35789636,1740.08599182,synthetic,True,1.0.0,1.0.0,2026-09-16T20:12:09.907988+00:00,42,schema_checked
140,1,50,0.04,0.085,-5,1,1.3359681033,1.3223856846,0.6212225364,6105.90635659,1426.87051329,synthetic,True,1.0.0,1.0.0,2026-09-16T20:12:09.907988+00:00,42,schema_checked
141,1,50,0.04,0.085,0,0,1.36636810314,1.80330215471,0.750088459025,7280.33637349,1722.85942932,synthetic,True,1.0.0,1.0.0,2026-09-16T20:12:09.907988+00:00,42,schema_checked
142,1,50,0.04,0.085,0,1,1.36636810314,1.35247661603,0.6150725364,6244.84646434,1412.74473204,synthetic,True,1.0.0,1.0.0,2026-09-16T20:12:09.907988+00:00,42,schema_checked
143,1,50,0.04,0.085,5,0,1.3359681033,1.7631809128,0.757588459025,7118.35789636,1740.08599182,synthetic,True,1.0.0,1.0.0,2026-09-16T20:12:09.907988+00:00,42,schema_checked
144,1,50,0.04,0.085,5,1,1.3359681033,1.3223856846,0.6212225364,6105.90635659,1426.87051329,synthetic,True,1.0.0,1.0.0,2026-09-16T20:12:09.907988+00:00,42,schema_checked
145,1,50,0.055,0.04,-5,0,1.26020350368,1.64953401336,0.750808204278,6683.30335945,1724.5125942,synthetic,True,1.0.0,1.0.0,2026-09-16T20:12:09.907988+00:00,42,schema_checked
146,1,50,0.055,0.04,-5,1,1.26020350368,1.23715051002,0.615662727508,5736.11000022,1414.10032724,synthetic,True,1.0.0,1.0.0,2026-09-16T20:12:09.907988+00:00,42,schema_checked
147,1,50,0.055,0.04,0,0,1.28887947746,1.68706921619,0.743308204278,6835.38215573,1707.2860317,synthetic,True,1.0.0,1.0.0,2026-09-16T20:12:09.907988+00:00,42,schema_checked
148,1,50,0.055,0.04,0,1,1.28887947746,1.26530191214,0.609512727508,5866.63537924,1399.97454599,synthetic,True,1.0.0,1.0.0,2026-09-16T20:12:09.907988+00:00,42,schema_checked
149,1,50,0.055,0.04,5,0,1.26020350368,1.64953401336,0.750808204278,6683.30335945,1724.5125942,synthetic,True,1.0.0,1.0.0,2026-09-16T20:12:09.907988+00:00,42,schema_checked
150,1,50,0.055,0.04,5,1,1.26020350368,1.23715051002,0.615662727508,5736.11000022,1414.10032724,synthetic,True,1.0.0,1.0.0,2026-09-16T20:12:09.907988+00:00,42,schema_checked
151,1,50,0.055,0.06,-5,0,1.28783310339,1.69097841292,0.753280806595,6841.95770152,1730.19185265,synthetic,True,1.0.0,1.0.0,2026-09-16T20:12:09.907988+00:00,42,schema_checked
152,1,50,0.055,0.06,-5,1,1.28783310339,1.26823380969,0.617690261408,5870.96619097,1418.75731917,synthetic,True,1.0.0,1.0.0,2026-09-16T20:12:09.907988+00:00,42,schema_checked
153,1,50,0.055,0.06,0,0,1.31713778965,1.72945668448,0.745780806595,6997.64668277,1712.96529015,synthetic,True,1.0.0,1.0.0,2026-09-16T20:12:09.907988+00:00,42,schema_checked
154,1,50,0.055,0.06,0,1,1.31713778965,1.29709251336,0.611540261408,6004.56022723,1404.63153792,synthetic,True,1.0.0,1.0.0,2026-09-16T20:12:09.907988+00:00,42,schema_checked
155,1,50,0.055,0.06,5,0,1.28783310339,1.69097841292,0.753280806595,6841.95770152,1730.19185265,synthetic,True,1.0.0,1.0.0,2026-09-16T20:12:09.907988+00:00,42,schema_checked
156,1,50,0.055,0.06,5,1,1.28783310339,1.26823380969,0.617690261408,5870.96619097,1418.75731917,synthetic,True,1.0.0,1.0.0,2026-09-16T20:12:09.907988+00:00,42,schema_checked
157,1,50,0.055,0.085,-5,0,1.21719855787,1.58502659465,0.746959645856,6436.36089721,1715.67293658,synthetic,True,1.0.0,1.0.0,2026-09-16T20:12:09.907988+00:00,42,schema_checked
158,1,50,0.055,0.085,-5,1,1.21719855787,1.18876994599,0.612506909602,5526.20890731,1406.85180799,synthetic,True,1.0.0,1.0.0,2026-09-16T20:12:09.907988+00:00,42,schema_checked
159,1,50,0.055,0.085,0,0,1.24489595264,1.62109392897,0.739459645856,6582.82050932,1698.44637408,synthetic,True,1.0.0,1.0.0,2026-09-16T20:12:09.907988+00:00,42,schema_checked
160,1,50,0.055,0.085,0,1,1.24489595264,1.21582044672,0.606356909602,5651.9579798,1392.72602674,synthetic,True,1.0.0,1.0.0,2026-09-16T20:12:09.907988+00:00,42,schema_checked
161,1,50,0.055,0.085,5,0,1.21719855787,1.58502659465,0.746959645856,6436.36089721,1715.67293658,synthetic,True,1.0.0,1.0.0,2026-09-16T20:12:09.907988+00:00,42,schema_checked
162,1,50,0.055,0.085,5,1,1.21719855787,1.18876994599,0.612506909602,5526.20890731,1406.85180799,synthetic,True,1.0.0,1.0.0,2026-09-16T20:12:09.907988+00:00,42,schema_checked
163,1,70,0.025,0.04,-5,0,1.39409979229,1.85037844628,0.762790725811,14606.2354702,3433.98849876,synthetic,True,1.0.0,1.0.0,2026-09-16T20:12:09.907988+00:00,42,schema_checked
164,1,70,0.025,0.04,-5,1,1.39409979229,1.38778383471,0.625488395165,12523.6923533,2815.87056898,synthetic,True,1.0.0,1.0.0,2026-09-16T20:12:09.907988+00:00,42,schema_checked
165,1,70,0.025,0.04,0,0,1.42582258069,1.89248387104,0.755290725811,14938.6008574,3400.22443626,synthetic,True,1.0.0,1.0.0,2026-09-16T20:12:09.907988+00:00,42,schema_checked
166,1,70,0.025,0.04,0,1,1.42582258069,1.41936290328,0.619338395165,12808.6694007,2788.18403773,synthetic,True,1.0.0,1.0.0,2026-09-16T20:12:09.907988+00:00,42,schema_checked
167,1,70,0.025,0.04,5,0,1.39409979229,1.85037844628,0.762790725811,14606.2354702,3433.98849876,synthetic,True,1.0.0,1.0.0,2026-09-16T20:12:09.907988+00:00,42,schema_checked
168,1,70,0.025,0.04,5,1,1.39409979229,1.38778383471,0.625488395165,12523.6923533,2815.87056898,synthetic,True,1.0.0,1.0.0,2026-09-16T20:12:09.907988+00:00,42,schema_checked
169,1,70,0.025,0.06,-5,0,1.43471480593,1.91130096673,0.766425406656,15063.3447565,3450.35137759,synthetic,True,1.0.0,1.0.0,2026-09-16T20:12:09.907988+00:00,42,schema_checked
170,1,70,0.025,0.06,-5,1,1.43471480593,1.43347572505,0.628468833458,12912.2352466,2829.28812962,synthetic,True,1.0.0,1.0.0,2026-09-16T20:12:09.907988+00:00,42,schema_checked
171,1,70,0.025,0.06,0,0,1.46736179035,1.95479268553,0.758925406656,15406.1116811,3416.58731509,synthetic,True,1.0.0,1.0.0,2026-09-16T20:12:09.907988+00:00,42,schema_checked
172,1,70,0.025,0.06,0,1,1.46736179035,1.46609451414,0.622318833458,13206.0536008,2801.60159837,synthetic,True,1.0.0,1.0.0,2026-09-16T20:12:09.907988+00:00,42,schema_checked
173,1,70,0.025,0.06,5,0,1.43471480593,1.91130096673,0.766425406656,15063.3447565,3450.35137759,synthetic,True,1.0.0,1.0.0,2026-09-16T20:12:09.907988+00:00,42,schema_checked
174,1,70,0.025,0.06,5,1,1.43471480593,1.43347572505,0.628468833458,12912.2352466,2829.28812962,synthetic,True,1.0.0,1.0.0,2026-09-16T20:12:09.907988+00:00,42,schema_checked
175,1,70,0.025,0.085,-5,0,1.33088329698,1.75555370331,0.757133414289,13894.7535707,3408.51998945,synthetic,True,1.0.0,1.0.0,2026-09-16T20:12:09.907988+00:00,42,schema_checked
176,1,70,0.025,0.085,-5,1,1.33088329698,1.31666527749,0.620849399717,11918.9327387,2794.98639135,synthetic,True,1.0.0,1.0.0,2026-09-16T20:12:09.907988+00:00,42,schema_checked
177,1,70,0.025,0.085,0,0,1.36116759187,1.79550138781,0.749633414289,14210.9291629,3374.75592695,synthetic,True,1.0.0,1.0.0,2026-09-16T20:12:09.907988+00:00,42,schema_checked
178,1,70,0.025,0.085,0,1,1.36116759187,1.34662604086,0.614699399717,12190.1484603,2767.2998601,synthetic,True,1.0.0,1.0.0,2026-09-16T20:12:09.907988+00:00,42,schema_checked
179,1,70,0.025,0.085,5,0,1.33088329698,1.75555370331,0.757133414289,13894.7535707,3408.51998945,synthetic,True,1.0.0,1.0.0,2026-09-16T20:12:09.907988+00:00,42,schema_checked
180,1,70,0.025,0.085,5,1,1.33088329698,1.31666527749,0.620849399717,11918.9327387,2794.98639135,synthetic,True,1.0.0,1.0.0,2026-09-16T20:12:09.907988+00:00,42,schema_checked
181,1,70,0.04,0.04,-5,0,1.40008860574,1.85936166646,0.763326671108,14673.6376942,3436.40125749,synthetic,True,1.0.0,1.0.0,2026-09-16T20:12:09.907988+00:00,42,schema_checked
182,1,70,0.04,0.04,-5,1,1.40008860574,1.39452124984,0.625927870308,12580.9842436,2817.84903114,synthetic,True,1.0.0,1.0.0,2026-09-16T20:12:09.907988+00:00,42,schema_checked
183,1,70,0.04,0.04,0,0,1.4319476698,1.9016715047,0.755826671108,15007.5368212,3402.63719499,synthetic,True,1.0.0,1.0.0,2026-09-16T20:12:09.907988+00:00,42,schema_checked
184,1,70,0.04,0.04,0,1,1.4319476698,1.42625362853,0.619777870308,12867.2649699,2790.16249989,synthetic,True,1.0.0,1.0.0,2026-09-16T20:12:09.907988+00:00,42,schema_checked
185,1,70,0.04,0.04,5,0,1.40008860574,1.85936166646,0.763326671108,14673.6376942,3436.40125749,synthetic,True,1.0.0,1.0.0,2026-09-16T20:12:09.907988+00:00,42,schema_checked
186,1,70,0.04,0.04,5,1,1.40008860574,1.39452124984,0.625927870308,12580.9842436,2817.84903114,synthetic,True,1.0.0,1.0.0,2026-09-16T20:12:09.907988+00:00,42,schema_checked
187,1,70,0.04,0.06,-5,0,1.4412844213,1.92115538979,0.767013328535,15137.2837245,3452.9981284,synthetic,True,1.0.0,1.0.0,2026-09-16T20:12:09.907988+00:00,42,schema_checked
188,1,70,0.04,0.06,-5,1,1.4412844213,1.44086654234,0.628950929399,12975.0833694,2831.45846529,synthetic,True,1.0.0,1.0.0,2026-09-16T20:12:09.907988+00:00,42,schema_checked
189,1,70,0.04,0.06,0,0,1.47408089755,1.96487134632,0.759513328535,15481.7331329,3419.2340659,synthetic,True,1.0.0,1.0.0,2026-09-16T20:12:09.907988+00:00,42,schema_checked
190,1,70,0.04,0.06,0,1,1.47408089755,1.47365350974,0.622800929399,13270.3318348,2803.77193404,synthetic,True,1.0.0,1.0.0,2026-09-16T20:12:09.907988+00:00,42,schema_checked
191,1,70,0.04,0.06,5,0,1.4412844213,1.92115538979,0.767013328535,15137.2837245,3452.9981284,synthetic,True,1.0.0,1.0.0,2026-09-16T20:12:09.907988+00:00,42,schema_checked
192,1,70,0.04,0.06,5,1,1.4412844213,1.44086654234,0.628950929399,12975.0833694,2831.45846529,synthetic,True,1.0.0,1.0.0,2026-09-16T20:12:09.907988+00:00,42,schema_checked
193,1,70,0.04,0.085,-5,0,1.3359681033,1.7631809128,0.757588459025,13951.9814769,3410.56854397,synthetic,True,1.0.0,1.0.0,2026-09-16T20:12:09.907988+00:00,42,schema_checked
194,1,70,0.04,0.085,-5,1,1.3359681033,1.3223856846,0.6212225364,11967.5764589,2796.66620606,synthetic,True,1.0.0,1.0.0,2026-09-16T20:12:09.907988+00:00,42,schema_checked
195,1,70,0.04,0.085,0,0,1.36636810314,1.80330215471,0.750088459025,14269.459292,3376.80448147,synthetic,True,1.0.0,1.0.0,2026-09-16T20:12:09.907988+00:00,42,schema_checked
196,1,70,0.04,0.085,0,1,1.36636810314,1.35247661603,0.6150725364,12239.8990701,2768.97967481,synthetic,True,1.0.0,1.0.0,2026-09-16T20:12:09.907988+00:00,42,schema_checked
197,1,70,0.04,0.085,5,0,1.3359681033,1.7631809128,0.757588459025,13951.9814769,3410.56854397,synthetic,True,1.0.0,1.0.0,2026-09-16T20:12:09.907988+00:00,42,schema_checked
198,1,70,0.04,0.085,5,1,1.3359681033,1.3223856846,0.6212225364,11967.5764589,2796.66620606,synthetic,True,1.0.0,1.0.0,2026-09-16T20:12:09.907988+00:00,42,schema_checked
199,1,70,0.055,0.04,-5,0,1.26020350368,1.64953401336,0.750808204278,13099.2745845,3380.04468463,synthetic,True,1.0.0,1.0.0,2026-09-16T20:12:09.907988+00:00,42,schema_checked
200,1,70,0.055,0.04,-5,1,1.26020350368,1.23715051002,0.615662727508,11242.7756004,2771.6366414,synthetic,True,1.0.0,1.0.0,2026-09-16T20:12:09.907988+00:00,42,schema_checked
201,1,70,0.055,0.04,0,0,1.28887947746,1.68706921619,0.743308204278,13397.3490252,3346.28062213,synthetic,True,1.0.0,1.0.0,2026-09-16T20:12:09.907988+00:00,42,schema_checked
202,1,70,0.055,0.04,0,1,1.28887947746,1.26530191214,0.609512727508,11498.6053433,2743.95011015,synthetic,True,1.0.0,1.0.0,2026-09-16T20:12:09.907988+00:00,42,schema_checked
203,1,70,0.055,0.04,5,0,1.26020350368,1.64953401336,0.750808204278,13099.2745845,3380.04468463,synthetic,True,1.0.0,1.0.0,2026-09-16T20:12:09.907988+00:00,42,schema_checked
204,1,70,0.055,0.04,5,1,1.26020350368,1.23715051002,0.615662727508,11242.7756004,2771.6366414,synthetic,True,1.0.0,1.0.0,2026-09-16T20:12:09.907988+00:00,42,schema_checked
205,1,70,0.055,0.06,-5,0,1.28783310339,1.69097841292,0.753280806595,13410.237095,3391.17603119,synthetic,True,1.0.0,1.0.0,2026-09-16T20:12:09.907988+00:00,42,schema_checked
206,1,70,0.055,0.06,-5,1,1.28783310339,1.26823380969,0.617690261408,11507.0937343,2780.76434557,synthetic,True,1.0.0,1.0.0,2026-09-16T20:12:09.907988+00:00,42,schema_checked
207,1,70,0.055,0.06,0,0,1.31713778965,1.72945668448,0.745780806595,13715.3874982,3357.41196869,synthetic,True,1.0.0,1.0.0,2026-09-16T20:12:09.907988+00:00,42,schema_checked
208,1,70,0.055,0.06,0,1,1.31713778965,1.29709251336,0.611540261408,11768.9380454,2753.07781432,synthetic,True,1.0.0,1.0.0,2026-09-16T20:12:09.907988+00:00,42,schema_checked
209,1,70,0.055,0.06,5,0,1.28783310339,1.69097841292,0.753280806595,13410.237095,3391.17603119,synthetic,True,1.0.0,1.0.0,2026-09-16T20:12:09.907988+00:00,42,schema_checked
210,1,70,0.055,0.06,5,1,1.28783310339,1.26823380969,0.617690261408,11507.0937343,2780.76434557,synthetic,True,1.0.0,1.0.0,2026-09-16T20:12:09.907988+00:00,42,schema_checked
211,1,70,0.055,0.085,-5,0,1.21719855787,1.58502659465,0.746959645856,12615.2673585,3362.71895569,synthetic,True,1.0.0,1.0.0,2026-09-16T20:12:09.907988+00:00,42,schema_checked
212,1,70,0.055,0.085,-5,1,1.21719855787,1.18876994599,0.612506909602,10831.3694583,2757.42954367,synthetic,True,1.0.0,1.0.0,2026-09-16T20:12:09.907988+00:00,42,schema_checked
213,1,70,0.055,0.085,0,0,1.24489595264,1.62109392897,0.739459645856,12902.3281983,3328.95489319,synthetic,True,1.0.0,1.0.0,2026-09-16T20:12:09.907988+00:00,42,schema_checked
214,1,70,0.055,0.085,0,1,1.24489595264,1.21582044672,0.606356909602,11077.8376404,2729.74301242,synthetic,True,1.0.0,1.0.0,2026-09-16T20:12:09.907988+00:00,42,schema_checked
215,1,70,0.055,0.085,5,0,1.21719855787,1.58502659465,0.746959645856,12615.2673585,3362.71895569,synthetic,True,1.0.0,1.0.0,2026-09-16T20:12:09.907988+00:00,42,schema_checked
216,1,70,0.055,0.085,5,1,1.21719855787,1.18876994599,0.612506909602,10831.3694583,2757.42954367,synthetic,True,1.0.0,1.0.0,2026-09-16T20:12:09.907988+00:00,42,schema_checked
217,1,90,0.025,0.04,-5,0,1.39409979229,1.85037844628,0.762790725811,24145.0014916,5676.59323264,synthetic,True,1.0.0,1.0.0,2026-09-16T20:12:09.907988+00:00,42,schema_checked
218,1,90,0.025,0.04,-5,1,1.39409979229,1.38778383471,0.625488395165,20702.4302167,4654.80645077,synthetic,True,1.0.0,1.0.0,2026-09-16T20:12:09.907988+00:00,42,schema_checked
219,1,90,0.025,0.04,0,0,1.42582258069,1.89248387104,0.755290725811,24694.4218255,5620.77917014,synthetic,True,1.0.0,1.0.0,2026-09-16T20:12:09.907988+00:00,42,schema_checked
220,1,90,0.025,0.04,0,1,1.42582258069,1.41936290328,0.619338395165,21173.5147235,4609.03891952,synthetic,True,1.0.0,1.0.0,2026-09-16T20:12:09.907988+00:00,42,schema_checked
221,1,90,0.025,0.04,5,0,1.39409979229,1.85037844628,0.762790725811,24145.0014916,5676.59323264,synthetic,True,1.0.0,1.0.0,2026-09-16T20:12:09.907988+00:00,42,schema_checked
222,1,90,0.025,0.04,5,1,1.39409979229,1.38778383471,0.625488395165,20702.4302167,4654.80645077,synthetic,True,1.0.0,1.0.0,2026-09-16T20:12:09.907988+00:00,42,schema_checked
223,1,90,0.025,0.06,-5,0,1.43471480593,1.91130096673,0.766425406656,24900.6311281,5703.64207316,synthetic,True,1.0.0,1.0.0,2026-09-16T20:12:09.907988+00:00,42,schema_checked
224,1,90,0.025,0.06,-5,1,1.43471480593,1.43347572505,0.628468833458,21344.7154077,4676.98649999,synthetic,True,1.0.0,1.0.0,2026-09-16T20:12:09.907988+00:00,42,schema_checked
225,1,90,0.025,0.06,0,0,1.46736179035,1.95479268553,0.758925406656,25467.2458402,5647.82801066,synthetic,True,1.0.0,1.0.0,2026-09-16T20:12:09.907988+00:00,42,schema_checked
226,1,90,0.025,0.06,0,1,1.46736179035,1.46609451414,0.622318833458,21830.415136,4631.21896874,synthetic,True,1.0.0,1.0.0,2026-09-16T20:12:09.907988+00:00,42,schema_checked
227,1,90,0.025,0.06,5,0,1.43471480593,1.91130096673,0.766425406656,24900.6311281,5703.64207316,synthetic,True,1.0.0,1.0.0,2026-09-16T20:12:09.907988+00:00,42,schema_checked
228,1,90,0.025,0.06,5,1,1.43471480593,1.43347572505,0.628468833458,21344.7154077,4676.98649999,synthetic,True,1.0.0,1.0.0,2026-09-16T20:12:09.907988+00:00,42,schema_checked
229,1,90,0.025,0.085,-5,0,1.33088329698,1.75555370331,0.757133414289,22968.8783516,5634.49222746,synthetic,True,1.0.0,1.0.0,2026-09-16T20:12:09.907988+00:00,42,schema_checked
230,1,90,0.025,0.085,-5,1,1.33088329698,1.31666527749,0.620849399717,19702.7255476,4620.28362652,synthetic,True,1.0.0,1.0.0,2026-09-16T20:12:09.907988+00:00,42,schema_checked
231,1,90,0.025,0.085,0,0,1.36116759187,1.79550138781,0.749633414289,23491.5359632,5578.67816496,synthetic,True,1.0.0,1.0.0,2026-09-16T20:12:09.907988+00:00,42,schema_checked
232,1,90,0.025,0.085,0,1,1.36116759187,1.34662604086,0.614699399717,20151.0617406,4574.51609527,synthetic,True,1.0.0,1.0.0,2026-09-16T20:12:09.907988+00:00,42,schema_checked
233,1,90,0.025,0.085,5,0,1.33088329698,1.75555370331,0.757133414289,22968.8783516,5634.49222746,synthetic,True,1.0.0,1.0.0,2026-09-16T20:12:09.907988+00:00,42,schema_checked
234,1,90,0.025,0.085,5,1,1.33088329698,1.31666527749,0.620849399717,19702.7255476,4620.28362652,synthetic,True,1.0.0,1.0.0,2026-09-16T20:12:09.907988+00:00,42,schema_checked
235,1,90,0.04,0.04,-5,0,1.40008860574,1.85936166646,0.763326671108,24256.4214944,5680.58167055,synthetic,True,1.0.0,1.0.0,2026-09-16T20:12:09.907988+00:00,42,schema_checked
236,1,90,0.04,0.04,-5,1,1.40008860574,1.39452124984,0.625927870308,20797.137219,4658.07696985,synthetic,True,1.0.0,1.0.0,2026-09-16T20:12:09.907988+00:00,42,schema_checked
237,1,90,0.04,0.04,0,0,1.4319476698,1.9016715047,0.755826671108,24808.3771942,5624.76760805,synthetic,True,1.0.0,1.0.0,2026-09-16T20:12:09.907988+00:00,42,schema_checked
238,1,90,0.04,0.04,0,1,1.4319476698,1.42625362853,0.619777870308,21270.376787,4612.3094386,synthetic,True,1.0.0,1.0.0,2026-09-16T20:12:09.907988+00:00,42,schema_checked
239,1,90,0.04,0.04,5,0,1.40008860574,1.85936166646,0.763326671108,24256.4214944,5680.58167055,synthetic,True,1.0.0,1.0.0,2026-09-16T20:12:09.907988+00:00,42,schema_checked
240,1,90,0.04,0.04,5,1,1.40008860574,1.39452124984,0.625927870308,20797.137219,4658.07696985,synthetic,True,1.0.0,1.0.0,2026-09-16T20:12:09.907988+00:00,42,schema_checked
241,1,90,0.04,0.06,-5,0,1.4412844213,1.92115538979,0.767013328535,25022.8567692,5708.01731429,synthetic,True,1.0.0,1.0.0,2026-09-16T20:12:09.907988+00:00,42,schema_checked
242,1,90,0.04,0.06,-5,1,1.4412844213,1.44086654234,0.628950929399,21448.6072026,4680.57419772,synthetic,True,1.0.0,1.0.0,2026-09-16T20:12:09.907988+00:00,42,schema_checked
243,1,90,0.04,0.06,0,0,1.47408089755,1.96487134632,0.759513328535,25592.2527298,5652.20325179,synthetic,True,1.0.0,1.0.0,2026-09-16T20:12:09.907988+00:00,42,schema_checked
244,1,90,0.04,0.06,0,1,1.47408089755,1.47365350974,0.622800929399,21936.6709922,4634.80666647,synthetic,True,1.0.0,1.0.0,2026-09-16T20:12:09.907988+00:00,42,schema_checked
245,1,90,0.04,0.06,5,0,1.4412844213,1.92115538979,0.767013328535,25022.8567692,5708.01731429,synthetic,True,1.0.0,1.0.0,2026-09-16T20:12:09.907988+00:00,42,schema_checked
246,1,90,0.04,0.06,5,1,1.4412844213,1.44086654234,0.628950929399,21448.6072026,4680.57419772,synthetic,True,1.0.0,1.0.0,2026-09-16T20:12:09.907988+00:00,42,schema_checked
247,1,90,0.04,0.085,-5,0,1.3359681033,1.7631809128,0.757588459025,23063.4795842,5637.8786135,synthetic,True,1.0.0,1.0.0,2026-09-16T20:12:09.907988+00:00,42,schema_checked
248,1,90,0.04,0.085,-5,1,1.3359681033,1.3223856846,0.6212225364,19783.1365954,4623.06046307,synthetic,True,1.0.0,1.0.0,2026-09-16T20:12:09.907988+00:00,42,schema_checked
249,1,90,0.04,0.085,0,0,1.36636810314,1.80330215471,0.750088459025,23588.2898501,5582.064551,synthetic,True,1.0.0,1.0.0,2026-09-16T20:12:09.907988+00:00,42,schema_checked
250,1,90,0.04,0.085,0,1,1.36636810314,1.35247661603,0.6150725364,20233.3025445,4577.29293182,synthetic,True,1.0.0,1.0.0,2026-09-16T20:12:09.907988+00:00,42,schema_checked
251,1,90,0.04,0.085,5,0,1.3359681033,1.7631809128,0.757588459025,23063.4795842,5637.8786135,synthetic,True,1.0.0,1.0.0,2026-09-16T20:12:09.907988+00:00,42,schema_checked
252,1,90,0.04,0.085,5,1,1.3359681033,1.3223856846,0.6212225364,19783.1365954,4623.06046307,synthetic,True,1.0.0,1.0.0,2026-09-16T20:12:09.907988+00:00,42,schema_checked
253,1,90,0.055,0.04,-5,0,1.26020350368,1.64953401336,0.750808204278,21653.9028846,5587.42080521,synthetic,True,1.0.0,1.0.0,2026-09-16T20:12:09.907988+00:00,42,schema_checked
254,1,90,0.055,0.04,-5,1,1.26020350368,1.23715051002,0.615662727508,18584.9964007,4581.68506027,synthetic,True,1.0.0,1.0.0,2026-09-16T20:12:09.907988+00:00,42,schema_checked
255,1,90,0.055,0.04,0,0,1.28887947746,1.68706921619,0.743308204278,22146.6381846,5531.60674271,synthetic,True,1.0.0,1.0.0,2026-09-16T20:12:09.907988+00:00,42,schema_checked
256,1,90,0.055,0.04,0,1,1.28887947746,1.26530191214,0.609512727508,19007.8986287,4535.91752902,synthetic,True,1.0.0,1.0.0,2026-09-16T20:12:09.907988+00:00,42,schema_checked
257,1,90,0.055,0.04,5,0,1.26020350368,1.64953401336,0.750808204278,21653.9028846,5587.42080521,synthetic,True,1.0.0,1.0.0,2026-09-16T20:12:09.907988+00:00,42,schema_checked
258,1,90,0.055,0.04,5,1,1.26020350368,1.23715051002,0.615662727508,18584.9964007,4581.68506027,synthetic,True,1.0.0,1.0.0,2026-09-16T20:12:09.907988+00:00,42,schema_checked
259,1,90,0.055,0.06,-5,0,1.28783310339,1.69097841292,0.753280806595,22167.9429529,5605.82160258,synthetic,True,1.0.0,1.0.0,2026-09-16T20:12:09.907988+00:00,42,schema_checked
260,1,90,0.055,0.06,-5,1,1.28783310339,1.26823380969,0.617690261408,19021.9304588,4596.77371411,synthetic,True,1.0.0,1.0.0,2026-09-16T20:12:09.907988+00:00,42,schema_checked
261,1,90,0.055,0.06,0,0,1.31713778965,1.72945668448,0.745780806595,22672.3752522,5550.00754008,synthetic,True,1.0.0,1.0.0,2026-09-16T20:12:09.907988+00:00,42,schema_checked
262,1,90,0.055,0.06,0,1,1.31713778965,1.29709251336,0.611540261408,19454.7751362,4551.00618286,synthetic,True,1.0.0,1.0.0,2026-09-16T20:12:09.907988+00:00,42,schema_checked
263,1,90,0.055,0.06,5,0,1.28783310339,1.69097841292,0.753280806595,22167.9429529,5605.82160258,synthetic,True,1.0.0,1.0.0,2026-09-16T20:12:09.907988+00:00,42,schema_checked
264,1,90,0.055,0.06,5,1,1.28783310339,1.26823380969,0.617690261408,19021.9304588,4596.77371411,synthetic,True,1.0.0,1.0.0,2026-09-16T20:12:09.907988+00:00,42,schema_checked
265,1,90,0.055,0.085,-5,0,1.21719855787,1.58502659465,0.746959645856,20853.809307,5558.78031451,synthetic,True,1.0.0,1.0.0,2026-09-16T20:12:09.907988+00:00,42,schema_checked
266,1,90,0.055,0.085,-5,1,1.21719855787,1.18876994599,0.612506909602,17904.9168597,4558.1998579,synthetic,True,1.0.0,1.0.0,2026-09-16T20:12:09.907988+00:00,42,schema_checked
267,1,90,0.055,0.085,0,0,1.24489595264,1.62109392897,0.739459645856,21328.3384502,5502.96625201,synthetic,True,1.0.0,1.0.0,2026-09-16T20:12:09.907988+00:00,42,schema_checked
268,1,90,0.055,0.085,0,1,1.24489595264,1.21582044672,0.606356909602,18312.3438545,4512.43232665,synthetic,True,1.0.0,1.0.0,2026-09-16T20:12:09.907988+00:00,42,schema_checked
269,1,90,0.055,0.085,5,0,1.21719855787,1.58502659465,0.746959645856,20853.809307,5558.78031451,synthetic,True,1.0.0,1.0.0,2026-09-16T20:12:09.907988+00:00,42,schema_checked
270,1,90,0.055,0.085,5,1,1.21719855787,1.18876994599,0.612506909602,17904.9168597,4558.1998579,synthetic,True,1.0.0,1.0.0,2026-09-16T20:12:09.907988+00:00,42,schema_checked
271,2,0,0.025,0.04,-5,0,1.47445805191,1.82073665243,0.796534929856,0,0,synthetic,True,1.0.0,1.0.0,2026-09-16T20:12:09.907988+00:00,42,schema_checked
272,2,0,0.025,0.04,-5,1,1.47445805191,1.36555248932,0.653158642482,0,0,synthetic,True,1.0.0,1.0.0,2026-09-16T20:12:09.907988+00:00,42,schema_checked
273,2,0,0.025,0.04,0,0,1.50800939526,1.86216757716,0.789034929856,0,0,synthetic,True,1.0.0,1.0.0,2026-09-16T20:12:09.907988+00:00,42,schema_checked
274,2,0,0.025,0.04,0,1,1.50800939526,1.39662568287,0.647008642482,0,0,synthetic,True,1.0.0,1.0.0,2026-09-16T20:12:09.907988+00:00,42,schema_checked
275,2,0,0.025,0.04,5,0,1.47445805191,1.82073665243,0.796534929856,0,0,synthetic,True,1.0.0,1.0.0,2026-09-16T20:12:09.907988+00:00,42,schema_checked
276,2,0,0.025,0.04,5,1,1.47445805191,1.36555248932,0.653158642482,0,0,synthetic,True,1.0.0,1.0.0,2026-09-16T20:12:09.907988+00:00,42,schema_checked
277,2,0,0.025,0.06,-5,0,1.51507306555,1.88165917288,0.800169610701,0,0,synthetic,True,1.0.0,1.0.0,2026-09-16T20:12:09.907988+00:00,42,schema_checked
278,2,0,0.025,0.06,-5,1,1.51507306555,1.41124437966,0.656139080775,0,0,synthetic,True,1.0.0,1.0.0,2026-09-16T20:12:09.907988+00:00,42,schema_checked
279,2,0,0.025,0.06,0,0,1.54954860492,1.92447639164,0.792669610701,0,0,synthetic,True,1.0.0,1.0.0,2026-09-16T20:12:09.907988+00:00,42,schema_checked
280,2,0,0.025,0.06,0,1,1.54954860492,1.44335729373,0.649989080775,0,0,synthetic,True,1.0.0,1.0.0,2026-09-16T20:12:09.907988+00:00,42,schema_checked
281,2,0,0.025,0.06,5,0,1.51507306555,1.88165917288,0.800169610701,0,0,synthetic,True,1.0.0,1.0.0,2026-09-16T20:12:09.907988+00:00,42,schema_checked
282,2,0,0.025,0.06,5,1,1.51507306555,1.41124437966,0.656139080775,0,0,synthetic,True,1.0.0,1.0.0,2026-09-16T20:12:09.907988+00:00,42,schema_checked
283,2,0,0.025,0.085,-5,0,1.41124155661,1.72591190946,0.790877618334,0,0,synthetic,True,1.0.0,1.0.0,2026-09-16T20:12:09.907988+00:00,42,schema_checked
284,2,0,0.025,0.085,-5,1,1.41124155661,1.2944339321,0.648519647034,0,0,synthetic,True,1.0.0,1.0.0,2026-09-16T20:12:09.907988+00:00,42,schema_checked
285,2,0,0.025,0.085,0,0,1.44335440644,1.76518509393,0.783377618334,0,0,synthetic,True,1.0.0,1.0.0,2026-09-16T20:12:09.907988+00:00,42,schema_checked
286,2,0,0.025,0.085,0,1,1.44335440644,1.32388882045,0.642369647034,0,0,synthetic,True,1.0.0,1.0.0,2026-09-16T20:12:09.907988+00:00,42,schema_checked
287,2,0,0.025,0.085,5,0,1.41124155661,1.72591190946,0.790877618334,0,0,synthetic,True,1.0.0,1.0.0,2026-09-16T20:12:09.907988+00:00,42,schema_checked
288,2,0,0.025,0.085,5,1,1.41124155661,1.2944339321,0.648519647034,0,0,synthetic,True,1.0.0,1.0.0,2026-09-16T20:12:09.907988+00:00,42,schema_checked
289,2,0,0.04,0.04,-5,0,1.48044686537,1.8297198726,0.797070875153,0,0,synthetic,True,1.0.0,1.0.0,2026-09-16T20:12:09.907988+00:00,42,schema_checked
290,2,0,0.04,0.04,-5,1,1.48044686537,1.37228990445,0.653598117625,0,0,synthetic,True,1.0.0,1.0.0,2026-09-16T20:12:09.907988+00:00,42,schema_checked
291,2,0,0.04,0.04,0,0,1.51413448437,1.87135521082,0.789570875153,0,0,synthetic,True,1.0.0,1.0.0,2026-09-16T20:12:09.907988+00:00,42,schema_checked
292,2,0,0.04,0.04,0,1,1.51413448437,1.40351640811,0.647448117625,0,0,synthetic,True,1.0.0,1.0.0,2026-09-16T20:12:09.907988+00:00,42,schema_checked
293,2,0,0.04,0.04,5,0,1.48044686537,1.8297198726,0.797070875153,0,0,synthetic,True,1.0.0,1.0.0,2026-09-16T20:12:09.907988+00:00,42,schema_checked
294,2,0,0.04,0.04,5,1,1.48044686537,1.37228990445,0.653598117625,0,0,synthetic,True,1.0.0,1.0.0,2026-09-16T20:12:09.907988+00:00,42,schema_checked
295,2,0,0.04,0.06,-5,0,1.52164268092,1.89151359594,0.800757532581,0,0,synthetic,True,1.0.0,1.0.0,2026-09-16T20:12:09.907988+00:00,42,schema_checked
296,2,0,0.04,0.06,-5,1,1.52164268092,1.41863519695,0.656621176716,0,0,synthetic,True,1.0.0,1.0.0,2026-09-16T20:12:09.907988+00:00,42,schema_checked
297,2,0,0.04,0.06,0,0,1.55626771211,1.93455505244,0.793257532581,0,0,synthetic,True,1.0.0,1.0.0,2026-09-16T20:12:09.907988+00:00,42,schema_checked
298,2,0,0.04,0.06,0,1,1.55626771211,1.45091628933,0.650471176716,0,0,synthetic,True,1.0.0,1.0.0,2026-09-16T20:12:09.907988+00:00,42,schema_checked
299,2,0,0.04,0.06,5,0,1.52164268092,1.89151359594,0.800757532581,0,0,synthetic,True,1.0.0,1.0.0,2026-09-16T20:12:09.907988+00:00,42,schema_checked
300,2,0,0.04,0.06,5,1,1.52164268092,1.41863519695,0.656621176716,0,0,synthetic,True,1.0.0,1.0.0,2026-09-16T20:12:09.907988+00:00,42,schema_checked
301,2,0,0.04,0.085,-5,0,1.41632636293,1.73353911895,0.79133266307,0,0,synthetic,True,1.0.0,1.0.0,2026-09-16T20:12:09.907988+00:00,42,schema_checked
302,2,0,0.04,0.085,-5,1,1.41632636293,1.30015433921,0.648892783717,0,0,synthetic,True,1.0.0,1.0.0,2026-09-16T20:12:09.907988+00:00,42,schema_checked
303,2,0,0.04,0.085,0,0,1.4485549177,1.77298586082,0.78383266307,0,0,synthetic,True,1.0.0,1.0.0,2026-09-16T20:12:09.907988+00:00,42,schema_checked
304,2,0,0.04,0.085,0,1,1.4485549177,1.32973939562,0.642742783717,0,0,synthetic,True,1.0.0,1.0.0,2026-09-16T20:12:09.907988+00:00,42,schema_checked
305,2,0,0.04,0.085,5,0,1.41632636293,1.73353911895,0.79133266307,0,0,synthetic,True,1.0.0,1.0.0,2026-09-16T20:12:09.907988+00:00,42,schema_checked
306,2,0,0.04,0.085,5,1,1.41632636293,1.30015433921,0.648892783717,0,0,synthetic,True,1.0.0,1.0.0,2026-09-16T20:12:09.907988+00:00,42,schema_checked
307,2,0,0.055,0.04,-5,0,1.3405617633,1.61989221951,0.784552408323,0,0,synthetic,True,1.0.0,1.0.0,2026-09-16T20:12:09.907988+00:00,42,schema_checked
308,2,0,0.055,0.04,-5,1,1.3405617633,1.21491916463,0.643332974825,0,0,synthetic,True,1.0.0,1.0.0,2026-09-16T20:12:09.907988+00:00,42,schema_checked
309,2,0,0.055,0.04,0,0,1.37106629203,1.65675292231,0.777052408323,0,0,synthetic,True,1.0.0,1.0.0,2026-09-16T20:12:09.907988+00:00,42,schema_checked
310,2,0,0.055,0.04,0,1,1.37106629203,1.24256469173,0.637182974825,0,0,synthetic,True,1.0.0,1.0.0,2026-09-16T20:12:09.907988+00:00,42,schema_checked
311,2,0,0.055,0.04,5,0,1.3405617633,1.61989221951,0.784552408323,0,0,synthetic,True,1.0.0,1.0.0,2026-09-16T20:12:09.907988+00:00,42,schema_checked
312,2,0,0.055,0.04,5,1,1.3405617633,1.21491916463,0.643332974825,0,0,synthetic,True,1.0.0,1.0.0,2026-09-16T20:12:09.907988+00:00,42,schema_checked
313,2,0,0.055,0.06,-5,0,1.36819136301,1.66133661907,0.78702501064,0,0,synthetic,True,1.0.0,1.0.0,2026-09-16T20:12:09.907988+00:00,42,schema_checked
314,2,0,0.055,0.06,-5,1,1.36819136301,1.2460024643,0.645360508725,0,0,synthetic,True,1.0.0,1.0.0,2026-09-16T20:12:09.907988+00:00,42,schema_checked
315,2,0,0.055,0.06,0,0,1.39932460422,1.6991403906,0.77952501064,0,0,synthetic,True,1.0.0,1.0.0,2026-09-16T20:12:09.907988+00:00,42,schema_checked
316,2,0,0.055,0.06,0,1,1.39932460422,1.27435529295,0.639210508725,0,0,synthetic,True,1.0.0,1.0.0,2026-09-16T20:12:09.907988+00:00,42,schema_checked
317,2,0,0.055,0.06,5,0,1.36819136301,1.66133661907,0.78702501064,0,0,synthetic,True,1.0.0,1.0.0,2026-09-16T20:12:09.907988+00:00,42,schema_checked
318,2,0,0.055,0.06,5,1,1.36819136301,1.2460024643,0.645360508725,0,0,synthetic,True,1.0.0,1.0.0,2026-09-16T20:12:09.907988+00:00,42,schema_checked
319,2,0,0.055,0.085,-5,0,1.2975568175,1.5553848008,0.780703849902,0,0,synthetic,True,1.0.0,1.0.0,2026-09-16T20:12:09.907988+00:00,42,schema_checked
320,2,0,0.055,0.085,-5,1,1.2975568175,1.1665386006,0.640177156919,0,0,synthetic,True,1.0.0,1.0.0,2026-09-16T20:12:09.907988+00:00,42,schema_checked
321,2,0,0.055,0.085,0,0,1.32708276721,1.59077763508,0.773203849902,0,0,synthetic,True,1.0.0,1.0.0,2026-09-16T20:12:09.907988+00:00,42,schema_checked
322,2,0,0.055,0.085,0,1,1.32708276721,1.19308322631,0.634027156919,0,0,synthetic,True,1.0.0,1.0.0,2026-09-16T20:12:09.907988+00:00,42,schema_checked
323,2,0,0.055,0.085,5,0,1.2975568175,1.5553848008,0.780703849902,0,0,synthetic,True,1.0.0,1.0.0,2026-09-16T20:12:09.907988+00:00,42,schema_checked
324,2,0,0.055,0.085,5,1,1.2975568175,1.1665386006,0.640177156919,0,0,synthetic,True,1.0.0,1.0.0,2026-09-16T20:12:09.907988+00:00,42,schema_checked
325,2,30,0.025,0.04,-5,0,1.47445805191,1.82073665243,0.796534929856,2724.71412115,658.634820125,synthetic,True,1.0.0,1.0.0,2026-09-16T20:12:09.907988+00:00,42,schema_checked
326,2,30,0.025,0.04,-5,1,1.47445805191,1.36555248932,0.653158642482,2348.33371628,540.080552502,synthetic,True,1.0.0,1.0.0,2026-09-16T20:12:09.907988+00:00,42,schema_checked
327,2,30,0.025,0.04,0,0,1.50800939526,1.86216757716,0.789034929856,2786.71508407,652.433257625,synthetic,True,1.0.0,1.0.0,2026-09-16T20:12:09.907988+00:00,42,schema_checked
328,2,30,0.025,0.04,0,1,1.50800939526,1.39662568287,0.647008642482,2401.77013023,534.995271252,synthetic,True,1.0.0,1.0.0,2026-09-16T20:12:09.907988+00:00,42,schema_checked
329,2,30,0.025,0.04,5,0,1.47445805191,1.82073665243,0.796534929856,2724.71412115,658.634820125,synthetic,True,1.0.0,1.0.0,2026-09-16T20:12:09.907988+00:00,42,schema_checked
330,2,30,0.025,0.04,5,1,1.47445805191,1.36555248932,0.653158642482,2348.33371628,540.080552502,synthetic,True,1.0.0,1.0.0,2026-09-16T20:12:09.907988+00:00,42,schema_checked
331,2,30,0.025,0.06,-5,0,1.51507306555,1.88165917288,0.800169610701,2808.67296965,661.640246848,synthetic,True,1.0.0,1.0.0,2026-09-16T20:12:09.907988+00:00,42,schema_checked
332,2,30,0.025,0.06,-5,1,1.51507306555,1.41124437966,0.656139080775,2419.69873751,542.545002416,synthetic,True,1.0.0,1.0.0,2026-09-16T20:12:09.907988+00:00,42,schema_checked
333,2,30,0.025,0.06,0,0,1.54954860492,1.92447639164,0.792669610701,2872.58441903,655.438684348,synthetic,True,1.0.0,1.0.0,2026-09-16T20:12:09.907988+00:00,42,schema_checked
334,2,30,0.025,0.06,0,1,1.54954860492,1.44335729373,0.649989080775,2474.75906495,537.459721166,synthetic,True,1.0.0,1.0.0,2026-09-16T20:12:09.907988+00:00,42,schema_checked
335,2,30,0.025,0.06,5,0,1.51507306555,1.88165917288,0.800169610701,2808.67296965,661.640246848,synthetic,True,1.0.0,1.0.0,2026-09-16T20:12:09.907988+00:00,42,schema_checked
336,2,30,0.025,0.06,5,1,1.51507306555,1.41124437966,0.656139080775,2419.69873751,542.545002416,synthetic,True,1.0.0,1.0.0,2026-09-16T20:12:09.907988+00:00,42,schema_checked
337,2,30,0.025,0.085,-5,0,1.41124155661,1.72591190946,0.790877618334,2594.03377225,653.95693066,synthetic,True,1.0.0,1.0.0,2026-09-16T20:12:09.907988+00:00,42,schema_checked
338,2,30,0.025,0.085,-5,1,1.41124155661,1.2944339321,0.648519647034,2237.25541972,536.244683141,synthetic,True,1.0.0,1.0.0,2026-09-16T20:12:09.907988+00:00,42,schema_checked
339,2,30,0.025,0.085,0,0,1.44335440644,1.76518509393,0.783377618334,2653.06109937,647.75536816,synthetic,True,1.0.0,1.0.0,2026-09-16T20:12:09.907988+00:00,42,schema_checked
340,2,30,0.025,0.085,0,1,1.44335440644,1.32388882045,0.642369647034,2288.16424323,531.159401891,synthetic,True,1.0.0,1.0.0,2026-09-16T20:12:09.907988+00:00,42,schema_checked
341,2,30,0.025,0.085,5,0,1.41124155661,1.72591190946,0.790877618334,2594.03377225,653.95693066,synthetic,True,1.0.0,1.0.0,2026-09-16T20:12:09.907988+00:00,42,schema_checked
342,2,30,0.025,0.085,5,1,1.41124155661,1.2944339321,0.648519647034,2237.25541972,536.244683141,synthetic,True,1.0.0,1.0.0,2026-09-16T20:12:09.907988+00:00,42,schema_checked
343,2,30,0.04,0.04,-5,0,1.48044686537,1.8297198726,0.797070875153,2737.09412146,659.077979892,synthetic,True,1.0.0,1.0.0,2026-09-16T20:12:09.907988+00:00,42,schema_checked
344,2,30,0.04,0.04,-5,1,1.48044686537,1.37228990445,0.653598117625,2358.85671655,540.443943511,synthetic,True,1.0.0,1.0.0,2026-09-16T20:12:09.907988+00:00,42,schema_checked
345,2,30,0.04,0.04,0,0,1.51413448437,1.87135521082,0.789570875153,2799.37679171,652.876417392,synthetic,True,1.0.0,1.0.0,2026-09-16T20:12:09.907988+00:00,42,schema_checked
346,2,30,0.04,0.04,0,1,1.51413448437,1.40351640811,0.647448117625,2412.53258172,535.358662261,synthetic,True,1.0.0,1.0.0,2026-09-16T20:12:09.907988+00:00,42,schema_checked
347,2,30,0.04,0.04,5,0,1.48044686537,1.8297198726,0.797070875153,2737.09412146,659.077979892,synthetic,True,1.0.0,1.0.0,2026-09-16T20:12:09.907988+00:00,42,schema_checked
348,2,30,0.04,0.04,5,1,1.48044686537,1.37228990445,0.653598117625,2358.85671655,540.443943511,synthetic,True,1.0.0,1.0.0,2026-09-16T20:12:09.907988+00:00,42,schema_checked
349,2,30,0.04,0.06,-5,0,1.52164268092,1.89151359594,0.800757532581,2822.25359643,662.126384753,synthetic,True,1.0.0,1.0.0,2026-09-16T20:12:09.907988+00:00,42,schema_checked
350,2,30,0.04,0.06,-5,1,1.52164268092,1.41863519695,0.656621176716,2431.24227027,542.943635497,synthetic,True,1.0.0,1.0.0,2026-09-16T20:12:09.907988+00:00,42,schema_checked
351,2,30,0.04,0.06,0,0,1.55626771211,1.93455505244,0.793257532581,2886.47407344,655.924822253,synthetic,True,1.0.0,1.0.0,2026-09-16T20:12:09.907988+00:00,42,schema_checked
352,2,30,0.04,0.06,0,1,1.55626771211,1.45091628933,0.650471176716,2486.56527119,537.858354247,synthetic,True,1.0.0,1.0.0,2026-09-16T20:12:09.907988+00:00,42,schema_checked
353,2,30,0.04,0.06,5,0,1.52164268092,1.89151359594,0.800757532581,2822.25359643,662.126384753,synthetic,True,1.0.0,1.0.0,2026-09-16T20:12:09.907988+00:00,42,schema_checked
354,2,30,0.04,0.06,5,1,1.52164268092,1.41863519695,0.656621176716,2431.24227027,542.943635497,synthetic,True,1.0.0,1.0.0,2026-09-16T20:12:09.907988+00:00,42,schema_checked
355,2,30,0.04,0.085,-5,0,1.41632636293,1.73353911895,0.79133266307,2604.54502033,654.333195776,synthetic,True,1.0.0,1.0.0,2026-09-16T20:12:09.907988+00:00,42,schema_checked
356,2,30,0.04,0.085,-5,1,1.41632636293,1.30015433921,0.648892783717,2246.18998058,536.553220536,synthetic,True,1.0.0,1.0.0,2026-09-16T20:12:09.907988+00:00,42,schema_checked
357,2,30,0.04,0.085,0,0,1.4485549177,1.77298586082,0.78383266307,2663.81153125,648.131633276,synthetic,True,1.0.0,1.0.0,2026-09-16T20:12:09.907988+00:00,42,schema_checked
358,2,30,0.04,0.085,0,1,1.4485549177,1.32973939562,0.642742783717,2297.30211033,531.467939286,synthetic,True,1.0.0,1.0.0,2026-09-16T20:12:09.907988+00:00,42,schema_checked
359,2,30,0.04,0.085,5,0,1.41632636293,1.73353911895,0.79133266307,2604.54502033,654.333195776,synthetic,True,1.0.0,1.0.0,2026-09-16T20:12:09.907988+00:00,42,schema_checked
360,2,30,0.04,0.085,5,1,1.41632636293,1.30015433921,0.648892783717,2246.18998058,536.553220536,synthetic,True,1.0.0,1.0.0,2026-09-16T20:12:09.907988+00:00,42,schema_checked
361,2,30,0.055,0.04,-5,0,1.3405617633,1.61989221951,0.784552408323,2447.92538704,648.726772632,synthetic,True,1.0.0,1.0.0,2026-09-16T20:12:09.907988+00:00,42,schema_checked
362,2,30,0.055,0.04,-5,1,1.3405617633,1.21491916463,0.643332974825,2113.06329229,531.955953558,synthetic,True,1.0.0,1.0.0,2026-09-16T20:12:09.907988+00:00,42,schema_checked
363,2,30,0.055,0.04,0,0,1.37106629203,1.65675292231,0.777052408323,2503.62801285,642.525210132,synthetic,True,1.0.0,1.0.0,2026-09-16T20:12:09.907988+00:00,42,schema_checked
364,2,30,0.055,0.04,0,1,1.37106629203,1.24256469173,0.637182974825,2161.14611969,526.870672308,synthetic,True,1.0.0,1.0.0,2026-09-16T20:12:09.907988+00:00,42,schema_checked
365,2,30,0.055,0.04,5,0,1.3405617633,1.61989221951,0.784552408323,2447.92538704,648.726772632,synthetic,True,1.0.0,1.0.0,2026-09-16T20:12:09.907988+00:00,42,schema_checked
366,2,30,0.055,0.04,5,1,1.3405617633,1.21491916463,0.643332974825,2113.06329229,531.955953558,synthetic,True,1.0.0,1.0.0,2026-09-16T20:12:09.907988+00:00,42,schema_checked
367,2,30,0.055,0.06,-5,0,1.36819136301,1.66133661907,0.78702501064,2505.04095018,650.771305673,synthetic,True,1.0.0,1.0.0,2026-09-16T20:12:09.907988+00:00,42,schema_checked
368,2,30,0.055,0.06,-5,1,1.36819136301,1.2460024643,0.645360508725,2161.61152096,533.632470652,synthetic,True,1.0.0,1.0.0,2026-09-16T20:12:09.907988+00:00,42,schema_checked
369,2,30,0.055,0.06,0,0,1.39932460422,1.6991403906,0.77952501064,2562.04324259,644.569743173,synthetic,True,1.0.0,1.0.0,2026-09-16T20:12:09.907988+00:00,42,schema_checked
370,2,30,0.055,0.06,0,1,1.39932460422,1.27435529295,0.639210508725,2210.79906497,528.547189402,synthetic,True,1.0.0,1.0.0,2026-09-16T20:12:09.907988+00:00,42,schema_checked
371,2,30,0.055,0.06,5,0,1.36819136301,1.66133661907,0.78702501064,2505.04095018,650.771305673,synthetic,True,1.0.0,1.0.0,2026-09-16T20:12:09.907988+00:00,42,schema_checked
372,2,30,0.055,0.06,5,1,1.36819136301,1.2460024643,0.645360508725,2161.61152096,533.632470652,synthetic,True,1.0.0,1.0.0,2026-09-16T20:12:09.907988+00:00,42,schema_checked
373,2,30,0.055,0.085,-5,0,1.2975568175,1.5553848008,0.780703849902,2359.02610063,645.544495887,synthetic,True,1.0.0,1.0.0,2026-09-16T20:12:09.907988+00:00,42,schema_checked
374,2,30,0.055,0.085,-5,1,1.2975568175,1.1665386006,0.640177156919,2037.49889884,529.346486628,synthetic,True,1.0.0,1.0.0,2026-09-16T20:12:09.907988+00:00,42,schema_checked
375,2,30,0.055,0.085,0,0,1.32708276721,1.59077763508,0.773203849902,2412.70582015,639.342933387,synthetic,True,1.0.0,1.0.0,2026-09-16T20:12:09.907988+00:00,42,schema_checked
376,2,30,0.055,0.085,0,1,1.32708276721,1.19308322631,0.634027156919,2083.86225589,524.261205378,synthetic,True,1.0.0,1.0.0,2026-09-16T20:12:09.907988+00:00,42,schema_checked
377,2,30,0.055,0.085,5,0,1.2975568175,1.5553848008,0.780703849902,2359.02610063,645.544495887,synthetic,True,1.0.0,1.0.0,2026-09-16T20:12:09.907988+00:00,42,schema_checked
378,2,30,0.055,0.085,5,1,1.2975568175,1.1665386006,0.640177156919,2037.49889884,529.346486628,synthetic,True,1.0.0,1.0.0,2026-09-16T20:12:09.907988+00:00,42,schema_checked
379,2,50,0.025,0.04,-5,0,1.47445805191,1.82073665243,0.796534929856,7568.65033653,1829.54116701,synthetic,True,1.0.0,1.0.0,2026-09-16T20:12:09.907988+00:00,42,schema_checked
380,2,50,0.025,0.04,-5,1,1.47445805191,1.36555248932,0.653158642482,6523.14921189,1500.22375695,synthetic,True,1.0.0,1.0.0,2026-09-16T20:12:09.907988+00:00,42,schema_checked
381,2,50,0.025,0.04,0,0,1.50800939526,1.86216757716,0.789034929856,7740.87523351,1812.31460451,synthetic,True,1.0.0,1.0.0,2026-09-16T20:12:09.907988+00:00,42,schema_checked
382,2,50,0.025,0.04,0,1,1.50800939526,1.39662568287,0.647008642482,6671.58369507,1486.0979757,synthetic,True,1.0.0,1.0.0,2026-09-16T20:12:09.907988+00:00,42,schema_checked
383,2,50,0.025,0.04,5,0,1.47445805191,1.82073665243,0.796534929856,7568.65033653,1829.54116701,synthetic,True,1.0.0,1.0.0,2026-09-16T20:12:09.907988+00:00,42,schema_checked
384,2,50,0.025,0.04,5,1,1.47445805191,1.36555248932,0.653158642482,6523.14921189,1500.22375695,synthetic,True,1.0.0,1.0.0,2026-09-16T20:12:09.907988+00:00,42,schema_checked
385,2,50,0.025,0.06,-5,0,1.51507306555,1.88165917288,0.800169610701,7801.86936014,1837.88957458,synthetic,True,1.0.0,1.0.0,2026-09-16T20:12:09.907988+00:00,42,schema_checked
386,2,50,0.025,0.06,-5,1,1.51507306555,1.41124437966,0.656139080775,6721.38538196,1507.06945115,synthetic,True,1.0.0,1.0.0,2026-09-16T20:12:09.907988+00:00,42,schema_checked
387,2,50,0.025,0.06,0,0,1.54954860492,1.92447639164,0.792669610701,7979.40116397,1820.66301208,synthetic,True,1.0.0,1.0.0,2026-09-16T20:12:09.907988+00:00,42,schema_checked
388,2,50,0.025,0.06,0,1,1.54954860492,1.44335729373,0.649989080775,6874.33073596,1492.9436699,synthetic,True,1.0.0,1.0.0,2026-09-16T20:12:09.907988+00:00,42,schema_checked
389,2,50,0.025,0.06,5,0,1.51507306555,1.88165917288,0.800169610701,7801.86936014,1837.88957458,synthetic,True,1.0.0,1.0.0,2026-09-16T20:12:09.907988+00:00,42,schema_checked
390,2,50,0.025,0.06,5,1,1.51507306555,1.41124437966,0.656139080775,6721.38538196,1507.06945115,synthetic,True,1.0.0,1.0.0,2026-09-16T20:12:09.907988+00:00,42,schema_checked
391,2,50,0.025,0.085,-5,0,1.41124155661,1.72591190946,0.790877618334,7205.64936737,1816.54702961,synthetic,True,1.0.0,1.0.0,2026-09-16T20:12:09.907988+00:00,42,schema_checked
392,2,50,0.025,0.085,-5,1,1.41124155661,1.2944339321,0.648519647034,6214.59838811,1489.56856428,synthetic,True,1.0.0,1.0.0,2026-09-16T20:12:09.907988+00:00,42,schema_checked
393,2,50,0.025,0.085,0,0,1.44335440644,1.76518509393,0.783377618334,7369.61416491,1799.32046711,synthetic,True,1.0.0,1.0.0,2026-09-16T20:12:09.907988+00:00,42,schema_checked
394,2,50,0.025,0.085,0,1,1.44335440644,1.32388882045,0.642369647034,6356.01178675,1475.44278303,synthetic,True,1.0.0,1.0.0,2026-09-16T20:12:09.907988+00:00,42,schema_checked
395,2,50,0.025,0.085,5,0,1.41124155661,1.72591190946,0.790877618334,7205.64936737,1816.54702961,synthetic,True,1.0.0,1.0.0,2026-09-16T20:12:09.907988+00:00,42,schema_checked
396,2,50,0.025,0.085,5,1,1.41124155661,1.2944339321,0.648519647034,6214.59838811,1489.56856428,synthetic,True,1.0.0,1.0.0,2026-09-16T20:12:09.907988+00:00,42,schema_checked
397,2,50,0.04,0.04,-5,0,1.48044686537,1.8297198726,0.797070875153,7603.03922628,1830.77216637,synthetic,True,1.0.0,1.0.0,2026-09-16T20:12:09.907988+00:00,42,schema_checked
398,2,50,0.04,0.04,-5,1,1.48044686537,1.37228990445,0.653598117625,6552.37976818,1501.23317642,synthetic,True,1.0.0,1.0.0,2026-09-16T20:12:09.907988+00:00,42,schema_checked
399,2,50,0.04,0.04,0,0,1.51413448437,1.87135521082,0.789570875153,7776.04664363,1813.54560387,synthetic,True,1.0.0,1.0.0,2026-09-16T20:12:09.907988+00:00,42,schema_checked
400,2,50,0.04,0.04,0,1,1.51413448437,1.40351640811,0.647448117625,6701.47939366,1487.10739517,synthetic,True,1.0.0,1.0.0,2026-09-16T20:12:09.907988+00:00,42,schema_checked
401,2,50,0.04,0.04,5,0,1.48044686537,1.8297198726,0.797070875153,7603.03922628,1830.77216637,synthetic,True,1.0.0,1.0.0,2026-09-16T20:12:09.907988+00:00,42,schema_checked
402,2,50,0.04,0.04,5,1,1.48044686537,1.37228990445,0.653598117625,6552.37976818,1501.23317642,synthetic,True,1.0.0,1.0.0,2026-09-16T20:12:09.907988+00:00,42,schema_checked
403,2,50,0.04,0.06,-5,0,1.52164268092,1.89151359594,0.800757532581,7839.59332342,1839.23995765,synthetic,True,1.0.0,1.0.0,2026-09-16T20:12:09.907988+00:00,42,schema_checked
404,2,50,0.04,0.06,-5,1,1.52164268092,1.41863519695,0.656621176716,6753.45075075,1508.17676527,synthetic,True,1.0.0,1.0.0,2026-09-16T20:12:09.907988+00:00,42,schema_checked
405,2,50,0.04,0.06,0,0,1.55626771211,1.93455505244,0.793257532581,8017.98353733,1822.01339515,synthetic,True,1.0.0,1.0.0,2026-09-16T20:12:09.907988+00:00,42,schema_checked
406,2,50,0.04,0.06,0,1,1.55626771211,1.45091628933,0.650471176716,6907.12575331,1494.05098402,synthetic,True,1.0.0,1.0.0,2026-09-16T20:12:09.907988+00:00,42,schema_checked
407,2,50,0.04,0.06,5,0,1.52164268092,1.89151359594,0.800757532581,7839.59332342,1839.23995765,synthetic,True,1.0.0,1.0.0,2026-09-16T20:12:09.907988+00:00,42,schema_checked
408,2,50,0.04,0.06,5,1,1.52164268092,1.41863519695,0.656621176716,6753.45075075,1508.17676527,synthetic,True,1.0.0,1.0.0,2026-09-16T20:12:09.907988+00:00,42,schema_checked
409,2,50,0.04,0.085,-5,0,1.41632636293,1.73353911895,0.79133266307,7234.84727868,1817.59221049,synthetic,True,1.0.0,1.0.0,2026-09-16T20:12:09.907988+00:00,42,schema_checked
410,2,50,0.04,0.085,-5,1,1.41632636293,1.30015433921,0.648892783717,6239.41661272,1490.4256126,synthetic,True,1.0.0,1.0.0,2026-09-16T20:12:09.907988+00:00,42,schema_checked
411,2,50,0.04,0.085,0,0,1.4485549177,1.77298586082,0.78383266307,7399.47647568,1800.36564799,synthetic,True,1.0.0,1.0.0,2026-09-16T20:12:09.907988+00:00,42,schema_checked
412,2,50,0.04,0.085,0,1,1.4485549177,1.32973939562,0.642742783717,6381.39475091,1476.29983135,synthetic,True,1.0.0,1.0.0,2026-09-16T20:12:09.907988+00:00,42,schema_checked
413,2,50,0.04,0.085,5,0,1.41632636293,1.73353911895,0.79133266307,7234.84727868,1817.59221049,synthetic,True,1.0.0,1.0.0,2026-09-16T20:12:09.907988+00:00,42,schema_checked
414,2,50,0.04,0.085,5,1,1.41632636293,1.30015433921,0.648892783717,6239.41661272,1490.4256126,synthetic,True,1.0.0,1.0.0,2026-09-16T20:12:09.907988+00:00,42,schema_checked
415,2,50,0.055,0.04,-5,0,1.3405617633,1.61989221951,0.784552408323,6799.79274177,1802.01881287,synthetic,True,1.0.0,1.0.0,2026-09-16T20:12:09.907988+00:00,42,schema_checked
416,2,50,0.055,0.04,-5,1,1.3405617633,1.21491916463,0.643332974825,5869.62025635,1477.65542655,synthetic,True,1.0.0,1.0.0,2026-09-16T20:12:09.907988+00:00,42,schema_checked
417,2,50,0.055,0.04,0,0,1.37106629203,1.65675292231,0.777052408323,6954.52225792,1784.79225037,synthetic,True,1.0.0,1.0.0,2026-09-16T20:12:09.907988+00:00,42,schema_checked
418,2,50,0.055,0.04,0,1,1.37106629203,1.24256469173,0.637182974825,6003.18366582,1463.5296453,synthetic,True,1.0.0,1.0.0,2026-09-16T20:12:09.907988+00:00,42,schema_checked
419,2,50,0.055,0.04,5,0,1.3405617633,1.61989221951,0.784552408323,6799.79274177,1802.01881287,synthetic,True,1.0.0,1.0.0,2026-09-16T20:12:09.907988+00:00,42,schema_checked
420,2,50,0.055,0.04,5,1,1.3405617633,1.21491916463,0.643332974825,5869.62025635,1477.65542655,synthetic,True,1.0.0,1.0.0,2026-09-16T20:12:09.907988+00:00,42,schema_checked
421,2,50,0.055,0.06,-5,0,1.36819136301,1.66133661907,0.78702501064,6958.44708384,1807.69807131,synthetic,True,1.0.0,1.0.0,2026-09-16T20:12:09.907988+00:00,42,schema_checked
422,2,50,0.055,0.06,-5,1,1.36819136301,1.2460024643,0.645360508725,6004.47644711,1482.31241848,synthetic,True,1.0.0,1.0.0,2026-09-16T20:12:09.907988+00:00,42,schema_checked
423,2,50,0.055,0.06,0,0,1.39932460422,1.6991403906,0.77952501064,7116.78678496,1790.47150881,synthetic,True,1.0.0,1.0.0,2026-09-16T20:12:09.907988+00:00,42,schema_checked
424,2,50,0.055,0.06,0,1,1.39932460422,1.27435529295,0.639210508725,6141.1085138,1468.18663723,synthetic,True,1.0.0,1.0.0,2026-09-16T20:12:09.907988+00:00,42,schema_checked
425,2,50,0.055,0.06,5,0,1.36819136301,1.66133661907,0.78702501064,6958.44708384,1807.69807131,synthetic,True,1.0.0,1.0.0,2026-09-16T20:12:09.907988+00:00,42,schema_checked
426,2,50,0.055,0.06,5,1,1.36819136301,1.2460024643,0.645360508725,6004.47644711,1482.31241848,synthetic,True,1.0.0,1.0.0,2026-09-16T20:12:09.907988+00:00,42,schema_checked
427,2,50,0.055,0.085,-5,0,1.2975568175,1.5553848008,0.780703849902,6552.85027953,1793.17915524,synthetic,True,1.0.0,1.0.0,2026-09-16T20:12:09.907988+00:00,42,schema_checked
428,2,50,0.055,0.085,-5,1,1.2975568175,1.1665386006,0.640177156919,5659.71916345,1470.4069073,synthetic,True,1.0.0,1.0.0,2026-09-16T20:12:09.907988+00:00,42,schema_checked
429,2,50,0.055,0.085,0,0,1.32708276721,1.59077763508,0.773203849902,6701.96061152,1775.95259274,synthetic,True,1.0.0,1.0.0,2026-09-16T20:12:09.907988+00:00,42,schema_checked
430,2,50,0.055,0.085,0,1,1.32708276721,1.19308322631,0.634027156919,5788.50626637,1456.28112605,synthetic,True,1.0.0,1.0.0,2026-09-16T20:12:09.907988+00:00,42,schema_checked
431,2,50,0.055,0.085,5,0,1.2975568175,1.5553848008,0.780703849902,6552.85027953,1793.17915524,synthetic,True,1.0.0,1.0.0,2026-09-16T20:12:09.907988+00:00,42,schema_checked
432,2,50,0.055,0.085,5,1,1.2975568175,1.1665386006,0.640177156919,5659.71916345,1470.4069073,synthetic,True,1.0.0,1.0.0,2026-09-16T20:12:09.907988+00:00,42,schema_checked
433,2,70,0.025,0.04,-5,0,1.47445805191,1.82073665243,0.796534929856,14834.5546596,3585.90068734,synthetic,True,1.0.0,1.0.0,2026-09-16T20:12:09.907988+00:00,42,schema_checked
434,2,70,0.025,0.04,-5,1,1.47445805191,1.36555248932,0.653158642482,12785.3724553,2940.43856362,synthetic,True,1.0.0,1.0.0,2026-09-16T20:12:09.907988+00:00,42,schema_checked
435,2,70,0.025,0.04,0,0,1.50800939526,1.86216757716,0.789034929856,15172.1154577,3552.13662484,synthetic,True,1.0.0,1.0.0,2026-09-16T20:12:09.907988+00:00,42,schema_checked
436,2,70,0.025,0.04,0,1,1.50800939526,1.39662568287,0.647008642482,13076.3040423,2912.75203237,synthetic,True,1.0.0,1.0.0,2026-09-16T20:12:09.907988+00:00,42,schema_checked
437,2,70,0.025,0.04,5,0,1.47445805191,1.82073665243,0.796534929856,14834.5546596,3585.90068734,synthetic,True,1.0.0,1.0.0,2026-09-16T20:12:09.907988+00:00,42,schema_checked
438,2,70,0.025,0.04,5,1,1.47445805191,1.36555248932,0.653158642482,12785.3724553,2940.43856362,synthetic,True,1.0.0,1.0.0,2026-09-16T20:12:09.907988+00:00,42,schema_checked
439,2,70,0.025,0.06,-5,0,1.51507306555,1.88165917288,0.800169610701,15291.6639459,3602.26356617,synthetic,True,1.0.0,1.0.0,2026-09-16T20:12:09.907988+00:00,42,schema_checked
440,2,70,0.025,0.06,-5,1,1.51507306555,1.41124437966,0.656139080775,13173.9153486,2953.85612426,synthetic,True,1.0.0,1.0.0,2026-09-16T20:12:09.907988+00:00,42,schema_checked
441,2,70,0.025,0.06,0,0,1.54954860492,1.92447639164,0.792669610701,15639.6262814,3568.49950367,synthetic,True,1.0.0,1.0.0,2026-09-16T20:12:09.907988+00:00,42,schema_checked
442,2,70,0.025,0.06,0,1,1.54954860492,1.44335729373,0.649989080775,13473.6882425,2926.16959301,synthetic,True,1.0.0,1.0.0,2026-09-16T20:12:09.907988+00:00,42,schema_checked
443,2,70,0.025,0.06,5,0,1.51507306555,1.88165917288,0.800169610701,15291.6639459,3602.26356617,synthetic,True,1.0.0,1.0.0,2026-09-16T20:12:09.907988+00:00,42,schema_checked
444,2,70,0.025,0.06,5,1,1.51507306555,1.41124437966,0.656139080775,13173.9153486,2953.85612426,synthetic,True,1.0.0,1.0.0,2026-09-16T20:12:09.907988+00:00,42,schema_checked
445,2,70,0.025,0.085,-5,0,1.41124155661,1.72591190946,0.790877618334,14123.0727601,3560.43217804,synthetic,True,1.0.0,1.0.0,2026-09-16T20:12:09.907988+00:00,42,schema_checked
446,2,70,0.025,0.085,-5,1,1.41124155661,1.2944339321,0.648519647034,12180.6128407,2919.55438599,synthetic,True,1.0.0,1.0.0,2026-09-16T20:12:09.907988+00:00,42,schema_checked
447,2,70,0.025,0.085,0,0,1.44335440644,1.76518509393,0.783377618334,14444.4437632,3526.66811554,synthetic,True,1.0.0,1.0.0,2026-09-16T20:12:09.907988+00:00,42,schema_checked
448,2,70,0.025,0.085,0,1,1.44335440644,1.32388882045,0.642369647034,12457.783102,2891.86785474,synthetic,True,1.0.0,1.0.0,2026-09-16T20:12:09.907988+00:00,42,schema_checked
449,2,70,0.025,0.085,5,0,1.41124155661,1.72591190946,0.790877618334,14123.0727601,3560.43217804,synthetic,True,1.0.0,1.0.0,2026-09-16T20:12:09.907988+00:00,42,schema_checked
450,2,70,0.025,0.085,5,1,1.41124155661,1.2944339321,0.648519647034,12180.6128407,2919.55438599,synthetic,True,1.0.0,1.0.0,2026-09-16T20:12:09.907988+00:00,42,schema_checked
451,2,70,0.04,0.04,-5,0,1.48044686537,1.8297198726,0.797070875153,14901.9568835,3588.31344608,synthetic,True,1.0.0,1.0.0,2026-09-16T20:12:09.907988+00:00,42,schema_checked
452,2,70,0.04,0.04,-5,1,1.48044686537,1.37228990445,0.653598117625,12842.6643456,2942.41702578,synthetic,True,1.0.0,1.0.0,2026-09-16T20:12:09.907988+00:00,42,schema_checked
453,2,70,0.04,0.04,0,0,1.51413448437,1.87135521082,0.789570875153,15241.0514215,3554.54938358,synthetic,True,1.0.0,1.0.0,2026-09-16T20:12:09.907988+00:00,42,schema_checked
454,2,70,0.04,0.04,0,1,1.51413448437,1.40351640811,0.647448117625,13134.8996116,2914.73049453,synthetic,True,1.0.0,1.0.0,2026-09-16T20:12:09.907988+00:00,42,schema_checked
455,2,70,0.04,0.04,5,0,1.48044686537,1.8297198726,0.797070875153,14901.9568835,3588.31344608,synthetic,True,1.0.0,1.0.0,2026-09-16T20:12:09.907988+00:00,42,schema_checked
456,2,70,0.04,0.04,5,1,1.48044686537,1.37228990445,0.653598117625,12842.6643456,2942.41702578,synthetic,True,1.0.0,1.0.0,2026-09-16T20:12:09.907988+00:00,42,schema_checked
457,2,70,0.04,0.06,-5,0,1.52164268092,1.89151359594,0.800757532581,15365.6029139,3604.91031699,synthetic,True,1.0.0,1.0.0,2026-09-16T20:12:09.907988+00:00,42,schema_checked
458,2,70,0.04,0.06,-5,1,1.52164268092,1.41863519695,0.656621176716,13236.7634715,2956.02645993,synthetic,True,1.0.0,1.0.0,2026-09-16T20:12:09.907988+00:00,42,schema_checked
459,2,70,0.04,0.06,0,0,1.55626771211,1.93455505244,0.793257532581,15715.2477332,3571.14625449,synthetic,True,1.0.0,1.0.0,2026-09-16T20:12:09.907988+00:00,42,schema_checked
460,2,70,0.04,0.06,0,1,1.55626771211,1.45091628933,0.650471176716,13537.9664765,2928.33992868,synthetic,True,1.0.0,1.0.0,2026-09-16T20:12:09.907988+00:00,42,schema_checked
461,2,70,0.04,0.06,5,0,1.52164268092,1.89151359594,0.800757532581,15365.6029139,3604.91031699,synthetic,True,1.0.0,1.0.0,2026-09-16T20:12:09.907988+00:00,42,schema_checked
462,2,70,0.04,0.06,5,1,1.52164268092,1.41863519695,0.656621176716,13236.7634715,2956.02645993,synthetic,True,1.0.0,1.0.0,2026-09-16T20:12:09.907988+00:00,42,schema_checked
463,2,70,0.04,0.085,-5,0,1.41632636293,1.73353911895,0.79133266307,14180.3006662,3562.48073256,synthetic,True,1.0.0,1.0.0,2026-09-16T20:12:09.907988+00:00,42,schema_checked
464,2,70,0.04,0.085,-5,1,1.41632636293,1.30015433921,0.648892783717,12229.2565609,2921.2342007,synthetic,True,1.0.0,1.0.0,2026-09-16T20:12:09.907988+00:00,42,schema_checked
465,2,70,0.04,0.085,0,0,1.4485549177,1.77298586082,0.78383266307,14502.9738923,3528.71667006,synthetic,True,1.0.0,1.0.0,2026-09-16T20:12:09.907988+00:00,42,schema_checked
466,2,70,0.04,0.085,0,1,1.4485549177,1.32973939562,0.642742783717,12507.5337118,2893.54766945,synthetic,True,1.0.0,1.0.0,2026-09-16T20:12:09.907988+00:00,42,schema_checked
467,2,70,0.04,0.085,5,0,1.41632636293,1.73353911895,0.79133266307,14180.3006662,3562.48073256,synthetic,True,1.0.0,1.0.0,2026-09-16T20:12:09.907988+00:00,42,schema_checked
468,2,70,0.04,0.085,5,1,1.41632636293,1.30015433921,0.648892783717,12229.2565609,2921.2342007,synthetic,True,1.0.0,1.0.0,2026-09-16T20:12:09.907988+00:00,42,schema_checked
469,2,70,0.055,0.04,-5,0,1.3405617633,1.61989221951,0.784552408323,13327.5937739,3531.95687322,synthetic,True,1.0.0,1.0.0,2026-09-16T20:12:09.907988+00:00,42,schema_checked
470,2,70,0.055,0.04,-5,1,1.3405617633,1.21491916463,0.643332974825,11504.4557024,2896.20463604,synthetic,True,1.0.0,1.0.0,2026-09-16T20:12:09.907988+00:00,42,schema_checked
471,2,70,0.055,0.04,0,0,1.37106629203,1.65675292231,0.777052408323,13630.8636255,3498.19281072,synthetic,True,1.0.0,1.0.0,2026-09-16T20:12:09.907988+00:00,42,schema_checked
472,2,70,0.055,0.04,0,1,1.37106629203,1.24256469173,0.637182974825,11766.239985,2868.51810479,synthetic,True,1.0.0,1.0.0,2026-09-16T20:12:09.907988+00:00,42,schema_checked
473,2,70,0.055,0.04,5,0,1.3405617633,1.61989221951,0.784552408323,13327.5937739,3531.95687322,synthetic,True,1.0.0,1.0.0,2026-09-16T20:12:09.907988+00:00,42,schema_checked
474,2,70,0.055,0.04,5,1,1.3405617633,1.21491916463,0.643332974825,11504.4557024,2896.20463604,synthetic,True,1.0.0,1.0.0,2026-09-16T20:12:09.907988+00:00,42,schema_checked
475,2,70,0.055,0.06,-5,0,1.36819136301,1.66133661907,0.78702501064,13638.5562843,3543.08821977,synthetic,True,1.0.0,1.0.0,2026-09-16T20:12:09.907988+00:00,42,schema_checked
476,2,70,0.055,0.06,-5,1,1.36819136301,1.2460024643,0.645360508725,11768.7738363,2905.33234021,synthetic,True,1.0.0,1.0.0,2026-09-16T20:12:09.907988+00:00,42,schema_checked
477,2,70,0.055,0.06,0,0,1.39932460422,1.6991403906,0.77952501064,13948.9020985,3509.32415727,synthetic,True,1.0.0,1.0.0,2026-09-16T20:12:09.907988+00:00,42,schema_checked
478,2,70,0.055,0.06,0,1,1.39932460422,1.27435529295,0.639210508725,12036.5726871,2877.64580896,synthetic,True,1.0.0,1.0.0,2026-09-16T20:12:09.907988+00:00,42,schema_checked
479,2,70,0.055,0.06,5,0,1.36819136301,1.66133661907,0.78702501064,13638.5562843,3543.08821977,synthetic,True,1.0.0,1.0.0,2026-09-16T20:12:09.907988+00:00,42,schema_checked
480,2,70,0.055,0.06,5,1,1.36819136301,1.2460024643,0.645360508725,11768.7738363,2905.33234021,synthetic,True,1.0.0,1.0.0,2026-09-16T20:12:09.907988+00:00,42,schema_checked
481,2,70,0.055,0.085,-5,0,1.2975568175,1.5553848008,0.780703849902,12843.5865479,3514.63114428,synthetic,True,1.0.0,1.0.0,2026-09-16T20:12:09.907988+00:00,42,schema_checked
482,2,70,0.055,0.085,-5,1,1.2975568175,1.1665386006,0.640177156919,11093.0495604,2881.99753831,synthetic,True,1.0.0,1.0.0,2026-09-16T20:12:09.907988+00:00,42,schema_checked
483,2,70,0.055,0.085,0,0,1.32708276721,1.59077763508,0.773203849902,13135.8427986,3480.86708178,synthetic,True,1.0.0,1.0.0,2026-09-16T20:12:09.907988+00:00,42,schema_checked
484,2,70,0.055,0.085,0,1,1.32708276721,1.19308322631,0.634027156919,11345.4722821,2854.31100706,synthetic,True,1.0.0,1.0.0,2026-09-16T20:12:09.907988+00:00,42,schema_checked
485,2,70,0.055,0.085,5,0,1.2975568175,1.5553848008,0.780703849902,12843.5865479,3514.63114428,synthetic,True,1.0.0,1.0.0,2026-09-16T20:12:09.907988+00:00,42,schema_checked
486,2,70,0.055,0.085,5,1,1.2975568175,1.1665386006,0.640177156919,11093.0495604,2881.99753831,synthetic,True,1.0.0,1.0.0,2026-09-16T20:12:09.907988+00:00,42,schema_checked
487,2,90,0.025,0.04,-5,0,1.47445805191,1.82073665243,0.796534929856,24522.4270904,5927.71338112,synthetic,True,1.0.0,1.0.0,2026-09-16T20:12:09.907988+00:00,42,schema_checked
488,2,90,0.025,0.04,-5,1,1.47445805191,1.36555248932,0.653158642482,21135.0034465,4860.72497252,synthetic,True,1.0.0,1.0.0,2026-09-16T20:12:09.907988+00:00,42,schema_checked
489,2,90,0.025,0.04,0,0,1.50800939526,1.86216757716,0.789034929856,25080.4357566,5871.89931862,synthetic,True,1.0.0,1.0.0,2026-09-16T20:12:09.907988+00:00,42,schema_checked
490,2,90,0.025,0.04,0,1,1.50800939526,1.39662568287,0.647008642482,21615.931172,4814.95744127,synthetic,True,1.0.0,1.0.0,2026-09-16T20:12:09.907988+00:00,42,schema_checked
491,2,90,0.025,0.04,5,0,1.47445805191,1.82073665243,0.796534929856,24522.4270904,5927.71338112,synthetic,True,1.0.0,1.0.0,2026-09-16T20:12:09.907988+00:00,42,schema_checked
492,2,90,0.025,0.04,5,1,1.47445805191,1.36555248932,0.653158642482,21135.0034465,4860.72497252,synthetic,True,1.0.0,1.0.0,2026-09-16T20:12:09.907988+00:00,42,schema_checked
493,2,90,0.025,0.06,-5,0,1.51507306555,1.88165917288,0.800169610701,25278.0567268,5954.76222163,synthetic,True,1.0.0,1.0.0,2026-09-16T20:12:09.907988+00:00,42,schema_checked
494,2,90,0.025,0.06,-5,1,1.51507306555,1.41124437966,0.656139080775,21777.2886376,4882.90502174,synthetic,True,1.0.0,1.0.0,2026-09-16T20:12:09.907988+00:00,42,schema_checked
495,2,90,0.025,0.06,0,0,1.54954860492,1.92447639164,0.792669610701,25853.2597713,5898.94815913,synthetic,True,1.0.0,1.0.0,2026-09-16T20:12:09.907988+00:00,42,schema_checked
496,2,90,0.025,0.06,0,1,1.54954860492,1.44335729373,0.649989080775,22272.8315845,4837.13749049,synthetic,True,1.0.0,1.0.0,2026-09-16T20:12:09.907988+00:00,42,schema_checked
497,2,90,0.025,0.06,5,0,1.51507306555,1.88165917288,0.800169610701,25278.0567268,5954.76222163,synthetic,True,1.0.0,1.0.0,2026-09-16T20:12:09.907988+00:00,42,schema_checked
498,2,90,0.025,0.06,5,1,1.51507306555,1.41124437966,0.656139080775,21777.2886376,4882.90502174,synthetic,True,1.0.0,1.0.0,2026-09-16T20:12:09.907988+00:00,42,schema_checked
499,2,90,0.025,0.085,-5,0,1.41124155661,1.72591190946,0.790877618334,23346.3039503,5885.61237594,synthetic,True,1.0.0,1.0.0,2026-09-16T20:12:09.907988+00:00,42,schema_checked
500,2,90,0.025,0.085,-5,1,1.41124155661,1.2944339321,0.648519647034,20135.2987775,4826.20214827,synthetic,True,1.0.0,1.0.0,2026-09-16T20:12:09.907988+00:00,42,schema_checked
501,2,90,0.025,0.085,0,0,1.44335440644,1.76518509393,0.783377618334,23877.5498943,5829.79831344,synthetic,True,1.0.0,1.0.0,2026-09-16T20:12:09.907988+00:00,42,schema_checked
502,2,90,0.025,0.085,0,1,1.44335440644,1.32388882045,0.642369647034,20593.4781891,4780.43461702,synthetic,True,1.0.0,1.0.0,2026-09-16T20:12:09.907988+00:00,42,schema_checked
503,2,90,0.025,0.085,5,0,1.41124155661,1.72591190946,0.790877618334,23346.3039503,5885.61237594,synthetic,True,1.0.0,1.0.0,2026-09-16T20:12:09.907988+00:00,42,schema_checked
504,2,90,0.025,0.085,5,1,1.41124155661,1.2944339321,0.648519647034,20135.2987775,4826.20214827,synthetic,True,1.0.0,1.0.0,2026-09-16T20:12:09.907988+00:00,42,schema_checked
505,2,90,0.04,0.04,-5,0,1.48044686537,1.8297198726,0.797070875153,24633.8470931,5931.70181903,synthetic,True,1.0.0,1.0.0,2026-09-16T20:12:09.907988+00:00,42,schema_checked
506,2,90,0.04,0.04,-5,1,1.48044686537,1.37228990445,0.653598117625,21229.7104489,4863.9954916,synthetic,True,1.0.0,1.0.0,2026-09-16T20:12:09.907988+00:00,42,schema_checked
507,2,90,0.04,0.04,0,0,1.51413448437,1.87135521082,0.789570875153,25194.3911253,5875.88775653,synthetic,True,1.0.0,1.0.0,2026-09-16T20:12:09.907988+00:00,42,schema_checked
508,2,90,0.04,0.04,0,1,1.51413448437,1.40351640811,0.647448117625,21712.7932355,4818.22796035,synthetic,True,1.0.0,1.0.0,2026-09-16T20:12:09.907988+00:00,42,schema_checked
509,2,90,0.04,0.04,5,0,1.48044686537,1.8297198726,0.797070875153,24633.8470931,5931.70181903,synthetic,True,1.0.0,1.0.0,2026-09-16T20:12:09.907988+00:00,42,schema_checked
510,2,90,0.04,0.04,5,1,1.48044686537,1.37228990445,0.653598117625,21229.7104489,4863.9954916,synthetic,True,1.0.0,1.0.0,2026-09-16T20:12:09.907988+00:00,42,schema_checked
511,2,90,0.04,0.06,-5,0,1.52164268092,1.89151359594,0.800757532581,25400.2823679,5959.13746277,synthetic,True,1.0.0,1.0.0,2026-09-16T20:12:09.907988+00:00,42,schema_checked
512,2,90,0.04,0.06,-5,1,1.52164268092,1.41863519695,0.656621176716,21881.1804324,4886.49271947,synthetic,True,1.0.0,1.0.0,2026-09-16T20:12:09.907988+00:00,42,schema_checked
513,2,90,0.04,0.06,0,0,1.55626771211,1.93455505244,0.793257532581,25978.2666609,5903.32340027,synthetic,True,1.0.0,1.0.0,2026-09-16T20:12:09.907988+00:00,42,schema_checked
514,2,90,0.04,0.06,0,1,1.55626771211,1.45091628933,0.650471176716,22379.0874407,4840.72518822,synthetic,True,1.0.0,1.0.0,2026-09-16T20:12:09.907988+00:00,42,schema_checked
515,2,90,0.04,0.06,5,0,1.52164268092,1.89151359594,0.800757532581,25400.2823679,5959.13746277,synthetic,True,1.0.0,1.0.0,2026-09-16T20:12:09.907988+00:00,42,schema_checked
516,2,90,0.04,0.06,5,1,1.52164268092,1.41863519695,0.656621176716,21881.1804324,4886.49271947,synthetic,True,1.0.0,1.0.0,2026-09-16T20:12:09.907988+00:00,42,schema_checked
517,2,90,0.04,0.085,-5,0,1.41632636293,1.73353911895,0.79133266307,23440.9051829,5888.99876198,synthetic,True,1.0.0,1.0.0,2026-09-16T20:12:09.907988+00:00,42,schema_checked
518,2,90,0.04,0.085,-5,1,1.41632636293,1.30015433921,0.648892783717,20215.7098252,4828.97898483,synthetic,True,1.0.0,1.0.0,2026-09-16T20:12:09.907988+00:00,42,schema_checked
519,2,90,0.04,0.085,0,0,1.4485549177,1.77298586082,0.78383266307,23974.3037812,5833.18469948,synthetic,True,1.0.0,1.0.0,2026-09-16T20:12:09.907988+00:00,42,schema_checked
520,2,90,0.04,0.085,0,1,1.4485549177,1.32973939562,0.642742783717,20675.718993,4783.21145358,synthetic,True,1.0.0,1.0.0,2026-09-16T20:12:09.907988+00:00,42,schema_checked
521,2,90,0.04,0.085,5,0,1.41632636293,1.73353911895,0.79133266307,23440.9051829,5888.99876198,synthetic,True,1.0.0,1.0.0,2026-09-16T20:12:09.907988+00:00,42,schema_checked
522,2,90,0.04,0.085,5,1,1.41632636293,1.30015433921,0.648892783717,20215.7098252,4828.97898483,synthetic,True,1.0.0,1.0.0,2026-09-16T20:12:09.907988+00:00,42,schema_checked
523,2,90,0.055,0.04,-5,0,1.3405617633,1.61989221951,0.784552408323,22031.3284833,5838.54095369,synthetic,True,1.0.0,1.0.0,2026-09-16T20:12:09.907988+00:00,42,schema_checked
524,2,90,0.055,0.04,-5,1,1.3405617633,1.21491916463,0.643332974825,19017.5696306,4787.60358202,synthetic,True,1.0.0,1.0.0,2026-09-16T20:12:09.907988+00:00,42,schema_checked
525,2,90,0.055,0.04,0,0,1.37106629203,1.65675292231,0.777052408323,22532.6521157,5782.72689119,synthetic,True,1.0.0,1.0.0,2026-09-16T20:12:09.907988+00:00,42,schema_checked
526,2,90,0.055,0.04,0,1,1.37106629203,1.24256469173,0.637182974825,19450.3150772,4741.83605077,synthetic,True,1.0.0,1.0.0,2026-09-16T20:12:09.907988+00:00,42,schema_checked
527,2,90,0.055,0.04,5,0,1.3405617633,1.61989221951,0.784552408323,22031.3284833,5838.54095369,synthetic,True,1.0.0,1.0.0,2026-09-16T20:12:09.907988+00:00,42,schema_checked
528,2,90,0.055,0.04,5,1,1.3405617633,1.21491916463,0.643332974825,19017.5696306,4787.60358202,synthetic,True,1.0.0,1.0.0,2026-09-16T20:12:09.907988+00:00,42,schema_checked
529,2,90,0.055,0.06,-5,0,1.36819136301,1.66133661907,0.78702501064,22545.3685516,5856.94175105,synthetic,True,1.0.0,1.0.0,2026-09-16T20:12:09.907988+00:00,42,schema_checked
530,2,90,0.055,0.06,-5,1,1.36819136301,1.2460024643,0.645360508725,19454.5036886,4802.69223587,synthetic,True,1.0.0,1.0.0,2026-09-16T20:12:09.907988+00:00,42,schema_checked
531,2,90,0.055,0.06,0,0,1.39932460422,1.6991403906,0.77952501064,23058.3891833,5801.12768855,synthetic,True,1.0.0,1.0.0,2026-09-16T20:12:09.907988+00:00,42,schema_checked
532,2,90,0.055,0.06,0,1,1.39932460422,1.27435529295,0.639210508725,19897.1915847,4756.92470462,synthetic,True,1.0.0,1.0.0,2026-09-16T20:12:09.907988+00:00,42,schema_checked
533,2,90,0.055,0.06,5,0,1.36819136301,1.66133661907,0.78702501064,22545.3685516,5856.94175105,synthetic,True,1.0.0,1.0.0,2026-09-16T20:12:09.907988+00:00,42,schema_checked
534,2,90,0.055,0.06,5,1,1.36819136301,1.2460024643,0.645360508725,19454.5036886,4802.69223587,synthetic,True,1.0.0,1.0.0,2026-09-16T20:12:09.907988+00:00,42,schema_checked
535,2,90,0.055,0.085,-5,0,1.2975568175,1.5553848008,0.780703849902,21231.2349057,5809.90046299,synthetic,True,1.0.0,1.0.0,2026-09-16T20:12:09.907988+00:00,42,schema_checked
536,2,90,0.055,0.085,-5,1,1.2975568175,1.1665386006,0.640177156919,18337.4900896,4764.11837965,synthetic,True,1.0.0,1.0.0,2026-09-16T20:12:09.907988+00:00,42,schema_checked
537,2,90,0.055,0.085,0,0,1.32708276721,1.59077763508,0.773203849902,21714.3523813,5754.08640049,synthetic,True,1.0.0,1.0.0,2026-09-16T20:12:09.907988+00:00,42,schema_checked
538,2,90,0.055,0.085,0,1,1.32708276721,1.19308322631,0.634027156919,18754.760303,4718.3508484,synthetic,True,1.0.0,1.0.0,2026-09-16T20:12:09.907988+00:00,42,schema_checked
539,2,90,0.055,0.085,5,0,1.2975568175,1.5553848008,0.780703849902,21231.2349057,5809.90046299,synthetic,True,1.0.0,1.0.0,2026-09-16T20:12:09.907988+00:00,42,schema_checked
540,2,90,0.055,0.085,5,1,1.2975568175,1.1665386006,0.640177156919,18337.4900896,4764.11837965,synthetic,True,1.0.0,1.0.0,2026-09-16T20:12:09.907988+00:00,42,schema_checked
541,3,0,0.025,0.04,-5,0,1.27506171223,2.08103845628,0.914148143851,0,0,synthetic,True,1.0.0,1.0.0,2026-09-16T20:12:09.907988+00:00,42,schema_checked
542,3,0,0.025,0.04,-5,1,1.27506171223,1.56077884221,0.749601477958,0,0,synthetic,True,1.0.0,1.0.0,2026-09-16T20:12:09.907988+00:00,42,schema_checked
543,3,0,0.025,0.04,0,0,1.30407578506,2.12839255745,0.906648143851,0,0,synthetic,True,1.0.0,1.0.0,2026-09-16T20:12:09.907988+00:00,42,schema_checked
544,3,0,0.025,0.04,0,1,1.30407578506,1.59629441809,0.743451477958,0,0,synthetic,True,1.0.0,1.0.0,2026-09-16T20:12:09.907988+00:00,42,schema_checked
545,3,0,0.025,0.04,5,0,1.27506171223,2.08103845628,0.914148143851,0,0,synthetic,True,1.0.0,1.0.0,2026-09-16T20:12:09.907988+00:00,42,schema_checked
546,3,0,0.025,0.04,5,1,1.27506171223,1.56077884221,0.749601477958,0,0,synthetic,True,1.0.0,1.0.0,2026-09-16T20:12:09.907988+00:00,42,schema_checked
547,3,0,0.025,0.06,-5,0,1.31567672587,2.14196097673,0.917782824696,0,0,synthetic,True,1.0.0,1.0.0,2026-09-16T20:12:09.907988+00:00,42,schema_checked
548,3,0,0.025,0.06,-5,1,1.31567672587,1.60647073255,0.752581916251,0,0,synthetic,True,1.0.0,1.0.0,2026-09-16T20:12:09.907988+00:00,42,schema_checked
549,3,0,0.025,0.06,0,0,1.34561499472,2.19070137194,0.910282824696,0,0,synthetic,True,1.0.0,1.0.0,2026-09-16T20:12:09.907988+00:00,42,schema_checked
550,3,0,0.025,0.06,0,1,1.34561499472,1.64302602895,0.746431916251,0,0,synthetic,True,1.0.0,1.0.0,2026-09-16T20:12:09.907988+00:00,42,schema_checked
551,3,0,0.025,0.06,5,0,1.31567672587,2.14196097673,0.917782824696,0,0,synthetic,True,1.0.0,1.0.0,2026-09-16T20:12:09.907988+00:00,42,schema_checked
552,3,0,0.025,0.06,5,1,1.31567672587,1.60647073255,0.752581916251,0,0,synthetic,True,1.0.0,1.0.0,2026-09-16T20:12:09.907988+00:00,42,schema_checked
553,3,0,0.025,0.085,-5,0,1.21184521693,1.98621371332,0.90849083233,0,0,synthetic,True,1.0.0,1.0.0,2026-09-16T20:12:09.907988+00:00,42,schema_checked
554,3,0,0.025,0.085,-5,1,1.21184521693,1.48966028499,0.74496248251,0,0,synthetic,True,1.0.0,1.0.0,2026-09-16T20:12:09.907988+00:00,42,schema_checked
555,3,0,0.025,0.085,0,0,1.23942079624,2.03141007422,0.90099083233,0,0,synthetic,True,1.0.0,1.0.0,2026-09-16T20:12:09.907988+00:00,42,schema_checked
556,3,0,0.025,0.085,0,1,1.23942079624,1.52355755567,0.73881248251,0,0,synthetic,True,1.0.0,1.0.0,2026-09-16T20:12:09.907988+00:00,42,schema_checked
557,3,0,0.025,0.085,5,0,1.21184521693,1.98621371332,0.90849083233,0,0,synthetic,True,1.0.0,1.0.0,2026-09-16T20:12:09.907988+00:00,42,schema_checked
558,3,0,0.025,0.085,5,1,1.21184521693,1.48966028499,0.74496248251,0,0,synthetic,True,1.0.0,1.0.0,2026-09-16T20:12:09.907988+00:00,42,schema_checked
559,3,0,0.04,0.04,-5,0,1.28105052569,2.09002167646,0.914684089148,0,0,synthetic,True,1.0.0,1.0.0,2026-09-16T20:12:09.907988+00:00,42,schema_checked
560,3,0,0.04,0.04,-5,1,1.28105052569,1.56751625734,0.750040953101,0,0,synthetic,True,1.0.0,1.0.0,2026-09-16T20:12:09.907988+00:00,42,schema_checked
561,3,0,0.04,0.04,0,0,1.31020087417,2.13758019111,0.907184089148,0,0,synthetic,True,1.0.0,1.0.0,2026-09-16T20:12:09.907988+00:00,42,schema_checked
562,3,0,0.04,0.04,0,1,1.31020087417,1.60318514333,0.743890953101,0,0,synthetic,True,1.0.0,1.0.0,2026-09-16T20:12:09.907988+00:00,42,schema_checked
563,3,0,0.04,0.04,5,0,1.28105052569,2.09002167646,0.914684089148,0,0,synthetic,True,1.0.0,1.0.0,2026-09-16T20:12:09.907988+00:00,42,schema_checked
564,3,0,0.04,0.04,5,1,1.28105052569,1.56751625734,0.750040953101,0,0,synthetic,True,1.0.0,1.0.0,2026-09-16T20:12:09.907988+00:00,42,schema_checked
565,3,0,0.04,0.06,-5,0,1.32224634124,2.15181539979,0.918370746576,0,0,synthetic,True,1.0.0,1.0.0,2026-09-16T20:12:09.907988+00:00,42,schema_checked
566,3,0,0.04,0.06,-5,1,1.32224634124,1.61386154985,0.753064012192,0,0,synthetic,True,1.0.0,1.0.0,2026-09-16T20:12:09.907988+00:00,42,schema_checked
567,3,0,0.04,0.06,0,0,1.35233410191,2.20078003273,0.910870746576,0,0,synthetic,True,1.0.0,1.0.0,2026-09-16T20:12:09.907988+00:00,42,schema_checked
568,3,0,0.04,0.06,0,1,1.35233410191,1.65058502455,0.746914012192,0,0,synthetic,True,1.0.0,1.0.0,2026-09-16T20:12:09.907988+00:00,42,schema_checked
569,3,0,0.04,0.06,5,0,1.32224634124,2.15181539979,0.918370746576,0,0,synthetic,True,1.0.0,1.0.0,2026-09-16T20:12:09.907988+00:00,42,schema_checked
570,3,0,0.04,0.06,5,1,1.32224634124,1.61386154985,0.753064012192,0,0,synthetic,True,1.0.0,1.0.0,2026-09-16T20:12:09.907988+00:00,42,schema_checked
571,3,0,0.04,0.085,-5,0,1.21693002325,1.9938409228,0.908945877065,0,0,synthetic,True,1.0.0,1.0.0,2026-09-16T20:12:09.907988+00:00,42,schema_checked
572,3,0,0.04,0.085,-5,1,1.21693002325,1.4953806921,0.745335619193,0,0,synthetic,True,1.0.0,1.0.0,2026-09-16T20:12:09.907988+00:00,42,schema_checked
573,3,0,0.04,0.085,0,0,1.2446213075,2.03921084112,0.901445877065,0,0,synthetic,True,1.0.0,1.0.0,2026-09-16T20:12:09.907988+00:00,42,schema_checked
574,3,0,0.04,0.085,0,1,1.2446213075,1.52940813084,0.739185619193,0,0,synthetic,True,1.0.0,1.0.0,2026-09-16T20:12:09.907988+00:00,42,schema_checked
575,3,0,0.04,0.085,5,0,1.21693002325,1.9938409228,0.908945877065,0,0,synthetic,True,1.0.0,1.0.0,2026-09-16T20:12:09.907988+00:00,42,schema_checked
576,3,0,0.04,0.085,5,1,1.21693002325,1.4953806921,0.745335619193,0,0,synthetic,True,1.0.0,1.0.0,2026-09-16T20:12:09.907988+00:00,42,schema_checked
577,3,0,0.055,0.04,-5,0,1.14116542362,1.88019402336,0.902165622318,0,0,synthetic,True,1.0.0,1.0.0,2026-09-16T20:12:09.907988+00:00,42,schema_checked
578,3,0,0.055,0.04,-5,1,1.14116542362,1.41014551752,0.739775810301,0,0,synthetic,True,1.0.0,1.0.0,2026-09-16T20:12:09.907988+00:00,42,schema_checked
579,3,0,0.055,0.04,0,0,1.16713268183,1.9229779026,0.894665622318,0,0,synthetic,True,1.0.0,1.0.0,2026-09-16T20:12:09.907988+00:00,42,schema_checked
580,3,0,0.055,0.04,0,1,1.16713268183,1.44223342695,0.733625810301,0,0,synthetic,True,1.0.0,1.0.0,2026-09-16T20:12:09.907988+00:00,42,schema_checked
581,3,0,0.055,0.04,5,0,1.14116542362,1.88019402336,0.902165622318,0,0,synthetic,True,1.0.0,1.0.0,2026-09-16T20:12:09.907988+00:00,42,schema_checked
582,3,0,0.055,0.04,5,1,1.14116542362,1.41014551752,0.739775810301,0,0,synthetic,True,1.0.0,1.0.0,2026-09-16T20:12:09.907988+00:00,42,schema_checked
583,3,0,0.055,0.06,-5,0,1.16879502333,1.92163842292,0.904638224635,0,0,synthetic,True,1.0.0,1.0.0,2026-09-16T20:12:09.907988+00:00,42,schema_checked
584,3,0,0.055,0.06,-5,1,1.16879502333,1.44122881719,0.741803344201,0,0,synthetic,True,1.0.0,1.0.0,2026-09-16T20:12:09.907988+00:00,42,schema_checked
585,3,0,0.055,0.06,0,0,1.19539099402,1.96536537089,0.897138224635,0,0,synthetic,True,1.0.0,1.0.0,2026-09-16T20:12:09.907988+00:00,42,schema_checked
586,3,0,0.055,0.06,0,1,1.19539099402,1.47402402817,0.735653344201,0,0,synthetic,True,1.0.0,1.0.0,2026-09-16T20:12:09.907988+00:00,42,schema_checked
587,3,0,0.055,0.06,5,0,1.16879502333,1.92163842292,0.904638224635,0,0,synthetic,True,1.0.0,1.0.0,2026-09-16T20:12:09.907988+00:00,42,schema_checked
588,3,0,0.055,0.06,5,1,1.16879502333,1.44122881719,0.741803344201,0,0,synthetic,True,1.0.0,1.0.0,2026-09-16T20:12:09.907988+00:00,42,schema_checked
589,3,0,0.055,0.085,-5,0,1.09816047782,1.81568660466,0.898317063897,0,0,synthetic,True,1.0.0,1.0.0,2026-09-16T20:12:09.907988+00:00,42,schema_checked
590,3,0,0.055,0.085,-5,1,1.09816047782,1.36176495349,0.736619992395,0,0,synthetic,True,1.0.0,1.0.0,2026-09-16T20:12:09.907988+00:00,42,schema_checked
591,3,0,0.055,0.085,0,0,1.12314915701,1.85700261538,0.890817063897,0,0,synthetic,True,1.0.0,1.0.0,2026-09-16T20:12:09.907988+00:00,42,schema_checked
592,3,0,0.055,0.085,0,1,1.12314915701,1.39275196153,0.730469992395,0,0,synthetic,True,1.0.0,1.0.0,2026-09-16T20:12:09.907988+00:00,42,schema_checked
593,3,0,0.055,0.085,5,0,1.09816047782,1.81568660466,0.898317063897,0,0,synthetic,True,1.0.0,1.0.0,2026-09-16T20:12:09.907988+00:00,42,schema_checked
594,3,0,0.055,0.085,5,1,1.09816047782,1.36176495349,0.736619992395,0,0,synthetic,True,1.0.0,1.0.0,2026-09-16T20:12:09.907988+00:00,42,schema_checked
595,3,30,0.025,0.04,-5,0,1.27506171223,2.08103845628,0.914148143851,2775.07532684,755.886246447,synthetic,True,1.0.0,1.0.0,2026-09-16T20:12:09.907988+00:00,42,schema_checked
596,3,30,0.025,0.04,-5,1,1.27506171223,1.56077884221,0.749601477958,2344.88565846,619.826722086,synthetic,True,1.0.0,1.0.0,2026-09-16T20:12:09.907988+00:00,42,schema_checked
597,3,30,0.025,0.04,0,0,1.30407578506,2.12839255745,0.906648143851,2838.22226071,749.684683947,synthetic,True,1.0.0,1.0.0,2026-09-16T20:12:09.907988+00:00,42,schema_checked
598,3,30,0.025,0.04,0,1,1.30407578506,1.59629441809,0.743451477958,2398.24361173,614.741440836,synthetic,True,1.0.0,1.0.0,2026-09-16T20:12:09.907988+00:00,42,schema_checked
599,3,30,0.025,0.04,5,0,1.27506171223,2.08103845628,0.914148143851,2775.07532684,755.886246447,synthetic,True,1.0.0,1.0.0,2026-09-16T20:12:09.907988+00:00,42,schema_checked
600,3,30,0.025,0.04,5,1,1.27506171223,1.56077884221,0.749601477958,2344.88565846,619.826722086,synthetic,True,1.0.0,1.0.0,2026-09-16T20:12:09.907988+00:00,42,schema_checked
601,3,30,0.025,0.06,-5,0,1.31567672587,2.14196097673,0.917782824696,2859.03417534,758.891673171,synthetic,True,1.0.0,1.0.0,2026-09-16T20:12:09.907988+00:00,42,schema_checked
602,3,30,0.025,0.06,-5,1,1.31567672587,1.60647073255,0.752581916251,2416.25067968,622.291172,synthetic,True,1.0.0,1.0.0,2026-09-16T20:12:09.907988+00:00,42,schema_checked
603,3,30,0.025,0.06,0,0,1.34561499472,2.19070137194,0.910282824696,2924.09159568,752.690110671,synthetic,True,1.0.0,1.0.0,2026-09-16T20:12:09.907988+00:00,42,schema_checked
604,3,30,0.025,0.06,0,1,1.34561499472,1.64302602895,0.746431916251,2471.23254645,617.20589075,synthetic,True,1.0.0,1.0.0,2026-09-16T20:12:09.907988+00:00,42,schema_checked
605,3,30,0.025,0.06,5,0,1.31567672587,2.14196097673,0.917782824696,2859.03417534,758.891673171,synthetic,True,1.0.0,1.0.0,2026-09-16T20:12:09.907988+00:00,42,schema_checked
606,3,30,0.025,0.06,5,1,1.31567672587,1.60647073255,0.752581916251,2416.25067968,622.291172,synthetic,True,1.0.0,1.0.0,2026-09-16T20:12:09.907988+00:00,42,schema_checked
607,3,30,0.025,0.085,-5,0,1.21184521693,1.98621371332,0.90849083233,2644.39497795,751.208356982,synthetic,True,1.0.0,1.0.0,2026-09-16T20:12:09.907988+00:00,42,schema_checked
608,3,30,0.025,0.085,-5,1,1.21184521693,1.48966028499,0.74496248251,2233.8073619,615.990852726,synthetic,True,1.0.0,1.0.0,2026-09-16T20:12:09.907988+00:00,42,schema_checked
609,3,30,0.025,0.085,0,0,1.23942079624,2.03141007422,0.90099083233,2704.56827601,745.006794482,synthetic,True,1.0.0,1.0.0,2026-09-16T20:12:09.907988+00:00,42,schema_checked
610,3,30,0.025,0.085,0,1,1.23942079624,1.52355755567,0.73881248251,2284.63772473,610.905571476,synthetic,True,1.0.0,1.0.0,2026-09-16T20:12:09.907988+00:00,42,schema_checked
611,3,30,0.025,0.085,5,0,1.21184521693,1.98621371332,0.90849083233,2644.39497795,751.208356982,synthetic,True,1.0.0,1.0.0,2026-09-16T20:12:09.907988+00:00,42,schema_checked
612,3,30,0.025,0.085,5,1,1.21184521693,1.48966028499,0.74496248251,2233.8073619,615.990852726,synthetic,True,1.0.0,1.0.0,2026-09-16T20:12:09.907988+00:00,42,schema_checked
613,3,30,0.04,0.04,-5,0,1.28105052569,2.09002167646,0.914684089148,2787.45532715,756.329406214,synthetic,True,1.0.0,1.0.0,2026-09-16T20:12:09.907988+00:00,42,schema_checked
614,3,30,0.04,0.04,-5,1,1.28105052569,1.56751625734,0.750040953101,2355.40865872,620.190113096,synthetic,True,1.0.0,1.0.0,2026-09-16T20:12:09.907988+00:00,42,schema_checked
615,3,30,0.04,0.04,0,0,1.31020087417,2.13758019111,0.907184089148,2850.88396835,750.127843714,synthetic,True,1.0.0,1.0.0,2026-09-16T20:12:09.907988+00:00,42,schema_checked
616,3,30,0.04,0.04,0,1,1.31020087417,1.60318514333,0.743890953101,2409.00606322,615.104831846,synthetic,True,1.0.0,1.0.0,2026-09-16T20:12:09.907988+00:00,42,schema_checked
617,3,30,0.04,0.04,5,0,1.28105052569,2.09002167646,0.914684089148,2787.45532715,756.329406214,synthetic,True,1.0.0,1.0.0,2026-09-16T20:12:09.907988+00:00,42,schema_checked
618,3,30,0.04,0.04,5,1,1.28105052569,1.56751625734,0.750040953101,2355.40865872,620.190113096,synthetic,True,1.0.0,1.0.0,2026-09-16T20:12:09.907988+00:00,42,schema_checked
619,3,30,0.04,0.06,-5,0,1.32224634124,2.15181539979,0.918370746576,2872.61480212,759.377811075,synthetic,True,1.0.0,1.0.0,2026-09-16T20:12:09.907988+00:00,42,schema_checked
620,3,30,0.04,0.06,-5,1,1.32224634124,1.61386154985,0.753064012192,2427.79421244,622.689805081,synthetic,True,1.0.0,1.0.0,2026-09-16T20:12:09.907988+00:00,42,schema_checked
621,3,30,0.04,0.06,0,0,1.35233410191,2.20078003273,0.910870746576,2937.98125008,753.176248575,synthetic,True,1.0.0,1.0.0,2026-09-16T20:12:09.907988+00:00,42,schema_checked
622,3,30,0.04,0.06,0,1,1.35233410191,1.65058502455,0.746914012192,2483.03875269,617.604523831,synthetic,True,1.0.0,1.0.0,2026-09-16T20:12:09.907988+00:00,42,schema_checked
623,3,30,0.04,0.06,5,0,1.32224634124,2.15181539979,0.918370746576,2872.61480212,759.377811075,synthetic,True,1.0.0,1.0.0,2026-09-16T20:12:09.907988+00:00,42,schema_checked
624,3,30,0.04,0.06,5,1,1.32224634124,1.61386154985,0.753064012192,2427.79421244,622.689805081,synthetic,True,1.0.0,1.0.0,2026-09-16T20:12:09.907988+00:00,42,schema_checked
625,3,30,0.04,0.085,-5,0,1.21693002325,1.9938409228,0.908945877065,2654.90622602,751.584622098,synthetic,True,1.0.0,1.0.0,2026-09-16T20:12:09.907988+00:00,42,schema_checked
626,3,30,0.04,0.085,-5,1,1.21693002325,1.4953806921,0.745335619193,2242.74192276,616.299390121,synthetic,True,1.0.0,1.0.0,2026-09-16T20:12:09.907988+00:00,42,schema_checked
627,3,30,0.04,0.085,0,0,1.2446213075,2.03921084112,0.901445877065,2715.31870789,745.383059598,synthetic,True,1.0.0,1.0.0,2026-09-16T20:12:09.907988+00:00,42,schema_checked
628,3,30,0.04,0.085,0,1,1.2446213075,1.52940813084,0.739185619193,2293.77559183,611.214108871,synthetic,True,1.0.0,1.0.0,2026-09-16T20:12:09.907988+00:00,42,schema_checked
629,3,30,0.04,0.085,5,0,1.21693002325,1.9938409228,0.908945877065,2654.90622602,751.584622098,synthetic,True,1.0.0,1.0.0,2026-09-16T20:12:09.907988+00:00,42,schema_checked
630,3,30,0.04,0.085,5,1,1.21693002325,1.4953806921,0.745335619193,2242.74192276,616.299390121,synthetic,True,1.0.0,1.0.0,2026-09-16T20:12:09.907988+00:00,42,schema_checked
631,3,30,0.055,0.04,-5,0,1.14116542362,1.88019402336,0.902165622318,2498.28659273,745.978198954,synthetic,True,1.0.0,1.0.0,2026-09-16T20:12:09.907988+00:00,42,schema_checked
632,3,30,0.055,0.04,-5,1,1.14116542362,1.41014551752,0.739775810301,2109.61523446,611.702123143,synthetic,True,1.0.0,1.0.0,2026-09-16T20:12:09.907988+00:00,42,schema_checked
633,3,30,0.055,0.04,0,0,1.16713268183,1.9229779026,0.894665622318,2555.1351895,739.776636454,synthetic,True,1.0.0,1.0.0,2026-09-16T20:12:09.907988+00:00,42,schema_checked
634,3,30,0.055,0.04,0,1,1.16713268183,1.44223342695,0.733625810301,2157.6196012,606.616841893,synthetic,True,1.0.0,1.0.0,2026-09-16T20:12:09.907988+00:00,42,schema_checked
635,3,30,0.055,0.04,5,0,1.14116542362,1.88019402336,0.902165622318,2498.28659273,745.978198954,synthetic,True,1.0.0,1.0.0,2026-09-16T20:12:09.907988+00:00,42,schema_checked
636,3,30,0.055,0.04,5,1,1.14116542362,1.41014551752,0.739775810301,2109.61523446,611.702123143,synthetic,True,1.0.0,1.0.0,2026-09-16T20:12:09.907988+00:00,42,schema_checked
637,3,30,0.055,0.06,-5,0,1.16879502333,1.92163842292,0.904638224635,2555.40215587,748.022731995,synthetic,True,1.0.0,1.0.0,2026-09-16T20:12:09.907988+00:00,42,schema_checked
638,3,30,0.055,0.06,-5,1,1.16879502333,1.44122881719,0.741803344201,2158.16346313,613.378640236,synthetic,True,1.0.0,1.0.0,2026-09-16T20:12:09.907988+00:00,42,schema_checked
639,3,30,0.055,0.06,0,0,1.19539099402,1.96536537089,0.897138224635,2613.55041923,741.821169495,synthetic,True,1.0.0,1.0.0,2026-09-16T20:12:09.907988+00:00,42,schema_checked
640,3,30,0.055,0.06,0,1,1.19539099402,1.47402402817,0.735653344201,2207.27254647,608.293358986,synthetic,True,1.0.0,1.0.0,2026-09-16T20:12:09.907988+00:00,42,schema_checked
641,3,30,0.055,0.06,5,0,1.16879502333,1.92163842292,0.904638224635,2555.40215587,748.022731995,synthetic,True,1.0.0,1.0.0,2026-09-16T20:12:09.907988+00:00,42,schema_checked
642,3,30,0.055,0.06,5,1,1.16879502333,1.44122881719,0.741803344201,2158.16346313,613.378640236,synthetic,True,1.0.0,1.0.0,2026-09-16T20:12:09.907988+00:00,42,schema_checked
643,3,30,0.055,0.085,-5,0,1.09816047782,1.81568660466,0.898317063897,2409.38730632,742.79592221,synthetic,True,1.0.0,1.0.0,2026-09-16T20:12:09.907988+00:00,42,schema_checked
644,3,30,0.055,0.085,-5,1,1.09816047782,1.36176495349,0.736619992395,2034.05084102,609.092656212,synthetic,True,1.0.0,1.0.0,2026-09-16T20:12:09.907988+00:00,42,schema_checked
645,3,30,0.055,0.085,0,0,1.12314915701,1.85700261538,0.890817063897,2464.21299679,736.59435971,synthetic,True,1.0.0,1.0.0,2026-09-16T20:12:09.907988+00:00,42,schema_checked
646,3,30,0.055,0.085,0,1,1.12314915701,1.39275196153,0.730469992395,2080.33573739,604.007374962,synthetic,True,1.0.0,1.0.0,2026-09-16T20:12:09.907988+00:00,42,schema_checked
647,3,30,0.055,0.085,5,0,1.09816047782,1.81568660466,0.898317063897,2409.38730632,742.79592221,synthetic,True,1.0.0,1.0.0,2026-09-16T20:12:09.907988+00:00,42,schema_checked
648,3,30,0.055,0.085,5,1,1.09816047782,1.36176495349,0.736619992395,2034.05084102,609.092656212,synthetic,True,1.0.0,1.0.0,2026-09-16T20:12:09.907988+00:00,42,schema_checked
649,3,50,0.025,0.04,-5,0,1.27506171223,2.08103845628,0.914148143851,7708.54257456,2099.68401791,synthetic,True,1.0.0,1.0.0,2026-09-16T20:12:09.907988+00:00,42,schema_checked
650,3,50,0.025,0.04,-5,1,1.27506171223,1.56077884221,0.749601477958,6513.57127349,1721.74089468,synthetic,True,1.0.0,1.0.0,2026-09-16T20:12:09.907988+00:00,42,schema_checked
651,3,50,0.025,0.04,0,0,1.30407578506,2.12839255745,0.906648143851,7883.9507242,2082.45745541,synthetic,True,1.0.0,1.0.0,2026-09-16T20:12:09.907988+00:00,42,schema_checked
652,3,50,0.025,0.04,0,1,1.30407578506,1.59629441809,0.743451477958,6661.78781035,1707.61511343,synthetic,True,1.0.0,1.0.0,2026-09-16T20:12:09.907988+00:00,42,schema_checked
653,3,50,0.025,0.04,5,0,1.27506171223,2.08103845628,0.914148143851,7708.54257456,2099.68401791,synthetic,True,1.0.0,1.0.0,2026-09-16T20:12:09.907988+00:00,42,schema_checked
654,3,50,0.025,0.04,5,1,1.27506171223,1.56077884221,0.749601477958,6513.57127349,1721.74089468,synthetic,True,1.0.0,1.0.0,2026-09-16T20:12:09.907988+00:00,42,schema_checked
655,3,50,0.025,0.06,-5,0,1.31567672587,2.14196097673,0.917782824696,7941.76159817,2108.03242547,synthetic,True,1.0.0,1.0.0,2026-09-16T20:12:09.907988+00:00,42,schema_checked
656,3,50,0.025,0.06,-5,1,1.31567672587,1.60647073255,0.752581916251,6711.80744356,1728.58658889,synthetic,True,1.0.0,1.0.0,2026-09-16T20:12:09.907988+00:00,42,schema_checked
657,3,50,0.025,0.06,0,0,1.34561499472,2.19070137194,0.910282824696,8122.47665466,2090.80586297,synthetic,True,1.0.0,1.0.0,2026-09-16T20:12:09.907988+00:00,42,schema_checked
658,3,50,0.025,0.06,0,1,1.34561499472,1.64302602895,0.746431916251,6864.53485124,1714.46080764,synthetic,True,1.0.0,1.0.0,2026-09-16T20:12:09.907988+00:00,42,schema_checked
659,3,50,0.025,0.06,5,0,1.31567672587,2.14196097673,0.917782824696,7941.76159817,2108.03242547,synthetic,True,1.0.0,1.0.0,2026-09-16T20:12:09.907988+00:00,42,schema_checked
660,3,50,0.025,0.06,5,1,1.31567672587,1.60647073255,0.752581916251,6711.80744356,1728.58658889,synthetic,True,1.0.0,1.0.0,2026-09-16T20:12:09.907988+00:00,42,schema_checked
661,3,50,0.025,0.085,-5,0,1.21184521693,1.98621371332,0.90849083233,7345.5416054,2086.68988051,synthetic,True,1.0.0,1.0.0,2026-09-16T20:12:09.907988+00:00,42,schema_checked
662,3,50,0.025,0.085,-5,1,1.21184521693,1.48966028499,0.74496248251,6205.02044971,1711.08570202,synthetic,True,1.0.0,1.0.0,2026-09-16T20:12:09.907988+00:00,42,schema_checked
663,3,50,0.025,0.085,0,0,1.23942079624,2.03141007422,0.90099083233,7512.68965559,2069.46331801,synthetic,True,1.0.0,1.0.0,2026-09-16T20:12:09.907988+00:00,42,schema_checked
664,3,50,0.025,0.085,0,1,1.23942079624,1.52355755567,0.73881248251,6346.21590203,1696.95992077,synthetic,True,1.0.0,1.0.0,2026-09-16T20:12:09.907988+00:00,42,schema_checked
665,3,50,0.025,0.085,5,0,1.21184521693,1.98621371332,0.90849083233,7345.5416054,2086.68988051,synthetic,True,1.0.0,1.0.0,2026-09-16T20:12:09.907988+00:00,42,schema_checked
666,3,50,0.025,0.085,5,1,1.21184521693,1.48966028499,0.74496248251,6205.02044971,1711.08570202,synthetic,True,1.0.0,1.0.0,2026-09-16T20:12:09.907988+00:00,42,schema_checked
667,3,50,0.04,0.04,-5,0,1.28105052569,2.09002167646,0.914684089148,7742.93146431,2100.91501726,synthetic,True,1.0.0,1.0.0,2026-09-16T20:12:09.907988+00:00,42,schema_checked
668,3,50,0.04,0.04,-5,1,1.28105052569,1.56751625734,0.750040953101,6542.80182978,1722.75031415,synthetic,True,1.0.0,1.0.0,2026-09-16T20:12:09.907988+00:00,42,schema_checked
669,3,50,0.04,0.04,0,0,1.31020087417,2.13758019111,0.907184089148,7919.12213431,2083.68845476,synthetic,True,1.0.0,1.0.0,2026-09-16T20:12:09.907988+00:00,42,schema_checked
670,3,50,0.04,0.04,0,1,1.31020087417,1.60318514333,0.743890953101,6691.68350895,1708.6245329,synthetic,True,1.0.0,1.0.0,2026-09-16T20:12:09.907988+00:00,42,schema_checked
671,3,50,0.04,0.04,5,0,1.28105052569,2.09002167646,0.914684089148,7742.93146431,2100.91501726,synthetic,True,1.0.0,1.0.0,2026-09-16T20:12:09.907988+00:00,42,schema_checked
672,3,50,0.04,0.04,5,1,1.28105052569,1.56751625734,0.750040953101,6542.80182978,1722.75031415,synthetic,True,1.0.0,1.0.0,2026-09-16T20:12:09.907988+00:00,42,schema_checked
673,3,50,0.04,0.06,-5,0,1.32224634124,2.15181539979,0.918370746576,7979.48556145,2109.38280854,synthetic,True,1.0.0,1.0.0,2026-09-16T20:12:09.907988+00:00,42,schema_checked
674,3,50,0.04,0.06,-5,1,1.32224634124,1.61386154985,0.753064012192,6743.87281235,1729.693903,synthetic,True,1.0.0,1.0.0,2026-09-16T20:12:09.907988+00:00,42,schema_checked
675,3,50,0.04,0.06,0,0,1.35233410191,2.20078003273,0.910870746576,8161.05902801,2092.15624604,synthetic,True,1.0.0,1.0.0,2026-09-16T20:12:09.907988+00:00,42,schema_checked
676,3,50,0.04,0.06,0,1,1.35233410191,1.65058502455,0.746914012192,6897.32986859,1715.56812175,synthetic,True,1.0.0,1.0.0,2026-09-16T20:12:09.907988+00:00,42,schema_checked
677,3,50,0.04,0.06,5,0,1.32224634124,2.15181539979,0.918370746576,7979.48556145,2109.38280854,synthetic,True,1.0.0,1.0.0,2026-09-16T20:12:09.907988+00:00,42,schema_checked
678,3,50,0.04,0.06,5,1,1.32224634124,1.61386154985,0.753064012192,6743.87281235,1729.693903,synthetic,True,1.0.0,1.0.0,2026-09-16T20:12:09.907988+00:00,42,schema_checked
679,3,50,0.04,0.085,-5,0,1.21693002325,1.9938409228,0.908945877065,7374.73951671,2087.73506138,synthetic,True,1.0.0,1.0.0,2026-09-16T20:12:09.907988+00:00,42,schema_checked
680,3,50,0.04,0.085,-5,1,1.21693002325,1.4953806921,0.745335619193,6229.83867432,1711.94275033,synthetic,True,1.0.0,1.0.0,2026-09-16T20:12:09.907988+00:00,42,schema_checked
681,3,50,0.04,0.085,0,0,1.2446213075,2.03921084112,0.901445877065,7542.55196637,2070.50849888,synthetic,True,1.0.0,1.0.0,2026-09-16T20:12:09.907988+00:00,42,schema_checked
682,3,50,0.04,0.085,0,1,1.2446213075,1.52940813084,0.739185619193,6371.59886619,1697.81696908,synthetic,True,1.0.0,1.0.0,2026-09-16T20:12:09.907988+00:00,42,schema_checked
683,3,50,0.04,0.085,5,0,1.21693002325,1.9938409228,0.908945877065,7374.73951671,2087.73506138,synthetic,True,1.0.0,1.0.0,2026-09-16T20:12:09.907988+00:00,42,schema_checked
684,3,50,0.04,0.085,5,1,1.21693002325,1.4953806921,0.745335619193,6229.83867432,1711.94275033,synthetic,True,1.0.0,1.0.0,2026-09-16T20:12:09.907988+00:00,42,schema_checked
685,3,50,0.055,0.04,-5,0,1.14116542362,1.88019402336,0.902165622318,6939.6849798,2072.16166376,synthetic,True,1.0.0,1.0.0,2026-09-16T20:12:09.907988+00:00,42,schema_checked
686,3,50,0.055,0.04,-5,1,1.14116542362,1.41014551752,0.739775810301,5860.04231795,1699.17256429,synthetic,True,1.0.0,1.0.0,2026-09-16T20:12:09.907988+00:00,42,schema_checked
687,3,50,0.055,0.04,0,0,1.16713268183,1.9229779026,0.894665622318,7097.59774861,2054.93510126,synthetic,True,1.0.0,1.0.0,2026-09-16T20:12:09.907988+00:00,42,schema_checked
688,3,50,0.055,0.04,0,1,1.16713268183,1.44223342695,0.733625810301,5993.3877811,1685.04678304,synthetic,True,1.0.0,1.0.0,2026-09-16T20:12:09.907988+00:00,42,schema_checked
689,3,50,0.055,0.04,5,0,1.14116542362,1.88019402336,0.902165622318,6939.6849798,2072.16166376,synthetic,True,1.0.0,1.0.0,2026-09-16T20:12:09.907988+00:00,42,schema_checked
690,3,50,0.055,0.04,5,1,1.14116542362,1.41014551752,0.739775810301,5860.04231795,1699.17256429,synthetic,True,1.0.0,1.0.0,2026-09-16T20:12:09.907988+00:00,42,schema_checked
691,3,50,0.055,0.06,-5,0,1.16879502333,1.92163842292,0.904638224635,7098.33932187,2077.84092221,synthetic,True,1.0.0,1.0.0,2026-09-16T20:12:09.907988+00:00,42,schema_checked
692,3,50,0.055,0.06,-5,1,1.16879502333,1.44122881719,0.741803344201,5994.89850871,1703.82955621,synthetic,True,1.0.0,1.0.0,2026-09-16T20:12:09.907988+00:00,42,schema_checked
693,3,50,0.055,0.06,0,0,1.19539099402,1.96536537089,0.897138224635,7259.86227565,2060.61435971,synthetic,True,1.0.0,1.0.0,2026-09-16T20:12:09.907988+00:00,42,schema_checked
694,3,50,0.055,0.06,0,1,1.19539099402,1.47402402817,0.735653344201,6131.31262908,1689.70377496,synthetic,True,1.0.0,1.0.0,2026-09-16T20:12:09.907988+00:00,42,schema_checked
695,3,50,0.055,0.06,5,0,1.16879502333,1.92163842292,0.904638224635,7098.33932187,2077.84092221,synthetic,True,1.0.0,1.0.0,2026-09-16T20:12:09.907988+00:00,42,schema_checked
696,3,50,0.055,0.06,5,1,1.16879502333,1.44122881719,0.741803344201,5994.89850871,1703.82955621,synthetic,True,1.0.0,1.0.0,2026-09-16T20:12:09.907988+00:00,42,schema_checked
697,3,50,0.055,0.085,-5,0,1.09816047782,1.81568660466,0.898317063897,6692.74251756,2063.32200614,synthetic,True,1.0.0,1.0.0,2026-09-16T20:12:09.907988+00:00,42,schema_checked
698,3,50,0.055,0.085,-5,1,1.09816047782,1.36176495349,0.736619992395,5650.14122504,1691.92404503,synthetic,True,1.0.0,1.0.0,2026-09-16T20:12:09.907988+00:00,42,schema_checked
699,3,50,0.055,0.085,0,0,1.12314915701,1.85700261538,0.890817063897,6845.0361022,2046.09544364,synthetic,True,1.0.0,1.0.0,2026-09-16T20:12:09.907988+00:00,42,schema_checked
700,3,50,0.055,0.085,0,1,1.12314915701,1.39275196153,0.730469992395,5778.71038165,1677.79826378,synthetic,True,1.0.0,1.0.0,2026-09-16T20:12:09.907988+00:00,42,schema_checked
701,3,50,0.055,0.085,5,0,1.09816047782,1.81568660466,0.898317063897,6692.74251756,2063.32200614,synthetic,True,1.0.0,1.0.0,2026-09-16T20:12:09.907988+00:00,42,schema_checked
702,3,50,0.055,0.085,5,1,1.09816047782,1.36176495349,0.736619992395,5650.14122504,1691.92404503,synthetic,True,1.0.0,1.0.0,2026-09-16T20:12:09.907988+00:00,42,schema_checked
703,3,70,0.025,0.04,-5,0,1.27506171223,2.08103845628,0.914148143851,15108.7434461,4115.3806751,synthetic,True,1.0.0,1.0.0,2026-09-16T20:12:09.907988+00:00,42,schema_checked
704,3,70,0.025,0.04,-5,1,1.27506171223,1.56077884221,0.749601477958,12766.599696,3374.61215358,synthetic,True,1.0.0,1.0.0,2026-09-16T20:12:09.907988+00:00,42,schema_checked
705,3,70,0.025,0.04,0,0,1.30407578506,2.12839255745,0.906648143851,15452.5434194,4081.6166126,synthetic,True,1.0.0,1.0.0,2026-09-16T20:12:09.907988+00:00,42,schema_checked
706,3,70,0.025,0.04,0,1,1.30407578506,1.59629441809,0.743451477958,13057.1041083,3346.92562233,synthetic,True,1.0.0,1.0.0,2026-09-16T20:12:09.907988+00:00,42,schema_checked
707,3,70,0.025,0.04,5,0,1.27506171223,2.08103845628,0.914148143851,15108.7434461,4115.3806751,synthetic,True,1.0.0,1.0.0,2026-09-16T20:12:09.907988+00:00,42,schema_checked
708,3,70,0.025,0.04,5,1,1.27506171223,1.56077884221,0.749601477958,12766.599696,3374.61215358,synthetic,True,1.0.0,1.0.0,2026-09-16T20:12:09.907988+00:00,42,schema_checked
709,3,70,0.025,0.06,-5,0,1.31567672587,2.14196097673,0.917782824696,15565.8527324,4131.74355393,synthetic,True,1.0.0,1.0.0,2026-09-16T20:12:09.907988+00:00,42,schema_checked
710,3,70,0.025,0.06,-5,1,1.31567672587,1.60647073255,0.752581916251,13155.1425894,3388.02971422,synthetic,True,1.0.0,1.0.0,2026-09-16T20:12:09.907988+00:00,42,schema_checked
711,3,70,0.025,0.06,0,0,1.34561499472,2.19070137194,0.910282824696,15920.0542431,4097.97949143,synthetic,True,1.0.0,1.0.0,2026-09-16T20:12:09.907988+00:00,42,schema_checked
712,3,70,0.025,0.06,0,1,1.34561499472,1.64302602895,0.746431916251,13454.4883084,3360.34318297,synthetic,True,1.0.0,1.0.0,2026-09-16T20:12:09.907988+00:00,42,schema_checked
713,3,70,0.025,0.06,5,0,1.31567672587,2.14196097673,0.917782824696,15565.8527324,4131.74355393,synthetic,True,1.0.0,1.0.0,2026-09-16T20:12:09.907988+00:00,42,schema_checked
714,3,70,0.025,0.06,5,1,1.31567672587,1.60647073255,0.752581916251,13155.1425894,3388.02971422,synthetic,True,1.0.0,1.0.0,2026-09-16T20:12:09.907988+00:00,42,schema_checked
715,3,70,0.025,0.085,-5,0,1.21184521693,1.98621371332,0.90849083233,14397.2615466,4089.91216579,synthetic,True,1.0.0,1.0.0,2026-09-16T20:12:09.907988+00:00,42,schema_checked
716,3,70,0.025,0.085,-5,1,1.21184521693,1.48966028499,0.74496248251,12161.8400814,3353.72797595,synthetic,True,1.0.0,1.0.0,2026-09-16T20:12:09.907988+00:00,42,schema_checked
717,3,70,0.025,0.085,0,0,1.23942079624,2.03141007422,0.90099083233,14724.871725,4056.14810329,synthetic,True,1.0.0,1.0.0,2026-09-16T20:12:09.907988+00:00,42,schema_checked
718,3,70,0.025,0.085,0,1,1.23942079624,1.52355755567,0.73881248251,12438.583168,3326.0414447,synthetic,True,1.0.0,1.0.0,2026-09-16T20:12:09.907988+00:00,42,schema_checked
719,3,70,0.025,0.085,5,0,1.21184521693,1.98621371332,0.90849083233,14397.2615466,4089.91216579,synthetic,True,1.0.0,1.0.0,2026-09-16T20:12:09.907988+00:00,42,schema_checked
720,3,70,0.025,0.085,5,1,1.21184521693,1.48966028499,0.74496248251,12161.8400814,3353.72797595,synthetic,True,1.0.0,1.0.0,2026-09-16T20:12:09.907988+00:00,42,schema_checked
721,3,70,0.04,0.04,-5,0,1.28105052569,2.09002167646,0.914684089148,15176.14567,4117.79343383,synthetic,True,1.0.0,1.0.0,2026-09-16T20:12:09.907988+00:00,42,schema_checked
722,3,70,0.04,0.04,-5,1,1.28105052569,1.56751625734,0.750040953101,12823.8915864,3376.59061574,synthetic,True,1.0.0,1.0.0,2026-09-16T20:12:09.907988+00:00,42,schema_checked
723,3,70,0.04,0.04,0,0,1.31020087417,2.13758019111,0.907184089148,15521.4793832,4084.02937133,synthetic,True,1.0.0,1.0.0,2026-09-16T20:12:09.907988+00:00,42,schema_checked
724,3,70,0.04,0.04,0,1,1.31020087417,1.60318514333,0.743890953101,13115.6996775,3348.90408449,synthetic,True,1.0.0,1.0.0,2026-09-16T20:12:09.907988+00:00,42,schema_checked
725,3,70,0.04,0.04,5,0,1.28105052569,2.09002167646,0.914684089148,15176.14567,4117.79343383,synthetic,True,1.0.0,1.0.0,2026-09-16T20:12:09.907988+00:00,42,schema_checked
726,3,70,0.04,0.04,5,1,1.28105052569,1.56751625734,0.750040953101,12823.8915864,3376.59061574,synthetic,True,1.0.0,1.0.0,2026-09-16T20:12:09.907988+00:00,42,schema_checked
727,3,70,0.04,0.06,-5,0,1.32224634124,2.15181539979,0.918370746576,15639.7917004,4134.39030474,synthetic,True,1.0.0,1.0.0,2026-09-16T20:12:09.907988+00:00,42,schema_checked
728,3,70,0.04,0.06,-5,1,1.32224634124,1.61386154985,0.753064012192,13217.9907122,3390.20004989,synthetic,True,1.0.0,1.0.0,2026-09-16T20:12:09.907988+00:00,42,schema_checked
729,3,70,0.04,0.06,0,0,1.35233410191,2.20078003273,0.910870746576,15995.6756949,4100.62624224,synthetic,True,1.0.0,1.0.0,2026-09-16T20:12:09.907988+00:00,42,schema_checked
730,3,70,0.04,0.06,0,1,1.35233410191,1.65058502455,0.746914012192,13518.7665424,3362.51351864,synthetic,True,1.0.0,1.0.0,2026-09-16T20:12:09.907988+00:00,42,schema_checked
731,3,70,0.04,0.06,5,0,1.32224634124,2.15181539979,0.918370746576,15639.7917004,4134.39030474,synthetic,True,1.0.0,1.0.0,2026-09-16T20:12:09.907988+00:00,42,schema_checked
732,3,70,0.04,0.06,5,1,1.32224634124,1.61386154985,0.753064012192,13217.9907122,3390.20004989,synthetic,True,1.0.0,1.0.0,2026-09-16T20:12:09.907988+00:00,42,schema_checked
733,3,70,0.04,0.085,-5,0,1.21693002325,1.9938409228,0.908945877065,14454.4894528,4091.96072031,synthetic,True,1.0.0,1.0.0,2026-09-16T20:12:09.907988+00:00,42,schema_checked
734,3,70,0.04,0.085,-5,1,1.21693002325,1.4953806921,0.745335619193,12210.4838017,3355.40779066,synthetic,True,1.0.0,1.0.0,2026-09-16T20:12:09.907988+00:00,42,schema_checked
735,3,70,0.04,0.085,0,0,1.2446213075,2.03921084112,0.901445877065,14783.4018541,4058.19665781,synthetic,True,1.0.0,1.0.0,2026-09-16T20:12:09.907988+00:00,42,schema_checked
736,3,70,0.04,0.085,0,1,1.2446213075,1.52940813084,0.739185619193,12488.3337777,3327.72125941,synthetic,True,1.0.0,1.0.0,2026-09-16T20:12:09.907988+00:00,42,schema_checked
737,3,70,0.04,0.085,5,0,1.21693002325,1.9938409228,0.908945877065,14454.4894528,4091.96072031,synthetic,True,1.0.0,1.0.0,2026-09-16T20:12:09.907988+00:00,42,schema_checked
738,3,70,0.04,0.085,5,1,1.21693002325,1.4953806921,0.745335619193,12210.4838017,3355.40779066,synthetic,True,1.0.0,1.0.0,2026-09-16T20:12:09.907988+00:00,42,schema_checked
739,3,70,0.055,0.04,-5,0,1.14116542362,1.88019402336,0.902165622318,13601.7825604,4061.43686097,synthetic,True,1.0.0,1.0.0,2026-09-16T20:12:09.907988+00:00,42,schema_checked
740,3,70,0.055,0.04,-5,1,1.14116542362,1.41014551752,0.739775810301,11485.6829432,3330.378226,synthetic,True,1.0.0,1.0.0,2026-09-16T20:12:09.907988+00:00,42,schema_checked
741,3,70,0.055,0.04,0,0,1.16713268183,1.9229779026,0.894665622318,13911.2915873,4027.67279847,synthetic,True,1.0.0,1.0.0,2026-09-16T20:12:09.907988+00:00,42,schema_checked
742,3,70,0.055,0.04,0,1,1.16713268183,1.44223342695,0.733625810301,11747.040051,3302.69169475,synthetic,True,1.0.0,1.0.0,2026-09-16T20:12:09.907988+00:00,42,schema_checked
743,3,70,0.055,0.04,5,0,1.14116542362,1.88019402336,0.902165622318,13601.7825604,4061.43686097,synthetic,True,1.0.0,1.0.0,2026-09-16T20:12:09.907988+00:00,42,schema_checked
744,3,70,0.055,0.04,5,1,1.14116542362,1.41014551752,0.739775810301,11485.6829432,3330.378226,synthetic,True,1.0.0,1.0.0,2026-09-16T20:12:09.907988+00:00,42,schema_checked
745,3,70,0.055,0.06,-5,0,1.16879502333,1.92163842292,0.904638224635,13912.7450709,4072.56820753,synthetic,True,1.0.0,1.0.0,2026-09-16T20:12:09.907988+00:00,42,schema_checked
746,3,70,0.055,0.06,-5,1,1.16879502333,1.44122881719,0.741803344201,11750.0010771,3339.50593017,synthetic,True,1.0.0,1.0.0,2026-09-16T20:12:09.907988+00:00,42,schema_checked
747,3,70,0.055,0.06,0,0,1.19539099402,1.96536537089,0.897138224635,14229.3300603,4038.80414503,synthetic,True,1.0.0,1.0.0,2026-09-16T20:12:09.907988+00:00,42,schema_checked
748,3,70,0.055,0.06,0,1,1.19539099402,1.47402402817,0.735653344201,12017.372753,3311.81939892,synthetic,True,1.0.0,1.0.0,2026-09-16T20:12:09.907988+00:00,42,schema_checked
749,3,70,0.055,0.06,5,0,1.16879502333,1.92163842292,0.904638224635,13912.7450709,4072.56820753,synthetic,True,1.0.0,1.0.0,2026-09-16T20:12:09.907988+00:00,42,schema_checked
750,3,70,0.055,0.06,5,1,1.16879502333,1.44122881719,0.741803344201,11750.0010771,3339.50593017,synthetic,True,1.0.0,1.0.0,2026-09-16T20:12:09.907988+00:00,42,schema_checked
751,3,70,0.055,0.085,-5,0,1.09816047782,1.81568660466,0.898317063897,13117.7753344,4044.11113203,synthetic,True,1.0.0,1.0.0,2026-09-16T20:12:09.907988+00:00,42,schema_checked
752,3,70,0.055,0.085,-5,1,1.09816047782,1.36176495349,0.736619992395,11074.2768011,3316.17112827,synthetic,True,1.0.0,1.0.0,2026-09-16T20:12:09.907988+00:00,42,schema_checked
753,3,70,0.055,0.085,0,0,1.12314915701,1.85700261538,0.890817063897,13416.2707603,4010.34706953,synthetic,True,1.0.0,1.0.0,2026-09-16T20:12:09.907988+00:00,42,schema_checked
754,3,70,0.055,0.085,0,1,1.12314915701,1.39275196153,0.730469992395,11326.272348,3288.48459702,synthetic,True,1.0.0,1.0.0,2026-09-16T20:12:09.907988+00:00,42,schema_checked
755,3,70,0.055,0.085,5,0,1.09816047782,1.81568660466,0.898317063897,13117.7753344,4044.11113203,synthetic,True,1.0.0,1.0.0,2026-09-16T20:12:09.907988+00:00,42,schema_checked
756,3,70,0.055,0.085,5,1,1.09816047782,1.36176495349,0.736619992395,11074.2768011,3316.17112827,synthetic,True,1.0.0,1.0.0,2026-09-16T20:12:09.907988+00:00,42,schema_checked
757,3,90,0.025,0.04,-5,0,1.27506171223,2.08103845628,0.914148143851,24975.6779416,6802.97621802,synthetic,True,1.0.0,1.0.0,2026-09-16T20:12:09.907988+00:00,42,schema_checked
758,3,90,0.025,0.04,-5,1,1.27506171223,1.56077884221,0.749601477958,21103.9709261,5578.44049878,synthetic,True,1.0.0,1.0.0,2026-09-16T20:12:09.907988+00:00,42,schema_checked
759,3,90,0.025,0.04,0,0,1.30407578506,2.12839255745,0.906648143851,25544.0003464,6747.16215552,synthetic,True,1.0.0,1.0.0,2026-09-16T20:12:09.907988+00:00,42,schema_checked
760,3,90,0.025,0.04,0,1,1.30407578506,1.59629441809,0.743451477958,21584.1925055,5532.67296753,synthetic,True,1.0.0,1.0.0,2026-09-16T20:12:09.907988+00:00,42,schema_checked
761,3,90,0.025,0.04,5,0,1.27506171223,2.08103845628,0.914148143851,24975.6779416,6802.97621802,synthetic,True,1.0.0,1.0.0,2026-09-16T20:12:09.907988+00:00,42,schema_checked
762,3,90,0.025,0.04,5,1,1.27506171223,1.56077884221,0.749601477958,21103.9709261,5578.44049878,synthetic,True,1.0.0,1.0.0,2026-09-16T20:12:09.907988+00:00,42,schema_checked
763,3,90,0.025,0.06,-5,0,1.31567672587,2.14196097673,0.917782824696,25731.3075781,6830.02505854,synthetic,True,1.0.0,1.0.0,2026-09-16T20:12:09.907988+00:00,42,schema_checked
764,3,90,0.025,0.06,-5,1,1.31567672587,1.60647073255,0.752581916251,21746.2561171,5600.620548,synthetic,True,1.0.0,1.0.0,2026-09-16T20:12:09.907988+00:00,42,schema_checked
765,3,90,0.025,0.06,0,0,1.34561499472,2.19070137194,0.910282824696,26316.8243611,6774.21099604,synthetic,True,1.0.0,1.0.0,2026-09-16T20:12:09.907988+00:00,42,schema_checked
766,3,90,0.025,0.06,0,1,1.34561499472,1.64302602895,0.746431916251,22241.092918,5554.85301675,synthetic,True,1.0.0,1.0.0,2026-09-16T20:12:09.907988+00:00,42,schema_checked
767,3,90,0.025,0.06,5,0,1.31567672587,2.14196097673,0.917782824696,25731.3075781,6830.02505854,synthetic,True,1.0.0,1.0.0,2026-09-16T20:12:09.907988+00:00,42,schema_checked
768,3,90,0.025,0.06,5,1,1.31567672587,1.60647073255,0.752581916251,21746.2561171,5600.620548,synthetic,True,1.0.0,1.0.0,2026-09-16T20:12:09.907988+00:00,42,schema_checked
769,3,90,0.025,0.085,-5,0,1.21184521693,1.98621371332,0.90849083233,23799.5548015,6760.87521284,synthetic,True,1.0.0,1.0.0,2026-09-16T20:12:09.907988+00:00,42,schema_checked
770,3,90,0.025,0.085,-5,1,1.21184521693,1.48966028499,0.74496248251,20104.2662571,5543.91767453,synthetic,True,1.0.0,1.0.0,2026-09-16T20:12:09.907988+00:00,42,schema_checked
771,3,90,0.025,0.085,0,0,1.23942079624,2.03141007422,0.90099083233,24341.1144841,6705.06115034,synthetic,True,1.0.0,1.0.0,2026-09-16T20:12:09.907988+00:00,42,schema_checked
772,3,90,0.025,0.085,0,1,1.23942079624,1.52355755567,0.73881248251,20561.7395226,5498.15014328,synthetic,True,1.0.0,1.0.0,2026-09-16T20:12:09.907988+00:00,42,schema_checked
773,3,90,0.025,0.085,5,0,1.21184521693,1.98621371332,0.90849083233,23799.5548015,6760.87521284,synthetic,True,1.0.0,1.0.0,2026-09-16T20:12:09.907988+00:00,42,schema_checked
774,3,90,0.025,0.085,5,1,1.21184521693,1.48966028499,0.74496248251,20104.2662571,5543.91767453,synthetic,True,1.0.0,1.0.0,2026-09-16T20:12:09.907988+00:00,42,schema_checked
775,3,90,0.04,0.04,-5,0,1.28105052569,2.09002167646,0.914684089148,25087.0979444,6806.96465593,synthetic,True,1.0.0,1.0.0,2026-09-16T20:12:09.907988+00:00,42,schema_checked
776,3,90,0.04,0.04,-5,1,1.28105052569,1.56751625734,0.750040953101,21198.6779285,5581.71101786,synthetic,True,1.0.0,1.0.0,2026-09-16T20:12:09.907988+00:00,42,schema_checked
777,3,90,0.04,0.04,0,0,1.31020087417,2.13758019111,0.907184089148,25657.9557152,6751.15059343,synthetic,True,1.0.0,1.0.0,2026-09-16T20:12:09.907988+00:00,42,schema_checked
778,3,90,0.04,0.04,0,1,1.31020087417,1.60318514333,0.743890953101,21681.054569,5535.94348661,synthetic,True,1.0.0,1.0.0,2026-09-16T20:12:09.907988+00:00,42,schema_checked
779,3,90,0.04,0.04,5,0,1.28105052569,2.09002167646,0.914684089148,25087.0979444,6806.96465593,synthetic,True,1.0.0,1.0.0,2026-09-16T20:12:09.907988+00:00,42,schema_checked
780,3,90,0.04,0.04,5,1,1.28105052569,1.56751625734,0.750040953101,21198.6779285,5581.71101786,synthetic,True,1.0.0,1.0.0,2026-09-16T20:12:09.907988+00:00,42,schema_checked
781,3,90,0.04,0.06,-5,0,1.32224634124,2.15181539979,0.918370746576,25853.5332191,6834.40029967,synthetic,True,1.0.0,1.0.0,2026-09-16T20:12:09.907988+00:00,42,schema_checked
782,3,90,0.04,0.06,-5,1,1.32224634124,1.61386154985,0.753064012192,21850.147912,5604.20824573,synthetic,True,1.0.0,1.0.0,2026-09-16T20:12:09.907988+00:00,42,schema_checked
783,3,90,0.04,0.06,0,0,1.35233410191,2.20078003273,0.910870746576,26441.8312508,6778.58623717,synthetic,True,1.0.0,1.0.0,2026-09-16T20:12:09.907988+00:00,42,schema_checked
784,3,90,0.04,0.06,0,1,1.35233410191,1.65058502455,0.746914012192,22347.3487742,5558.44071448,synthetic,True,1.0.0,1.0.0,2026-09-16T20:12:09.907988+00:00,42,schema_checked
785,3,90,0.04,0.06,5,0,1.32224634124,2.15181539979,0.918370746576,25853.5332191,6834.40029967,synthetic,True,1.0.0,1.0.0,2026-09-16T20:12:09.907988+00:00,42,schema_checked
786,3,90,0.04,0.06,5,1,1.32224634124,1.61386154985,0.753064012192,21850.147912,5604.20824573,synthetic,True,1.0.0,1.0.0,2026-09-16T20:12:09.907988+00:00,42,schema_checked
787,3,90,0.04,0.085,-5,0,1.21693002325,1.9938409228,0.908945877065,23894.1560341,6764.26159888,synthetic,True,1.0.0,1.0.0,2026-09-16T20:12:09.907988+00:00,42,schema_checked
788,3,90,0.04,0.085,-5,1,1.21693002325,1.4953806921,0.745335619193,20184.6773048,5546.69451109,synthetic,True,1.0.0,1.0.0,2026-09-16T20:12:09.907988+00:00,42,schema_checked
789,3,90,0.04,0.085,0,0,1.2446213075,2.03921084112,0.901445877065,24437.868371,6708.44753638,synthetic,True,1.0.0,1.0.0,2026-09-16T20:12:09.907988+00:00,42,schema_checked
790,3,90,0.04,0.085,0,1,1.2446213075,1.52940813084,0.739185619193,20643.9803265,5500.92697984,synthetic,True,1.0.0,1.0.0,2026-09-16T20:12:09.907988+00:00,42,schema_checked
791,3,90,0.04,0.085,5,0,1.21693002325,1.9938409228,0.908945877065,23894.1560341,6764.26159888,synthetic,True,1.0.0,1.0.0,2026-09-16T20:12:09.907988+00:00,42,schema_checked
792,3,90,0.04,0.085,5,1,1.21693002325,1.4953806921,0.745335619193,20184.6773048,5546.69451109,synthetic,True,1.0.0,1.0.0,2026-09-16T20:12:09.907988+00:00,42,schema_checked
793,3,90,0.055,0.04,-5,0,1.14116542362,1.88019402336,0.902165622318,22484.5793346,6713.80379059,synthetic,True,1.0.0,1.0.0,2026-09-16T20:12:09.907988+00:00,42,schema_checked
794,3,90,0.055,0.04,-5,1,1.14116542362,1.41014551752,0.739775810301,18986.5371101,5505.31910828,synthetic,True,1.0.0,1.0.0,2026-09-16T20:12:09.907988+00:00,42,schema_checked
795,3,90,0.055,0.04,0,0,1.16713268183,1.9229779026,0.894665622318,22996.2167055,6657.98972809,synthetic,True,1.0.0,1.0.0,2026-09-16T20:12:09.907988+00:00,42,schema_checked
796,3,90,0.055,0.04,0,1,1.16713268183,1.44223342695,0.733625810301,19418.5764108,5459.55157703,synthetic,True,1.0.0,1.0.0,2026-09-16T20:12:09.907988+00:00,42,schema_checked
797,3,90,0.055,0.04,5,0,1.14116542362,1.88019402336,0.902165622318,22484.5793346,6713.80379059,synthetic,True,1.0.0,1.0.0,2026-09-16T20:12:09.907988+00:00,42,schema_checked
798,3,90,0.055,0.04,5,1,1.14116542362,1.41014551752,0.739775810301,18986.5371101,5505.31910828,synthetic,True,1.0.0,1.0.0,2026-09-16T20:12:09.907988+00:00,42,schema_checked
799,3,90,0.055,0.06,-5,0,1.16879502333,1.92163842292,0.904638224635,22998.6194029,6732.20458796,synthetic,True,1.0.0,1.0.0,2026-09-16T20:12:09.907988+00:00,42,schema_checked
800,3,90,0.055,0.06,-5,1,1.16879502333,1.44122881719,0.741803344201,19423.4711682,5520.40776212,synthetic,True,1.0.0,1.0.0,2026-09-16T20:12:09.907988+00:00,42,schema_checked
801,3,90,0.055,0.06,0,0,1.19539099402,1.96536537089,0.897138224635,23521.9537731,6676.39052546,synthetic,True,1.0.0,1.0.0,2026-09-16T20:12:09.907988+00:00,42,schema_checked
802,3,90,0.055,0.06,0,1,1.19539099402,1.47402402817,0.735653344201,19865.4529182,5474.64023087,synthetic,True,1.0.0,1.0.0,2026-09-16T20:12:09.907988+00:00,42,schema_checked
803,3,90,0.055,0.06,5,0,1.16879502333,1.92163842292,0.904638224635,22998.6194029,6732.20458796,synthetic,True,1.0.0,1.0.0,2026-09-16T20:12:09.907988+00:00,42,schema_checked
804,3,90,0.055,0.06,5,1,1.16879502333,1.44122881719,0.741803344201,19423.4711682,5520.40776212,synthetic,True,1.0.0,1.0.0,2026-09-16T20:12:09.907988+00:00,42,schema_checked
805,3,90,0.055,0.085,-5,0,1.09816047782,1.81568660466,0.898317063897,21684.4857569,6685.16329989,synthetic,True,1.0.0,1.0.0,2026-09-16T20:12:09.907988+00:00,42,schema_checked
806,3,90,0.055,0.085,-5,1,1.09816047782,1.36176495349,0.736619992395,18306.4575691,5481.83390591,synthetic,True,1.0.0,1.0.0,2026-09-16T20:12:09.907988+00:00,42,schema_checked
807,3,90,0.055,0.085,0,0,1.12314915701,1.85700261538,0.890817063897,22177.9169711,6629.34923739,synthetic,True,1.0.0,1.0.0,2026-09-16T20:12:09.907988+00:00,42,schema_checked
808,3,90,0.055,0.085,0,1,1.12314915701,1.39275196153,0.730469992395,18723.0216366,5436.06637466,synthetic,True,1.0.0,1.0.0,2026-09-16T20:12:09.907988+00:00,42,schema_checked
809,3,90,0.055,0.085,5,0,1.09816047782,1.81568660466,0.898317063897,21684.4857569,6685.16329989,synthetic,True,1.0.0,1.0.0,2026-09-16T20:12:09.907988+00:00,42,schema_checked
810,3,90,0.055,0.085,5,1,1.09816047782,1.36176495349,0.736619992395,18306.4575691,5481.83390591,synthetic,True,1.0.0,1.0.0,2026-09-16T20:12:09.907988+00:00,42,schema_checked
811,4,0,0.025,0.04,-5,0,1.28501608557,1.82631738182,0.68279230308,0,0,synthetic,True,1.0.0,1.0.0,2026-09-16T20:12:09.907988+00:00,42,schema_checked
812,4,0,0.025,0.04,-5,1,1.28501608557,1.36973803636,0.559889688525,0,0,synthetic,True,1.0.0,1.0.0,2026-09-16T20:12:09.907988+00:00,42,schema_checked
813,4,0,0.025,0.04,0,0,1.31425667049,1.86787529623,0.67529230308,0,0,synthetic,True,1.0.0,1.0.0,2026-09-16T20:12:09.907988+00:00,42,schema_checked
814,4,0,0.025,0.04,0,1,1.31425667049,1.40090647218,0.553739688525,0,0,synthetic,True,1.0.0,1.0.0,2026-09-16T20:12:09.907988+00:00,42,schema_checked
815,4,0,0.025,0.04,5,0,1.28501608557,1.82631738182,0.68279230308,0,0,synthetic,True,1.0.0,1.0.0,2026-09-16T20:12:09.907988+00:00,42,schema_checked
816,4,0,0.025,0.04,5,1,1.28501608557,1.36973803636,0.559889688525,0,0,synthetic,True,1.0.0,1.0.0,2026-09-16T20:12:09.907988+00:00,42,schema_checked
817,4,0,0.025,0.06,-5,0,1.3256310992,1.88723990227,0.686426983925,0,0,synthetic,True,1.0.0,1.0.0,2026-09-16T20:12:09.907988+00:00,42,schema_checked
818,4,0,0.025,0.06,-5,1,1.3256310992,1.4154299267,0.562870126818,0,0,synthetic,True,1.0.0,1.0.0,2026-09-16T20:12:09.907988+00:00,42,schema_checked
819,4,0,0.025,0.06,0,0,1.35579588015,1.93018411072,0.678926983925,0,0,synthetic,True,1.0.0,1.0.0,2026-09-16T20:12:09.907988+00:00,42,schema_checked
820,4,0,0.025,0.06,0,1,1.35579588015,1.44763808304,0.556720126818,0,0,synthetic,True,1.0.0,1.0.0,2026-09-16T20:12:09.907988+00:00,42,schema_checked
821,4,0,0.025,0.06,5,0,1.3256310992,1.88723990227,0.686426983925,0,0,synthetic,True,1.0.0,1.0.0,2026-09-16T20:12:09.907988+00:00,42,schema_checked
822,4,0,0.025,0.06,5,1,1.3256310992,1.4154299267,0.562870126818,0,0,synthetic,True,1.0.0,1.0.0,2026-09-16T20:12:09.907988+00:00,42,schema_checked
823,4,0,0.025,0.085,-5,0,1.22179959026,1.73149263885,0.677134991558,0,0,synthetic,True,1.0.0,1.0.0,2026-09-16T20:12:09.907988+00:00,42,schema_checked
824,4,0,0.025,0.085,-5,1,1.22179959026,1.29861947914,0.555250693077,0,0,synthetic,True,1.0.0,1.0.0,2026-09-16T20:12:09.907988+00:00,42,schema_checked
825,4,0,0.025,0.085,0,0,1.24960168168,1.77089281301,0.669634991558,0,0,synthetic,True,1.0.0,1.0.0,2026-09-16T20:12:09.907988+00:00,42,schema_checked
826,4,0,0.025,0.085,0,1,1.24960168168,1.32816960975,0.549100693077,0,0,synthetic,True,1.0.0,1.0.0,2026-09-16T20:12:09.907988+00:00,42,schema_checked
827,4,0,0.025,0.085,5,0,1.22179959026,1.73149263885,0.677134991558,0,0,synthetic,True,1.0.0,1.0.0,2026-09-16T20:12:09.907988+00:00,42,schema_checked
828,4,0,0.025,0.085,5,1,1.22179959026,1.29861947914,0.555250693077,0,0,synthetic,True,1.0.0,1.0.0,2026-09-16T20:12:09.907988+00:00,42,schema_checked
829,4,0,0.04,0.04,-5,0,1.29100489902,1.835300602,0.683328248376,0,0,synthetic,True,1.0.0,1.0.0,2026-09-16T20:12:09.907988+00:00,42,schema_checked
830,4,0,0.04,0.04,-5,1,1.29100489902,1.3764754515,0.560329163669,0,0,synthetic,True,1.0.0,1.0.0,2026-09-16T20:12:09.907988+00:00,42,schema_checked
831,4,0,0.04,0.04,0,0,1.3203817596,1.8770629299,0.675828248376,0,0,synthetic,True,1.0.0,1.0.0,2026-09-16T20:12:09.907988+00:00,42,schema_checked
832,4,0,0.04,0.04,0,1,1.3203817596,1.40779719742,0.554179163669,0,0,synthetic,True,1.0.0,1.0.0,2026-09-16T20:12:09.907988+00:00,42,schema_checked
833,4,0,0.04,0.04,5,0,1.29100489902,1.835300602,0.683328248376,0,0,synthetic,True,1.0.0,1.0.0,2026-09-16T20:12:09.907988+00:00,42,schema_checked
834,4,0,0.04,0.04,5,1,1.29100489902,1.3764754515,0.560329163669,0,0,synthetic,True,1.0.0,1.0.0,2026-09-16T20:12:09.907988+00:00,42,schema_checked
835,4,0,0.04,0.06,-5,0,1.33220071458,1.89709432533,0.687014905804,0,0,synthetic,True,1.0.0,1.0.0,2026-09-16T20:12:09.907988+00:00,42,schema_checked
836,4,0,0.04,0.06,-5,1,1.33220071458,1.422820744,0.56335222276,0,0,synthetic,True,1.0.0,1.0.0,2026-09-16T20:12:09.907988+00:00,42,schema_checked
837,4,0,0.04,0.06,0,0,1.36251498735,1.94026277152,0.679514905804,0,0,synthetic,True,1.0.0,1.0.0,2026-09-16T20:12:09.907988+00:00,42,schema_checked
838,4,0,0.04,0.06,0,1,1.36251498735,1.45519707864,0.55720222276,0,0,synthetic,True,1.0.0,1.0.0,2026-09-16T20:12:09.907988+00:00,42,schema_checked
839,4,0,0.04,0.06,5,0,1.33220071458,1.89709432533,0.687014905804,0,0,synthetic,True,1.0.0,1.0.0,2026-09-16T20:12:09.907988+00:00,42,schema_checked
840,4,0,0.04,0.06,5,1,1.33220071458,1.422820744,0.56335222276,0,0,synthetic,True,1.0.0,1.0.0,2026-09-16T20:12:09.907988+00:00,42,schema_checked
841,4,0,0.04,0.085,-5,0,1.22688439658,1.73911984834,0.677590036294,0,0,synthetic,True,1.0.0,1.0.0,2026-09-16T20:12:09.907988+00:00,42,schema_checked
842,4,0,0.04,0.085,-5,1,1.22688439658,1.30433988625,0.555623829761,0,0,synthetic,True,1.0.0,1.0.0,2026-09-16T20:12:09.907988+00:00,42,schema_checked
843,4,0,0.04,0.085,0,0,1.25480219294,1.7786935799,0.670090036294,0,0,synthetic,True,1.0.0,1.0.0,2026-09-16T20:12:09.907988+00:00,42,schema_checked
844,4,0,0.04,0.085,0,1,1.25480219294,1.33402018493,0.549473829761,0,0,synthetic,True,1.0.0,1.0.0,2026-09-16T20:12:09.907988+00:00,42,schema_checked
845,4,0,0.04,0.085,5,0,1.22688439658,1.73911984834,0.677590036294,0,0,synthetic,True,1.0.0,1.0.0,2026-09-16T20:12:09.907988+00:00,42,schema_checked
846,4,0,0.04,0.085,5,1,1.22688439658,1.30433988625,0.555623829761,0,0,synthetic,True,1.0.0,1.0.0,2026-09-16T20:12:09.907988+00:00,42,schema_checked
847,4,0,0.055,0.04,-5,0,1.15111979696,1.6254729489,0.670809781547,0,0,synthetic,True,1.0.0,1.0.0,2026-09-16T20:12:09.907988+00:00,42,schema_checked
848,4,0,0.055,0.04,-5,1,1.15111979696,1.21910471168,0.550064020868,0,0,synthetic,True,1.0.0,1.0.0,2026-09-16T20:12:09.907988+00:00,42,schema_checked
849,4,0,0.055,0.04,0,0,1.17731356726,1.66246064139,0.663309781547,0,0,synthetic,True,1.0.0,1.0.0,2026-09-16T20:12:09.907988+00:00,42,schema_checked
850,4,0,0.055,0.04,0,1,1.17731356726,1.24684548104,0.543914020868,0,0,synthetic,True,1.0.0,1.0.0,2026-09-16T20:12:09.907988+00:00,42,schema_checked
851,4,0,0.055,0.04,5,0,1.15111979696,1.6254729489,0.670809781547,0,0,synthetic,True,1.0.0,1.0.0,2026-09-16T20:12:09.907988+00:00,42,schema_checked
852,4,0,0.055,0.04,5,1,1.15111979696,1.21910471168,0.550064020868,0,0,synthetic,True,1.0.0,1.0.0,2026-09-16T20:12:09.907988+00:00,42,schema_checked
853,4,0,0.055,0.06,-5,0,1.17874939666,1.66691734846,0.673282383864,0,0,synthetic,True,1.0.0,1.0.0,2026-09-16T20:12:09.907988+00:00,42,schema_checked
854,4,0,0.055,0.06,-5,1,1.17874939666,1.25018801135,0.552091554768,0,0,synthetic,True,1.0.0,1.0.0,2026-09-16T20:12:09.907988+00:00,42,schema_checked
855,4,0,0.055,0.06,0,0,1.20557187945,1.70484810967,0.665782383864,0,0,synthetic,True,1.0.0,1.0.0,2026-09-16T20:12:09.907988+00:00,42,schema_checked
856,4,0,0.055,0.06,0,1,1.20557187945,1.27863608226,0.545941554768,0,0,synthetic,True,1.0.0,1.0.0,2026-09-16T20:12:09.907988+00:00,42,schema_checked
857,4,0,0.055,0.06,5,0,1.17874939666,1.66691734846,0.673282383864,0,0,synthetic,True,1.0.0,1.0.0,2026-09-16T20:12:09.907988+00:00,42,schema_checked
858,4,0,0.055,0.06,5,1,1.17874939666,1.25018801135,0.552091554768,0,0,synthetic,True,1.0.0,1.0.0,2026-09-16T20:12:09.907988+00:00,42,schema_checked
859,4,0,0.055,0.085,-5,0,1.10811485115,1.56096553019,0.666961223125,0,0,synthetic,True,1.0.0,1.0.0,2026-09-16T20:12:09.907988+00:00,42,schema_checked
860,4,0,0.055,0.085,-5,1,1.10811485115,1.17072414764,0.546908202963,0,0,synthetic,True,1.0.0,1.0.0,2026-09-16T20:12:09.907988+00:00,42,schema_checked
861,4,0,0.055,0.085,0,0,1.13333004245,1.59648535416,0.659461223125,0,0,synthetic,True,1.0.0,1.0.0,2026-09-16T20:12:09.907988+00:00,42,schema_checked
862,4,0,0.055,0.085,0,1,1.13333004245,1.19736401562,0.540758202963,0,0,synthetic,True,1.0.0,1.0.0,2026-09-16T20:12:09.907988+00:00,42,schema_checked
863,4,0,0.055,0.085,5,0,1.10811485115,1.56096553019,0.666961223125,0,0,synthetic,True,1.0.0,1.0.0,2026-09-16T20:12:09.907988+00:00,42,schema_checked
864,4,0,0.055,0.085,5,1,1.10811485115,1.17072414764,0.546908202963,0,0,synthetic,True,1.0.0,1.0.0,2026-09-16T20:12:09.907988+00:00,42,schema_checked
865,4,30,0.025,0.04,-5,0,1.28501608557,1.82631738182,0.68279230308,2572.68386084,564.583885609,synthetic,True,1.0.0,1.0.0,2026-09-16T20:12:09.907988+00:00,42,schema_checked
866,4,30,0.025,0.04,-5,1,1.28501608557,1.36973803636,0.559889688525,2195.14981457,462.958786199,synthetic,True,1.0.0,1.0.0,2026-09-16T20:12:09.907988+00:00,42,schema_checked
867,4,30,0.025,0.04,0,0,1.31425667049,1.86787529623,0.67529230308,2631.22536999,558.382323109,synthetic,True,1.0.0,1.0.0,2026-09-16T20:12:09.907988+00:00,42,schema_checked
868,4,30,0.025,0.04,0,1,1.31425667049,1.40090647218,0.553739688525,2245.1005236,457.873504949,synthetic,True,1.0.0,1.0.0,2026-09-16T20:12:09.907988+00:00,42,schema_checked
869,4,30,0.025,0.04,5,0,1.28501608557,1.82631738182,0.68279230308,2572.68386084,564.583885609,synthetic,True,1.0.0,1.0.0,2026-09-16T20:12:09.907988+00:00,42,schema_checked
870,4,30,0.025,0.04,5,1,1.28501608557,1.36973803636,0.559889688525,2195.14981457,462.958786199,synthetic,True,1.0.0,1.0.0,2026-09-16T20:12:09.907988+00:00,42,schema_checked
871,4,30,0.025,0.06,-5,0,1.3256310992,1.88723990227,0.686426983925,2656.64270934,567.589312333,synthetic,True,1.0.0,1.0.0,2026-09-16T20:12:09.907988+00:00,42,schema_checked
872,4,30,0.025,0.06,-5,1,1.3256310992,1.4154299267,0.562870126818,2266.51483579,465.423236113,synthetic,True,1.0.0,1.0.0,2026-09-16T20:12:09.907988+00:00,42,schema_checked
873,4,30,0.025,0.06,0,0,1.35579588015,1.93018411072,0.678926983925,2717.09470495,561.387749833,synthetic,True,1.0.0,1.0.0,2026-09-16T20:12:09.907988+00:00,42,schema_checked
874,4,30,0.025,0.06,0,1,1.35579588015,1.44763808304,0.556720126818,2318.08945832,460.337954863,synthetic,True,1.0.0,1.0.0,2026-09-16T20:12:09.907988+00:00,42,schema_checked
875,4,30,0.025,0.06,5,0,1.3256310992,1.88723990227,0.686426983925,2656.64270934,567.589312333,synthetic,True,1.0.0,1.0.0,2026-09-16T20:12:09.907988+00:00,42,schema_checked
876,4,30,0.025,0.06,5,1,1.3256310992,1.4154299267,0.562870126818,2266.51483579,465.423236113,synthetic,True,1.0.0,1.0.0,2026-09-16T20:12:09.907988+00:00,42,schema_checked
877,4,30,0.025,0.085,-5,0,1.22179959026,1.73149263885,0.677134991558,2442.00351195,559.905996144,synthetic,True,1.0.0,1.0.0,2026-09-16T20:12:09.907988+00:00,42,schema_checked
878,4,30,0.025,0.085,-5,1,1.22179959026,1.29861947914,0.555250693077,2084.07151801,459.122916838,synthetic,True,1.0.0,1.0.0,2026-09-16T20:12:09.907988+00:00,42,schema_checked
879,4,30,0.025,0.085,0,0,1.24960168168,1.77089281301,0.669634991558,2497.57138529,553.704433644,synthetic,True,1.0.0,1.0.0,2026-09-16T20:12:09.907988+00:00,42,schema_checked
880,4,30,0.025,0.085,0,1,1.24960168168,1.32816960975,0.549100693077,2131.4946366,454.037635588,synthetic,True,1.0.0,1.0.0,2026-09-16T20:12:09.907988+00:00,42,schema_checked
881,4,30,0.025,0.085,5,0,1.22179959026,1.73149263885,0.677134991558,2442.00351195,559.905996144,synthetic,True,1.0.0,1.0.0,2026-09-16T20:12:09.907988+00:00,42,schema_checked
882,4,30,0.025,0.085,5,1,1.22179959026,1.29861947914,0.555250693077,2084.07151801,459.122916838,synthetic,True,1.0.0,1.0.0,2026-09-16T20:12:09.907988+00:00,42,schema_checked
883,4,30,0.04,0.04,-5,0,1.29100489902,1.835300602,0.683328248376,2585.06386115,565.027045376,synthetic,True,1.0.0,1.0.0,2026-09-16T20:12:09.907988+00:00,42,schema_checked
884,4,30,0.04,0.04,-5,1,1.29100489902,1.3764754515,0.560329163669,2205.67281483,463.322177209,synthetic,True,1.0.0,1.0.0,2026-09-16T20:12:09.907988+00:00,42,schema_checked
885,4,30,0.04,0.04,0,0,1.3203817596,1.8770629299,0.675828248376,2643.88707763,558.825482876,synthetic,True,1.0.0,1.0.0,2026-09-16T20:12:09.907988+00:00,42,schema_checked
886,4,30,0.04,0.04,0,1,1.3203817596,1.40779719742,0.554179163669,2255.86297509,458.236895959,synthetic,True,1.0.0,1.0.0,2026-09-16T20:12:09.907988+00:00,42,schema_checked
887,4,30,0.04,0.04,5,0,1.29100489902,1.835300602,0.683328248376,2585.06386115,565.027045376,synthetic,True,1.0.0,1.0.0,2026-09-16T20:12:09.907988+00:00,42,schema_checked
888,4,30,0.04,0.04,5,1,1.29100489902,1.3764754515,0.560329163669,2205.67281483,463.322177209,synthetic,True,1.0.0,1.0.0,2026-09-16T20:12:09.907988+00:00,42,schema_checked
889,4,30,0.04,0.06,-5,0,1.33220071458,1.89709432533,0.687014905804,2670.22333612,568.075450237,synthetic,True,1.0.0,1.0.0,2026-09-16T20:12:09.907988+00:00,42,schema_checked
890,4,30,0.04,0.06,-5,1,1.33220071458,1.422820744,0.56335222276,2278.05836856,465.821869194,synthetic,True,1.0.0,1.0.0,2026-09-16T20:12:09.907988+00:00,42,schema_checked
891,4,30,0.04,0.06,0,0,1.36251498735,1.94026277152,0.679514905804,2730.98435936,561.873887737,synthetic,True,1.0.0,1.0.0,2026-09-16T20:12:09.907988+00:00,42,schema_checked
892,4,30,0.04,0.06,0,1,1.36251498735,1.45519707864,0.55720222276,2329.89566456,460.736587944,synthetic,True,1.0.0,1.0.0,2026-09-16T20:12:09.907988+00:00,42,schema_checked
893,4,30,0.04,0.06,5,0,1.33220071458,1.89709432533,0.687014905804,2670.22333612,568.075450237,synthetic,True,1.0.0,1.0.0,2026-09-16T20:12:09.907988+00:00,42,schema_checked
894,4,30,0.04,0.06,5,1,1.33220071458,1.422820744,0.56335222276,2278.05836856,465.821869194,synthetic,True,1.0.0,1.0.0,2026-09-16T20:12:09.907988+00:00,42,schema_checked
895,4,30,0.04,0.085,-5,0,1.22688439658,1.73911984834,0.677590036294,2452.51476002,560.28226126,synthetic,True,1.0.0,1.0.0,2026-09-16T20:12:09.907988+00:00,42,schema_checked
896,4,30,0.04,0.085,-5,1,1.22688439658,1.30433988625,0.555623829761,2093.00607887,459.431454233,synthetic,True,1.0.0,1.0.0,2026-09-16T20:12:09.907988+00:00,42,schema_checked
897,4,30,0.04,0.085,0,0,1.25480219294,1.7786935799,0.670090036294,2508.32181717,554.08069876,synthetic,True,1.0.0,1.0.0,2026-09-16T20:12:09.907988+00:00,42,schema_checked
898,4,30,0.04,0.085,0,1,1.25480219294,1.33402018493,0.549473829761,2140.6325037,454.346172983,synthetic,True,1.0.0,1.0.0,2026-09-16T20:12:09.907988+00:00,42,schema_checked
899,4,30,0.04,0.085,5,0,1.22688439658,1.73911984834,0.677590036294,2452.51476002,560.28226126,synthetic,True,1.0.0,1.0.0,2026-09-16T20:12:09.907988+00:00,42,schema_checked
900,4,30,0.04,0.085,5,1,1.22688439658,1.30433988625,0.555623829761,2093.00607887,459.431454233,synthetic,True,1.0.0,1.0.0,2026-09-16T20:12:09.907988+00:00,42,schema_checked
901,4,30,0.055,0.04,-5,0,1.15111979696,1.6254729489,0.670809781547,2295.89512673,554.675838116,synthetic,True,1.0.0,1.0.0,2026-09-16T20:12:09.907988+00:00,42,schema_checked
902,4,30,0.055,0.04,-5,1,1.15111979696,1.21910471168,0.550064020868,1959.87939057,454.834187255,synthetic,True,1.0.0,1.0.0,2026-09-16T20:12:09.907988+00:00,42,schema_checked
903,4,30,0.055,0.04,0,0,1.17731356726,1.66246064139,0.663309781547,2348.13829878,548.474275616,synthetic,True,1.0.0,1.0.0,2026-09-16T20:12:09.907988+00:00,42,schema_checked
904,4,30,0.055,0.04,0,1,1.17731356726,1.24684548104,0.543914020868,2004.47651306,449.748906005,synthetic,True,1.0.0,1.0.0,2026-09-16T20:12:09.907988+00:00,42,schema_checked
905,4,30,0.055,0.04,5,0,1.15111979696,1.6254729489,0.670809781547,2295.89512673,554.675838116,synthetic,True,1.0.0,1.0.0,2026-09-16T20:12:09.907988+00:00,42,schema_checked
906,4,30,0.055,0.04,5,1,1.15111979696,1.21910471168,0.550064020868,1959.87939057,454.834187255,synthetic,True,1.0.0,1.0.0,2026-09-16T20:12:09.907988+00:00,42,schema_checked
907,4,30,0.055,0.06,-5,0,1.17874939666,1.66691734846,0.673282383864,2353.01068987,556.720371157,synthetic,True,1.0.0,1.0.0,2026-09-16T20:12:09.907988+00:00,42,schema_checked
908,4,30,0.055,0.06,-5,1,1.17874939666,1.25018801135,0.552091554768,2008.42761925,456.510704349,synthetic,True,1.0.0,1.0.0,2026-09-16T20:12:09.907988+00:00,42,schema_checked
909,4,30,0.055,0.06,0,0,1.20557187945,1.70484810967,0.665782383864,2406.55352851,550.518808657,synthetic,True,1.0.0,1.0.0,2026-09-16T20:12:09.907988+00:00,42,schema_checked
910,4,30,0.055,0.06,0,1,1.20557187945,1.27863608226,0.545941554768,2054.12945834,451.425423099,synthetic,True,1.0.0,1.0.0,2026-09-16T20:12:09.907988+00:00,42,schema_checked
911,4,30,0.055,0.06,5,0,1.17874939666,1.66691734846,0.673282383864,2353.01068987,556.720371157,synthetic,True,1.0.0,1.0.0,2026-09-16T20:12:09.907988+00:00,42,schema_checked
912,4,30,0.055,0.06,5,1,1.17874939666,1.25018801135,0.552091554768,2008.42761925,456.510704349,synthetic,True,1.0.0,1.0.0,2026-09-16T20:12:09.907988+00:00,42,schema_checked
913,4,30,0.055,0.085,-5,0,1.10811485115,1.56096553019,0.666961223125,2206.99584032,551.493561372,synthetic,True,1.0.0,1.0.0,2026-09-16T20:12:09.907988+00:00,42,schema_checked
914,4,30,0.055,0.085,-5,1,1.10811485115,1.17072414764,0.546908202963,1884.31499713,452.224720325,synthetic,True,1.0.0,1.0.0,2026-09-16T20:12:09.907988+00:00,42,schema_checked
915,4,30,0.055,0.085,0,0,1.13333004245,1.59648535416,0.659461223125,2257.21610607,545.291998872,synthetic,True,1.0.0,1.0.0,2026-09-16T20:12:09.907988+00:00,42,schema_checked
916,4,30,0.055,0.085,0,1,1.13333004245,1.19736401562,0.540758202963,1927.19264926,447.139439075,synthetic,True,1.0.0,1.0.0,2026-09-16T20:12:09.907988+00:00,42,schema_checked
917,4,30,0.055,0.085,5,0,1.10811485115,1.56096553019,0.666961223125,2206.99584032,551.493561372,synthetic,True,1.0.0,1.0.0,2026-09-16T20:12:09.907988+00:00,42,schema_checked
918,4,30,0.055,0.085,5,1,1.10811485115,1.17072414764,0.546908202963,1884.31499713,452.224720325,synthetic,True,1.0.0,1.0.0,2026-09-16T20:12:09.907988+00:00,42,schema_checked
919,4,50,0.025,0.04,-5,0,1.28501608557,1.82631738182,0.68279230308,7146.34405789,1568.28857114,synthetic,True,1.0.0,1.0.0,2026-09-16T20:12:09.907988+00:00,42,schema_checked
920,4,50,0.025,0.04,-5,1,1.28501608557,1.36973803636,0.559889688525,6097.6383738,1285.99662833,synthetic,True,1.0.0,1.0.0,2026-09-16T20:12:09.907988+00:00,42,schema_checked
921,4,50,0.025,0.04,0,0,1.31425667049,1.86787529623,0.67529230308,7308.95936108,1551.06200864,synthetic,True,1.0.0,1.0.0,2026-09-16T20:12:09.907988+00:00,42,schema_checked
922,4,50,0.025,0.04,0,1,1.31425667049,1.40090647218,0.553739688525,6236.39034332,1271.87084708,synthetic,True,1.0.0,1.0.0,2026-09-16T20:12:09.907988+00:00,42,schema_checked
923,4,50,0.025,0.04,5,0,1.28501608557,1.82631738182,0.68279230308,7146.34405789,1568.28857114,synthetic,True,1.0.0,1.0.0,2026-09-16T20:12:09.907988+00:00,42,schema_checked
924,4,50,0.025,0.04,5,1,1.28501608557,1.36973803636,0.559889688525,6097.6383738,1285.99662833,synthetic,True,1.0.0,1.0.0,2026-09-16T20:12:09.907988+00:00,42,schema_checked
925,4,50,0.025,0.06,-5,0,1.3256310992,1.88723990227,0.686426983925,7379.5630815,1576.6369787,synthetic,True,1.0.0,1.0.0,2026-09-16T20:12:09.907988+00:00,42,schema_checked
926,4,50,0.025,0.06,-5,1,1.3256310992,1.4154299267,0.562870126818,6295.87454387,1292.84232254,synthetic,True,1.0.0,1.0.0,2026-09-16T20:12:09.907988+00:00,42,schema_checked
927,4,50,0.025,0.06,0,0,1.35579588015,1.93018411072,0.678926983925,7547.48529154,1559.4104162,synthetic,True,1.0.0,1.0.0,2026-09-16T20:12:09.907988+00:00,42,schema_checked
928,4,50,0.025,0.06,0,1,1.35579588015,1.44763808304,0.556720126818,6439.13738421,1278.71654129,synthetic,True,1.0.0,1.0.0,2026-09-16T20:12:09.907988+00:00,42,schema_checked
929,4,50,0.025,0.06,5,0,1.3256310992,1.88723990227,0.686426983925,7379.5630815,1576.6369787,synthetic,True,1.0.0,1.0.0,2026-09-16T20:12:09.907988+00:00,42,schema_checked
930,4,50,0.025,0.06,5,1,1.3256310992,1.4154299267,0.562870126818,6295.87454387,1292.84232254,synthetic,True,1.0.0,1.0.0,2026-09-16T20:12:09.907988+00:00,42,schema_checked
931,4,50,0.025,0.085,-5,0,1.22179959026,1.73149263885,0.677134991558,6783.34308874,1555.29443373,synthetic,True,1.0.0,1.0.0,2026-09-16T20:12:09.907988+00:00,42,schema_checked
932,4,50,0.025,0.085,-5,1,1.22179959026,1.29861947914,0.555250693077,5789.08755002,1275.34143566,synthetic,True,1.0.0,1.0.0,2026-09-16T20:12:09.907988+00:00,42,schema_checked
933,4,50,0.025,0.085,0,0,1.24960168168,1.77089281301,0.669634991558,6937.69829247,1538.06787123,synthetic,True,1.0.0,1.0.0,2026-09-16T20:12:09.907988+00:00,42,schema_checked
934,4,50,0.025,0.085,0,1,1.24960168168,1.32816960975,0.549100693077,5920.818435,1261.21565441,synthetic,True,1.0.0,1.0.0,2026-09-16T20:12:09.907988+00:00,42,schema_checked
935,4,50,0.025,0.085,5,0,1.22179959026,1.73149263885,0.677134991558,6783.34308874,1555.29443373,synthetic,True,1.0.0,1.0.0,2026-09-16T20:12:09.907988+00:00,42,schema_checked
936,4,50,0.025,0.085,5,1,1.22179959026,1.29861947914,0.555250693077,5789.08755002,1275.34143566,synthetic,True,1.0.0,1.0.0,2026-09-16T20:12:09.907988+00:00,42,schema_checked
937,4,50,0.04,0.04,-5,0,1.29100489902,1.835300602,0.683328248376,7180.73294764,1569.51957049,synthetic,True,1.0.0,1.0.0,2026-09-16T20:12:09.907988+00:00,42,schema_checked
938,4,50,0.04,0.04,-5,1,1.29100489902,1.3764754515,0.560329163669,6126.86893009,1287.0060478,synthetic,True,1.0.0,1.0.0,2026-09-16T20:12:09.907988+00:00,42,schema_checked
939,4,50,0.04,0.04,0,0,1.3203817596,1.8770629299,0.675828248376,7344.13077119,1552.29300799,synthetic,True,1.0.0,1.0.0,2026-09-16T20:12:09.907988+00:00,42,schema_checked
940,4,50,0.04,0.04,0,1,1.3203817596,1.40779719742,0.554179163669,6266.28604192,1272.88026655,synthetic,True,1.0.0,1.0.0,2026-09-16T20:12:09.907988+00:00,42,schema_checked
941,4,50,0.04,0.04,5,0,1.29100489902,1.835300602,0.683328248376,7180.73294764,1569.51957049,synthetic,True,1.0.0,1.0.0,2026-09-16T20:12:09.907988+00:00,42,schema_checked
942,4,50,0.04,0.04,5,1,1.29100489902,1.3764754515,0.560329163669,6126.86893009,1287.0060478,synthetic,True,1.0.0,1.0.0,2026-09-16T20:12:09.907988+00:00,42,schema_checked
943,4,50,0.04,0.06,-5,0,1.33220071458,1.89709432533,0.687014905804,7417.28704478,1577.98736177,synthetic,True,1.0.0,1.0.0,2026-09-16T20:12:09.907988+00:00,42,schema_checked
944,4,50,0.04,0.06,-5,1,1.33220071458,1.422820744,0.56335222276,6327.93991266,1293.94963665,synthetic,True,1.0.0,1.0.0,2026-09-16T20:12:09.907988+00:00,42,schema_checked
945,4,50,0.04,0.06,0,0,1.36251498735,1.94026277152,0.679514905804,7586.06766489,1560.76079927,synthetic,True,1.0.0,1.0.0,2026-09-16T20:12:09.907988+00:00,42,schema_checked
946,4,50,0.04,0.06,0,1,1.36251498735,1.45519707864,0.55720222276,6471.93240156,1279.8238554,synthetic,True,1.0.0,1.0.0,2026-09-16T20:12:09.907988+00:00,42,schema_checked
947,4,50,0.04,0.06,5,0,1.33220071458,1.89709432533,0.687014905804,7417.28704478,1577.98736177,synthetic,True,1.0.0,1.0.0,2026-09-16T20:12:09.907988+00:00,42,schema_checked
948,4,50,0.04,0.06,5,1,1.33220071458,1.422820744,0.56335222276,6327.93991266,1293.94963665,synthetic,True,1.0.0,1.0.0,2026-09-16T20:12:09.907988+00:00,42,schema_checked
949,4,50,0.04,0.085,-5,0,1.22688439658,1.73911984834,0.677590036294,6812.54100005,1556.33961461,synthetic,True,1.0.0,1.0.0,2026-09-16T20:12:09.907988+00:00,42,schema_checked
950,4,50,0.04,0.085,-5,1,1.22688439658,1.30433988625,0.555623829761,5813.90577463,1276.19848398,synthetic,True,1.0.0,1.0.0,2026-09-16T20:12:09.907988+00:00,42,schema_checked
951,4,50,0.04,0.085,0,0,1.25480219294,1.7786935799,0.670090036294,6967.56060325,1539.11305211,synthetic,True,1.0.0,1.0.0,2026-09-16T20:12:09.907988+00:00,42,schema_checked
952,4,50,0.04,0.085,0,1,1.25480219294,1.33402018493,0.549473829761,5946.20139917,1262.07270273,synthetic,True,1.0.0,1.0.0,2026-09-16T20:12:09.907988+00:00,42,schema_checked
953,4,50,0.04,0.085,5,0,1.22688439658,1.73911984834,0.677590036294,6812.54100005,1556.33961461,synthetic,True,1.0.0,1.0.0,2026-09-16T20:12:09.907988+00:00,42,schema_checked
954,4,50,0.04,0.085,5,1,1.22688439658,1.30433988625,0.555623829761,5813.90577463,1276.19848398,synthetic,True,1.0.0,1.0.0,2026-09-16T20:12:09.907988+00:00,42,schema_checked
955,4,50,0.055,0.04,-5,0,1.15111979696,1.6254729489,0.670809781547,6377.48646314,1540.76621699,synthetic,True,1.0.0,1.0.0,2026-09-16T20:12:09.907988+00:00,42,schema_checked
956,4,50,0.055,0.04,-5,1,1.15111979696,1.21910471168,0.550064020868,5444.10941826,1263.42829793,synthetic,True,1.0.0,1.0.0,2026-09-16T20:12:09.907988+00:00,42,schema_checked
957,4,50,0.055,0.04,0,0,1.17731356726,1.66246064139,0.663309781547,6522.60638549,1523.53965449,synthetic,True,1.0.0,1.0.0,2026-09-16T20:12:09.907988+00:00,42,schema_checked
958,4,50,0.055,0.04,0,1,1.17731356726,1.24684548104,0.543914020868,5567.99031407,1249.30251668,synthetic,True,1.0.0,1.0.0,2026-09-16T20:12:09.907988+00:00,42,schema_checked
959,4,50,0.055,0.04,5,0,1.15111979696,1.6254729489,0.670809781547,6377.48646314,1540.76621699,synthetic,True,1.0.0,1.0.0,2026-09-16T20:12:09.907988+00:00,42,schema_checked
960,4,50,0.055,0.04,5,1,1.15111979696,1.21910471168,0.550064020868,5444.10941826,1263.42829793,synthetic,True,1.0.0,1.0.0,2026-09-16T20:12:09.907988+00:00,42,schema_checked
961,4,50,0.055,0.06,-5,0,1.17874939666,1.66691734846,0.673282383864,6536.14080521,1546.44547544,synthetic,True,1.0.0,1.0.0,2026-09-16T20:12:09.907988+00:00,42,schema_checked
962,4,50,0.055,0.06,-5,1,1.17874939666,1.25018801135,0.552091554768,5578.96560902,1268.08528986,synthetic,True,1.0.0,1.0.0,2026-09-16T20:12:09.907988+00:00,42,schema_checked
963,4,50,0.055,0.06,0,0,1.20557187945,1.70484810967,0.665782383864,6684.87091253,1529.21891294,synthetic,True,1.0.0,1.0.0,2026-09-16T20:12:09.907988+00:00,42,schema_checked
964,4,50,0.055,0.06,0,1,1.20557187945,1.27863608226,0.545941554768,5705.91516205,1253.95950861,synthetic,True,1.0.0,1.0.0,2026-09-16T20:12:09.907988+00:00,42,schema_checked
965,4,50,0.055,0.06,5,0,1.17874939666,1.66691734846,0.673282383864,6536.14080521,1546.44547544,synthetic,True,1.0.0,1.0.0,2026-09-16T20:12:09.907988+00:00,42,schema_checked
966,4,50,0.055,0.06,5,1,1.17874939666,1.25018801135,0.552091554768,5578.96560902,1268.08528986,synthetic,True,1.0.0,1.0.0,2026-09-16T20:12:09.907988+00:00,42,schema_checked
967,4,50,0.055,0.085,-5,0,1.10811485115,1.56096553019,0.666961223125,6130.5440009,1531.92655937,synthetic,True,1.0.0,1.0.0,2026-09-16T20:12:09.907988+00:00,42,schema_checked
968,4,50,0.055,0.085,-5,1,1.10811485115,1.17072414764,0.546908202963,5234.20832536,1256.17977868,synthetic,True,1.0.0,1.0.0,2026-09-16T20:12:09.907988+00:00,42,schema_checked
969,4,50,0.055,0.085,0,0,1.13333004245,1.59648535416,0.659461223125,6270.04473908,1514.69999687,synthetic,True,1.0.0,1.0.0,2026-09-16T20:12:09.907988+00:00,42,schema_checked
970,4,50,0.055,0.085,0,1,1.13333004245,1.19736401562,0.540758202963,5353.31291462,1242.05399743,synthetic,True,1.0.0,1.0.0,2026-09-16T20:12:09.907988+00:00,42,schema_checked
971,4,50,0.055,0.085,5,0,1.10811485115,1.56096553019,0.666961223125,6130.5440009,1531.92655937,synthetic,True,1.0.0,1.0.0,2026-09-16T20:12:09.907988+00:00,42,schema_checked
972,4,50,0.055,0.085,5,1,1.10811485115,1.17072414764,0.546908202963,5234.20832536,1256.17977868,synthetic,True,1.0.0,1.0.0,2026-09-16T20:12:09.907988+00:00,42,schema_checked
973,4,70,0.025,0.04,-5,0,1.28501608557,1.82631738182,0.68279230308,14006.8343535,3073.84559943,synthetic,True,1.0.0,1.0.0,2026-09-16T20:12:09.907988+00:00,42,schema_checked
974,4,70,0.025,0.04,-5,1,1.28501608557,1.36973803636,0.559889688525,11951.3712127,2520.55339153,synthetic,True,1.0.0,1.0.0,2026-09-16T20:12:09.907988+00:00,42,schema_checked
975,4,70,0.025,0.04,0,0,1.31425667049,1.86787529623,0.67529230308,14325.5603477,3040.08153693,synthetic,True,1.0.0,1.0.0,2026-09-16T20:12:09.907988+00:00,42,schema_checked
976,4,70,0.025,0.04,0,1,1.31425667049,1.40090647218,0.553739688525,12223.3250729,2492.86686028,synthetic,True,1.0.0,1.0.0,2026-09-16T20:12:09.907988+00:00,42,schema_checked
977,4,70,0.025,0.04,5,0,1.28501608557,1.82631738182,0.68279230308,14006.8343535,3073.84559943,synthetic,True,1.0.0,1.0.0,2026-09-16T20:12:09.907988+00:00,42,schema_checked
978,4,70,0.025,0.04,5,1,1.28501608557,1.36973803636,0.559889688525,11951.3712127,2520.55339153,synthetic,True,1.0.0,1.0.0,2026-09-16T20:12:09.907988+00:00,42,schema_checked
979,4,70,0.025,0.06,-5,0,1.3256310992,1.88723990227,0.686426983925,14463.9436397,3090.20847826,synthetic,True,1.0.0,1.0.0,2026-09-16T20:12:09.907988+00:00,42,schema_checked
980,4,70,0.025,0.06,-5,1,1.3256310992,1.4154299267,0.562870126818,12339.914106,2533.97095217,synthetic,True,1.0.0,1.0.0,2026-09-16T20:12:09.907988+00:00,42,schema_checked
981,4,70,0.025,0.06,0,0,1.35579588015,1.93018411072,0.678926983925,14793.0711714,3056.44441576,synthetic,True,1.0.0,1.0.0,2026-09-16T20:12:09.907988+00:00,42,schema_checked
982,4,70,0.025,0.06,0,1,1.35579588015,1.44763808304,0.556720126818,12620.7092731,2506.28442092,synthetic,True,1.0.0,1.0.0,2026-09-16T20:12:09.907988+00:00,42,schema_checked
983,4,70,0.025,0.06,5,0,1.3256310992,1.88723990227,0.686426983925,14463.9436397,3090.20847826,synthetic,True,1.0.0,1.0.0,2026-09-16T20:12:09.907988+00:00,42,schema_checked
984,4,70,0.025,0.06,5,1,1.3256310992,1.4154299267,0.562870126818,12339.914106,2533.97095217,synthetic,True,1.0.0,1.0.0,2026-09-16T20:12:09.907988+00:00,42,schema_checked
985,4,70,0.025,0.085,-5,0,1.22179959026,1.73149263885,0.677134991558,13295.3524539,3048.37709012,synthetic,True,1.0.0,1.0.0,2026-09-16T20:12:09.907988+00:00,42,schema_checked
986,4,70,0.025,0.085,-5,1,1.22179959026,1.29861947914,0.555250693077,11346.611598,2499.6692139,synthetic,True,1.0.0,1.0.0,2026-09-16T20:12:09.907988+00:00,42,schema_checked
987,4,70,0.025,0.085,0,0,1.24960168168,1.77089281301,0.669634991558,13597.8886532,3014.61302762,synthetic,True,1.0.0,1.0.0,2026-09-16T20:12:09.907988+00:00,42,schema_checked
988,4,70,0.025,0.085,0,1,1.24960168168,1.32816960975,0.549100693077,11604.8041326,2471.98268265,synthetic,True,1.0.0,1.0.0,2026-09-16T20:12:09.907988+00:00,42,schema_checked
989,4,70,0.025,0.085,5,0,1.22179959026,1.73149263885,0.677134991558,13295.3524539,3048.37709012,synthetic,True,1.0.0,1.0.0,2026-09-16T20:12:09.907988+00:00,42,schema_checked
990,4,70,0.025,0.085,5,1,1.22179959026,1.29861947914,0.555250693077,11346.611598,2499.6692139,synthetic,True,1.0.0,1.0.0,2026-09-16T20:12:09.907988+00:00,42,schema_checked
991,4,70,0.04,0.04,-5,0,1.29100489902,1.835300602,0.683328248376,14074.2365774,3076.25835816,synthetic,True,1.0.0,1.0.0,2026-09-16T20:12:09.907988+00:00,42,schema_checked
992,4,70,0.04,0.04,-5,1,1.29100489902,1.3764754515,0.560329163669,12008.663103,2522.53185369,synthetic,True,1.0.0,1.0.0,2026-09-16T20:12:09.907988+00:00,42,schema_checked
993,4,70,0.04,0.04,0,0,1.3203817596,1.8770629299,0.675828248376,14394.4963115,3042.49429566,synthetic,True,1.0.0,1.0.0,2026-09-16T20:12:09.907988+00:00,42,schema_checked
994,4,70,0.04,0.04,0,1,1.3203817596,1.40779719742,0.554179163669,12281.9206422,2494.84532244,synthetic,True,1.0.0,1.0.0,2026-09-16T20:12:09.907988+00:00,42,schema_checked
995,4,70,0.04,0.04,5,0,1.29100489902,1.835300602,0.683328248376,14074.2365774,3076.25835816,synthetic,True,1.0.0,1.0.0,2026-09-16T20:12:09.907988+00:00,42,schema_checked
996,4,70,0.04,0.04,5,1,1.29100489902,1.3764754515,0.560329163669,12008.663103,2522.53185369,synthetic,True,1.0.0,1.0.0,2026-09-16T20:12:09.907988+00:00,42,schema_checked
997,4,70,0.04,0.06,-5,0,1.33220071458,1.89709432533,0.687014905804,14537.8826078,3092.85522907,synthetic,True,1.0.0,1.0.0,2026-09-16T20:12:09.907988+00:00,42,schema_checked
998,4,70,0.04,0.06,-5,1,1.33220071458,1.422820744,0.56335222276,12402.7622288,2536.14128784,synthetic,True,1.0.0,1.0.0,2026-09-16T20:12:09.907988+00:00,42,schema_checked
999,4,70,0.04,0.06,0,0,1.36251498735,1.94026277152,0.679514905804,14868.6926232,3059.09116657,synthetic,True,1.0.0,1.0.0,2026-09-16T20:12:09.907988+00:00,42,schema_checked
1000,4,70,0.04,0.06,0,1,1.36251498735,1.45519707864,0.55720222276,12684.9875071,2508.45475659,synthetic,True,1.0.0,1.0.0,2026-09-16T20:12:09.907988+00:00,42,schema_checked
1001,4,70,0.04,0.06,5,0,1.33220071458,1.89709432533,0.687014905804,14537.8826078,3092.85522907,synthetic,True,1.0.0,1.0.0,2026-09-16T20:12:09.907988+00:00,42,schema_checked
1002,4,70,0.04,0.06,5,1,1.33220071458,1.422820744,0.56335222276,12402.7622288,2536.14128784,synthetic,True,1.0.0,1.0.0,2026-09-16T20:12:09.907988+00:00,42,schema_checked
1003,4,70,0.04,0.085,-5,0,1.22688439658,1.73911984834,0.677590036294,13352.5803601,3050.42564464,synthetic,True,1.0.0,1.0.0,2026-09-16T20:12:09.907988+00:00,42,schema_checked
1004,4,70,0.04,0.085,-5,1,1.22688439658,1.30433988625,0.555623829761,11395.2553183,2501.3490286,synthetic,True,1.0.0,1.0.0,2026-09-16T20:12:09.907988+00:00,42,schema_checked
1005,4,70,0.04,0.085,0,0,1.25480219294,1.7786935799,0.670090036294,13656.4187824,3016.66158214,synthetic,True,1.0.0,1.0.0,2026-09-16T20:12:09.907988+00:00,42,schema_checked
1006,4,70,0.04,0.085,0,1,1.25480219294,1.33402018493,0.549473829761,11654.5547424,2473.66249735,synthetic,True,1.0.0,1.0.0,2026-09-16T20:12:09.907988+00:00,42,schema_checked
1007,4,70,0.04,0.085,5,0,1.22688439658,1.73911984834,0.677590036294,13352.5803601,3050.42564464,synthetic,True,1.0.0,1.0.0,2026-09-16T20:12:09.907988+00:00,42,schema_checked
1008,4,70,0.04,0.085,5,1,1.22688439658,1.30433988625,0.555623829761,11395.2553183,2501.3490286,synthetic,True,1.0.0,1.0.0,2026-09-16T20:12:09.907988+00:00,42,schema_checked
1009,4,70,0.055,0.04,-5,0,1.15111979696,1.6254729489,0.670809781547,12499.8734677,3019.9017853,synthetic,True,1.0.0,1.0.0,2026-09-16T20:12:09.907988+00:00,42,schema_checked
1010,4,70,0.055,0.04,-5,1,1.15111979696,1.21910471168,0.550064020868,10670.4544598,2476.31946395,synthetic,True,1.0.0,1.0.0,2026-09-16T20:12:09.907988+00:00,42,schema_checked
1011,4,70,0.055,0.04,0,0,1.17731356726,1.66246064139,0.663309781547,12784.3085156,2986.1377228,synthetic,True,1.0.0,1.0.0,2026-09-16T20:12:09.907988+00:00,42,schema_checked
1012,4,70,0.055,0.04,0,1,1.17731356726,1.24684548104,0.543914020868,10913.2610156,2448.6329327,synthetic,True,1.0.0,1.0.0,2026-09-16T20:12:09.907988+00:00,42,schema_checked
1013,4,70,0.055,0.04,5,0,1.15111979696,1.6254729489,0.670809781547,12499.8734677,3019.9017853,synthetic,True,1.0.0,1.0.0,2026-09-16T20:12:09.907988+00:00,42,schema_checked
1014,4,70,0.055,0.04,5,1,1.15111979696,1.21910471168,0.550064020868,10670.4544598,2476.31946395,synthetic,True,1.0.0,1.0.0,2026-09-16T20:12:09.907988+00:00,42,schema_checked
1015,4,70,0.055,0.06,-5,0,1.17874939666,1.66691734846,0.673282383864,12810.8359782,3031.03313186,synthetic,True,1.0.0,1.0.0,2026-09-16T20:12:09.907988+00:00,42,schema_checked
1016,4,70,0.055,0.06,-5,1,1.17874939666,1.25018801135,0.552091554768,10934.7725937,2485.44716812,synthetic,True,1.0.0,1.0.0,2026-09-16T20:12:09.907988+00:00,42,schema_checked
1017,4,70,0.055,0.06,0,0,1.20557187945,1.70484810967,0.665782383864,13102.3469886,2997.26906936,synthetic,True,1.0.0,1.0.0,2026-09-16T20:12:09.907988+00:00,42,schema_checked
1018,4,70,0.055,0.06,0,1,1.20557187945,1.27863608226,0.545941554768,11183.5937176,2457.76063687,synthetic,True,1.0.0,1.0.0,2026-09-16T20:12:09.907988+00:00,42,schema_checked
1019,4,70,0.055,0.06,5,0,1.17874939666,1.66691734846,0.673282383864,12810.8359782,3031.03313186,synthetic,True,1.0.0,1.0.0,2026-09-16T20:12:09.907988+00:00,42,schema_checked
1020,4,70,0.055,0.06,5,1,1.17874939666,1.25018801135,0.552091554768,10934.7725937,2485.44716812,synthetic,True,1.0.0,1.0.0,2026-09-16T20:12:09.907988+00:00,42,schema_checked
1021,4,70,0.055,0.085,-5,0,1.10811485115,1.56096553019,0.666961223125,12015.8662418,3002.57605636,synthetic,True,1.0.0,1.0.0,2026-09-16T20:12:09.907988+00:00,42,schema_checked
1022,4,70,0.055,0.085,-5,1,1.10811485115,1.17072414764,0.546908202963,10259.0483177,2462.11236621,synthetic,True,1.0.0,1.0.0,2026-09-16T20:12:09.907988+00:00,42,schema_checked
1023,4,70,0.055,0.085,0,0,1.13333004245,1.59648535416,0.659461223125,12289.2876886,2968.81199386,synthetic,True,1.0.0,1.0.0,2026-09-16T20:12:09.907988+00:00,42,schema_checked
1024,4,70,0.055,0.085,0,1,1.13333004245,1.19736401562,0.540758202963,10492.4933127,2434.42583496,synthetic,True,1.0.0,1.0.0,2026-09-16T20:12:09.907988+00:00,42,schema_checked
1025,4,70,0.055,0.085,5,0,1.10811485115,1.56096553019,0.666961223125,12015.8662418,3002.57605636,synthetic,True,1.0.0,1.0.0,2026-09-16T20:12:09.907988+00:00,42,schema_checked
1026,4,70,0.055,0.085,5,1,1.10811485115,1.17072414764,0.546908202963,10259.0483177,2462.11236621,synthetic,True,1.0.0,1.0.0,2026-09-16T20:12:09.907988+00:00,42,schema_checked
1027,4,90,0.025,0.04,-5,0,1.28501608557,1.82631738182,0.68279230308,23154.1547476,5081.25497048,synthetic,True,1.0.0,1.0.0,2026-09-16T20:12:09.907988+00:00,42,schema_checked
1028,4,90,0.025,0.04,-5,1,1.28501608557,1.36973803636,0.559889688525,19756.3483311,4166.62907579,synthetic,True,1.0.0,1.0.0,2026-09-16T20:12:09.907988+00:00,42,schema_checked
1029,4,90,0.025,0.04,0,0,1.31425667049,1.86787529623,0.67529230308,23681.0283299,5025.44090798,synthetic,True,1.0.0,1.0.0,2026-09-16T20:12:09.907988+00:00,42,schema_checked
1030,4,90,0.025,0.04,0,1,1.31425667049,1.40090647218,0.553739688525,20205.9047124,4120.86154454,synthetic,True,1.0.0,1.0.0,2026-09-16T20:12:09.907988+00:00,42,schema_checked
1031,4,90,0.025,0.04,5,0,1.28501608557,1.82631738182,0.68279230308,23154.1547476,5081.25497048,synthetic,True,1.0.0,1.0.0,2026-09-16T20:12:09.907988+00:00,42,schema_checked
1032,4,90,0.025,0.04,5,1,1.28501608557,1.36973803636,0.559889688525,19756.3483311,4166.62907579,synthetic,True,1.0.0,1.0.0,2026-09-16T20:12:09.907988+00:00,42,schema_checked
1033,4,90,0.025,0.06,-5,0,1.3256310992,1.88723990227,0.686426983925,23909.7843841,5108.30381099,synthetic,True,1.0.0,1.0.0,2026-09-16T20:12:09.907988+00:00,42,schema_checked
1034,4,90,0.025,0.06,-5,1,1.3256310992,1.4154299267,0.562870126818,20398.6335221,4188.80912502,synthetic,True,1.0.0,1.0.0,2026-09-16T20:12:09.907988+00:00,42,schema_checked
1035,4,90,0.025,0.06,0,0,1.35579588015,1.93018411072,0.678926983925,24453.8523446,5052.48974849,synthetic,True,1.0.0,1.0.0,2026-09-16T20:12:09.907988+00:00,42,schema_checked
1036,4,90,0.025,0.06,0,1,1.35579588015,1.44763808304,0.556720126818,20862.8051248,4143.04159377,synthetic,True,1.0.0,1.0.0,2026-09-16T20:12:09.907988+00:00,42,schema_checked
1037,4,90,0.025,0.06,5,0,1.3256310992,1.88723990227,0.686426983925,23909.7843841,5108.30381099,synthetic,True,1.0.0,1.0.0,2026-09-16T20:12:09.907988+00:00,42,schema_checked
1038,4,90,0.025,0.06,5,1,1.3256310992,1.4154299267,0.562870126818,20398.6335221,4188.80912502,synthetic,True,1.0.0,1.0.0,2026-09-16T20:12:09.907988+00:00,42,schema_checked
1039,4,90,0.025,0.085,-5,0,1.22179959026,1.73149263885,0.677134991558,21978.0316075,5039.1539653,synthetic,True,1.0.0,1.0.0,2026-09-16T20:12:09.907988+00:00,42,schema_checked
1040,4,90,0.025,0.085,-5,1,1.22179959026,1.29861947914,0.555250693077,18756.6436621,4132.10625155,synthetic,True,1.0.0,1.0.0,2026-09-16T20:12:09.907988+00:00,42,schema_checked
1041,4,90,0.025,0.085,0,0,1.24960168168,1.77089281301,0.669634991558,22478.1424676,4983.3399028,synthetic,True,1.0.0,1.0.0,2026-09-16T20:12:09.907988+00:00,42,schema_checked
1042,4,90,0.025,0.085,0,1,1.24960168168,1.32816960975,0.549100693077,19183.4517294,4086.3387203,synthetic,True,1.0.0,1.0.0,2026-09-16T20:12:09.907988+00:00,42,schema_checked
1043,4,90,0.025,0.085,5,0,1.22179959026,1.73149263885,0.677134991558,21978.0316075,5039.1539653,synthetic,True,1.0.0,1.0.0,2026-09-16T20:12:09.907988+00:00,42,schema_checked
1044,4,90,0.025,0.085,5,1,1.22179959026,1.29861947914,0.555250693077,18756.6436621,4132.10625155,synthetic,True,1.0.0,1.0.0,2026-09-16T20:12:09.907988+00:00,42,schema_checked
1045,4,90,0.04,0.04,-5,0,1.29100489902,1.835300602,0.683328248376,23265.5747504,5085.24340839,synthetic,True,1.0.0,1.0.0,2026-09-16T20:12:09.907988+00:00,42,schema_checked
1046,4,90,0.04,0.04,-5,1,1.29100489902,1.3764754515,0.560329163669,19851.0553335,4169.89959488,synthetic,True,1.0.0,1.0.0,2026-09-16T20:12:09.907988+00:00,42,schema_checked
1047,4,90,0.04,0.04,0,0,1.3203817596,1.8770629299,0.675828248376,23794.9836987,5029.42934589,synthetic,True,1.0.0,1.0.0,2026-09-16T20:12:09.907988+00:00,42,schema_checked
1048,4,90,0.04,0.04,0,1,1.3203817596,1.40779719742,0.554179163669,20302.7667758,4124.13206363,synthetic,True,1.0.0,1.0.0,2026-09-16T20:12:09.907988+00:00,42,schema_checked
1049,4,90,0.04,0.04,5,0,1.29100489902,1.835300602,0.683328248376,23265.5747504,5085.24340839,synthetic,True,1.0.0,1.0.0,2026-09-16T20:12:09.907988+00:00,42,schema_checked
1050,4,90,0.04,0.04,5,1,1.29100489902,1.3764754515,0.560329163669,19851.0553335,4169.89959488,synthetic,True,1.0.0,1.0.0,2026-09-16T20:12:09.907988+00:00,42,schema_checked
1051,4,90,0.04,0.06,-5,0,1.33220071458,1.89709432533,0.687014905804,24032.0100251,5112.67905213,synthetic,True,1.0.0,1.0.0,2026-09-16T20:12:09.907988+00:00,42,schema_checked
1052,4,90,0.04,0.06,-5,1,1.33220071458,1.422820744,0.56335222276,20502.525317,4192.39682275,synthetic,True,1.0.0,1.0.0,2026-09-16T20:12:09.907988+00:00,42,schema_checked
1053,4,90,0.04,0.06,0,0,1.36251498735,1.94026277152,0.679514905804,24578.8592343,5056.86498963,synthetic,True,1.0.0,1.0.0,2026-09-16T20:12:09.907988+00:00,42,schema_checked
1054,4,90,0.04,0.06,0,1,1.36251498735,1.45519707864,0.55720222276,20969.0609811,4146.6292915,synthetic,True,1.0.0,1.0.0,2026-09-16T20:12:09.907988+00:00,42,schema_checked
1055,4,90,0.04,0.06,5,0,1.33220071458,1.89709432533,0.687014905804,24032.0100251,5112.67905213,synthetic,True,1.0.0,1.0.0,2026-09-16T20:12:09.907988+00:00,42,schema_checked
1056,4,90,0.04,0.06,5,1,1.33220071458,1.422820744,0.56335222276,20502.525317,4192.39682275,synthetic,True,1.0.0,1.0.0,2026-09-16T20:12:09.907988+00:00,42,schema_checked
1057,4,90,0.04,0.085,-5,0,1.22688439658,1.73911984834,0.677590036294,22072.6328402,5042.54035134,synthetic,True,1.0.0,1.0.0,2026-09-16T20:12:09.907988+00:00,42,schema_checked
1058,4,90,0.04,0.085,-5,1,1.22688439658,1.30433988625,0.555623829761,18837.0547098,4134.8830881,synthetic,True,1.0.0,1.0.0,2026-09-16T20:12:09.907988+00:00,42,schema_checked
1059,4,90,0.04,0.085,0,0,1.25480219294,1.7786935799,0.670090036294,22574.8963545,4986.72628884,synthetic,True,1.0.0,1.0.0,2026-09-16T20:12:09.907988+00:00,42,schema_checked
1060,4,90,0.04,0.085,0,1,1.25480219294,1.33402018493,0.549473829761,19265.6925333,4089.11555685,synthetic,True,1.0.0,1.0.0,2026-09-16T20:12:09.907988+00:00,42,schema_checked
1061,4,90,0.04,0.085,5,0,1.22688439658,1.73911984834,0.677590036294,22072.6328402,5042.54035134,synthetic,True,1.0.0,1.0.0,2026-09-16T20:12:09.907988+00:00,42,schema_checked
1062,4,90,0.04,0.085,5,1,1.22688439658,1.30433988625,0.555623829761,18837.0547098,4134.8830881,synthetic,True,1.0.0,1.0.0,2026-09-16T20:12:09.907988+00:00,42,schema_checked
1063,4,90,0.055,0.04,-5,0,1.15111979696,1.6254729489,0.670809781547,20663.0561406,4992.08254305,synthetic,True,1.0.0,1.0.0,2026-09-16T20:12:09.907988+00:00,42,schema_checked
1064,4,90,0.055,0.04,-5,1,1.15111979696,1.21910471168,0.550064020868,17638.9145152,4093.5076853,synthetic,True,1.0.0,1.0.0,2026-09-16T20:12:09.907988+00:00,42,schema_checked
1065,4,90,0.055,0.04,0,0,1.17731356726,1.66246064139,0.663309781547,21133.244689,4936.26848055,synthetic,True,1.0.0,1.0.0,2026-09-16T20:12:09.907988+00:00,42,schema_checked
1066,4,90,0.055,0.04,0,1,1.17731356726,1.24684548104,0.543914020868,18040.2886176,4047.74015405,synthetic,True,1.0.0,1.0.0,2026-09-16T20:12:09.907988+00:00,42,schema_checked
1067,4,90,0.055,0.04,5,0,1.15111979696,1.6254729489,0.670809781547,20663.0561406,4992.08254305,synthetic,True,1.0.0,1.0.0,2026-09-16T20:12:09.907988+00:00,42,schema_checked
1068,4,90,0.055,0.04,5,1,1.15111979696,1.21910471168,0.550064020868,17638.9145152,4093.5076853,synthetic,True,1.0.0,1.0.0,2026-09-16T20:12:09.907988+00:00,42,schema_checked
1069,4,90,0.055,0.06,-5,0,1.17874939666,1.66691734846,0.673282383864,21177.0962089,5010.48334041,synthetic,True,1.0.0,1.0.0,2026-09-16T20:12:09.907988+00:00,42,schema_checked
1070,4,90,0.055,0.06,-5,1,1.17874939666,1.25018801135,0.552091554768,18075.8485732,4108.59633914,synthetic,True,1.0.0,1.0.0,2026-09-16T20:12:09.907988+00:00,42,schema_checked
1071,4,90,0.055,0.06,0,0,1.20557187945,1.70484810967,0.665782383864,21658.9817566,4954.66927791,synthetic,True,1.0.0,1.0.0,2026-09-16T20:12:09.907988+00:00,42,schema_checked
1072,4,90,0.055,0.06,0,1,1.20557187945,1.27863608226,0.545941554768,18487.1651251,4062.82880789,synthetic,True,1.0.0,1.0.0,2026-09-16T20:12:09.907988+00:00,42,schema_checked
1073,4,90,0.055,0.06,5,0,1.17874939666,1.66691734846,0.673282383864,21177.0962089,5010.48334041,synthetic,True,1.0.0,1.0.0,2026-09-16T20:12:09.907988+00:00,42,schema_checked
1074,4,90,0.055,0.06,5,1,1.17874939666,1.25018801135,0.552091554768,18075.8485732,4108.59633914,synthetic,True,1.0.0,1.0.0,2026-09-16T20:12:09.907988+00:00,42,schema_checked
1075,4,90,0.055,0.085,-5,0,1.10811485115,1.56096553019,0.666961223125,19862.9625629,4963.44205235,synthetic,True,1.0.0,1.0.0,2026-09-16T20:12:09.907988+00:00,42,schema_checked
1076,4,90,0.055,0.085,-5,1,1.10811485115,1.17072414764,0.546908202963,16958.8349742,4070.02248292,synthetic,True,1.0.0,1.0.0,2026-09-16T20:12:09.907988+00:00,42,schema_checked
1077,4,90,0.055,0.085,0,0,1.13333004245,1.59648535416,0.659461223125,20314.9449546,4907.62798985,synthetic,True,1.0.0,1.0.0,2026-09-16T20:12:09.907988+00:00,42,schema_checked
1078,4,90,0.055,0.085,0,1,1.13333004245,1.19736401562,0.540758202963,17344.7338434,4024.25495167,synthetic,True,1.0.0,1.0.0,2026-09-16T20:12:09.907988+00:00,42,schema_checked
1079,4,90,0.055,0.085,5,0,1.10811485115,1.56096553019,0.666961223125,19862.9625629,4963.44205235,synthetic,True,1.0.0,1.0.0,2026-09-16T20:12:09.907988+00:00,42,schema_checked
1080,4,90,0.055,0.085,5,1,1.10811485115,1.17072414764,0.546908202963,16958.8349742,4070.02248292,synthetic,True,1.0.0,1.0.0,2026-09-16T20:12:09.907988+00:00,42,schema_checked
1081,5,0,0.025,0.04,-5,0,1.43629908203,2.00690640736,0.93126415886,0,0,synthetic,True,1.0.0,1.0.0,2026-09-16T20:12:09.907988+00:00,42,schema_checked
1082,5,0,0.025,0.04,-5,1,1.43629908203,1.50517980552,0.763636610265,0,0,synthetic,True,1.0.0,1.0.0,2026-09-16T20:12:09.907988+00:00,42,schema_checked
1083,5,0,0.025,0.04,0,0,1.46898211672,2.05257363122,0.92376415886,0,0,synthetic,True,1.0.0,1.0.0,2026-09-16T20:12:09.907988+00:00,42,schema_checked
1084,5,0,0.025,0.04,0,1,1.46898211672,1.53943022342,0.757486610265,0,0,synthetic,True,1.0.0,1.0.0,2026-09-16T20:12:09.907988+00:00,42,schema_checked
1085,5,0,0.025,0.04,5,0,1.43629908203,2.00690640736,0.93126415886,0,0,synthetic,True,1.0.0,1.0.0,2026-09-16T20:12:09.907988+00:00,42,schema_checked
1086,5,0,0.025,0.04,5,1,1.43629908203,1.50517980552,0.763636610265,0,0,synthetic,True,1.0.0,1.0.0,2026-09-16T20:12:09.907988+00:00,42,schema_checked
1087,5,0,0.025,0.06,-5,0,1.47691409567,2.06782892781,0.934898839705,0,0,synthetic,True,1.0.0,1.0.0,2026-09-16T20:12:09.907988+00:00,42,schema_checked
1088,5,0,0.025,0.06,-5,1,1.47691409567,1.55087169586,0.766617048558,0,0,synthetic,True,1.0.0,1.0.0,2026-09-16T20:12:09.907988+00:00,42,schema_checked
1089,5,0,0.025,0.06,0,0,1.51052132637,2.11488244571,0.927398839705,0,0,synthetic,True,1.0.0,1.0.0,2026-09-16T20:12:09.907988+00:00,42,schema_checked
1090,5,0,0.025,0.06,0,1,1.51052132637,1.58616183428,0.760467048558,0,0,synthetic,True,1.0.0,1.0.0,2026-09-16T20:12:09.907988+00:00,42,schema_checked
1091,5,0,0.025,0.06,5,0,1.47691409567,2.06782892781,0.934898839705,0,0,synthetic,True,1.0.0,1.0.0,2026-09-16T20:12:09.907988+00:00,42,schema_checked
1092,5,0,0.025,0.06,5,1,1.47691409567,1.55087169586,0.766617048558,0,0,synthetic,True,1.0.0,1.0.0,2026-09-16T20:12:09.907988+00:00,42,schema_checked
1093,5,0,0.025,0.085,-5,0,1.37308258673,1.91208166439,0.925606847339,0,0,synthetic,True,1.0.0,1.0.0,2026-09-16T20:12:09.907988+00:00,42,schema_checked
1094,5,0,0.025,0.085,-5,1,1.37308258673,1.4340612483,0.758997614818,0,0,synthetic,True,1.0.0,1.0.0,2026-09-16T20:12:09.907988+00:00,42,schema_checked
1095,5,0,0.025,0.085,0,0,1.4043271279,1.95559114799,0.918106847339,0,0,synthetic,True,1.0.0,1.0.0,2026-09-16T20:12:09.907988+00:00,42,schema_checked
1096,5,0,0.025,0.085,0,1,1.4043271279,1.46669336099,0.752847614818,0,0,synthetic,True,1.0.0,1.0.0,2026-09-16T20:12:09.907988+00:00,42,schema_checked
1097,5,0,0.025,0.085,5,0,1.37308258673,1.91208166439,0.925606847339,0,0,synthetic,True,1.0.0,1.0.0,2026-09-16T20:12:09.907988+00:00,42,schema_checked
1098,5,0,0.025,0.085,5,1,1.37308258673,1.4340612483,0.758997614818,0,0,synthetic,True,1.0.0,1.0.0,2026-09-16T20:12:09.907988+00:00,42,schema_checked
1099,5,0,0.04,0.04,-5,0,1.44228789549,2.01588962754,0.931800104157,0,0,synthetic,True,1.0.0,1.0.0,2026-09-16T20:12:09.907988+00:00,42,schema_checked
1100,5,0,0.04,0.04,-5,1,1.44228789549,1.51191722065,0.764076085409,0,0,synthetic,True,1.0.0,1.0.0,2026-09-16T20:12:09.907988+00:00,42,schema_checked
1101,5,0,0.04,0.04,0,0,1.47510720582,2.06176126488,0.924300104157,0,0,synthetic,True,1.0.0,1.0.0,2026-09-16T20:12:09.907988+00:00,42,schema_checked
1102,5,0,0.04,0.04,0,1,1.47510720582,1.54632094866,0.757926085409,0,0,synthetic,True,1.0.0,1.0.0,2026-09-16T20:12:09.907988+00:00,42,schema_checked
1103,5,0,0.04,0.04,5,0,1.44228789549,2.01588962754,0.931800104157,0,0,synthetic,True,1.0.0,1.0.0,2026-09-16T20:12:09.907988+00:00,42,schema_checked
1104,5,0,0.04,0.04,5,1,1.44228789549,1.51191722065,0.764076085409,0,0,synthetic,True,1.0.0,1.0.0,2026-09-16T20:12:09.907988+00:00,42,schema_checked
1105,5,0,0.04,0.06,-5,0,1.48348371104,2.07768335087,0.935486761585,0,0,synthetic,True,1.0.0,1.0.0,2026-09-16T20:12:09.907988+00:00,42,schema_checked
1106,5,0,0.04,0.06,-5,1,1.48348371104,1.55826251315,0.7670991445,0,0,synthetic,True,1.0.0,1.0.0,2026-09-16T20:12:09.907988+00:00,42,schema_checked
1107,5,0,0.04,0.06,0,0,1.51724043357,2.1249611065,0.927986761585,0,0,synthetic,True,1.0.0,1.0.0,2026-09-16T20:12:09.907988+00:00,42,schema_checked
1108,5,0,0.04,0.06,0,1,1.51724043357,1.59372082988,0.7609491445,0,0,synthetic,True,1.0.0,1.0.0,2026-09-16T20:12:09.907988+00:00,42,schema_checked
1109,5,0,0.04,0.06,5,0,1.48348371104,2.07768335087,0.935486761585,0,0,synthetic,True,1.0.0,1.0.0,2026-09-16T20:12:09.907988+00:00,42,schema_checked
1110,5,0,0.04,0.06,5,1,1.48348371104,1.55826251315,0.7670991445,0,0,synthetic,True,1.0.0,1.0.0,2026-09-16T20:12:09.907988+00:00,42,schema_checked
1111,5,0,0.04,0.085,-5,0,1.37816739305,1.91970887388,0.926061892074,0,0,synthetic,True,1.0.0,1.0.0,2026-09-16T20:12:09.907988+00:00,42,schema_checked
1112,5,0,0.04,0.085,-5,1,1.37816739305,1.43978165541,0.759370751501,0,0,synthetic,True,1.0.0,1.0.0,2026-09-16T20:12:09.907988+00:00,42,schema_checked
1113,5,0,0.04,0.085,0,0,1.40952763916,1.96339191489,0.918561892074,0,0,synthetic,True,1.0.0,1.0.0,2026-09-16T20:12:09.907988+00:00,42,schema_checked
1114,5,0,0.04,0.085,0,1,1.40952763916,1.47254393617,0.753220751501,0,0,synthetic,True,1.0.0,1.0.0,2026-09-16T20:12:09.907988+00:00,42,schema_checked
1115,5,0,0.04,0.085,5,0,1.37816739305,1.91970887388,0.926061892074,0,0,synthetic,True,1.0.0,1.0.0,2026-09-16T20:12:09.907988+00:00,42,schema_checked
1116,5,0,0.04,0.085,5,1,1.37816739305,1.43978165541,0.759370751501,0,0,synthetic,True,1.0.0,1.0.0,2026-09-16T20:12:09.907988+00:00,42,schema_checked
1117,5,0,0.055,0.04,-5,0,1.30240279342,1.80606197444,0.919281637327,0,0,synthetic,True,1.0.0,1.0.0,2026-09-16T20:12:09.907988+00:00,42,schema_checked
1118,5,0,0.055,0.04,-5,1,1.30240279342,1.35454648083,0.753810942608,0,0,synthetic,True,1.0.0,1.0.0,2026-09-16T20:12:09.907988+00:00,42,schema_checked
1119,5,0,0.055,0.04,0,0,1.33203901348,1.84715897637,0.911781637327,0,0,synthetic,True,1.0.0,1.0.0,2026-09-16T20:12:09.907988+00:00,42,schema_checked
1120,5,0,0.055,0.04,0,1,1.33203901348,1.38536923228,0.747660942608,0,0,synthetic,True,1.0.0,1.0.0,2026-09-16T20:12:09.907988+00:00,42,schema_checked
1121,5,0,0.055,0.04,5,0,1.30240279342,1.80606197444,0.919281637327,0,0,synthetic,True,1.0.0,1.0.0,2026-09-16T20:12:09.907988+00:00,42,schema_checked
1122,5,0,0.055,0.04,5,1,1.30240279342,1.35454648083,0.753810942608,0,0,synthetic,True,1.0.0,1.0.0,2026-09-16T20:12:09.907988+00:00,42,schema_checked
1123,5,0,0.055,0.06,-5,0,1.33003239313,1.847506374,0.921754239644,0,0,synthetic,True,1.0.0,1.0.0,2026-09-16T20:12:09.907988+00:00,42,schema_checked
1124,5,0,0.055,0.06,-5,1,1.33003239313,1.3856297805,0.755838476508,0,0,synthetic,True,1.0.0,1.0.0,2026-09-16T20:12:09.907988+00:00,42,schema_checked
1125,5,0,0.055,0.06,0,0,1.36029732568,1.88954644466,0.914254239644,0,0,synthetic,True,1.0.0,1.0.0,2026-09-16T20:12:09.907988+00:00,42,schema_checked
1126,5,0,0.055,0.06,0,1,1.36029732568,1.4171598335,0.749688476508,0,0,synthetic,True,1.0.0,1.0.0,2026-09-16T20:12:09.907988+00:00,42,schema_checked
1127,5,0,0.055,0.06,5,0,1.33003239313,1.847506374,0.921754239644,0,0,synthetic,True,1.0.0,1.0.0,2026-09-16T20:12:09.907988+00:00,42,schema_checked
1128,5,0,0.055,0.06,5,1,1.33003239313,1.3856297805,0.755838476508,0,0,synthetic,True,1.0.0,1.0.0,2026-09-16T20:12:09.907988+00:00,42,schema_checked
1129,5,0,0.055,0.085,-5,0,1.25939784762,1.74155455573,0.915433078906,0,0,synthetic,True,1.0.0,1.0.0,2026-09-16T20:12:09.907988+00:00,42,schema_checked
1130,5,0,0.055,0.085,-5,1,1.25939784762,1.3061659168,0.750655124703,0,0,synthetic,True,1.0.0,1.0.0,2026-09-16T20:12:09.907988+00:00,42,schema_checked
1131,5,0,0.055,0.085,0,0,1.28805548867,1.78118368915,0.907933078906,0,0,synthetic,True,1.0.0,1.0.0,2026-09-16T20:12:09.907988+00:00,42,schema_checked
1132,5,0,0.055,0.085,0,1,1.28805548867,1.33588776686,0.744505124703,0,0,synthetic,True,1.0.0,1.0.0,2026-09-16T20:12:09.907988+00:00,42,schema_checked
1133,5,0,0.055,0.085,5,0,1.25939784762,1.74155455573,0.915433078906,0,0,synthetic,True,1.0.0,1.0.0,2026-09-16T20:12:09.907988+00:00,42,schema_checked
1134,5,0,0.055,0.085,5,1,1.25939784762,1.3061659168,0.750655124703,0,0,synthetic,True,1.0.0,1.0.0,2026-09-16T20:12:09.907988+00:00,42,schema_checked
1135,5,30,0.025,0.04,-5,0,1.43629908203,2.00690640736,0.93126415886,2847.10053904,770.039051358,synthetic,True,1.0.0,1.0.0,2026-09-16T20:12:09.907988+00:00,42,schema_checked
1136,5,30,0.025,0.04,-5,1,1.43629908203,1.50517980552,0.763636610265,2432.23535514,631.432022113,synthetic,True,1.0.0,1.0.0,2026-09-16T20:12:09.907988+00:00,42,schema_checked
1137,5,30,0.025,0.04,0,0,1.46898211672,2.05257363122,0.92376415886,2911.88640908,763.837488858,synthetic,True,1.0.0,1.0.0,2026-09-16T20:12:09.907988+00:00,42,schema_checked
1138,5,30,0.025,0.04,0,1,1.46898211672,1.53943022342,0.757486610265,2487.58095375,626.346740863,synthetic,True,1.0.0,1.0.0,2026-09-16T20:12:09.907988+00:00,42,schema_checked
1139,5,30,0.025,0.04,5,0,1.43629908203,2.00690640736,0.93126415886,2847.10053904,770.039051358,synthetic,True,1.0.0,1.0.0,2026-09-16T20:12:09.907988+00:00,42,schema_checked
1140,5,30,0.025,0.04,5,1,1.43629908203,1.50517980552,0.763636610265,2432.23535514,631.432022113,synthetic,True,1.0.0,1.0.0,2026-09-16T20:12:09.907988+00:00,42,schema_checked
1141,5,30,0.025,0.06,-5,0,1.47691409567,2.06782892781,0.934898839705,2931.05938754,773.044478081,synthetic,True,1.0.0,1.0.0,2026-09-16T20:12:09.907988+00:00,42,schema_checked
1142,5,30,0.025,0.06,-5,1,1.47691409567,1.55087169586,0.766617048558,2503.60037637,633.896472027,synthetic,True,1.0.0,1.0.0,2026-09-16T20:12:09.907988+00:00,42,schema_checked
1143,5,30,0.025,0.06,0,0,1.51052132637,2.11488244571,0.927398839705,2997.75574404,766.842915581,synthetic,True,1.0.0,1.0.0,2026-09-16T20:12:09.907988+00:00,42,schema_checked
1144,5,30,0.025,0.06,0,1,1.51052132637,1.58616183428,0.760467048558,2560.56988847,628.811190777,synthetic,True,1.0.0,1.0.0,2026-09-16T20:12:09.907988+00:00,42,schema_checked
1145,5,30,0.025,0.06,5,0,1.47691409567,2.06782892781,0.934898839705,2931.05938754,773.044478081,synthetic,True,1.0.0,1.0.0,2026-09-16T20:12:09.907988+00:00,42,schema_checked
1146,5,30,0.025,0.06,5,1,1.47691409567,1.55087169586,0.766617048558,2503.60037637,633.896472027,synthetic,True,1.0.0,1.0.0,2026-09-16T20:12:09.907988+00:00,42,schema_checked
1147,5,30,0.025,0.085,-5,0,1.37308258673,1.91208166439,0.925606847339,2716.42019014,765.361161893,synthetic,True,1.0.0,1.0.0,2026-09-16T20:12:09.907988+00:00,42,schema_checked
1148,5,30,0.025,0.085,-5,1,1.37308258673,1.4340612483,0.758997614818,2321.15705858,627.596152752,synthetic,True,1.0.0,1.0.0,2026-09-16T20:12:09.907988+00:00,42,schema_checked
1149,5,30,0.025,0.085,0,0,1.4043271279,1.95559114799,0.918106847339,2778.23242438,759.159599393,synthetic,True,1.0.0,1.0.0,2026-09-16T20:12:09.907988+00:00,42,schema_checked
1150,5,30,0.025,0.085,0,1,1.4043271279,1.46669336099,0.752847614818,2373.97506675,622.510871502,synthetic,True,1.0.0,1.0.0,2026-09-16T20:12:09.907988+00:00,42,schema_checked
1151,5,30,0.025,0.085,5,0,1.37308258673,1.91208166439,0.925606847339,2716.42019014,765.361161893,synthetic,True,1.0.0,1.0.0,2026-09-16T20:12:09.907988+00:00,42,schema_checked
1152,5,30,0.025,0.085,5,1,1.37308258673,1.4340612483,0.758997614818,2321.15705858,627.596152752,synthetic,True,1.0.0,1.0.0,2026-09-16T20:12:09.907988+00:00,42,schema_checked
1153,5,30,0.04,0.04,-5,0,1.44228789549,2.01588962754,0.931800104157,2859.48053935,770.482211125,synthetic,True,1.0.0,1.0.0,2026-09-16T20:12:09.907988+00:00,42,schema_checked
1154,5,30,0.04,0.04,-5,1,1.44228789549,1.51191722065,0.764076085409,2442.75835541,631.795413122,synthetic,True,1.0.0,1.0.0,2026-09-16T20:12:09.907988+00:00,42,schema_checked
1155,5,30,0.04,0.04,0,0,1.47510720582,2.06176126488,0.924300104157,2924.54811672,764.280648625,synthetic,True,1.0.0,1.0.0,2026-09-16T20:12:09.907988+00:00,42,schema_checked
1156,5,30,0.04,0.04,0,1,1.47510720582,1.54632094866,0.757926085409,2498.34340524,626.710131872,synthetic,True,1.0.0,1.0.0,2026-09-16T20:12:09.907988+00:00,42,schema_checked
1157,5,30,0.04,0.04,5,0,1.44228789549,2.01588962754,0.931800104157,2859.48053935,770.482211125,synthetic,True,1.0.0,1.0.0,2026-09-16T20:12:09.907988+00:00,42,schema_checked
1158,5,30,0.04,0.04,5,1,1.44228789549,1.51191722065,0.764076085409,2442.75835541,631.795413122,synthetic,True,1.0.0,1.0.0,2026-09-16T20:12:09.907988+00:00,42,schema_checked
1159,5,30,0.04,0.06,-5,0,1.48348371104,2.07768335087,0.935486761585,2944.64001432,773.530615986,synthetic,True,1.0.0,1.0.0,2026-09-16T20:12:09.907988+00:00,42,schema_checked
1160,5,30,0.04,0.06,-5,1,1.48348371104,1.55826251315,0.7670991445,2515.14390913,634.295105108,synthetic,True,1.0.0,1.0.0,2026-09-16T20:12:09.907988+00:00,42,schema_checked
1161,5,30,0.04,0.06,0,0,1.51724043357,2.1249611065,0.927986761585,3011.64539845,767.329053486,synthetic,True,1.0.0,1.0.0,2026-09-16T20:12:09.907988+00:00,42,schema_checked
1162,5,30,0.04,0.06,0,1,1.51724043357,1.59372082988,0.7609491445,2572.37609471,629.209823858,synthetic,True,1.0.0,1.0.0,2026-09-16T20:12:09.907988+00:00,42,schema_checked
1163,5,30,0.04,0.06,5,0,1.48348371104,2.07768335087,0.935486761585,2944.64001432,773.530615986,synthetic,True,1.0.0,1.0.0,2026-09-16T20:12:09.907988+00:00,42,schema_checked
1164,5,30,0.04,0.06,5,1,1.48348371104,1.55826251315,0.7670991445,2515.14390913,634.295105108,synthetic,True,1.0.0,1.0.0,2026-09-16T20:12:09.907988+00:00,42,schema_checked
1165,5,30,0.04,0.085,-5,0,1.37816739305,1.91970887388,0.926061892074,2726.93143822,765.737427009,synthetic,True,1.0.0,1.0.0,2026-09-16T20:12:09.907988+00:00,42,schema_checked
1166,5,30,0.04,0.085,-5,1,1.37816739305,1.43978165541,0.759370751501,2330.09161944,627.904690147,synthetic,True,1.0.0,1.0.0,2026-09-16T20:12:09.907988+00:00,42,schema_checked
1167,5,30,0.04,0.085,0,0,1.40952763916,1.96339191489,0.918561892074,2788.98285626,759.535864509,synthetic,True,1.0.0,1.0.0,2026-09-16T20:12:09.907988+00:00,42,schema_checked
1168,5,30,0.04,0.085,0,1,1.40952763916,1.47254393617,0.753220751501,2383.11293385,622.819408897,synthetic,True,1.0.0,1.0.0,2026-09-16T20:12:09.907988+00:00,42,schema_checked
1169,5,30,0.04,0.085,5,0,1.37816739305,1.91970887388,0.926061892074,2726.93143822,765.737427009,synthetic,True,1.0.0,1.0.0,2026-09-16T20:12:09.907988+00:00,42,schema_checked
1170,5,30,0.04,0.085,5,1,1.37816739305,1.43978165541,0.759370751501,2330.09161944,627.904690147,synthetic,True,1.0.0,1.0.0,2026-09-16T20:12:09.907988+00:00,42,schema_checked
1171,5,30,0.055,0.04,-5,0,1.30240279342,1.80606197444,0.919281637327,2570.31180493,760.131003865,synthetic,True,1.0.0,1.0.0,2026-09-16T20:12:09.907988+00:00,42,schema_checked
1172,5,30,0.055,0.04,-5,1,1.30240279342,1.35454648083,0.753810942608,2196.96493115,623.307423169,synthetic,True,1.0.0,1.0.0,2026-09-16T20:12:09.907988+00:00,42,schema_checked
1173,5,30,0.055,0.04,0,0,1.33203901348,1.84715897637,0.911781637327,2628.79933786,753.929441365,synthetic,True,1.0.0,1.0.0,2026-09-16T20:12:09.907988+00:00,42,schema_checked
1174,5,30,0.055,0.04,0,1,1.33203901348,1.38536923228,0.747660942608,2246.95694322,618.222141919,synthetic,True,1.0.0,1.0.0,2026-09-16T20:12:09.907988+00:00,42,schema_checked
1175,5,30,0.055,0.04,5,0,1.30240279342,1.80606197444,0.919281637327,2570.31180493,760.131003865,synthetic,True,1.0.0,1.0.0,2026-09-16T20:12:09.907988+00:00,42,schema_checked
1176,5,30,0.055,0.04,5,1,1.30240279342,1.35454648083,0.753810942608,2196.96493115,623.307423169,synthetic,True,1.0.0,1.0.0,2026-09-16T20:12:09.907988+00:00,42,schema_checked
1177,5,30,0.055,0.06,-5,0,1.33003239313,1.847506374,0.921754239644,2627.42736807,762.175536906,synthetic,True,1.0.0,1.0.0,2026-09-16T20:12:09.907988+00:00,42,schema_checked
1178,5,30,0.055,0.06,-5,1,1.33003239313,1.3856297805,0.755838476508,2245.51315982,624.983940263,synthetic,True,1.0.0,1.0.0,2026-09-16T20:12:09.907988+00:00,42,schema_checked
1179,5,30,0.055,0.06,0,0,1.36029732568,1.88954644466,0.914254239644,2687.2145676,755.973974406,synthetic,True,1.0.0,1.0.0,2026-09-16T20:12:09.907988+00:00,42,schema_checked
1180,5,30,0.055,0.06,0,1,1.36029732568,1.4171598335,0.749688476508,2296.60988849,619.898659013,synthetic,True,1.0.0,1.0.0,2026-09-16T20:12:09.907988+00:00,42,schema_checked
1181,5,30,0.055,0.06,5,0,1.33003239313,1.847506374,0.921754239644,2627.42736807,762.175536906,synthetic,True,1.0.0,1.0.0,2026-09-16T20:12:09.907988+00:00,42,schema_checked
1182,5,30,0.055,0.06,5,1,1.33003239313,1.3856297805,0.755838476508,2245.51315982,624.983940263,synthetic,True,1.0.0,1.0.0,2026-09-16T20:12:09.907988+00:00,42,schema_checked
1183,5,30,0.055,0.085,-5,0,1.25939784762,1.74155455573,0.915433078906,2481.41251852,756.94872712,synthetic,True,1.0.0,1.0.0,2026-09-16T20:12:09.907988+00:00,42,schema_checked
1184,5,30,0.055,0.085,-5,1,1.25939784762,1.3061659168,0.750655124703,2121.4005377,620.697956239,synthetic,True,1.0.0,1.0.0,2026-09-16T20:12:09.907988+00:00,42,schema_checked
1185,5,30,0.055,0.085,0,0,1.28805548867,1.78118368915,0.907933078906,2537.87714516,750.74716462,synthetic,True,1.0.0,1.0.0,2026-09-16T20:12:09.907988+00:00,42,schema_checked
1186,5,30,0.055,0.085,0,1,1.28805548867,1.33588776686,0.744505124703,2169.67307941,615.612674989,synthetic,True,1.0.0,1.0.0,2026-09-16T20:12:09.907988+00:00,42,schema_checked
1187,5,30,0.055,0.085,5,0,1.25939784762,1.74155455573,0.915433078906,2481.41251852,756.94872712,synthetic,True,1.0.0,1.0.0,2026-09-16T20:12:09.907988+00:00,42,schema_checked
1188,5,30,0.055,0.085,5,1,1.25939784762,1.3061659168,0.750655124703,2121.4005377,620.697956239,synthetic,True,1.0.0,1.0.0,2026-09-16T20:12:09.907988+00:00,42,schema_checked
1189,5,50,0.025,0.04,-5,0,1.43629908203,2.00690640736,0.93126415886,7908.61260845,2138.99736488,synthetic,True,1.0.0,1.0.0,2026-09-16T20:12:09.907988+00:00,42,schema_checked
1190,5,50,0.025,0.04,-5,1,1.43629908203,1.50517980552,0.763636610265,6756.20931985,1753.9778392,synthetic,True,1.0.0,1.0.0,2026-09-16T20:12:09.907988+00:00,42,schema_checked
1191,5,50,0.025,0.04,0,0,1.46898211672,2.05257363122,0.92376415886,8088.57335854,2121.77080238,synthetic,True,1.0.0,1.0.0,2026-09-16T20:12:09.907988+00:00,42,schema_checked
1192,5,50,0.025,0.04,0,1,1.46898211672,1.53943022342,0.757486610265,6909.94709374,1739.85205795,synthetic,True,1.0.0,1.0.0,2026-09-16T20:12:09.907988+00:00,42,schema_checked
1193,5,50,0.025,0.04,5,0,1.43629908203,2.00690640736,0.93126415886,7908.61260845,2138.99736488,synthetic,True,1.0.0,1.0.0,2026-09-16T20:12:09.907988+00:00,42,schema_checked
1194,5,50,0.025,0.04,5,1,1.43629908203,1.50517980552,0.763636610265,6756.20931985,1753.9778392,synthetic,True,1.0.0,1.0.0,2026-09-16T20:12:09.907988+00:00,42,schema_checked
1195,5,50,0.025,0.06,-5,0,1.47691409567,2.06782892781,0.934898839705,8141.83163205,2147.34577245,synthetic,True,1.0.0,1.0.0,2026-09-16T20:12:09.907988+00:00,42,schema_checked
1196,5,50,0.025,0.06,-5,1,1.47691409567,1.55087169586,0.766617048558,6954.44548991,1760.82353341,synthetic,True,1.0.0,1.0.0,2026-09-16T20:12:09.907988+00:00,42,schema_checked
1197,5,50,0.025,0.06,0,0,1.51052132637,2.11488244571,0.927398839705,8327.099289,2130.11920995,synthetic,True,1.0.0,1.0.0,2026-09-16T20:12:09.907988+00:00,42,schema_checked
1198,5,50,0.025,0.06,0,1,1.51052132637,1.58616183428,0.760467048558,7112.69413463,1746.69775216,synthetic,True,1.0.0,1.0.0,2026-09-16T20:12:09.907988+00:00,42,schema_checked
1199,5,50,0.025,0.06,5,0,1.47691409567,2.06782892781,0.934898839705,8141.83163205,2147.34577245,synthetic,True,1.0.0,1.0.0,2026-09-16T20:12:09.907988+00:00,42,schema_checked
1200,5,50,0.025,0.06,5,1,1.47691409567,1.55087169586,0.766617048558,6954.44548991,1760.82353341,synthetic,True,1.0.0,1.0.0,2026-09-16T20:12:09.907988+00:00,42,schema_checked
1201,5,50,0.025,0.085,-5,0,1.37308258673,1.91208166439,0.925606847339,7545.61163929,2126.00322748,synthetic,True,1.0.0,1.0.0,2026-09-16T20:12:09.907988+00:00,42,schema_checked
1202,5,50,0.025,0.085,-5,1,1.37308258673,1.4340612483,0.758997614818,6447.65849606,1743.32264653,synthetic,True,1.0.0,1.0.0,2026-09-16T20:12:09.907988+00:00,42,schema_checked
1203,5,50,0.025,0.085,0,0,1.4043271279,1.95559114799,0.918106847339,7717.31228993,2108.77666498,synthetic,True,1.0.0,1.0.0,2026-09-16T20:12:09.907988+00:00,42,schema_checked
1204,5,50,0.025,0.085,0,1,1.4043271279,1.46669336099,0.752847614818,6594.37518542,1729.19686528,synthetic,True,1.0.0,1.0.0,2026-09-16T20:12:09.907988+00:00,42,schema_checked
1205,5,50,0.025,0.085,5,0,1.37308258673,1.91208166439,0.925606847339,7545.61163929,2126.00322748,synthetic,True,1.0.0,1.0.0,2026-09-16T20:12:09.907988+00:00,42,schema_checked
1206,5,50,0.025,0.085,5,1,1.37308258673,1.4340612483,0.758997614818,6447.65849606,1743.32264653,synthetic,True,1.0.0,1.0.0,2026-09-16T20:12:09.907988+00:00,42,schema_checked
1207,5,50,0.04,0.04,-5,0,1.44228789549,2.01588962754,0.931800104157,7943.00149819,2140.22836424,synthetic,True,1.0.0,1.0.0,2026-09-16T20:12:09.907988+00:00,42,schema_checked
1208,5,50,0.04,0.04,-5,1,1.44228789549,1.51191722065,0.764076085409,6785.43987613,1754.98725867,synthetic,True,1.0.0,1.0.0,2026-09-16T20:12:09.907988+00:00,42,schema_checked
1209,5,50,0.04,0.04,0,0,1.47510720582,2.06176126488,0.924300104157,8123.74476865,2123.00180174,synthetic,True,1.0.0,1.0.0,2026-09-16T20:12:09.907988+00:00,42,schema_checked
1210,5,50,0.04,0.04,0,1,1.47510720582,1.54632094866,0.757926085409,6939.84279234,1740.86147742,synthetic,True,1.0.0,1.0.0,2026-09-16T20:12:09.907988+00:00,42,schema_checked
1211,5,50,0.04,0.04,5,0,1.44228789549,2.01588962754,0.931800104157,7943.00149819,2140.22836424,synthetic,True,1.0.0,1.0.0,2026-09-16T20:12:09.907988+00:00,42,schema_checked
1212,5,50,0.04,0.04,5,1,1.44228789549,1.51191722065,0.764076085409,6785.43987613,1754.98725867,synthetic,True,1.0.0,1.0.0,2026-09-16T20:12:09.907988+00:00,42,schema_checked
1213,5,50,0.04,0.06,-5,0,1.48348371104,2.07768335087,0.935486761585,8179.55559533,2148.69615552,synthetic,True,1.0.0,1.0.0,2026-09-16T20:12:09.907988+00:00,42,schema_checked
1214,5,50,0.04,0.06,-5,1,1.48348371104,1.55826251315,0.7670991445,6986.5108587,1761.93084752,synthetic,True,1.0.0,1.0.0,2026-09-16T20:12:09.907988+00:00,42,schema_checked
1215,5,50,0.04,0.06,0,0,1.51724043357,2.1249611065,0.927986761585,8365.68166236,2131.46959302,synthetic,True,1.0.0,1.0.0,2026-09-16T20:12:09.907988+00:00,42,schema_checked
1216,5,50,0.04,0.06,0,1,1.51724043357,1.59372082988,0.7609491445,7145.48915198,1747.80506627,synthetic,True,1.0.0,1.0.0,2026-09-16T20:12:09.907988+00:00,42,schema_checked
1217,5,50,0.04,0.06,5,0,1.48348371104,2.07768335087,0.935486761585,8179.55559533,2148.69615552,synthetic,True,1.0.0,1.0.0,2026-09-16T20:12:09.907988+00:00,42,schema_checked
1218,5,50,0.04,0.06,5,1,1.48348371104,1.55826251315,0.7670991445,6986.5108587,1761.93084752,synthetic,True,1.0.0,1.0.0,2026-09-16T20:12:09.907988+00:00,42,schema_checked
1219,5,50,0.04,0.085,-5,0,1.37816739305,1.91970887388,0.926061892074,7574.8095506,2127.04840836,synthetic,True,1.0.0,1.0.0,2026-09-16T20:12:09.907988+00:00,42,schema_checked
1220,5,50,0.04,0.085,-5,1,1.37816739305,1.43978165541,0.759370751501,6472.47672068,1744.17969485,synthetic,True,1.0.0,1.0.0,2026-09-16T20:12:09.907988+00:00,42,schema_checked
1221,5,50,0.04,0.085,0,0,1.40952763916,1.96339191489,0.918561892074,7747.17460071,2109.82184586,synthetic,True,1.0.0,1.0.0,2026-09-16T20:12:09.907988+00:00,42,schema_checked
1222,5,50,0.04,0.085,0,1,1.40952763916,1.47254393617,0.753220751501,6619.75814958,1730.0539136,synthetic,True,1.0.0,1.0.0,2026-09-16T20:12:09.907988+00:00,42,schema_checked
1223,5,50,0.04,0.085,5,0,1.37816739305,1.91970887388,0.926061892074,7574.8095506,2127.04840836,synthetic,True,1.0.0,1.0.0,2026-09-16T20:12:09.907988+00:00,42,schema_checked
1224,5,50,0.04,0.085,5,1,1.37816739305,1.43978165541,0.759370751501,6472.47672068,1744.17969485,synthetic,True,1.0.0,1.0.0,2026-09-16T20:12:09.907988+00:00,42,schema_checked
1225,5,50,0.055,0.04,-5,0,1.30240279342,1.80606197444,0.919281637327,7139.75501369,2111.47501074,synthetic,True,1.0.0,1.0.0,2026-09-16T20:12:09.907988+00:00,42,schema_checked
1226,5,50,0.055,0.04,-5,1,1.30240279342,1.35454648083,0.753810942608,6102.6803643,1731.4095088,synthetic,True,1.0.0,1.0.0,2026-09-16T20:12:09.907988+00:00,42,schema_checked
1227,5,50,0.055,0.04,0,0,1.33203901348,1.84715897637,0.911781637327,7302.22038295,2094.24844824,synthetic,True,1.0.0,1.0.0,2026-09-16T20:12:09.907988+00:00,42,schema_checked
1228,5,50,0.055,0.04,0,1,1.33203901348,1.38536923228,0.747660942608,6241.54706449,1717.28372755,synthetic,True,1.0.0,1.0.0,2026-09-16T20:12:09.907988+00:00,42,schema_checked
1229,5,50,0.055,0.04,5,0,1.30240279342,1.80606197444,0.919281637327,7139.75501369,2111.47501074,synthetic,True,1.0.0,1.0.0,2026-09-16T20:12:09.907988+00:00,42,schema_checked
1230,5,50,0.055,0.04,5,1,1.30240279342,1.35454648083,0.753810942608,6102.6803643,1731.4095088,synthetic,True,1.0.0,1.0.0,2026-09-16T20:12:09.907988+00:00,42,schema_checked
1231,5,50,0.055,0.06,-5,0,1.33003239313,1.847506374,0.921754239644,7298.40935576,2117.15426918,synthetic,True,1.0.0,1.0.0,2026-09-16T20:12:09.907988+00:00,42,schema_checked
1232,5,50,0.055,0.06,-5,1,1.33003239313,1.3856297805,0.755838476508,6237.53655506,1736.06650073,synthetic,True,1.0.0,1.0.0,2026-09-16T20:12:09.907988+00:00,42,schema_checked
1233,5,50,0.055,0.06,0,0,1.36029732568,1.88954644466,0.914254239644,7464.48490999,2099.92770668,synthetic,True,1.0.0,1.0.0,2026-09-16T20:12:09.907988+00:00,42,schema_checked
1234,5,50,0.055,0.06,0,1,1.36029732568,1.4171598335,0.749688476508,6379.47191247,1721.94071948,synthetic,True,1.0.0,1.0.0,2026-09-16T20:12:09.907988+00:00,42,schema_checked
1235,5,50,0.055,0.06,5,0,1.33003239313,1.847506374,0.921754239644,7298.40935576,2117.15426918,synthetic,True,1.0.0,1.0.0,2026-09-16T20:12:09.907988+00:00,42,schema_checked
1236,5,50,0.055,0.06,5,1,1.33003239313,1.3856297805,0.755838476508,6237.53655506,1736.06650073,synthetic,True,1.0.0,1.0.0,2026-09-16T20:12:09.907988+00:00,42,schema_checked
1237,5,50,0.055,0.085,-5,0,1.25939784762,1.74155455573,0.915433078906,6892.81255145,2102.63535311,synthetic,True,1.0.0,1.0.0,2026-09-16T20:12:09.907988+00:00,42,schema_checked
1238,5,50,0.055,0.085,-5,1,1.25939784762,1.3061659168,0.750655124703,5892.7792714,1724.16098955,synthetic,True,1.0.0,1.0.0,2026-09-16T20:12:09.907988+00:00,42,schema_checked
1239,5,50,0.055,0.085,0,0,1.28805548867,1.78118368915,0.907933078906,7049.65873654,2085.40879061,synthetic,True,1.0.0,1.0.0,2026-09-16T20:12:09.907988+00:00,42,schema_checked
1240,5,50,0.055,0.085,0,1,1.28805548867,1.33588776686,0.744505124703,6026.86966504,1710.0352083,synthetic,True,1.0.0,1.0.0,2026-09-16T20:12:09.907988+00:00,42,schema_checked
1241,5,50,0.055,0.085,5,0,1.25939784762,1.74155455573,0.915433078906,6892.81255145,2102.63535311,synthetic,True,1.0.0,1.0.0,2026-09-16T20:12:09.907988+00:00,42,schema_checked
1242,5,50,0.055,0.085,5,1,1.25939784762,1.3061659168,0.750655124703,5892.7792714,1724.16098955,synthetic,True,1.0.0,1.0.0,2026-09-16T20:12:09.907988+00:00,42,schema_checked
1243,5,70,0.025,0.04,-5,0,1.43629908203,2.00690640736,0.93126415886,15500.8807126,4192.43483517,synthetic,True,1.0.0,1.0.0,2026-09-16T20:12:09.907988+00:00,42,schema_checked
1244,5,70,0.025,0.04,-5,1,1.43629908203,1.50517980552,0.763636610265,13242.1702669,3437.79656484,synthetic,True,1.0.0,1.0.0,2026-09-16T20:12:09.907988+00:00,42,schema_checked
1245,5,70,0.025,0.04,0,0,1.46898211672,2.05257363122,0.92376415886,15853.6037827,4158.67077267,synthetic,True,1.0.0,1.0.0,2026-09-16T20:12:09.907988+00:00,42,schema_checked
1246,5,70,0.025,0.04,0,1,1.46898211672,1.53943022342,0.757486610265,13543.4963037,3410.11003359,synthetic,True,1.0.0,1.0.0,2026-09-16T20:12:09.907988+00:00,42,schema_checked
1247,5,70,0.025,0.04,5,0,1.43629908203,2.00690640736,0.93126415886,15500.8807126,4192.43483517,synthetic,True,1.0.0,1.0.0,2026-09-16T20:12:09.907988+00:00,42,schema_checked
1248,5,70,0.025,0.04,5,1,1.43629908203,1.50517980552,0.763636610265,13242.1702669,3437.79656484,synthetic,True,1.0.0,1.0.0,2026-09-16T20:12:09.907988+00:00,42,schema_checked
1249,5,70,0.025,0.06,-5,0,1.47691409567,2.06782892781,0.934898839705,15957.9899988,4208.797714,synthetic,True,1.0.0,1.0.0,2026-09-16T20:12:09.907988+00:00,42,schema_checked
1250,5,70,0.025,0.06,-5,1,1.47691409567,1.55087169586,0.766617048558,13630.7131602,3451.21412548,synthetic,True,1.0.0,1.0.0,2026-09-16T20:12:09.907988+00:00,42,schema_checked
1251,5,70,0.025,0.06,0,0,1.51052132637,2.11488244571,0.927398839705,16321.1146064,4175.0336515,synthetic,True,1.0.0,1.0.0,2026-09-16T20:12:09.907988+00:00,42,schema_checked
1252,5,70,0.025,0.06,0,1,1.51052132637,1.58616183428,0.760467048558,13940.8805039,3423.52759423,synthetic,True,1.0.0,1.0.0,2026-09-16T20:12:09.907988+00:00,42,schema_checked
1253,5,70,0.025,0.06,5,0,1.47691409567,2.06782892781,0.934898839705,15957.9899988,4208.797714,synthetic,True,1.0.0,1.0.0,2026-09-16T20:12:09.907988+00:00,42,schema_checked
1254,5,70,0.025,0.06,5,1,1.47691409567,1.55087169586,0.766617048558,13630.7131602,3451.21412548,synthetic,True,1.0.0,1.0.0,2026-09-16T20:12:09.907988+00:00,42,schema_checked
1255,5,70,0.025,0.085,-5,0,1.37308258673,1.91208166439,0.925606847339,14789.398813,4166.96632586,synthetic,True,1.0.0,1.0.0,2026-09-16T20:12:09.907988+00:00,42,schema_checked
1256,5,70,0.025,0.085,-5,1,1.37308258673,1.4340612483,0.758997614818,12637.4106523,3416.91238721,synthetic,True,1.0.0,1.0.0,2026-09-16T20:12:09.907988+00:00,42,schema_checked
1257,5,70,0.025,0.085,0,0,1.4043271279,1.95559114799,0.918106847339,15125.9320883,4133.20226336,synthetic,True,1.0.0,1.0.0,2026-09-16T20:12:09.907988+00:00,42,schema_checked
1258,5,70,0.025,0.085,0,1,1.4043271279,1.46669336099,0.752847614818,12924.9753634,3389.22585596,synthetic,True,1.0.0,1.0.0,2026-09-16T20:12:09.907988+00:00,42,schema_checked
1259,5,70,0.025,0.085,5,0,1.37308258673,1.91208166439,0.925606847339,14789.398813,4166.96632586,synthetic,True,1.0.0,1.0.0,2026-09-16T20:12:09.907988+00:00,42,schema_checked
1260,5,70,0.025,0.085,5,1,1.37308258673,1.4340612483,0.758997614818,12637.4106523,3416.91238721,synthetic,True,1.0.0,1.0.0,2026-09-16T20:12:09.907988+00:00,42,schema_checked
1261,5,70,0.04,0.04,-5,0,1.44228789549,2.01588962754,0.931800104157,15568.2829365,4194.8475939,synthetic,True,1.0.0,1.0.0,2026-09-16T20:12:09.907988+00:00,42,schema_checked
1262,5,70,0.04,0.04,-5,1,1.44228789549,1.51191722065,0.764076085409,13299.4621572,3439.775027,synthetic,True,1.0.0,1.0.0,2026-09-16T20:12:09.907988+00:00,42,schema_checked
1263,5,70,0.04,0.04,0,0,1.47510720582,2.06176126488,0.924300104157,15922.5397466,4161.0835314,synthetic,True,1.0.0,1.0.0,2026-09-16T20:12:09.907988+00:00,42,schema_checked
1264,5,70,0.04,0.04,0,1,1.47510720582,1.54632094866,0.757926085409,13602.091873,3412.08849575,synthetic,True,1.0.0,1.0.0,2026-09-16T20:12:09.907988+00:00,42,schema_checked
1265,5,70,0.04,0.04,5,0,1.44228789549,2.01588962754,0.931800104157,15568.2829365,4194.8475939,synthetic,True,1.0.0,1.0.0,2026-09-16T20:12:09.907988+00:00,42,schema_checked
1266,5,70,0.04,0.04,5,1,1.44228789549,1.51191722065,0.764076085409,13299.4621572,3439.775027,synthetic,True,1.0.0,1.0.0,2026-09-16T20:12:09.907988+00:00,42,schema_checked
1267,5,70,0.04,0.06,-5,0,1.48348371104,2.07768335087,0.935486761585,16031.9289669,4211.44446481,synthetic,True,1.0.0,1.0.0,2026-09-16T20:12:09.907988+00:00,42,schema_checked
1268,5,70,0.04,0.06,-5,1,1.48348371104,1.55826251315,0.7670991445,13693.5612831,3453.38446114,synthetic,True,1.0.0,1.0.0,2026-09-16T20:12:09.907988+00:00,42,schema_checked
1269,5,70,0.04,0.06,0,0,1.51724043357,2.1249611065,0.927986761585,16396.7360582,4177.68040231,synthetic,True,1.0.0,1.0.0,2026-09-16T20:12:09.907988+00:00,42,schema_checked
1270,5,70,0.04,0.06,0,1,1.51724043357,1.59372082988,0.7609491445,14005.1587379,3425.69792989,synthetic,True,1.0.0,1.0.0,2026-09-16T20:12:09.907988+00:00,42,schema_checked
1271,5,70,0.04,0.06,5,0,1.48348371104,2.07768335087,0.935486761585,16031.9289669,4211.44446481,synthetic,True,1.0.0,1.0.0,2026-09-16T20:12:09.907988+00:00,42,schema_checked
1272,5,70,0.04,0.06,5,1,1.48348371104,1.55826251315,0.7670991445,13693.5612831,3453.38446114,synthetic,True,1.0.0,1.0.0,2026-09-16T20:12:09.907988+00:00,42,schema_checked
1273,5,70,0.04,0.085,-5,0,1.37816739305,1.91970887388,0.926061892074,14846.6267192,4169.01488038,synthetic,True,1.0.0,1.0.0,2026-09-16T20:12:09.907988+00:00,42,schema_checked
1274,5,70,0.04,0.085,-5,1,1.37816739305,1.43978165541,0.759370751501,12686.0543725,3418.59220191,synthetic,True,1.0.0,1.0.0,2026-09-16T20:12:09.907988+00:00,42,schema_checked
1275,5,70,0.04,0.085,0,0,1.40952763916,1.96339191489,0.918561892074,15184.4622174,4135.25081788,synthetic,True,1.0.0,1.0.0,2026-09-16T20:12:09.907988+00:00,42,schema_checked
1276,5,70,0.04,0.085,0,1,1.40952763916,1.47254393617,0.753220751501,12974.7259732,3390.90567066,synthetic,True,1.0.0,1.0.0,2026-09-16T20:12:09.907988+00:00,42,schema_checked
1277,5,70,0.04,0.085,5,0,1.37816739305,1.91970887388,0.926061892074,14846.6267192,4169.01488038,synthetic,True,1.0.0,1.0.0,2026-09-16T20:12:09.907988+00:00,42,schema_checked
1278,5,70,0.04,0.085,5,1,1.37816739305,1.43978165541,0.759370751501,12686.0543725,3418.59220191,synthetic,True,1.0.0,1.0.0,2026-09-16T20:12:09.907988+00:00,42,schema_checked
1279,5,70,0.055,0.04,-5,0,1.30240279342,1.80606197444,0.919281637327,13993.9198268,4138.49102104,synthetic,True,1.0.0,1.0.0,2026-09-16T20:12:09.907988+00:00,42,schema_checked
1280,5,70,0.055,0.04,-5,1,1.30240279342,1.35454648083,0.753810942608,11961.253514,3393.56263726,synthetic,True,1.0.0,1.0.0,2026-09-16T20:12:09.907988+00:00,42,schema_checked
1281,5,70,0.055,0.04,0,0,1.33203901348,1.84715897637,0.911781637327,14312.3519506,4104.72695854,synthetic,True,1.0.0,1.0.0,2026-09-16T20:12:09.907988+00:00,42,schema_checked
1282,5,70,0.055,0.04,0,1,1.33203901348,1.38536923228,0.747660942608,12233.4322464,3365.87610601,synthetic,True,1.0.0,1.0.0,2026-09-16T20:12:09.907988+00:00,42,schema_checked
1283,5,70,0.055,0.04,5,0,1.30240279342,1.80606197444,0.919281637327,13993.9198268,4138.49102104,synthetic,True,1.0.0,1.0.0,2026-09-16T20:12:09.907988+00:00,42,schema_checked
1284,5,70,0.055,0.04,5,1,1.30240279342,1.35454648083,0.753810942608,11961.253514,3393.56263726,synthetic,True,1.0.0,1.0.0,2026-09-16T20:12:09.907988+00:00,42,schema_checked
1285,5,70,0.055,0.06,-5,0,1.33003239313,1.847506374,0.921754239644,14304.8823373,4149.6223676,synthetic,True,1.0.0,1.0.0,2026-09-16T20:12:09.907988+00:00,42,schema_checked
1286,5,70,0.055,0.06,-5,1,1.33003239313,1.3856297805,0.755838476508,12225.5716479,3402.69034143,synthetic,True,1.0.0,1.0.0,2026-09-16T20:12:09.907988+00:00,42,schema_checked
1287,5,70,0.055,0.06,0,0,1.36029732568,1.88954644466,0.914254239644,14630.3904236,4115.8583051,synthetic,True,1.0.0,1.0.0,2026-09-16T20:12:09.907988+00:00,42,schema_checked
1288,5,70,0.055,0.06,0,1,1.36029732568,1.4171598335,0.749688476508,12503.7649484,3375.00381018,synthetic,True,1.0.0,1.0.0,2026-09-16T20:12:09.907988+00:00,42,schema_checked
1289,5,70,0.055,0.06,5,0,1.33003239313,1.847506374,0.921754239644,14304.8823373,4149.6223676,synthetic,True,1.0.0,1.0.0,2026-09-16T20:12:09.907988+00:00,42,schema_checked
1290,5,70,0.055,0.06,5,1,1.33003239313,1.3856297805,0.755838476508,12225.5716479,3402.69034143,synthetic,True,1.0.0,1.0.0,2026-09-16T20:12:09.907988+00:00,42,schema_checked
1291,5,70,0.055,0.085,-5,0,1.25939784762,1.74155455573,0.915433078906,13509.9126008,4121.1652921,synthetic,True,1.0.0,1.0.0,2026-09-16T20:12:09.907988+00:00,42,schema_checked
1292,5,70,0.055,0.085,-5,1,1.25939784762,1.3061659168,0.750655124703,11549.8473719,3379.35553952,synthetic,True,1.0.0,1.0.0,2026-09-16T20:12:09.907988+00:00,42,schema_checked
1293,5,70,0.055,0.085,0,0,1.28805548867,1.78118368915,0.907933078906,13817.3311236,4087.4012296,synthetic,True,1.0.0,1.0.0,2026-09-16T20:12:09.907988+00:00,42,schema_checked
1294,5,70,0.055,0.085,0,1,1.28805548867,1.33588776686,0.744505124703,11812.6645435,3351.66900827,synthetic,True,1.0.0,1.0.0,2026-09-16T20:12:09.907988+00:00,42,schema_checked
1295,5,70,0.055,0.085,5,0,1.25939784762,1.74155455573,0.915433078906,13509.9126008,4121.1652921,synthetic,True,1.0.0,1.0.0,2026-09-16T20:12:09.907988+00:00,42,schema_checked
1296,5,70,0.055,0.085,5,1,1.25939784762,1.3061659168,0.750655124703,11549.8473719,3379.35553952,synthetic,True,1.0.0,1.0.0,2026-09-16T20:12:09.907988+00:00,42,schema_checked
1297,5,90,0.025,0.04,-5,0,1.43629908203,2.00690640736,0.93126415886,25623.9048514,6930.35146222,synthetic,True,1.0.0,1.0.0,2026-09-16T20:12:09.907988+00:00,42,schema_checked
1298,5,90,0.025,0.04,-5,1,1.43629908203,1.50517980552,0.763636610265,21890.1181963,5682.88819902,synthetic,True,1.0.0,1.0.0,2026-09-16T20:12:09.907988+00:00,42,schema_checked
1299,5,90,0.025,0.04,0,0,1.46898211672,2.05257363122,0.92376415886,26206.9776817,6874.53739972,synthetic,True,1.0.0,1.0.0,2026-09-16T20:12:09.907988+00:00,42,schema_checked
1300,5,90,0.025,0.04,0,1,1.46898211672,1.53943022342,0.757486610265,22388.2285837,5637.12066777,synthetic,True,1.0.0,1.0.0,2026-09-16T20:12:09.907988+00:00,42,schema_checked
1301,5,90,0.025,0.04,5,0,1.43629908203,2.00690640736,0.93126415886,25623.9048514,6930.35146222,synthetic,True,1.0.0,1.0.0,2026-09-16T20:12:09.907988+00:00,42,schema_checked
1302,5,90,0.025,0.04,5,1,1.43629908203,1.50517980552,0.763636610265,21890.1181963,5682.88819902,synthetic,True,1.0.0,1.0.0,2026-09-16T20:12:09.907988+00:00,42,schema_checked
1303,5,90,0.025,0.06,-5,0,1.47691409567,2.06782892781,0.934898839705,26379.5344879,6957.40030273,synthetic,True,1.0.0,1.0.0,2026-09-16T20:12:09.907988+00:00,42,schema_checked
1304,5,90,0.025,0.06,-5,1,1.47691409567,1.55087169586,0.766617048558,22532.4033873,5705.06824824,synthetic,True,1.0.0,1.0.0,2026-09-16T20:12:09.907988+00:00,42,schema_checked
1305,5,90,0.025,0.06,0,0,1.51052132637,2.11488244571,0.927398839705,26979.8016964,6901.58624023,synthetic,True,1.0.0,1.0.0,2026-09-16T20:12:09.907988+00:00,42,schema_checked
1306,5,90,0.025,0.06,0,1,1.51052132637,1.58616183428,0.760467048558,23045.1289962,5659.30071699,synthetic,True,1.0.0,1.0.0,2026-09-16T20:12:09.907988+00:00,42,schema_checked
1307,5,90,0.025,0.06,5,0,1.47691409567,2.06782892781,0.934898839705,26379.5344879,6957.40030273,synthetic,True,1.0.0,1.0.0,2026-09-16T20:12:09.907988+00:00,42,schema_checked
1308,5,90,0.025,0.06,5,1,1.47691409567,1.55087169586,0.766617048558,22532.4033873,5705.06824824,synthetic,True,1.0.0,1.0.0,2026-09-16T20:12:09.907988+00:00,42,schema_checked
1309,5,90,0.025,0.085,-5,0,1.37308258673,1.91208166439,0.925606847339,24447.7817113,6888.25045704,synthetic,True,1.0.0,1.0.0,2026-09-16T20:12:09.907988+00:00,42,schema_checked
1310,5,90,0.025,0.085,-5,1,1.37308258673,1.4340612483,0.758997614818,20890.4135272,5648.36537477,synthetic,True,1.0.0,1.0.0,2026-09-16T20:12:09.907988+00:00,42,schema_checked
1311,5,90,0.025,0.085,0,0,1.4043271279,1.95559114799,0.918106847339,25004.0918194,6832.43639454,synthetic,True,1.0.0,1.0.0,2026-09-16T20:12:09.907988+00:00,42,schema_checked
1312,5,90,0.025,0.085,0,1,1.4043271279,1.46669336099,0.752847614818,21365.7756008,5602.59784352,synthetic,True,1.0.0,1.0.0,2026-09-16T20:12:09.907988+00:00,42,schema_checked
1313,5,90,0.025,0.085,5,0,1.37308258673,1.91208166439,0.925606847339,24447.7817113,6888.25045704,synthetic,True,1.0.0,1.0.0,2026-09-16T20:12:09.907988+00:00,42,schema_checked
1314,5,90,0.025,0.085,5,1,1.37308258673,1.4340612483,0.758997614818,20890.4135272,5648.36537477,synthetic,True,1.0.0,1.0.0,2026-09-16T20:12:09.907988+00:00,42,schema_checked
1315,5,90,0.04,0.04,-5,0,1.44228789549,2.01588962754,0.931800104157,25735.3248542,6934.33990012,synthetic,True,1.0.0,1.0.0,2026-09-16T20:12:09.907988+00:00,42,schema_checked
1316,5,90,0.04,0.04,-5,1,1.44228789549,1.51191722065,0.764076085409,21984.8251987,5686.1587181,synthetic,True,1.0.0,1.0.0,2026-09-16T20:12:09.907988+00:00,42,schema_checked
1317,5,90,0.04,0.04,0,0,1.47510720582,2.06176126488,0.924300104157,26320.9330504,6878.52583762,synthetic,True,1.0.0,1.0.0,2026-09-16T20:12:09.907988+00:00,42,schema_checked
1318,5,90,0.04,0.04,0,1,1.47510720582,1.54632094866,0.757926085409,22485.0906472,5640.39118685,synthetic,True,1.0.0,1.0.0,2026-09-16T20:12:09.907988+00:00,42,schema_checked
1319,5,90,0.04,0.04,5,0,1.44228789549,2.01588962754,0.931800104157,25735.3248542,6934.33990012,synthetic,True,1.0.0,1.0.0,2026-09-16T20:12:09.907988+00:00,42,schema_checked
1320,5,90,0.04,0.04,5,1,1.44228789549,1.51191722065,0.764076085409,21984.8251987,5686.1587181,synthetic,True,1.0.0,1.0.0,2026-09-16T20:12:09.907988+00:00,42,schema_checked
1321,5,90,0.04,0.06,-5,0,1.48348371104,2.07768335087,0.935486761585,26501.7601289,6961.77554387,synthetic,True,1.0.0,1.0.0,2026-09-16T20:12:09.907988+00:00,42,schema_checked
1322,5,90,0.04,0.06,-5,1,1.48348371104,1.55826251315,0.7670991445,22636.2951822,5708.65594597,synthetic,True,1.0.0,1.0.0,2026-09-16T20:12:09.907988+00:00,42,schema_checked
1323,5,90,0.04,0.06,0,0,1.51724043357,2.1249611065,0.927986761585,27104.808586,6905.96148137,synthetic,True,1.0.0,1.0.0,2026-09-16T20:12:09.907988+00:00,42,schema_checked
1324,5,90,0.04,0.06,0,1,1.51724043357,1.59372082988,0.7609491445,23151.3848524,5662.88841472,synthetic,True,1.0.0,1.0.0,2026-09-16T20:12:09.907988+00:00,42,schema_checked
1325,5,90,0.04,0.06,5,0,1.48348371104,2.07768335087,0.935486761585,26501.7601289,6961.77554387,synthetic,True,1.0.0,1.0.0,2026-09-16T20:12:09.907988+00:00,42,schema_checked
1326,5,90,0.04,0.06,5,1,1.48348371104,1.55826251315,0.7670991445,22636.2951822,5708.65594597,synthetic,True,1.0.0,1.0.0,2026-09-16T20:12:09.907988+00:00,42,schema_checked
1327,5,90,0.04,0.085,-5,0,1.37816739305,1.91970887388,0.926061892074,24542.3829439,6891.63684308,synthetic,True,1.0.0,1.0.0,2026-09-16T20:12:09.907988+00:00,42,schema_checked
1328,5,90,0.04,0.085,-5,1,1.37816739305,1.43978165541,0.759370751501,20970.824575,5651.14221133,synthetic,True,1.0.0,1.0.0,2026-09-16T20:12:09.907988+00:00,42,schema_checked
1329,5,90,0.04,0.085,0,0,1.40952763916,1.96339191489,0.918561892074,25100.8457063,6835.82278058,synthetic,True,1.0.0,1.0.0,2026-09-16T20:12:09.907988+00:00,42,schema_checked
1330,5,90,0.04,0.085,0,1,1.40952763916,1.47254393617,0.753220751501,21448.0164047,5605.37468008,synthetic,True,1.0.0,1.0.0,2026-09-16T20:12:09.907988+00:00,42,schema_checked
1331,5,90,0.04,0.085,5,0,1.37816739305,1.91970887388,0.926061892074,24542.3829439,6891.63684308,synthetic,True,1.0.0,1.0.0,2026-09-16T20:12:09.907988+00:00,42,schema_checked
1332,5,90,0.04,0.085,5,1,1.37816739305,1.43978165541,0.759370751501,20970.824575,5651.14221133,synthetic,True,1.0.0,1.0.0,2026-09-16T20:12:09.907988+00:00,42,schema_checked
1333,5,90,0.055,0.04,-5,0,1.30240279342,1.80606197444,0.919281637327,23132.8062443,6841.17903479,synthetic,True,1.0.0,1.0.0,2026-09-16T20:12:09.907988+00:00,42,schema_checked
1334,5,90,0.055,0.04,-5,1,1.30240279342,1.35454648083,0.753810942608,19772.6843803,5609.76680852,synthetic,True,1.0.0,1.0.0,2026-09-16T20:12:09.907988+00:00,42,schema_checked
1335,5,90,0.055,0.04,0,0,1.33203901348,1.84715897637,0.911781637327,23659.1940408,6785.36497229,synthetic,True,1.0.0,1.0.0,2026-09-16T20:12:09.907988+00:00,42,schema_checked
1336,5,90,0.055,0.04,0,1,1.33203901348,1.38536923228,0.747660942608,20222.6124889,5563.99927727,synthetic,True,1.0.0,1.0.0,2026-09-16T20:12:09.907988+00:00,42,schema_checked
1337,5,90,0.055,0.04,5,0,1.30240279342,1.80606197444,0.919281637327,23132.8062443,6841.17903479,synthetic,True,1.0.0,1.0.0,2026-09-16T20:12:09.907988+00:00,42,schema_checked
1338,5,90,0.055,0.04,5,1,1.30240279342,1.35454648083,0.753810942608,19772.6843803,5609.76680852,synthetic,True,1.0.0,1.0.0,2026-09-16T20:12:09.907988+00:00,42,schema_checked
1339,5,90,0.055,0.06,-5,0,1.33003239313,1.847506374,0.921754239644,23646.8463127,6859.57983215,synthetic,True,1.0.0,1.0.0,2026-09-16T20:12:09.907988+00:00,42,schema_checked
1340,5,90,0.055,0.06,-5,1,1.33003239313,1.3856297805,0.755838476508,20209.6184384,5624.85546237,synthetic,True,1.0.0,1.0.0,2026-09-16T20:12:09.907988+00:00,42,schema_checked
1341,5,90,0.055,0.06,0,0,1.36029732568,1.88954644466,0.914254239644,24184.9311084,6803.76576965,synthetic,True,1.0.0,1.0.0,2026-09-16T20:12:09.907988+00:00,42,schema_checked
1342,5,90,0.055,0.06,0,1,1.36029732568,1.4171598335,0.749688476508,20669.4889964,5579.08793112,synthetic,True,1.0.0,1.0.0,2026-09-16T20:12:09.907988+00:00,42,schema_checked
1343,5,90,0.055,0.06,5,0,1.33003239313,1.847506374,0.921754239644,23646.8463127,6859.57983215,synthetic,True,1.0.0,1.0.0,2026-09-16T20:12:09.907988+00:00,42,schema_checked
1344,5,90,0.055,0.06,5,1,1.33003239313,1.3856297805,0.755838476508,20209.6184384,5624.85546237,synthetic,True,1.0.0,1.0.0,2026-09-16T20:12:09.907988+00:00,42,schema_checked
1345,5,90,0.055,0.085,-5,0,1.25939784762,1.74155455573,0.915433078906,22332.7126667,6812.53854408,synthetic,True,1.0.0,1.0.0,2026-09-16T20:12:09.907988+00:00,42,schema_checked
1346,5,90,0.055,0.085,-5,1,1.25939784762,1.3061659168,0.750655124703,19092.6048393,5586.28160615,synthetic,True,1.0.0,1.0.0,2026-09-16T20:12:09.907988+00:00,42,schema_checked
1347,5,90,0.055,0.085,0,0,1.28805548867,1.78118368915,0.907933078906,22840.8943064,6756.72448158,synthetic,True,1.0.0,1.0.0,2026-09-16T20:12:09.907988+00:00,42,schema_checked
1348,5,90,0.055,0.085,0,1,1.28805548867,1.33588776686,0.744505124703,19527.0577147,5540.5140749,synthetic,True,1.0.0,1.0.0,2026-09-16T20:12:09.907988+00:00,42,schema_checked
1349,5,90,0.055,0.085,5,0,1.25939784762,1.74155455573,0.915433078906,22332.7126667,6812.53854408,synthetic,True,1.0.0,1.0.0,2026-09-16T20:12:09.907988+00:00,42,schema_checked
1350,5,90,0.055,0.085,5,1,1.25939784762,1.3061659168,0.750655124703,19092.6048393,5586.28160615,synthetic,True,1.0.0,1.0.0,2026-09-16T20:12:09.907988+00:00,42,schema_checked
1351,6,0,0.025,0.04,-5,0,1.4101108952,1.6388452504,0.635029375735,0,0,synthetic,True,1.0.0,1.0.0,2026-09-16T20:12:09.907988+00:00,42,schema_checked
1352,6,0,0.025,0.04,-5,1,1.4101108952,1.2291339378,0.520724088103,0,0,synthetic,True,1.0.0,1.0.0,2026-09-16T20:12:09.907988+00:00,42,schema_checked
1353,6,0,0.025,0.04,0,0,1.4421980168,1.67613723007,0.627529375735,0,0,synthetic,True,1.0.0,1.0.0,2026-09-16T20:12:09.907988+00:00,42,schema_checked
1354,6,0,0.025,0.04,0,1,1.4421980168,1.25710292255,0.514574088103,0,0,synthetic,True,1.0.0,1.0.0,2026-09-16T20:12:09.907988+00:00,42,schema_checked
1355,6,0,0.025,0.04,5,0,1.4101108952,1.6388452504,0.635029375735,0,0,synthetic,True,1.0.0,1.0.0,2026-09-16T20:12:09.907988+00:00,42,schema_checked
1356,6,0,0.025,0.04,5,1,1.4101108952,1.2291339378,0.520724088103,0,0,synthetic,True,1.0.0,1.0.0,2026-09-16T20:12:09.907988+00:00,42,schema_checked
1357,6,0,0.025,0.06,-5,0,1.45072590884,1.69976777086,0.63866405658,0,0,synthetic,True,1.0.0,1.0.0,2026-09-16T20:12:09.907988+00:00,42,schema_checked
1358,6,0,0.025,0.06,-5,1,1.45072590884,1.27482582814,0.523704526396,0,0,synthetic,True,1.0.0,1.0.0,2026-09-16T20:12:09.907988+00:00,42,schema_checked
1359,6,0,0.025,0.06,0,0,1.48373722646,1.73844604455,0.63116405658,0,0,synthetic,True,1.0.0,1.0.0,2026-09-16T20:12:09.907988+00:00,42,schema_checked
1360,6,0,0.025,0.06,0,1,1.48373722646,1.30383453342,0.517554526396,0,0,synthetic,True,1.0.0,1.0.0,2026-09-16T20:12:09.907988+00:00,42,schema_checked
1361,6,0,0.025,0.06,5,0,1.45072590884,1.69976777086,0.63866405658,0,0,synthetic,True,1.0.0,1.0.0,2026-09-16T20:12:09.907988+00:00,42,schema_checked
1362,6,0,0.025,0.06,5,1,1.45072590884,1.27482582814,0.523704526396,0,0,synthetic,True,1.0.0,1.0.0,2026-09-16T20:12:09.907988+00:00,42,schema_checked
1363,6,0,0.025,0.085,-5,0,1.34689439989,1.54402050744,0.629372064213,0,0,synthetic,True,1.0.0,1.0.0,2026-09-16T20:12:09.907988+00:00,42,schema_checked
1364,6,0,0.025,0.085,-5,1,1.34689439989,1.15801538058,0.516085092655,0,0,synthetic,True,1.0.0,1.0.0,2026-09-16T20:12:09.907988+00:00,42,schema_checked
1365,6,0,0.025,0.085,0,0,1.37754302798,1.57915474684,0.621872064213,0,0,synthetic,True,1.0.0,1.0.0,2026-09-16T20:12:09.907988+00:00,42,schema_checked
1366,6,0,0.025,0.085,0,1,1.37754302798,1.18436606013,0.509935092655,0,0,synthetic,True,1.0.0,1.0.0,2026-09-16T20:12:09.907988+00:00,42,schema_checked
1367,6,0,0.025,0.085,5,0,1.34689439989,1.54402050744,0.629372064213,0,0,synthetic,True,1.0.0,1.0.0,2026-09-16T20:12:09.907988+00:00,42,schema_checked
1368,6,0,0.025,0.085,5,1,1.34689439989,1.15801538058,0.516085092655,0,0,synthetic,True,1.0.0,1.0.0,2026-09-16T20:12:09.907988+00:00,42,schema_checked
1369,6,0,0.04,0.04,-5,0,1.41609970865,1.64782847058,0.635565321032,0,0,synthetic,True,1.0.0,1.0.0,2026-09-16T20:12:09.907988+00:00,42,schema_checked
1370,6,0,0.04,0.04,-5,1,1.41609970865,1.23587135294,0.521163563246,0,0,synthetic,True,1.0.0,1.0.0,2026-09-16T20:12:09.907988+00:00,42,schema_checked
1371,6,0,0.04,0.04,0,0,1.4483231059,1.68532486373,0.628065321032,0,0,synthetic,True,1.0.0,1.0.0,2026-09-16T20:12:09.907988+00:00,42,schema_checked
1372,6,0,0.04,0.04,0,1,1.4483231059,1.2639936478,0.515013563246,0,0,synthetic,True,1.0.0,1.0.0,2026-09-16T20:12:09.907988+00:00,42,schema_checked
1373,6,0,0.04,0.04,5,0,1.41609970865,1.64782847058,0.635565321032,0,0,synthetic,True,1.0.0,1.0.0,2026-09-16T20:12:09.907988+00:00,42,schema_checked
1374,6,0,0.04,0.04,5,1,1.41609970865,1.23587135294,0.521163563246,0,0,synthetic,True,1.0.0,1.0.0,2026-09-16T20:12:09.907988+00:00,42,schema_checked
1375,6,0,0.04,0.06,-5,0,1.45729552421,1.70962219392,0.63925197846,0,0,synthetic,True,1.0.0,1.0.0,2026-09-16T20:12:09.907988+00:00,42,schema_checked
1376,6,0,0.04,0.06,-5,1,1.45729552421,1.28221664544,0.524186622337,0,0,synthetic,True,1.0.0,1.0.0,2026-09-16T20:12:09.907988+00:00,42,schema_checked
1377,6,0,0.04,0.06,0,0,1.49045633365,1.74852470535,0.63175197846,0,0,synthetic,True,1.0.0,1.0.0,2026-09-16T20:12:09.907988+00:00,42,schema_checked
1378,6,0,0.04,0.06,0,1,1.49045633365,1.31139352901,0.518036622337,0,0,synthetic,True,1.0.0,1.0.0,2026-09-16T20:12:09.907988+00:00,42,schema_checked
1379,6,0,0.04,0.06,5,0,1.45729552421,1.70962219392,0.63925197846,0,0,synthetic,True,1.0.0,1.0.0,2026-09-16T20:12:09.907988+00:00,42,schema_checked
1380,6,0,0.04,0.06,5,1,1.45729552421,1.28221664544,0.524186622337,0,0,synthetic,True,1.0.0,1.0.0,2026-09-16T20:12:09.907988+00:00,42,schema_checked
1381,6,0,0.04,0.085,-5,0,1.35197920622,1.55164771692,0.629827108949,0,0,synthetic,True,1.0.0,1.0.0,2026-09-16T20:12:09.907988+00:00,42,schema_checked
1382,6,0,0.04,0.085,-5,1,1.35197920622,1.16373578769,0.516458229338,0,0,synthetic,True,1.0.0,1.0.0,2026-09-16T20:12:09.907988+00:00,42,schema_checked
1383,6,0,0.04,0.085,0,0,1.38274353924,1.58695551373,0.622327108949,0,0,synthetic,True,1.0.0,1.0.0,2026-09-16T20:12:09.907988+00:00,42,schema_checked
1384,6,0,0.04,0.085,0,1,1.38274353924,1.1902166353,0.510308229338,0,0,synthetic,True,1.0.0,1.0.0,2026-09-16T20:12:09.907988+00:00,42,schema_checked
1385,6,0,0.04,0.085,5,0,1.35197920622,1.55164771692,0.629827108949,0,0,synthetic,True,1.0.0,1.0.0,2026-09-16T20:12:09.907988+00:00,42,schema_checked
1386,6,0,0.04,0.085,5,1,1.35197920622,1.16373578769,0.516458229338,0,0,synthetic,True,1.0.0,1.0.0,2026-09-16T20:12:09.907988+00:00,42,schema_checked
1387,6,0,0.055,0.04,-5,0,1.27621460659,1.43800081749,0.623046854202,0,0,synthetic,True,1.0.0,1.0.0,2026-09-16T20:12:09.907988+00:00,42,schema_checked
1388,6,0,0.055,0.04,-5,1,1.27621460659,1.07850061312,0.510898420446,0,0,synthetic,True,1.0.0,1.0.0,2026-09-16T20:12:09.907988+00:00,42,schema_checked
1389,6,0,0.055,0.04,0,0,1.30525491356,1.47072257522,0.615546854202,0,0,synthetic,True,1.0.0,1.0.0,2026-09-16T20:12:09.907988+00:00,42,schema_checked
1390,6,0,0.055,0.04,0,1,1.30525491356,1.10304193141,0.504748420446,0,0,synthetic,True,1.0.0,1.0.0,2026-09-16T20:12:09.907988+00:00,42,schema_checked
1391,6,0,0.055,0.04,5,0,1.27621460659,1.43800081749,0.623046854202,0,0,synthetic,True,1.0.0,1.0.0,2026-09-16T20:12:09.907988+00:00,42,schema_checked
1392,6,0,0.055,0.04,5,1,1.27621460659,1.07850061312,0.510898420446,0,0,synthetic,True,1.0.0,1.0.0,2026-09-16T20:12:09.907988+00:00,42,schema_checked
1393,6,0,0.055,0.06,-5,0,1.3038442063,1.47944521705,0.625519456519,0,0,synthetic,True,1.0.0,1.0.0,2026-09-16T20:12:09.907988+00:00,42,schema_checked
1394,6,0,0.055,0.06,-5,1,1.3038442063,1.10958391279,0.512925954345,0,0,synthetic,True,1.0.0,1.0.0,2026-09-16T20:12:09.907988+00:00,42,schema_checked
1395,6,0,0.055,0.06,0,0,1.33351322576,1.51311004351,0.618019456519,0,0,synthetic,True,1.0.0,1.0.0,2026-09-16T20:12:09.907988+00:00,42,schema_checked
1396,6,0,0.055,0.06,0,1,1.33351322576,1.13483253263,0.506775954345,0,0,synthetic,True,1.0.0,1.0.0,2026-09-16T20:12:09.907988+00:00,42,schema_checked
1397,6,0,0.055,0.06,5,0,1.3038442063,1.47944521705,0.625519456519,0,0,synthetic,True,1.0.0,1.0.0,2026-09-16T20:12:09.907988+00:00,42,schema_checked
1398,6,0,0.055,0.06,5,1,1.3038442063,1.10958391279,0.512925954345,0,0,synthetic,True,1.0.0,1.0.0,2026-09-16T20:12:09.907988+00:00,42,schema_checked
1399,6,0,0.055,0.085,-5,0,1.23320966079,1.37349339878,0.619198295781,0,0,synthetic,True,1.0.0,1.0.0,2026-09-16T20:12:09.907988+00:00,42,schema_checked
1400,6,0,0.055,0.085,-5,1,1.23320966079,1.03012004908,0.50774260254,0,0,synthetic,True,1.0.0,1.0.0,2026-09-16T20:12:09.907988+00:00,42,schema_checked
1401,6,0,0.055,0.085,0,0,1.26127138875,1.40474728799,0.611698295781,0,0,synthetic,True,1.0.0,1.0.0,2026-09-16T20:12:09.907988+00:00,42,schema_checked
1402,6,0,0.055,0.085,0,1,1.26127138875,1.05356046599,0.50159260254,0,0,synthetic,True,1.0.0,1.0.0,2026-09-16T20:12:09.907988+00:00,42,schema_checked
1403,6,0,0.055,0.085,5,0,1.23320966079,1.37349339878,0.619198295781,0,0,synthetic,True,1.0.0,1.0.0,2026-09-16T20:12:09.907988+00:00,42,schema_checked
1404,6,0,0.055,0.085,5,1,1.23320966079,1.03012004908,0.50774260254,0,0,synthetic,True,1.0.0,1.0.0,2026-09-16T20:12:09.907988+00:00,42,schema_checked
1405,6,30,0.025,0.04,-5,0,1.4101108952,1.6388452504,0.635029375735,2521.1056129,525.089915061,synthetic,True,1.0.0,1.0.0,2026-09-16T20:12:09.907988+00:00,42,schema_checked
1406,6,30,0.025,0.04,-5,1,1.4101108952,1.2291339378,0.520724088103,2182.32557129,430.57373035,synthetic,True,1.0.0,1.0.0,2026-09-16T20:12:09.907988+00:00,42,schema_checked
1407,6,30,0.025,0.04,0,0,1.4421980168,1.67613723007,0.627529375735,2578.47345725,518.888352561,synthetic,True,1.0.0,1.0.0,2026-09-16T20:12:09.907988+00:00,42,schema_checked
1408,6,30,0.025,0.04,0,1,1.4421980168,1.25710292255,0.514574088103,2231.98446422,425.4884491,synthetic,True,1.0.0,1.0.0,2026-09-16T20:12:09.907988+00:00,42,schema_checked
1409,6,30,0.025,0.04,5,0,1.4101108952,1.6388452504,0.635029375735,2521.1056129,525.089915061,synthetic,True,1.0.0,1.0.0,2026-09-16T20:12:09.907988+00:00,42,schema_checked
1410,6,30,0.025,0.04,5,1,1.4101108952,1.2291339378,0.520724088103,2182.32557129,430.57373035,synthetic,True,1.0.0,1.0.0,2026-09-16T20:12:09.907988+00:00,42,schema_checked
1411,6,30,0.025,0.06,-5,0,1.45072590884,1.69976777086,0.63866405658,2605.0644614,528.095341784,synthetic,True,1.0.0,1.0.0,2026-09-16T20:12:09.907988+00:00,42,schema_checked
1412,6,30,0.025,0.06,-5,1,1.45072590884,1.27482582814,0.523704526396,2253.69059251,433.038180263,synthetic,True,1.0.0,1.0.0,2026-09-16T20:12:09.907988+00:00,42,schema_checked
1413,6,30,0.025,0.06,0,0,1.48373722646,1.73844604455,0.63116405658,2664.34279222,521.893779284,synthetic,True,1.0.0,1.0.0,2026-09-16T20:12:09.907988+00:00,42,schema_checked
1414,6,30,0.025,0.06,0,1,1.48373722646,1.30383453342,0.517554526396,2304.97339894,427.952899013,synthetic,True,1.0.0,1.0.0,2026-09-16T20:12:09.907988+00:00,42,schema_checked
1415,6,30,0.025,0.06,5,0,1.45072590884,1.69976777086,0.63866405658,2605.0644614,528.095341784,synthetic,True,1.0.0,1.0.0,2026-09-16T20:12:09.907988+00:00,42,schema_checked
1416,6,30,0.025,0.06,5,1,1.45072590884,1.27482582814,0.523704526396,2253.69059251,433.038180263,synthetic,True,1.0.0,1.0.0,2026-09-16T20:12:09.907988+00:00,42,schema_checked
1417,6,30,0.025,0.085,-5,0,1.34689439989,1.54402050744,0.629372064213,2390.425264,520.412025596,synthetic,True,1.0.0,1.0.0,2026-09-16T20:12:09.907988+00:00,42,schema_checked
1418,6,30,0.025,0.085,-5,1,1.34689439989,1.15801538058,0.516085092655,2071.24727473,426.737860989,synthetic,True,1.0.0,1.0.0,2026-09-16T20:12:09.907988+00:00,42,schema_checked
1419,6,30,0.025,0.085,0,0,1.37754302798,1.57915474684,0.621872064213,2444.81947255,514.210463096,synthetic,True,1.0.0,1.0.0,2026-09-16T20:12:09.907988+00:00,42,schema_checked
1420,6,30,0.025,0.085,0,1,1.37754302798,1.18436606013,0.509935092655,2118.37857723,421.652579739,synthetic,True,1.0.0,1.0.0,2026-09-16T20:12:09.907988+00:00,42,schema_checked
1421,6,30,0.025,0.085,5,0,1.34689439989,1.54402050744,0.629372064213,2390.425264,520.412025596,synthetic,True,1.0.0,1.0.0,2026-09-16T20:12:09.907988+00:00,42,schema_checked
1422,6,30,0.025,0.085,5,1,1.34689439989,1.15801538058,0.516085092655,2071.24727473,426.737860989,synthetic,True,1.0.0,1.0.0,2026-09-16T20:12:09.907988+00:00,42,schema_checked
1423,6,30,0.04,0.04,-5,0,1.41609970865,1.64782847058,0.635565321032,2533.48561321,525.533074828,synthetic,True,1.0.0,1.0.0,2026-09-16T20:12:09.907988+00:00,42,schema_checked
1424,6,30,0.04,0.04,-5,1,1.41609970865,1.23587135294,0.521163563246,2192.84857155,430.937121359,synthetic,True,1.0.0,1.0.0,2026-09-16T20:12:09.907988+00:00,42,schema_checked
1425,6,30,0.04,0.04,0,0,1.4483231059,1.68532486373,0.628065321032,2591.13516489,519.331512328,synthetic,True,1.0.0,1.0.0,2026-09-16T20:12:09.907988+00:00,42,schema_checked
1426,6,30,0.04,0.04,0,1,1.4483231059,1.2639936478,0.515013563246,2242.74691572,425.851840109,synthetic,True,1.0.0,1.0.0,2026-09-16T20:12:09.907988+00:00,42,schema_checked
1427,6,30,0.04,0.04,5,0,1.41609970865,1.64782847058,0.635565321032,2533.48561321,525.533074828,synthetic,True,1.0.0,1.0.0,2026-09-16T20:12:09.907988+00:00,42,schema_checked
1428,6,30,0.04,0.04,5,1,1.41609970865,1.23587135294,0.521163563246,2192.84857155,430.937121359,synthetic,True,1.0.0,1.0.0,2026-09-16T20:12:09.907988+00:00,42,schema_checked
1429,6,30,0.04,0.06,-5,0,1.45729552421,1.70962219392,0.63925197846,2618.64508818,528.581479689,synthetic,True,1.0.0,1.0.0,2026-09-16T20:12:09.907988+00:00,42,schema_checked
1430,6,30,0.04,0.06,-5,1,1.45729552421,1.28221664544,0.524186622337,2265.23412528,433.436813345,synthetic,True,1.0.0,1.0.0,2026-09-16T20:12:09.907988+00:00,42,schema_checked
1431,6,30,0.04,0.06,0,0,1.49045633365,1.74852470535,0.63175197846,2678.23244662,522.379917189,synthetic,True,1.0.0,1.0.0,2026-09-16T20:12:09.907988+00:00,42,schema_checked
1432,6,30,0.04,0.06,0,1,1.49045633365,1.31139352901,0.518036622337,2316.77960519,428.351532095,synthetic,True,1.0.0,1.0.0,2026-09-16T20:12:09.907988+00:00,42,schema_checked
1433,6,30,0.04,0.06,5,0,1.45729552421,1.70962219392,0.63925197846,2618.64508818,528.581479689,synthetic,True,1.0.0,1.0.0,2026-09-16T20:12:09.907988+00:00,42,schema_checked
1434,6,30,0.04,0.06,5,1,1.45729552421,1.28221664544,0.524186622337,2265.23412528,433.436813345,synthetic,True,1.0.0,1.0.0,2026-09-16T20:12:09.907988+00:00,42,schema_checked
1435,6,30,0.04,0.085,-5,0,1.35197920622,1.55164771692,0.629827108949,2400.93651207,520.788290712,synthetic,True,1.0.0,1.0.0,2026-09-16T20:12:09.907988+00:00,42,schema_checked
1436,6,30,0.04,0.085,-5,1,1.35197920622,1.16373578769,0.516458229338,2080.18183559,427.046398384,synthetic,True,1.0.0,1.0.0,2026-09-16T20:12:09.907988+00:00,42,schema_checked
1437,6,30,0.04,0.085,0,0,1.38274353924,1.58695551373,0.622327108949,2455.56990443,514.586728212,synthetic,True,1.0.0,1.0.0,2026-09-16T20:12:09.907988+00:00,42,schema_checked
1438,6,30,0.04,0.085,0,1,1.38274353924,1.1902166353,0.510308229338,2127.51644433,421.961117134,synthetic,True,1.0.0,1.0.0,2026-09-16T20:12:09.907988+00:00,42,schema_checked
1439,6,30,0.04,0.085,5,0,1.35197920622,1.55164771692,0.629827108949,2400.93651207,520.788290712,synthetic,True,1.0.0,1.0.0,2026-09-16T20:12:09.907988+00:00,42,schema_checked
1440,6,30,0.04,0.085,5,1,1.35197920622,1.16373578769,0.516458229338,2080.18183559,427.046398384,synthetic,True,1.0.0,1.0.0,2026-09-16T20:12:09.907988+00:00,42,schema_checked
1441,6,30,0.055,0.04,-5,0,1.27621460659,1.43800081749,0.623046854202,2244.31687878,515.181867568,synthetic,True,1.0.0,1.0.0,2026-09-16T20:12:09.907988+00:00,42,schema_checked
1442,6,30,0.055,0.04,-5,1,1.27621460659,1.07850061312,0.510898420446,1947.05514729,422.449131406,synthetic,True,1.0.0,1.0.0,2026-09-16T20:12:09.907988+00:00,42,schema_checked
1443,6,30,0.055,0.04,0,0,1.30525491356,1.47072257522,0.615546854202,2295.38638604,508.980305068,synthetic,True,1.0.0,1.0.0,2026-09-16T20:12:09.907988+00:00,42,schema_checked
1444,6,30,0.055,0.04,0,1,1.30525491356,1.10304193141,0.504748420446,1991.36045369,417.363850156,synthetic,True,1.0.0,1.0.0,2026-09-16T20:12:09.907988+00:00,42,schema_checked
1445,6,30,0.055,0.04,5,0,1.27621460659,1.43800081749,0.623046854202,2244.31687878,515.181867568,synthetic,True,1.0.0,1.0.0,2026-09-16T20:12:09.907988+00:00,42,schema_checked
1446,6,30,0.055,0.04,5,1,1.27621460659,1.07850061312,0.510898420446,1947.05514729,422.449131406,synthetic,True,1.0.0,1.0.0,2026-09-16T20:12:09.907988+00:00,42,schema_checked
1447,6,30,0.055,0.06,-5,0,1.3038442063,1.47944521705,0.625519456519,2301.43244193,517.226400609,synthetic,True,1.0.0,1.0.0,2026-09-16T20:12:09.907988+00:00,42,schema_checked
1448,6,30,0.055,0.06,-5,1,1.3038442063,1.10958391279,0.512925954345,1995.60337597,424.125648499,synthetic,True,1.0.0,1.0.0,2026-09-16T20:12:09.907988+00:00,42,schema_checked
1449,6,30,0.055,0.06,0,0,1.33351322576,1.51311004351,0.618019456519,2353.80161577,511.024838109,synthetic,True,1.0.0,1.0.0,2026-09-16T20:12:09.907988+00:00,42,schema_checked
1450,6,30,0.055,0.06,0,1,1.33351322576,1.13483253263,0.506775954345,2041.01339897,419.040367249,synthetic,True,1.0.0,1.0.0,2026-09-16T20:12:09.907988+00:00,42,schema_checked
1451,6,30,0.055,0.06,5,0,1.3038442063,1.47944521705,0.625519456519,2301.43244193,517.226400609,synthetic,True,1.0.0,1.0.0,2026-09-16T20:12:09.907988+00:00,42,schema_checked
1452,6,30,0.055,0.06,5,1,1.3038442063,1.10958391279,0.512925954345,1995.60337597,424.125648499,synthetic,True,1.0.0,1.0.0,2026-09-16T20:12:09.907988+00:00,42,schema_checked
1453,6,30,0.055,0.085,-5,0,1.23320966079,1.37349339878,0.619198295781,2155.41759238,511.999590824,synthetic,True,1.0.0,1.0.0,2026-09-16T20:12:09.907988+00:00,42,schema_checked
1454,6,30,0.055,0.085,-5,1,1.23320966079,1.03012004908,0.50774260254,1871.49075385,419.839664475,synthetic,True,1.0.0,1.0.0,2026-09-16T20:12:09.907988+00:00,42,schema_checked
1455,6,30,0.055,0.085,0,0,1.26127138875,1.40474728799,0.611698295781,2204.46419333,505.798028324,synthetic,True,1.0.0,1.0.0,2026-09-16T20:12:09.907988+00:00,42,schema_checked
1456,6,30,0.055,0.085,0,1,1.26127138875,1.05356046599,0.50159260254,1914.07658989,414.754383225,synthetic,True,1.0.0,1.0.0,2026-09-16T20:12:09.907988+00:00,42,schema_checked
1457,6,30,0.055,0.085,5,0,1.23320966079,1.37349339878,0.619198295781,2155.41759238,511.999590824,synthetic,True,1.0.0,1.0.0,2026-09-16T20:12:09.907988+00:00,42,schema_checked
1458,6,30,0.055,0.085,5,1,1.23320966079,1.03012004908,0.50774260254,1871.49075385,419.839664475,synthetic,True,1.0.0,1.0.0,2026-09-16T20:12:09.907988+00:00,42,schema_checked
1459,6,50,0.025,0.04,-5,0,1.4101108952,1.6388452504,0.635029375735,7003.07114693,1458.58309739,synthetic,True,1.0.0,1.0.0,2026-09-16T20:12:09.907988+00:00,42,schema_checked
1460,6,50,0.025,0.04,-5,1,1.4101108952,1.2291339378,0.520724088103,6062.0154758,1196.03813986,synthetic,True,1.0.0,1.0.0,2026-09-16T20:12:09.907988+00:00,42,schema_checked
1461,6,50,0.025,0.04,0,0,1.4421980168,1.67613723007,0.627529375735,7162.42627014,1441.35653489,synthetic,True,1.0.0,1.0.0,2026-09-16T20:12:09.907988+00:00,42,schema_checked
1462,6,50,0.025,0.04,0,1,1.4421980168,1.25710292255,0.514574088103,6199.95684506,1181.91235861,synthetic,True,1.0.0,1.0.0,2026-09-16T20:12:09.907988+00:00,42,schema_checked
1463,6,50,0.025,0.04,5,0,1.4101108952,1.6388452504,0.635029375735,7003.07114693,1458.58309739,synthetic,True,1.0.0,1.0.0,2026-09-16T20:12:09.907988+00:00,42,schema_checked
1464,6,50,0.025,0.04,5,1,1.4101108952,1.2291339378,0.520724088103,6062.0154758,1196.03813986,synthetic,True,1.0.0,1.0.0,2026-09-16T20:12:09.907988+00:00,42,schema_checked
1465,6,50,0.025,0.06,-5,0,1.45072590884,1.69976777086,0.63866405658,7236.29017054,1466.93150496,synthetic,True,1.0.0,1.0.0,2026-09-16T20:12:09.907988+00:00,42,schema_checked
1466,6,50,0.025,0.06,-5,1,1.45072590884,1.27482582814,0.523704526396,6260.25164587,1202.88383406,synthetic,True,1.0.0,1.0.0,2026-09-16T20:12:09.907988+00:00,42,schema_checked
1467,6,50,0.025,0.06,0,0,1.48373722646,1.73844604455,0.63116405658,7400.9522006,1449.70494246,synthetic,True,1.0.0,1.0.0,2026-09-16T20:12:09.907988+00:00,42,schema_checked
1468,6,50,0.025,0.06,0,1,1.48373722646,1.30383453342,0.517554526396,6402.70388595,1188.75805281,synthetic,True,1.0.0,1.0.0,2026-09-16T20:12:09.907988+00:00,42,schema_checked
1469,6,50,0.025,0.06,5,0,1.45072590884,1.69976777086,0.63866405658,7236.29017054,1466.93150496,synthetic,True,1.0.0,1.0.0,2026-09-16T20:12:09.907988+00:00,42,schema_checked
1470,6,50,0.025,0.06,5,1,1.45072590884,1.27482582814,0.523704526396,6260.25164587,1202.88383406,synthetic,True,1.0.0,1.0.0,2026-09-16T20:12:09.907988+00:00,42,schema_checked
1471,6,50,0.025,0.085,-5,0,1.34689439989,1.54402050744,0.629372064213,6640.07017778,1445.58895999,synthetic,True,1.0.0,1.0.0,2026-09-16T20:12:09.907988+00:00,42,schema_checked
1472,6,50,0.025,0.085,-5,1,1.34689439989,1.15801538058,0.516085092655,5753.46465202,1185.38294719,synthetic,True,1.0.0,1.0.0,2026-09-16T20:12:09.907988+00:00,42,schema_checked
1473,6,50,0.025,0.085,0,0,1.37754302798,1.57915474684,0.621872064213,6791.16520153,1428.36239749,synthetic,True,1.0.0,1.0.0,2026-09-16T20:12:09.907988+00:00,42,schema_checked
1474,6,50,0.025,0.085,0,1,1.37754302798,1.18436606013,0.509935092655,5884.38493674,1171.25716594,synthetic,True,1.0.0,1.0.0,2026-09-16T20:12:09.907988+00:00,42,schema_checked
1475,6,50,0.025,0.085,5,0,1.34689439989,1.54402050744,0.629372064213,6640.07017778,1445.58895999,synthetic,True,1.0.0,1.0.0,2026-09-16T20:12:09.907988+00:00,42,schema_checked
1476,6,50,0.025,0.085,5,1,1.34689439989,1.15801538058,0.516085092655,5753.46465202,1185.38294719,synthetic,True,1.0.0,1.0.0,2026-09-16T20:12:09.907988+00:00,42,schema_checked
1477,6,50,0.04,0.04,-5,0,1.41609970865,1.64782847058,0.635565321032,7037.46003668,1459.81409674,synthetic,True,1.0.0,1.0.0,2026-09-16T20:12:09.907988+00:00,42,schema_checked
1478,6,50,0.04,0.04,-5,1,1.41609970865,1.23587135294,0.521163563246,6091.24603209,1197.04755933,synthetic,True,1.0.0,1.0.0,2026-09-16T20:12:09.907988+00:00,42,schema_checked
1479,6,50,0.04,0.04,0,0,1.4483231059,1.68532486373,0.628065321032,7197.59768025,1442.58753424,synthetic,True,1.0.0,1.0.0,2026-09-16T20:12:09.907988+00:00,42,schema_checked
1480,6,50,0.04,0.04,0,1,1.4483231059,1.2639936478,0.515013563246,6229.85254366,1182.92177808,synthetic,True,1.0.0,1.0.0,2026-09-16T20:12:09.907988+00:00,42,schema_checked
1481,6,50,0.04,0.04,5,0,1.41609970865,1.64782847058,0.635565321032,7037.46003668,1459.81409674,synthetic,True,1.0.0,1.0.0,2026-09-16T20:12:09.907988+00:00,42,schema_checked
1482,6,50,0.04,0.04,5,1,1.41609970865,1.23587135294,0.521163563246,6091.24603209,1197.04755933,synthetic,True,1.0.0,1.0.0,2026-09-16T20:12:09.907988+00:00,42,schema_checked
1483,6,50,0.04,0.06,-5,0,1.45729552421,1.70962219392,0.63925197846,7274.01413382,1468.28188802,synthetic,True,1.0.0,1.0.0,2026-09-16T20:12:09.907988+00:00,42,schema_checked
1484,6,50,0.04,0.06,-5,1,1.45729552421,1.28221664544,0.524186622337,6292.31701466,1203.99114818,synthetic,True,1.0.0,1.0.0,2026-09-16T20:12:09.907988+00:00,42,schema_checked
1485,6,50,0.04,0.06,0,0,1.49045633365,1.74852470535,0.63175197846,7439.53457395,1451.05532552,synthetic,True,1.0.0,1.0.0,2026-09-16T20:12:09.907988+00:00,42,schema_checked
1486,6,50,0.04,0.06,0,1,1.49045633365,1.31139352901,0.518036622337,6435.4989033,1189.86536693,synthetic,True,1.0.0,1.0.0,2026-09-16T20:12:09.907988+00:00,42,schema_checked
1487,6,50,0.04,0.06,5,0,1.45729552421,1.70962219392,0.63925197846,7274.01413382,1468.28188802,synthetic,True,1.0.0,1.0.0,2026-09-16T20:12:09.907988+00:00,42,schema_checked
1488,6,50,0.04,0.06,5,1,1.45729552421,1.28221664544,0.524186622337,6292.31701466,1203.99114818,synthetic,True,1.0.0,1.0.0,2026-09-16T20:12:09.907988+00:00,42,schema_checked
1489,6,50,0.04,0.085,-5,0,1.35197920622,1.55164771692,0.629827108949,6669.26808909,1446.63414087,synthetic,True,1.0.0,1.0.0,2026-09-16T20:12:09.907988+00:00,42,schema_checked
1490,6,50,0.04,0.085,-5,1,1.35197920622,1.16373578769,0.516458229338,5778.28287663,1186.23999551,synthetic,True,1.0.0,1.0.0,2026-09-16T20:12:09.907988+00:00,42,schema_checked
1491,6,50,0.04,0.085,0,0,1.38274353924,1.58695551373,0.622327108949,6821.02751231,1429.40757837,synthetic,True,1.0.0,1.0.0,2026-09-16T20:12:09.907988+00:00,42,schema_checked
1492,6,50,0.04,0.085,0,1,1.38274353924,1.1902166353,0.510308229338,5909.7679009,1172.11421426,synthetic,True,1.0.0,1.0.0,2026-09-16T20:12:09.907988+00:00,42,schema_checked
1493,6,50,0.04,0.085,5,0,1.35197920622,1.55164771692,0.629827108949,6669.26808909,1446.63414087,synthetic,True,1.0.0,1.0.0,2026-09-16T20:12:09.907988+00:00,42,schema_checked
1494,6,50,0.04,0.085,5,1,1.35197920622,1.16373578769,0.516458229338,5778.28287663,1186.23999551,synthetic,True,1.0.0,1.0.0,2026-09-16T20:12:09.907988+00:00,42,schema_checked
1495,6,50,0.055,0.04,-5,0,1.27621460659,1.43800081749,0.623046854202,6234.21355218,1431.06074325,synthetic,True,1.0.0,1.0.0,2026-09-16T20:12:09.907988+00:00,42,schema_checked
1496,6,50,0.055,0.04,-5,1,1.27621460659,1.07850061312,0.510898420446,5408.48652026,1173.46980946,synthetic,True,1.0.0,1.0.0,2026-09-16T20:12:09.907988+00:00,42,schema_checked
1497,6,50,0.055,0.04,0,0,1.30525491356,1.47072257522,0.615546854202,6376.07329455,1413.83418075,synthetic,True,1.0.0,1.0.0,2026-09-16T20:12:09.907988+00:00,42,schema_checked
1498,6,50,0.055,0.04,0,1,1.30525491356,1.10304193141,0.504748420446,5531.55681581,1159.34402821,synthetic,True,1.0.0,1.0.0,2026-09-16T20:12:09.907988+00:00,42,schema_checked
1499,6,50,0.055,0.04,5,0,1.27621460659,1.43800081749,0.623046854202,6234.21355218,1431.06074325,synthetic,True,1.0.0,1.0.0,2026-09-16T20:12:09.907988+00:00,42,schema_checked
1500,6,50,0.055,0.04,5,1,1.27621460659,1.07850061312,0.510898420446,5408.48652026,1173.46980946,synthetic,True,1.0.0,1.0.0,2026-09-16T20:12:09.907988+00:00,42,schema_checked
1501,6,50,0.055,0.06,-5,0,1.3038442063,1.47944521705,0.625519456519,6392.86789425,1436.74000169,synthetic,True,1.0.0,1.0.0,2026-09-16T20:12:09.907988+00:00,42,schema_checked
1502,6,50,0.055,0.06,-5,1,1.3038442063,1.10958391279,0.512925954345,5543.34271102,1178.12680139,synthetic,True,1.0.0,1.0.0,2026-09-16T20:12:09.907988+00:00,42,schema_checked
1503,6,50,0.055,0.06,0,0,1.33351322576,1.51311004351,0.618019456519,6538.33782159,1419.51343919,synthetic,True,1.0.0,1.0.0,2026-09-16T20:12:09.907988+00:00,42,schema_checked
1504,6,50,0.055,0.06,0,1,1.33351322576,1.13483253263,0.506775954345,5669.48166379,1164.00102014,synthetic,True,1.0.0,1.0.0,2026-09-16T20:12:09.907988+00:00,42,schema_checked
1505,6,50,0.055,0.06,5,0,1.3038442063,1.47944521705,0.625519456519,6392.86789425,1436.74000169,synthetic,True,1.0.0,1.0.0,2026-09-16T20:12:09.907988+00:00,42,schema_checked
1506,6,50,0.055,0.06,5,1,1.3038442063,1.10958391279,0.512925954345,5543.34271102,1178.12680139,synthetic,True,1.0.0,1.0.0,2026-09-16T20:12:09.907988+00:00,42,schema_checked
1507,6,50,0.055,0.085,-5,0,1.23320966079,1.37349339878,0.619198295781,5987.27108994,1422.22108562,synthetic,True,1.0.0,1.0.0,2026-09-16T20:12:09.907988+00:00,42,schema_checked
1508,6,50,0.055,0.085,-5,1,1.23320966079,1.03012004908,0.50774260254,5198.58542736,1166.22129021,synthetic,True,1.0.0,1.0.0,2026-09-16T20:12:09.907988+00:00,42,schema_checked
1509,6,50,0.055,0.085,0,0,1.26127138875,1.40474728799,0.611698295781,6123.51164814,1404.99452312,synthetic,True,1.0.0,1.0.0,2026-09-16T20:12:09.907988+00:00,42,schema_checked
1510,6,50,0.055,0.085,0,1,1.26127138875,1.05356046599,0.50159260254,5316.87941636,1152.09550896,synthetic,True,1.0.0,1.0.0,2026-09-16T20:12:09.907988+00:00,42,schema_checked
1511,6,50,0.055,0.085,5,0,1.23320966079,1.37349339878,0.619198295781,5987.27108994,1422.22108562,synthetic,True,1.0.0,1.0.0,2026-09-16T20:12:09.907988+00:00,42,schema_checked
1512,6,50,0.055,0.085,5,1,1.23320966079,1.03012004908,0.50774260254,5198.58542736,1166.22129021,synthetic,True,1.0.0,1.0.0,2026-09-16T20:12:09.907988+00:00,42,schema_checked
1513,6,70,0.025,0.04,-5,0,1.4101108952,1.6388452504,0.635029375735,13726.019448,2858.82287089,synthetic,True,1.0.0,1.0.0,2026-09-16T20:12:09.907988+00:00,42,schema_checked
1514,6,70,0.025,0.04,-5,1,1.4101108952,1.2291339378,0.520724088103,11881.5503326,2344.23475413,synthetic,True,1.0.0,1.0.0,2026-09-16T20:12:09.907988+00:00,42,schema_checked
1515,6,70,0.025,0.04,0,0,1.4421980168,1.67613723007,0.627529375735,14038.3554895,2825.05880839,synthetic,True,1.0.0,1.0.0,2026-09-16T20:12:09.907988+00:00,42,schema_checked
1516,6,70,0.025,0.04,0,1,1.4421980168,1.25710292255,0.514574088103,12151.9154163,2316.54822288,synthetic,True,1.0.0,1.0.0,2026-09-16T20:12:09.907988+00:00,42,schema_checked
1517,6,70,0.025,0.04,5,0,1.4101108952,1.6388452504,0.635029375735,13726.019448,2858.82287089,synthetic,True,1.0.0,1.0.0,2026-09-16T20:12:09.907988+00:00,42,schema_checked
1518,6,70,0.025,0.04,5,1,1.4101108952,1.2291339378,0.520724088103,11881.5503326,2344.23475413,synthetic,True,1.0.0,1.0.0,2026-09-16T20:12:09.907988+00:00,42,schema_checked
1519,6,70,0.025,0.06,-5,0,1.45072590884,1.69976777086,0.63866405658,14183.1287343,2875.18574972,synthetic,True,1.0.0,1.0.0,2026-09-16T20:12:09.907988+00:00,42,schema_checked
1520,6,70,0.025,0.06,-5,1,1.45072590884,1.27482582814,0.523704526396,12270.0932259,2357.65231477,synthetic,True,1.0.0,1.0.0,2026-09-16T20:12:09.907988+00:00,42,schema_checked
1521,6,70,0.025,0.06,0,0,1.48373722646,1.73844604455,0.63116405658,14505.8663132,2841.42168722,synthetic,True,1.0.0,1.0.0,2026-09-16T20:12:09.907988+00:00,42,schema_checked
1522,6,70,0.025,0.06,0,1,1.48373722646,1.30383453342,0.517554526396,12549.2996165,2329.96578352,synthetic,True,1.0.0,1.0.0,2026-09-16T20:12:09.907988+00:00,42,schema_checked
1523,6,70,0.025,0.06,5,0,1.45072590884,1.69976777086,0.63866405658,14183.1287343,2875.18574972,synthetic,True,1.0.0,1.0.0,2026-09-16T20:12:09.907988+00:00,42,schema_checked
1524,6,70,0.025,0.06,5,1,1.45072590884,1.27482582814,0.523704526396,12270.0932259,2357.65231477,synthetic,True,1.0.0,1.0.0,2026-09-16T20:12:09.907988+00:00,42,schema_checked
1525,6,70,0.025,0.085,-5,0,1.34689439989,1.54402050744,0.629372064213,13014.5375484,2833.35436158,synthetic,True,1.0.0,1.0.0,2026-09-16T20:12:09.907988+00:00,42,schema_checked
1526,6,70,0.025,0.085,-5,1,1.34689439989,1.15801538058,0.516085092655,11276.790718,2323.3505765,synthetic,True,1.0.0,1.0.0,2026-09-16T20:12:09.907988+00:00,42,schema_checked
1527,6,70,0.025,0.085,0,0,1.37754302798,1.57915474684,0.621872064213,13310.683795,2799.59029908,synthetic,True,1.0.0,1.0.0,2026-09-16T20:12:09.907988+00:00,42,schema_checked
1528,6,70,0.025,0.085,0,1,1.37754302798,1.18436606013,0.509935092655,11533.394476,2295.66404525,synthetic,True,1.0.0,1.0.0,2026-09-16T20:12:09.907988+00:00,42,schema_checked
1529,6,70,0.025,0.085,5,0,1.34689439989,1.54402050744,0.629372064213,13014.5375484,2833.35436158,synthetic,True,1.0.0,1.0.0,2026-09-16T20:12:09.907988+00:00,42,schema_checked
1530,6,70,0.025,0.085,5,1,1.34689439989,1.15801538058,0.516085092655,11276.790718,2323.3505765,synthetic,True,1.0.0,1.0.0,2026-09-16T20:12:09.907988+00:00,42,schema_checked
1531,6,70,0.04,0.04,-5,0,1.41609970865,1.64782847058,0.635565321032,13793.4216719,2861.23562962,synthetic,True,1.0.0,1.0.0,2026-09-16T20:12:09.907988+00:00,42,schema_checked
1532,6,70,0.04,0.04,-5,1,1.41609970865,1.23587135294,0.521163563246,11938.8422229,2346.21321629,synthetic,True,1.0.0,1.0.0,2026-09-16T20:12:09.907988+00:00,42,schema_checked
1533,6,70,0.04,0.04,0,0,1.4483231059,1.68532486373,0.628065321032,14107.2914533,2827.47156712,synthetic,True,1.0.0,1.0.0,2026-09-16T20:12:09.907988+00:00,42,schema_checked
1534,6,70,0.04,0.04,0,1,1.4483231059,1.2639936478,0.515013563246,12210.5109856,2318.52668504,synthetic,True,1.0.0,1.0.0,2026-09-16T20:12:09.907988+00:00,42,schema_checked
1535,6,70,0.04,0.04,5,0,1.41609970865,1.64782847058,0.635565321032,13793.4216719,2861.23562962,synthetic,True,1.0.0,1.0.0,2026-09-16T20:12:09.907988+00:00,42,schema_checked
1536,6,70,0.04,0.04,5,1,1.41609970865,1.23587135294,0.521163563246,11938.8422229,2346.21321629,synthetic,True,1.0.0,1.0.0,2026-09-16T20:12:09.907988+00:00,42,schema_checked
1537,6,70,0.04,0.06,-5,0,1.45729552421,1.70962219392,0.63925197846,14257.0677023,2877.83250053,synthetic,True,1.0.0,1.0.0,2026-09-16T20:12:09.907988+00:00,42,schema_checked
1538,6,70,0.04,0.06,-5,1,1.45729552421,1.28221664544,0.524186622337,12332.9413487,2359.82265043,synthetic,True,1.0.0,1.0.0,2026-09-16T20:12:09.907988+00:00,42,schema_checked
1539,6,70,0.04,0.06,0,0,1.49045633365,1.74852470535,0.63175197846,14581.4877649,2844.06843803,synthetic,True,1.0.0,1.0.0,2026-09-16T20:12:09.907988+00:00,42,schema_checked
1540,6,70,0.04,0.06,0,1,1.49045633365,1.31139352901,0.518036622337,12613.5778505,2332.13611918,synthetic,True,1.0.0,1.0.0,2026-09-16T20:12:09.907988+00:00,42,schema_checked
1541,6,70,0.04,0.06,5,0,1.45729552421,1.70962219392,0.63925197846,14257.0677023,2877.83250053,synthetic,True,1.0.0,1.0.0,2026-09-16T20:12:09.907988+00:00,42,schema_checked
1542,6,70,0.04,0.06,5,1,1.45729552421,1.28221664544,0.524186622337,12332.9413487,2359.82265043,synthetic,True,1.0.0,1.0.0,2026-09-16T20:12:09.907988+00:00,42,schema_checked
1543,6,70,0.04,0.085,-5,0,1.35197920622,1.55164771692,0.629827108949,13071.7654546,2835.4029161,synthetic,True,1.0.0,1.0.0,2026-09-16T20:12:09.907988+00:00,42,schema_checked
1544,6,70,0.04,0.085,-5,1,1.35197920622,1.16373578769,0.516458229338,11325.4344382,2325.0303912,synthetic,True,1.0.0,1.0.0,2026-09-16T20:12:09.907988+00:00,42,schema_checked
1545,6,70,0.04,0.085,0,0,1.38274353924,1.58695551373,0.622327108949,13369.2139241,2801.6388536,synthetic,True,1.0.0,1.0.0,2026-09-16T20:12:09.907988+00:00,42,schema_checked
1546,6,70,0.04,0.085,0,1,1.38274353924,1.1902166353,0.510308229338,11583.1450858,2297.34385995,synthetic,True,1.0.0,1.0.0,2026-09-16T20:12:09.907988+00:00,42,schema_checked
1547,6,70,0.04,0.085,5,0,1.35197920622,1.55164771692,0.629827108949,13071.7654546,2835.4029161,synthetic,True,1.0.0,1.0.0,2026-09-16T20:12:09.907988+00:00,42,schema_checked
1548,6,70,0.04,0.085,5,1,1.35197920622,1.16373578769,0.516458229338,11325.4344382,2325.0303912,synthetic,True,1.0.0,1.0.0,2026-09-16T20:12:09.907988+00:00,42,schema_checked
1549,6,70,0.055,0.04,-5,0,1.27621460659,1.43800081749,0.623046854202,12219.0585623,2804.87905676,synthetic,True,1.0.0,1.0.0,2026-09-16T20:12:09.907988+00:00,42,schema_checked
1550,6,70,0.055,0.04,-5,1,1.27621460659,1.07850061312,0.510898420446,10600.6335797,2300.00082654,synthetic,True,1.0.0,1.0.0,2026-09-16T20:12:09.907988+00:00,42,schema_checked
1551,6,70,0.055,0.04,0,0,1.30525491356,1.47072257522,0.615546854202,12497.1036573,2771.11499426,synthetic,True,1.0.0,1.0.0,2026-09-16T20:12:09.907988+00:00,42,schema_checked
1552,6,70,0.055,0.04,0,1,1.30525491356,1.10304193141,0.504748420446,10841.851359,2272.31429529,synthetic,True,1.0.0,1.0.0,2026-09-16T20:12:09.907988+00:00,42,schema_checked
1553,6,70,0.055,0.04,5,0,1.27621460659,1.43800081749,0.623046854202,12219.0585623,2804.87905676,synthetic,True,1.0.0,1.0.0,2026-09-16T20:12:09.907988+00:00,42,schema_checked
1554,6,70,0.055,0.04,5,1,1.27621460659,1.07850061312,0.510898420446,10600.6335797,2300.00082654,synthetic,True,1.0.0,1.0.0,2026-09-16T20:12:09.907988+00:00,42,schema_checked
1555,6,70,0.055,0.06,-5,0,1.3038442063,1.47944521705,0.625519456519,12530.0210727,2816.01040332,synthetic,True,1.0.0,1.0.0,2026-09-16T20:12:09.907988+00:00,42,schema_checked
1556,6,70,0.055,0.06,-5,1,1.3038442063,1.10958391279,0.512925954345,10864.9517136,2309.12853072,synthetic,True,1.0.0,1.0.0,2026-09-16T20:12:09.907988+00:00,42,schema_checked
1557,6,70,0.055,0.06,0,0,1.33351322576,1.51311004351,0.618019456519,12815.1421303,2782.24634082,synthetic,True,1.0.0,1.0.0,2026-09-16T20:12:09.907988+00:00,42,schema_checked
1558,6,70,0.055,0.06,0,1,1.33351322576,1.13483253263,0.506775954345,11112.184061,2281.44199947,synthetic,True,1.0.0,1.0.0,2026-09-16T20:12:09.907988+00:00,42,schema_checked
1559,6,70,0.055,0.06,5,0,1.3038442063,1.47944521705,0.625519456519,12530.0210727,2816.01040332,synthetic,True,1.0.0,1.0.0,2026-09-16T20:12:09.907988+00:00,42,schema_checked
1560,6,70,0.055,0.06,5,1,1.3038442063,1.10958391279,0.512925954345,10864.9517136,2309.12853072,synthetic,True,1.0.0,1.0.0,2026-09-16T20:12:09.907988+00:00,42,schema_checked
1561,6,70,0.055,0.085,-5,0,1.23320966079,1.37349339878,0.619198295781,11735.0513363,2787.55332782,synthetic,True,1.0.0,1.0.0,2026-09-16T20:12:09.907988+00:00,42,schema_checked
1562,6,70,0.055,0.085,-5,1,1.23320966079,1.03012004908,0.50774260254,10189.2274376,2285.79372881,synthetic,True,1.0.0,1.0.0,2026-09-16T20:12:09.907988+00:00,42,schema_checked
1563,6,70,0.055,0.085,0,0,1.26127138875,1.40474728799,0.611698295781,12002.0828304,2753.78926532,synthetic,True,1.0.0,1.0.0,2026-09-16T20:12:09.907988+00:00,42,schema_checked
1564,6,70,0.055,0.085,0,1,1.26127138875,1.05356046599,0.50159260254,10421.0836561,2258.10719756,synthetic,True,1.0.0,1.0.0,2026-09-16T20:12:09.907988+00:00,42,schema_checked
1565,6,70,0.055,0.085,5,0,1.23320966079,1.37349339878,0.619198295781,11735.0513363,2787.55332782,synthetic,True,1.0.0,1.0.0,2026-09-16T20:12:09.907988+00:00,42,schema_checked
1566,6,70,0.055,0.085,5,1,1.23320966079,1.03012004908,0.50774260254,10189.2274376,2285.79372881,synthetic,True,1.0.0,1.0.0,2026-09-16T20:12:09.907988+00:00,42,schema_checked
1567,6,90,0.025,0.04,-5,0,1.4101108952,1.6388452504,0.635029375735,22689.9505161,4725.80923555,synthetic,True,1.0.0,1.0.0,2026-09-16T20:12:09.907988+00:00,42,schema_checked
1568,6,90,0.025,0.04,-5,1,1.4101108952,1.2291339378,0.520724088103,19640.9301416,3875.16357315,synthetic,True,1.0.0,1.0.0,2026-09-16T20:12:09.907988+00:00,42,schema_checked
1569,6,90,0.025,0.04,0,0,1.4421980168,1.67613723007,0.627529375735,23206.2611153,4669.99517305,synthetic,True,1.0.0,1.0.0,2026-09-16T20:12:09.907988+00:00,42,schema_checked
1570,6,90,0.025,0.04,0,1,1.4421980168,1.25710292255,0.514574088103,20087.860178,3829.3960419,synthetic,True,1.0.0,1.0.0,2026-09-16T20:12:09.907988+00:00,42,schema_checked
1571,6,90,0.025,0.04,5,0,1.4101108952,1.6388452504,0.635029375735,22689.9505161,4725.80923555,synthetic,True,1.0.0,1.0.0,2026-09-16T20:12:09.907988+00:00,42,schema_checked
1572,6,90,0.025,0.04,5,1,1.4101108952,1.2291339378,0.520724088103,19640.9301416,3875.16357315,synthetic,True,1.0.0,1.0.0,2026-09-16T20:12:09.907988+00:00,42,schema_checked
1573,6,90,0.025,0.06,-5,0,1.45072590884,1.69976777086,0.63866405658,23445.5801526,4752.85807606,synthetic,True,1.0.0,1.0.0,2026-09-16T20:12:09.907988+00:00,42,schema_checked
1574,6,90,0.025,0.06,-5,1,1.45072590884,1.27482582814,0.523704526396,20283.2153326,3897.34362237,synthetic,True,1.0.0,1.0.0,2026-09-16T20:12:09.907988+00:00,42,schema_checked
1575,6,90,0.025,0.06,0,0,1.48373722646,1.73844604455,0.63116405658,23979.0851299,4697.04401356,synthetic,True,1.0.0,1.0.0,2026-09-16T20:12:09.907988+00:00,42,schema_checked
1576,6,90,0.025,0.06,0,1,1.48373722646,1.30383453342,0.517554526396,20744.7605905,3851.57609112,synthetic,True,1.0.0,1.0.0,2026-09-16T20:12:09.907988+00:00,42,schema_checked
1577,6,90,0.025,0.06,5,0,1.45072590884,1.69976777086,0.63866405658,23445.5801526,4752.85807606,synthetic,True,1.0.0,1.0.0,2026-09-16T20:12:09.907988+00:00,42,schema_checked
1578,6,90,0.025,0.06,5,1,1.45072590884,1.27482582814,0.523704526396,20283.2153326,3897.34362237,synthetic,True,1.0.0,1.0.0,2026-09-16T20:12:09.907988+00:00,42,schema_checked
1579,6,90,0.025,0.085,-5,0,1.34689439989,1.54402050744,0.629372064213,21513.827376,4683.70823037,synthetic,True,1.0.0,1.0.0,2026-09-16T20:12:09.907988+00:00,42,schema_checked
1580,6,90,0.025,0.085,-5,1,1.34689439989,1.15801538058,0.516085092655,18641.2254726,3840.6407489,synthetic,True,1.0.0,1.0.0,2026-09-16T20:12:09.907988+00:00,42,schema_checked
1581,6,90,0.025,0.085,0,0,1.37754302798,1.57915474684,0.621872064213,22003.375253,4627.89416787,synthetic,True,1.0.0,1.0.0,2026-09-16T20:12:09.907988+00:00,42,schema_checked
1582,6,90,0.025,0.085,0,1,1.37754302798,1.18436606013,0.509935092655,19065.407195,3794.87321765,synthetic,True,1.0.0,1.0.0,2026-09-16T20:12:09.907988+00:00,42,schema_checked
1583,6,90,0.025,0.085,5,0,1.34689439989,1.54402050744,0.629372064213,21513.827376,4683.70823037,synthetic,True,1.0.0,1.0.0,2026-09-16T20:12:09.907988+00:00,42,schema_checked
1584,6,90,0.025,0.085,5,1,1.34689439989,1.15801538058,0.516085092655,18641.2254726,3840.6407489,synthetic,True,1.0.0,1.0.0,2026-09-16T20:12:09.907988+00:00,42,schema_checked
1585,6,90,0.04,0.04,-5,0,1.41609970865,1.64782847058,0.635565321032,22801.3705189,4729.79767345,synthetic,True,1.0.0,1.0.0,2026-09-16T20:12:09.907988+00:00,42,schema_checked
1586,6,90,0.04,0.04,-5,1,1.41609970865,1.23587135294,0.521163563246,19735.637144,3878.43409223,synthetic,True,1.0.0,1.0.0,2026-09-16T20:12:09.907988+00:00,42,schema_checked
1587,6,90,0.04,0.04,0,0,1.4483231059,1.68532486373,0.628065321032,23320.216484,4673.98361095,synthetic,True,1.0.0,1.0.0,2026-09-16T20:12:09.907988+00:00,42,schema_checked
1588,6,90,0.04,0.04,0,1,1.4483231059,1.2639936478,0.515013563246,20184.7222414,3832.66656098,synthetic,True,1.0.0,1.0.0,2026-09-16T20:12:09.907988+00:00,42,schema_checked
1589,6,90,0.04,0.04,5,0,1.41609970865,1.64782847058,0.635565321032,22801.3705189,4729.79767345,synthetic,True,1.0.0,1.0.0,2026-09-16T20:12:09.907988+00:00,42,schema_checked
1590,6,90,0.04,0.04,5,1,1.41609970865,1.23587135294,0.521163563246,19735.637144,3878.43409223,synthetic,True,1.0.0,1.0.0,2026-09-16T20:12:09.907988+00:00,42,schema_checked
1591,6,90,0.04,0.06,-5,0,1.45729552421,1.70962219392,0.63925197846,23567.8057936,4757.2333172,synthetic,True,1.0.0,1.0.0,2026-09-16T20:12:09.907988+00:00,42,schema_checked
1592,6,90,0.04,0.06,-5,1,1.45729552421,1.28221664544,0.524186622337,20387.1071275,3900.9313201,synthetic,True,1.0.0,1.0.0,2026-09-16T20:12:09.907988+00:00,42,schema_checked
1593,6,90,0.04,0.06,0,0,1.49045633365,1.74852470535,0.63175197846,24104.0920196,4701.4192547,synthetic,True,1.0.0,1.0.0,2026-09-16T20:12:09.907988+00:00,42,schema_checked
1594,6,90,0.04,0.06,0,1,1.49045633365,1.31139352901,0.518036622337,20851.0164467,3855.16378885,synthetic,True,1.0.0,1.0.0,2026-09-16T20:12:09.907988+00:00,42,schema_checked
1595,6,90,0.04,0.06,5,0,1.45729552421,1.70962219392,0.63925197846,23567.8057936,4757.2333172,synthetic,True,1.0.0,1.0.0,2026-09-16T20:12:09.907988+00:00,42,schema_checked
1596,6,90,0.04,0.06,5,1,1.45729552421,1.28221664544,0.524186622337,20387.1071275,3900.9313201,synthetic,True,1.0.0,1.0.0,2026-09-16T20:12:09.907988+00:00,42,schema_checked
1597,6,90,0.04,0.085,-5,0,1.35197920622,1.55164771692,0.629827108949,21608.4286086,4687.09461641,synthetic,True,1.0.0,1.0.0,2026-09-16T20:12:09.907988+00:00,42,schema_checked
1598,6,90,0.04,0.085,-5,1,1.35197920622,1.16373578769,0.516458229338,18721.6365203,3843.41758545,synthetic,True,1.0.0,1.0.0,2026-09-16T20:12:09.907988+00:00,42,schema_checked
1599,6,90,0.04,0.085,0,0,1.38274353924,1.58695551373,0.622327108949,22100.1291399,4631.28055391,synthetic,True,1.0.0,1.0.0,2026-09-16T20:12:09.907988+00:00,42,schema_checked
1600,6,90,0.04,0.085,0,1,1.38274353924,1.1902166353,0.510308229338,19147.6479989,3797.6500542,synthetic,True,1.0.0,1.0.0,2026-09-16T20:12:09.907988+00:00,42,schema_checked
1601,6,90,0.04,0.085,5,0,1.35197920622,1.55164771692,0.629827108949,21608.4286086,4687.09461641,synthetic,True,1.0.0,1.0.0,2026-09-16T20:12:09.907988+00:00,42,schema_checked
1602,6,90,0.04,0.085,5,1,1.35197920622,1.16373578769,0.516458229338,18721.6365203,3843.41758545,synthetic,True,1.0.0,1.0.0,2026-09-16T20:12:09.907988+00:00,42,schema_checked
1603,6,90,0.055,0.04,-5,0,1.27621460659,1.43800081749,0.623046854202,20198.8519091,4636.63680811,synthetic,True,1.0.0,1.0.0,2026-09-16T20:12:09.907988+00:00,42,schema_checked
1604,6,90,0.055,0.04,-5,1,1.27621460659,1.07850061312,0.510898420446,17523.4963256,3802.04218265,synthetic,True,1.0.0,1.0.0,2026-09-16T20:12:09.907988+00:00,42,schema_checked
1605,6,90,0.055,0.04,0,0,1.30525491356,1.47072257522,0.615546854202,20658.4774743,4580.82274561,synthetic,True,1.0.0,1.0.0,2026-09-16T20:12:09.907988+00:00,42,schema_checked
1606,6,90,0.055,0.04,0,1,1.30525491356,1.10304193141,0.504748420446,17922.2440832,3756.2746514,synthetic,True,1.0.0,1.0.0,2026-09-16T20:12:09.907988+00:00,42,schema_checked
1607,6,90,0.055,0.04,5,0,1.27621460659,1.43800081749,0.623046854202,20198.8519091,4636.63680811,synthetic,True,1.0.0,1.0.0,2026-09-16T20:12:09.907988+00:00,42,schema_checked
1608,6,90,0.055,0.04,5,1,1.27621460659,1.07850061312,0.510898420446,17523.4963256,3802.04218265,synthetic,True,1.0.0,1.0.0,2026-09-16T20:12:09.907988+00:00,42,schema_checked
1609,6,90,0.055,0.06,-5,0,1.3038442063,1.47944521705,0.625519456519,20712.8919774,4655.03760548,synthetic,True,1.0.0,1.0.0,2026-09-16T20:12:09.907988+00:00,42,schema_checked
1610,6,90,0.055,0.06,-5,1,1.3038442063,1.10958391279,0.512925954345,17960.4303837,3817.13083649,synthetic,True,1.0.0,1.0.0,2026-09-16T20:12:09.907988+00:00,42,schema_checked
1611,6,90,0.055,0.06,0,0,1.33351322576,1.51311004351,0.618019456519,21184.2145419,4599.22354298,synthetic,True,1.0.0,1.0.0,2026-09-16T20:12:09.907988+00:00,42,schema_checked
1612,6,90,0.055,0.06,0,1,1.33351322576,1.13483253263,0.506775954345,18369.1205907,3771.36330524,synthetic,True,1.0.0,1.0.0,2026-09-16T20:12:09.907988+00:00,42,schema_checked
1613,6,90,0.055,0.06,5,0,1.3038442063,1.47944521705,0.625519456519,20712.8919774,4655.03760548,synthetic,True,1.0.0,1.0.0,2026-09-16T20:12:09.907988+00:00,42,schema_checked
1614,6,90,0.055,0.06,5,1,1.3038442063,1.10958391279,0.512925954345,17960.4303837,3817.13083649,synthetic,True,1.0.0,1.0.0,2026-09-16T20:12:09.907988+00:00,42,schema_checked
1615,6,90,0.055,0.085,-5,0,1.23320966079,1.37349339878,0.619198295781,19398.7583314,4607.99631741,synthetic,True,1.0.0,1.0.0,2026-09-16T20:12:09.907988+00:00,42,schema_checked
1616,6,90,0.055,0.085,-5,1,1.23320966079,1.03012004908,0.50774260254,16843.4167846,3778.55698028,synthetic,True,1.0.0,1.0.0,2026-09-16T20:12:09.907988+00:00,42,schema_checked
1617,6,90,0.055,0.085,0,0,1.26127138875,1.40474728799,0.611698295781,19840.17774,4552.18225491,synthetic,True,1.0.0,1.0.0,2026-09-16T20:12:09.907988+00:00,42,schema_checked
1618,6,90,0.055,0.085,0,1,1.26127138875,1.05356046599,0.50159260254,17226.689309,3732.78944903,synthetic,True,1.0.0,1.0.0,2026-09-16T20:12:09.907988+00:00,42,schema_checked
1619,6,90,0.055,0.085,5,0,1.23320966079,1.37349339878,0.619198295781,19398.7583314,4607.99631741,synthetic,True,1.0.0,1.0.0,2026-09-16T20:12:09.907988+00:00,42,schema_checked
1620,6,90,0.055,0.085,5,1,1.23320966079,1.03012004908,0.50774260254,16843.4167846,3778.55698028,synthetic,True,1.0.0,1.0.0,2026-09-16T20:12:09.907988+00:00,42,schema_checked
1621,7,0,0.025,0.04,-5,0,1.46980347444,1.77982868861,0.763274151686,0,0,synthetic,True,1.0.0,1.0.0,2026-09-16T20:12:09.907988+00:00,42,schema_checked
1622,7,0,0.025,0.04,-5,1,1.46980347444,1.33487151646,0.625884804382,0,0,synthetic,True,1.0.0,1.0.0,2026-09-16T20:12:09.907988+00:00,42,schema_checked
1623,7,0,0.025,0.04,0,0,1.50324890272,1.82032875123,0.755774151686,0,0,synthetic,True,1.0.0,1.0.0,2026-09-16T20:12:09.907988+00:00,42,schema_checked
1624,7,0,0.025,0.04,0,1,1.50324890272,1.36524656342,0.619734804382,0,0,synthetic,True,1.0.0,1.0.0,2026-09-16T20:12:09.907988+00:00,42,schema_checked
1625,7,0,0.025,0.04,5,0,1.46980347444,1.77982868861,0.763274151686,0,0,synthetic,True,1.0.0,1.0.0,2026-09-16T20:12:09.907988+00:00,42,schema_checked
1626,7,0,0.025,0.04,5,1,1.46980347444,1.33487151646,0.625884804382,0,0,synthetic,True,1.0.0,1.0.0,2026-09-16T20:12:09.907988+00:00,42,schema_checked
1627,7,0,0.025,0.06,-5,0,1.51041848808,1.84075120907,0.766908832531,0,0,synthetic,True,1.0.0,1.0.0,2026-09-16T20:12:09.907988+00:00,42,schema_checked
1628,7,0,0.025,0.06,-5,1,1.51041848808,1.3805634068,0.628865242675,0,0,synthetic,True,1.0.0,1.0.0,2026-09-16T20:12:09.907988+00:00,42,schema_checked
1629,7,0,0.025,0.06,0,0,1.54478811238,1.88263756572,0.759408832531,0,0,synthetic,True,1.0.0,1.0.0,2026-09-16T20:12:09.907988+00:00,42,schema_checked
1630,7,0,0.025,0.06,0,1,1.54478811238,1.41197817429,0.622715242675,0,0,synthetic,True,1.0.0,1.0.0,2026-09-16T20:12:09.907988+00:00,42,schema_checked
1631,7,0,0.025,0.06,5,0,1.51041848808,1.84075120907,0.766908832531,0,0,synthetic,True,1.0.0,1.0.0,2026-09-16T20:12:09.907988+00:00,42,schema_checked
1632,7,0,0.025,0.06,5,1,1.51041848808,1.3805634068,0.628865242675,0,0,synthetic,True,1.0.0,1.0.0,2026-09-16T20:12:09.907988+00:00,42,schema_checked
1633,7,0,0.025,0.085,-5,0,1.40658697913,1.68500394565,0.757616840164,0,0,synthetic,True,1.0.0,1.0.0,2026-09-16T20:12:09.907988+00:00,42,schema_checked
1634,7,0,0.025,0.085,-5,1,1.40658697913,1.26375295924,0.621245808934,0,0,synthetic,True,1.0.0,1.0.0,2026-09-16T20:12:09.907988+00:00,42,schema_checked
1635,7,0,0.025,0.085,0,0,1.4385939139,1.723346268,0.750116840164,0,0,synthetic,True,1.0.0,1.0.0,2026-09-16T20:12:09.907988+00:00,42,schema_checked
1636,7,0,0.025,0.085,0,1,1.4385939139,1.292509701,0.615095808934,0,0,synthetic,True,1.0.0,1.0.0,2026-09-16T20:12:09.907988+00:00,42,schema_checked
1637,7,0,0.025,0.085,5,0,1.40658697913,1.68500394565,0.757616840164,0,0,synthetic,True,1.0.0,1.0.0,2026-09-16T20:12:09.907988+00:00,42,schema_checked
1638,7,0,0.025,0.085,5,1,1.40658697913,1.26375295924,0.621245808934,0,0,synthetic,True,1.0.0,1.0.0,2026-09-16T20:12:09.907988+00:00,42,schema_checked
1639,7,0,0.04,0.04,-5,0,1.47579228789,1.78881190879,0.763810096983,0,0,synthetic,True,1.0.0,1.0.0,2026-09-16T20:12:09.907988+00:00,42,schema_checked
1640,7,0,0.04,0.04,-5,1,1.47579228789,1.3416089316,0.626324279526,0,0,synthetic,True,1.0.0,1.0.0,2026-09-16T20:12:09.907988+00:00,42,schema_checked
1641,7,0,0.04,0.04,0,0,1.50937399183,1.82951638489,0.756310096983,0,0,synthetic,True,1.0.0,1.0.0,2026-09-16T20:12:09.907988+00:00,42,schema_checked
1642,7,0,0.04,0.04,0,1,1.50937399183,1.37213728867,0.620174279526,0,0,synthetic,True,1.0.0,1.0.0,2026-09-16T20:12:09.907988+00:00,42,schema_checked
1643,7,0,0.04,0.04,5,0,1.47579228789,1.78881190879,0.763810096983,0,0,synthetic,True,1.0.0,1.0.0,2026-09-16T20:12:09.907988+00:00,42,schema_checked
1644,7,0,0.04,0.04,5,1,1.47579228789,1.3416089316,0.626324279526,0,0,synthetic,True,1.0.0,1.0.0,2026-09-16T20:12:09.907988+00:00,42,schema_checked
1645,7,0,0.04,0.06,-5,0,1.51698810345,1.85060563213,0.76749675441,0,0,synthetic,True,1.0.0,1.0.0,2026-09-16T20:12:09.907988+00:00,42,schema_checked
1646,7,0,0.04,0.06,-5,1,1.51698810345,1.3879542241,0.629347338617,0,0,synthetic,True,1.0.0,1.0.0,2026-09-16T20:12:09.907988+00:00,42,schema_checked
1647,7,0,0.04,0.06,0,0,1.55150721957,1.89271622651,0.75999675441,0,0,synthetic,True,1.0.0,1.0.0,2026-09-16T20:12:09.907988+00:00,42,schema_checked
1648,7,0,0.04,0.06,0,1,1.55150721957,1.41953716988,0.623197338617,0,0,synthetic,True,1.0.0,1.0.0,2026-09-16T20:12:09.907988+00:00,42,schema_checked
1649,7,0,0.04,0.06,5,0,1.51698810345,1.85060563213,0.76749675441,0,0,synthetic,True,1.0.0,1.0.0,2026-09-16T20:12:09.907988+00:00,42,schema_checked
1650,7,0,0.04,0.06,5,1,1.51698810345,1.3879542241,0.629347338617,0,0,synthetic,True,1.0.0,1.0.0,2026-09-16T20:12:09.907988+00:00,42,schema_checked
1651,7,0,0.04,0.085,-5,0,1.41167178546,1.69263115514,0.7580718849,0,0,synthetic,True,1.0.0,1.0.0,2026-09-16T20:12:09.907988+00:00,42,schema_checked
1652,7,0,0.04,0.085,-5,1,1.41167178546,1.26947336635,0.621618945618,0,0,synthetic,True,1.0.0,1.0.0,2026-09-16T20:12:09.907988+00:00,42,schema_checked
1653,7,0,0.04,0.085,0,0,1.44379442516,1.7311470349,0.7505718849,0,0,synthetic,True,1.0.0,1.0.0,2026-09-16T20:12:09.907988+00:00,42,schema_checked
1654,7,0,0.04,0.085,0,1,1.44379442516,1.29836027617,0.615468945618,0,0,synthetic,True,1.0.0,1.0.0,2026-09-16T20:12:09.907988+00:00,42,schema_checked
1655,7,0,0.04,0.085,5,0,1.41167178546,1.69263115514,0.7580718849,0,0,synthetic,True,1.0.0,1.0.0,2026-09-16T20:12:09.907988+00:00,42,schema_checked
1656,7,0,0.04,0.085,5,1,1.41167178546,1.26947336635,0.621618945618,0,0,synthetic,True,1.0.0,1.0.0,2026-09-16T20:12:09.907988+00:00,42,schema_checked
1657,7,0,0.055,0.04,-5,0,1.33590718583,1.5789842557,0.751291630153,0,0,synthetic,True,1.0.0,1.0.0,2026-09-16T20:12:09.907988+00:00,42,schema_checked
1658,7,0,0.055,0.04,-5,1,1.33590718583,1.18423819177,0.616059136725,0,0,synthetic,True,1.0.0,1.0.0,2026-09-16T20:12:09.907988+00:00,42,schema_checked
1659,7,0,0.055,0.04,0,0,1.36630579949,1.61491409638,0.743791630153,0,0,synthetic,True,1.0.0,1.0.0,2026-09-16T20:12:09.907988+00:00,42,schema_checked
1660,7,0,0.055,0.04,0,1,1.36630579949,1.21118557229,0.609909136725,0,0,synthetic,True,1.0.0,1.0.0,2026-09-16T20:12:09.907988+00:00,42,schema_checked
1661,7,0,0.055,0.04,5,0,1.33590718583,1.5789842557,0.751291630153,0,0,synthetic,True,1.0.0,1.0.0,2026-09-16T20:12:09.907988+00:00,42,schema_checked
1662,7,0,0.055,0.04,5,1,1.33590718583,1.18423819177,0.616059136725,0,0,synthetic,True,1.0.0,1.0.0,2026-09-16T20:12:09.907988+00:00,42,schema_checked
1663,7,0,0.055,0.06,-5,0,1.36353678554,1.62042865526,0.75376423247,0,0,synthetic,True,1.0.0,1.0.0,2026-09-16T20:12:09.907988+00:00,42,schema_checked
1664,7,0,0.055,0.06,-5,1,1.36353678554,1.21532149144,0.618086670625,0,0,synthetic,True,1.0.0,1.0.0,2026-09-16T20:12:09.907988+00:00,42,schema_checked
1665,7,0,0.055,0.06,0,0,1.39456411168,1.65730156467,0.74626423247,0,0,synthetic,True,1.0.0,1.0.0,2026-09-16T20:12:09.907988+00:00,42,schema_checked
1666,7,0,0.055,0.06,0,1,1.39456411168,1.2429761735,0.611936670625,0,0,synthetic,True,1.0.0,1.0.0,2026-09-16T20:12:09.907988+00:00,42,schema_checked
1667,7,0,0.055,0.06,5,0,1.36353678554,1.62042865526,0.75376423247,0,0,synthetic,True,1.0.0,1.0.0,2026-09-16T20:12:09.907988+00:00,42,schema_checked
1668,7,0,0.055,0.06,5,1,1.36353678554,1.21532149144,0.618086670625,0,0,synthetic,True,1.0.0,1.0.0,2026-09-16T20:12:09.907988+00:00,42,schema_checked
1669,7,0,0.055,0.085,-5,0,1.29290224003,1.51447683699,0.747443071731,0,0,synthetic,True,1.0.0,1.0.0,2026-09-16T20:12:09.907988+00:00,42,schema_checked
1670,7,0,0.055,0.085,-5,1,1.29290224003,1.13585762774,0.61290331882,0,0,synthetic,True,1.0.0,1.0.0,2026-09-16T20:12:09.907988+00:00,42,schema_checked
1671,7,0,0.055,0.085,0,0,1.32232227467,1.54893880916,0.739943071731,0,0,synthetic,True,1.0.0,1.0.0,2026-09-16T20:12:09.907988+00:00,42,schema_checked
1672,7,0,0.055,0.085,0,1,1.32232227467,1.16170410687,0.60675331882,0,0,synthetic,True,1.0.0,1.0.0,2026-09-16T20:12:09.907988+00:00,42,schema_checked
1673,7,0,0.055,0.085,5,0,1.29290224003,1.51447683699,0.747443071731,0,0,synthetic,True,1.0.0,1.0.0,2026-09-16T20:12:09.907988+00:00,42,schema_checked
1674,7,0,0.055,0.085,5,1,1.29290224003,1.13585762774,0.61290331882,0,0,synthetic,True,1.0.0,1.0.0,2026-09-16T20:12:09.907988+00:00,42,schema_checked
1675,7,30,0.025,0.04,-5,0,1.46980347444,1.77982868861,0.763274151686,2687.03959483,631.132314175,synthetic,True,1.0.0,1.0.0,2026-09-16T20:12:09.907988+00:00,42,schema_checked
1676,7,30,0.025,0.04,-5,1,1.46980347444,1.33487151646,0.625884804382,2319.1156331,517.528497624,synthetic,True,1.0.0,1.0.0,2026-09-16T20:12:09.907988+00:00,42,schema_checked
1677,7,30,0.025,0.04,0,0,1.50324890272,1.82032875123,0.755774151686,2748.18327261,624.930751675,synthetic,True,1.0.0,1.0.0,2026-09-16T20:12:09.907988+00:00,42,schema_checked
1678,7,30,0.025,0.04,0,1,1.50324890272,1.36524656342,0.619734804382,2371.88718857,512.443216374,synthetic,True,1.0.0,1.0.0,2026-09-16T20:12:09.907988+00:00,42,schema_checked
1679,7,30,0.025,0.04,5,0,1.46980347444,1.77982868861,0.763274151686,2687.03959483,631.132314175,synthetic,True,1.0.0,1.0.0,2026-09-16T20:12:09.907988+00:00,42,schema_checked
1680,7,30,0.025,0.04,5,1,1.46980347444,1.33487151646,0.625884804382,2319.1156331,517.528497624,synthetic,True,1.0.0,1.0.0,2026-09-16T20:12:09.907988+00:00,42,schema_checked
1681,7,30,0.025,0.06,-5,0,1.51041848808,1.84075120907,0.766908832531,2770.99844333,634.137740899,synthetic,True,1.0.0,1.0.0,2026-09-16T20:12:09.907988+00:00,42,schema_checked
1682,7,30,0.025,0.06,-5,1,1.51041848808,1.3805634068,0.628865242675,2390.48065433,519.992947537,synthetic,True,1.0.0,1.0.0,2026-09-16T20:12:09.907988+00:00,42,schema_checked
1683,7,30,0.025,0.06,0,0,1.54478811238,1.88263756572,0.759408832531,2834.05260757,627.936178399,synthetic,True,1.0.0,1.0.0,2026-09-16T20:12:09.907988+00:00,42,schema_checked
1684,7,30,0.025,0.06,0,1,1.54478811238,1.41197817429,0.622715242675,2444.87612329,514.907666287,synthetic,True,1.0.0,1.0.0,2026-09-16T20:12:09.907988+00:00,42,schema_checked
1685,7,30,0.025,0.06,5,0,1.51041848808,1.84075120907,0.766908832531,2770.99844333,634.137740899,synthetic,True,1.0.0,1.0.0,2026-09-16T20:12:09.907988+00:00,42,schema_checked
1686,7,30,0.025,0.06,5,1,1.51041848808,1.3805634068,0.628865242675,2390.48065433,519.992947537,synthetic,True,1.0.0,1.0.0,2026-09-16T20:12:09.907988+00:00,42,schema_checked
1687,7,30,0.025,0.085,-5,0,1.40658697913,1.68500394565,0.757616840164,2556.35924593,626.454424711,synthetic,True,1.0.0,1.0.0,2026-09-16T20:12:09.907988+00:00,42,schema_checked
1688,7,30,0.025,0.085,-5,1,1.40658697913,1.26375295924,0.621245808934,2208.03733654,513.692628263,synthetic,True,1.0.0,1.0.0,2026-09-16T20:12:09.907988+00:00,42,schema_checked
1689,7,30,0.025,0.085,0,0,1.4385939139,1.723346268,0.750116840164,2614.52928791,620.252862211,synthetic,True,1.0.0,1.0.0,2026-09-16T20:12:09.907988+00:00,42,schema_checked
1690,7,30,0.025,0.085,0,1,1.4385939139,1.292509701,0.615095808934,2258.28130157,508.607347013,synthetic,True,1.0.0,1.0.0,2026-09-16T20:12:09.907988+00:00,42,schema_checked
1691,7,30,0.025,0.085,5,0,1.40658697913,1.68500394565,0.757616840164,2556.35924593,626.454424711,synthetic,True,1.0.0,1.0.0,2026-09-16T20:12:09.907988+00:00,42,schema_checked
1692,7,30,0.025,0.085,5,1,1.40658697913,1.26375295924,0.621245808934,2208.03733654,513.692628263,synthetic,True,1.0.0,1.0.0,2026-09-16T20:12:09.907988+00:00,42,schema_checked
1693,7,30,0.04,0.04,-5,0,1.47579228789,1.78881190879,0.763810096983,2699.41959514,631.575473942,synthetic,True,1.0.0,1.0.0,2026-09-16T20:12:09.907988+00:00,42,schema_checked
1694,7,30,0.04,0.04,-5,1,1.47579228789,1.3416089316,0.626324279526,2329.63863337,517.891888633,synthetic,True,1.0.0,1.0.0,2026-09-16T20:12:09.907988+00:00,42,schema_checked
1695,7,30,0.04,0.04,0,0,1.50937399183,1.82951638489,0.756310096983,2760.84498025,625.373911442,synthetic,True,1.0.0,1.0.0,2026-09-16T20:12:09.907988+00:00,42,schema_checked
1696,7,30,0.04,0.04,0,1,1.50937399183,1.37213728867,0.620174279526,2382.64964006,512.806607383,synthetic,True,1.0.0,1.0.0,2026-09-16T20:12:09.907988+00:00,42,schema_checked
1697,7,30,0.04,0.04,5,0,1.47579228789,1.78881190879,0.763810096983,2699.41959514,631.575473942,synthetic,True,1.0.0,1.0.0,2026-09-16T20:12:09.907988+00:00,42,schema_checked
1698,7,30,0.04,0.04,5,1,1.47579228789,1.3416089316,0.626324279526,2329.63863337,517.891888633,synthetic,True,1.0.0,1.0.0,2026-09-16T20:12:09.907988+00:00,42,schema_checked
1699,7,30,0.04,0.06,-5,0,1.51698810345,1.85060563213,0.76749675441,2784.57907011,634.623878803,synthetic,True,1.0.0,1.0.0,2026-09-16T20:12:09.907988+00:00,42,schema_checked
1700,7,30,0.04,0.06,-5,1,1.51698810345,1.3879542241,0.629347338617,2402.02418709,520.391580619,synthetic,True,1.0.0,1.0.0,2026-09-16T20:12:09.907988+00:00,42,schema_checked
1701,7,30,0.04,0.06,0,0,1.55150721957,1.89271622651,0.75999675441,2847.94226198,628.422316303,synthetic,True,1.0.0,1.0.0,2026-09-16T20:12:09.907988+00:00,42,schema_checked
1702,7,30,0.04,0.06,0,1,1.55150721957,1.41953716988,0.623197338617,2456.68232953,515.306299369,synthetic,True,1.0.0,1.0.0,2026-09-16T20:12:09.907988+00:00,42,schema_checked
1703,7,30,0.04,0.06,5,0,1.51698810345,1.85060563213,0.76749675441,2784.57907011,634.623878803,synthetic,True,1.0.0,1.0.0,2026-09-16T20:12:09.907988+00:00,42,schema_checked
1704,7,30,0.04,0.06,5,1,1.51698810345,1.3879542241,0.629347338617,2402.02418709,520.391580619,synthetic,True,1.0.0,1.0.0,2026-09-16T20:12:09.907988+00:00,42,schema_checked
1705,7,30,0.04,0.085,-5,0,1.41167178546,1.69263115514,0.7580718849,2566.870494,626.830689826,synthetic,True,1.0.0,1.0.0,2026-09-16T20:12:09.907988+00:00,42,schema_checked
1706,7,30,0.04,0.085,-5,1,1.41167178546,1.26947336635,0.621618945618,2216.9718974,514.001165658,synthetic,True,1.0.0,1.0.0,2026-09-16T20:12:09.907988+00:00,42,schema_checked
1707,7,30,0.04,0.085,0,0,1.44379442516,1.7311470349,0.7505718849,2625.27971979,620.629127326,synthetic,True,1.0.0,1.0.0,2026-09-16T20:12:09.907988+00:00,42,schema_checked
1708,7,30,0.04,0.085,0,1,1.44379442516,1.29836027617,0.615468945618,2267.41916867,508.915884408,synthetic,True,1.0.0,1.0.0,2026-09-16T20:12:09.907988+00:00,42,schema_checked
1709,7,30,0.04,0.085,5,0,1.41167178546,1.69263115514,0.7580718849,2566.870494,626.830689826,synthetic,True,1.0.0,1.0.0,2026-09-16T20:12:09.907988+00:00,42,schema_checked
1710,7,30,0.04,0.085,5,1,1.41167178546,1.26947336635,0.621618945618,2216.9718974,514.001165658,synthetic,True,1.0.0,1.0.0,2026-09-16T20:12:09.907988+00:00,42,schema_checked
1711,7,30,0.055,0.04,-5,0,1.33590718583,1.5789842557,0.751291630153,2410.25086071,621.224266683,synthetic,True,1.0.0,1.0.0,2026-09-16T20:12:09.907988+00:00,42,schema_checked
1712,7,30,0.055,0.04,-5,1,1.33590718583,1.18423819177,0.616059136725,2083.84520911,509.40389868,synthetic,True,1.0.0,1.0.0,2026-09-16T20:12:09.907988+00:00,42,schema_checked
1713,7,30,0.055,0.04,0,0,1.36630579949,1.61491409638,0.743791630153,2465.0962014,615.022704183,synthetic,True,1.0.0,1.0.0,2026-09-16T20:12:09.907988+00:00,42,schema_checked
1714,7,30,0.055,0.04,0,1,1.36630579949,1.21118557229,0.609909136725,2131.26317803,504.31861743,synthetic,True,1.0.0,1.0.0,2026-09-16T20:12:09.907988+00:00,42,schema_checked
1715,7,30,0.055,0.04,5,0,1.33590718583,1.5789842557,0.751291630153,2410.25086071,621.224266683,synthetic,True,1.0.0,1.0.0,2026-09-16T20:12:09.907988+00:00,42,schema_checked
1716,7,30,0.055,0.04,5,1,1.33590718583,1.18423819177,0.616059136725,2083.84520911,509.40389868,synthetic,True,1.0.0,1.0.0,2026-09-16T20:12:09.907988+00:00,42,schema_checked
1717,7,30,0.055,0.06,-5,0,1.36353678554,1.62042865526,0.75376423247,2467.36642386,623.268799723,synthetic,True,1.0.0,1.0.0,2026-09-16T20:12:09.907988+00:00,42,schema_checked
1718,7,30,0.055,0.06,-5,1,1.36353678554,1.21532149144,0.618086670625,2132.39343778,511.080415773,synthetic,True,1.0.0,1.0.0,2026-09-16T20:12:09.907988+00:00,42,schema_checked
1719,7,30,0.055,0.06,0,0,1.39456411168,1.65730156467,0.74626423247,2523.51143113,617.067237223,synthetic,True,1.0.0,1.0.0,2026-09-16T20:12:09.907988+00:00,42,schema_checked
1720,7,30,0.055,0.06,0,1,1.39456411168,1.2429761735,0.611936670625,2180.91612331,505.995134523,synthetic,True,1.0.0,1.0.0,2026-09-16T20:12:09.907988+00:00,42,schema_checked
1721,7,30,0.055,0.06,5,0,1.36353678554,1.62042865526,0.75376423247,2467.36642386,623.268799723,synthetic,True,1.0.0,1.0.0,2026-09-16T20:12:09.907988+00:00,42,schema_checked
1722,7,30,0.055,0.06,5,1,1.36353678554,1.21532149144,0.618086670625,2132.39343778,511.080415773,synthetic,True,1.0.0,1.0.0,2026-09-16T20:12:09.907988+00:00,42,schema_checked
1723,7,30,0.055,0.085,-5,0,1.29290224003,1.51447683699,0.747443071731,2321.35157431,618.041989938,synthetic,True,1.0.0,1.0.0,2026-09-16T20:12:09.907988+00:00,42,schema_checked
1724,7,30,0.055,0.085,-5,1,1.29290224003,1.13585762774,0.61290331882,2008.28081566,506.794431749,synthetic,True,1.0.0,1.0.0,2026-09-16T20:12:09.907988+00:00,42,schema_checked
1725,7,30,0.055,0.085,0,0,1.32232227467,1.54893880916,0.739943071731,2374.17400869,611.840427438,synthetic,True,1.0.0,1.0.0,2026-09-16T20:12:09.907988+00:00,42,schema_checked
1726,7,30,0.055,0.085,0,1,1.32232227467,1.16170410687,0.60675331882,2053.97931423,501.709150499,synthetic,True,1.0.0,1.0.0,2026-09-16T20:12:09.907988+00:00,42,schema_checked
1727,7,30,0.055,0.085,5,0,1.29290224003,1.51447683699,0.747443071731,2321.35157431,618.041989938,synthetic,True,1.0.0,1.0.0,2026-09-16T20:12:09.907988+00:00,42,schema_checked
1728,7,30,0.055,0.085,5,1,1.29290224003,1.13585762774,0.61290331882,2008.28081566,506.794431749,synthetic,True,1.0.0,1.0.0,2026-09-16T20:12:09.907988+00:00,42,schema_checked
1729,7,50,0.025,0.04,-5,0,1.46980347444,1.77982868861,0.763274151686,7463.99887452,1753.14531715,synthetic,True,1.0.0,1.0.0,2026-09-16T20:12:09.907988+00:00,42,schema_checked
1730,7,50,0.025,0.04,-5,1,1.46980347444,1.33487151646,0.625884804382,6441.98786973,1437.57916007,synthetic,True,1.0.0,1.0.0,2026-09-16T20:12:09.907988+00:00,42,schema_checked
1731,7,50,0.025,0.04,0,0,1.50324890272,1.82032875123,0.755774151686,7633.84242391,1735.91875465,synthetic,True,1.0.0,1.0.0,2026-09-16T20:12:09.907988+00:00,42,schema_checked
1732,7,50,0.025,0.04,0,1,1.50324890272,1.36524656342,0.619734804382,6588.57552379,1423.45337882,synthetic,True,1.0.0,1.0.0,2026-09-16T20:12:09.907988+00:00,42,schema_checked
1733,7,50,0.025,0.04,5,0,1.46980347444,1.77982868861,0.763274151686,7463.99887452,1753.14531715,synthetic,True,1.0.0,1.0.0,2026-09-16T20:12:09.907988+00:00,42,schema_checked
1734,7,50,0.025,0.04,5,1,1.46980347444,1.33487151646,0.625884804382,6441.98786973,1437.57916007,synthetic,True,1.0.0,1.0.0,2026-09-16T20:12:09.907988+00:00,42,schema_checked
1735,7,50,0.025,0.06,-5,0,1.51041848808,1.84075120907,0.766908832531,7697.21789813,1761.49372472,synthetic,True,1.0.0,1.0.0,2026-09-16T20:12:09.907988+00:00,42,schema_checked
1736,7,50,0.025,0.06,-5,1,1.51041848808,1.3805634068,0.628865242675,6640.2240398,1444.42485427,synthetic,True,1.0.0,1.0.0,2026-09-16T20:12:09.907988+00:00,42,schema_checked
1737,7,50,0.025,0.06,0,0,1.54478811238,1.88263756572,0.759408832531,7872.36835437,1744.26716222,synthetic,True,1.0.0,1.0.0,2026-09-16T20:12:09.907988+00:00,42,schema_checked
1738,7,50,0.025,0.06,0,1,1.54478811238,1.41197817429,0.622715242675,6791.32256468,1430.29907302,synthetic,True,1.0.0,1.0.0,2026-09-16T20:12:09.907988+00:00,42,schema_checked
1739,7,50,0.025,0.06,5,0,1.51041848808,1.84075120907,0.766908832531,7697.21789813,1761.49372472,synthetic,True,1.0.0,1.0.0,2026-09-16T20:12:09.907988+00:00,42,schema_checked
1740,7,50,0.025,0.06,5,1,1.51041848808,1.3805634068,0.628865242675,6640.2240398,1444.42485427,synthetic,True,1.0.0,1.0.0,2026-09-16T20:12:09.907988+00:00,42,schema_checked
1741,7,50,0.025,0.085,-5,0,1.40658697913,1.68500394565,0.757616840164,7100.99790537,1740.15117975,synthetic,True,1.0.0,1.0.0,2026-09-16T20:12:09.907988+00:00,42,schema_checked
1742,7,50,0.025,0.085,-5,1,1.40658697913,1.26375295924,0.621245808934,6133.43704595,1426.9239674,synthetic,True,1.0.0,1.0.0,2026-09-16T20:12:09.907988+00:00,42,schema_checked
1743,7,50,0.025,0.085,0,0,1.4385939139,1.723346268,0.750116840164,7262.5813553,1722.92461725,synthetic,True,1.0.0,1.0.0,2026-09-16T20:12:09.907988+00:00,42,schema_checked
1744,7,50,0.025,0.085,0,1,1.4385939139,1.292509701,0.615095808934,6273.00361547,1412.79818615,synthetic,True,1.0.0,1.0.0,2026-09-16T20:12:09.907988+00:00,42,schema_checked
1745,7,50,0.025,0.085,5,0,1.40658697913,1.68500394565,0.757616840164,7100.99790537,1740.15117975,synthetic,True,1.0.0,1.0.0,2026-09-16T20:12:09.907988+00:00,42,schema_checked
1746,7,50,0.025,0.085,5,1,1.40658697913,1.26375295924,0.621245808934,6133.43704595,1426.9239674,synthetic,True,1.0.0,1.0.0,2026-09-16T20:12:09.907988+00:00,42,schema_checked
1747,7,50,0.04,0.04,-5,0,1.47579228789,1.78881190879,0.763810096983,7498.38776427,1754.37631651,synthetic,True,1.0.0,1.0.0,2026-09-16T20:12:09.907988+00:00,42,schema_checked
1748,7,50,0.04,0.04,-5,1,1.47579228789,1.3416089316,0.626324279526,6471.21842602,1438.58857954,synthetic,True,1.0.0,1.0.0,2026-09-16T20:12:09.907988+00:00,42,schema_checked
1749,7,50,0.04,0.04,0,0,1.50937399183,1.82951638489,0.756310096983,7669.01383402,1737.14975401,synthetic,True,1.0.0,1.0.0,2026-09-16T20:12:09.907988+00:00,42,schema_checked
1750,7,50,0.04,0.04,0,1,1.50937399183,1.37213728867,0.620174279526,6618.47122239,1424.46279829,synthetic,True,1.0.0,1.0.0,2026-09-16T20:12:09.907988+00:00,42,schema_checked
1751,7,50,0.04,0.04,5,0,1.47579228789,1.78881190879,0.763810096983,7498.38776427,1754.37631651,synthetic,True,1.0.0,1.0.0,2026-09-16T20:12:09.907988+00:00,42,schema_checked
1752,7,50,0.04,0.04,5,1,1.47579228789,1.3416089316,0.626324279526,6471.21842602,1438.58857954,synthetic,True,1.0.0,1.0.0,2026-09-16T20:12:09.907988+00:00,42,schema_checked
1753,7,50,0.04,0.06,-5,0,1.51698810345,1.85060563213,0.76749675441,7734.94186141,1762.84410779,synthetic,True,1.0.0,1.0.0,2026-09-16T20:12:09.907988+00:00,42,schema_checked
1754,7,50,0.04,0.06,-5,1,1.51698810345,1.3879542241,0.629347338617,6672.28940859,1445.53216838,synthetic,True,1.0.0,1.0.0,2026-09-16T20:12:09.907988+00:00,42,schema_checked
1755,7,50,0.04,0.06,0,0,1.55150721957,1.89271622651,0.75999675441,7910.95072773,1745.61754529,synthetic,True,1.0.0,1.0.0,2026-09-16T20:12:09.907988+00:00,42,schema_checked
1756,7,50,0.04,0.06,0,1,1.55150721957,1.41953716988,0.623197338617,6824.11758203,1431.40638713,synthetic,True,1.0.0,1.0.0,2026-09-16T20:12:09.907988+00:00,42,schema_checked
1757,7,50,0.04,0.06,5,0,1.51698810345,1.85060563213,0.76749675441,7734.94186141,1762.84410779,synthetic,True,1.0.0,1.0.0,2026-09-16T20:12:09.907988+00:00,42,schema_checked
1758,7,50,0.04,0.06,5,1,1.51698810345,1.3879542241,0.629347338617,6672.28940859,1445.53216838,synthetic,True,1.0.0,1.0.0,2026-09-16T20:12:09.907988+00:00,42,schema_checked
1759,7,50,0.04,0.085,-5,0,1.41167178546,1.69263115514,0.7580718849,7130.19581667,1741.19636063,synthetic,True,1.0.0,1.0.0,2026-09-16T20:12:09.907988+00:00,42,schema_checked
1760,7,50,0.04,0.085,-5,1,1.41167178546,1.26947336635,0.621618945618,6158.25527056,1427.78101572,synthetic,True,1.0.0,1.0.0,2026-09-16T20:12:09.907988+00:00,42,schema_checked
1761,7,50,0.04,0.085,0,0,1.44379442516,1.7311470349,0.7505718849,7292.44366608,1723.96979813,synthetic,True,1.0.0,1.0.0,2026-09-16T20:12:09.907988+00:00,42,schema_checked
1762,7,50,0.04,0.085,0,1,1.44379442516,1.29836027617,0.615468945618,6298.38657964,1413.65523447,synthetic,True,1.0.0,1.0.0,2026-09-16T20:12:09.907988+00:00,42,schema_checked
1763,7,50,0.04,0.085,5,0,1.41167178546,1.69263115514,0.7580718849,7130.19581667,1741.19636063,synthetic,True,1.0.0,1.0.0,2026-09-16T20:12:09.907988+00:00,42,schema_checked
1764,7,50,0.04,0.085,5,1,1.41167178546,1.26947336635,0.621618945618,6158.25527056,1427.78101572,synthetic,True,1.0.0,1.0.0,2026-09-16T20:12:09.907988+00:00,42,schema_checked
1765,7,50,0.055,0.04,-5,0,1.33590718583,1.5789842557,0.751291630153,6695.14127976,1725.62296301,synthetic,True,1.0.0,1.0.0,2026-09-16T20:12:09.907988+00:00,42,schema_checked
1766,7,50,0.055,0.04,-5,1,1.33590718583,1.18423819177,0.616059136725,5788.45891419,1415.01082967,synthetic,True,1.0.0,1.0.0,2026-09-16T20:12:09.907988+00:00,42,schema_checked
1767,7,50,0.055,0.04,0,0,1.36630579949,1.61491409638,0.743791630153,6847.48944832,1708.39640051,synthetic,True,1.0.0,1.0.0,2026-09-16T20:12:09.907988+00:00,42,schema_checked
1768,7,50,0.055,0.04,0,1,1.36630579949,1.21118557229,0.609909136725,5920.17549454,1400.88504842,synthetic,True,1.0.0,1.0.0,2026-09-16T20:12:09.907988+00:00,42,schema_checked
1769,7,50,0.055,0.04,5,0,1.33590718583,1.5789842557,0.751291630153,6695.14127976,1725.62296301,synthetic,True,1.0.0,1.0.0,2026-09-16T20:12:09.907988+00:00,42,schema_checked
1770,7,50,0.055,0.04,5,1,1.33590718583,1.18423819177,0.616059136725,5788.45891419,1415.01082967,synthetic,True,1.0.0,1.0.0,2026-09-16T20:12:09.907988+00:00,42,schema_checked
1771,7,50,0.055,0.06,-5,0,1.36353678554,1.62042865526,0.75376423247,6853.79562183,1731.30222145,synthetic,True,1.0.0,1.0.0,2026-09-16T20:12:09.907988+00:00,42,schema_checked
1772,7,50,0.055,0.06,-5,1,1.36353678554,1.21532149144,0.618086670625,5923.31510495,1419.66782159,synthetic,True,1.0.0,1.0.0,2026-09-16T20:12:09.907988+00:00,42,schema_checked
1773,7,50,0.055,0.06,0,0,1.39456411168,1.65730156467,0.74626423247,7009.75397536,1714.07565895,synthetic,True,1.0.0,1.0.0,2026-09-16T20:12:09.907988+00:00,42,schema_checked
1774,7,50,0.055,0.06,0,1,1.39456411168,1.2429761735,0.611936670625,6058.10034253,1405.54204034,synthetic,True,1.0.0,1.0.0,2026-09-16T20:12:09.907988+00:00,42,schema_checked
1775,7,50,0.055,0.06,5,0,1.36353678554,1.62042865526,0.75376423247,6853.79562183,1731.30222145,synthetic,True,1.0.0,1.0.0,2026-09-16T20:12:09.907988+00:00,42,schema_checked
1776,7,50,0.055,0.06,5,1,1.36353678554,1.21532149144,0.618086670625,5923.31510495,1419.66782159,synthetic,True,1.0.0,1.0.0,2026-09-16T20:12:09.907988+00:00,42,schema_checked
1777,7,50,0.055,0.085,-5,0,1.29290224003,1.51447683699,0.747443071731,6448.19881752,1716.78330538,synthetic,True,1.0.0,1.0.0,2026-09-16T20:12:09.907988+00:00,42,schema_checked
1778,7,50,0.055,0.085,-5,1,1.29290224003,1.13585762774,0.61290331882,5578.55782128,1407.76231041,synthetic,True,1.0.0,1.0.0,2026-09-16T20:12:09.907988+00:00,42,schema_checked
1779,7,50,0.055,0.085,0,0,1.32232227467,1.54893880916,0.739943071731,6594.92780191,1699.55674288,synthetic,True,1.0.0,1.0.0,2026-09-16T20:12:09.907988+00:00,42,schema_checked
1780,7,50,0.055,0.085,0,1,1.32232227467,1.16170410687,0.60675331882,5705.49809509,1393.63652916,synthetic,True,1.0.0,1.0.0,2026-09-16T20:12:09.907988+00:00,42,schema_checked
1781,7,50,0.055,0.085,5,0,1.29290224003,1.51447683699,0.747443071731,6448.19881752,1716.78330538,synthetic,True,1.0.0,1.0.0,2026-09-16T20:12:09.907988+00:00,42,schema_checked
1782,7,50,0.055,0.085,5,1,1.29290224003,1.13585762774,0.61290331882,5578.55782128,1407.76231041,synthetic,True,1.0.0,1.0.0,2026-09-16T20:12:09.907988+00:00,42,schema_checked
1783,7,70,0.025,0.04,-5,0,1.46980347444,1.77982868861,0.763274151686,14629.4377941,3436.16482162,synthetic,True,1.0.0,1.0.0,2026-09-16T20:12:09.907988+00:00,42,schema_checked
1784,7,70,0.025,0.04,-5,1,1.46980347444,1.33487151646,0.625884804382,12626.2962247,2817.65515373,synthetic,True,1.0.0,1.0.0,2026-09-16T20:12:09.907988+00:00,42,schema_checked
1785,7,70,0.025,0.04,0,0,1.50324890272,1.82032875123,0.755774151686,14962.3311509,3402.40075912,synthetic,True,1.0.0,1.0.0,2026-09-16T20:12:09.907988+00:00,42,schema_checked
1786,7,70,0.025,0.04,0,1,1.50324890272,1.36524656342,0.619734804382,12913.6080266,2789.96862248,synthetic,True,1.0.0,1.0.0,2026-09-16T20:12:09.907988+00:00,42,schema_checked
1787,7,70,0.025,0.04,5,0,1.46980347444,1.77982868861,0.763274151686,14629.4377941,3436.16482162,synthetic,True,1.0.0,1.0.0,2026-09-16T20:12:09.907988+00:00,42,schema_checked
1788,7,70,0.025,0.04,5,1,1.46980347444,1.33487151646,0.625884804382,12626.2962247,2817.65515373,synthetic,True,1.0.0,1.0.0,2026-09-16T20:12:09.907988+00:00,42,schema_checked
1789,7,70,0.025,0.06,-5,0,1.51041848808,1.84075120907,0.766908832531,15086.5470803,3452.52770045,synthetic,True,1.0.0,1.0.0,2026-09-16T20:12:09.907988+00:00,42,schema_checked
1790,7,70,0.025,0.06,-5,1,1.51041848808,1.3805634068,0.628865242675,13014.839118,2831.07271437,synthetic,True,1.0.0,1.0.0,2026-09-16T20:12:09.907988+00:00,42,schema_checked
1791,7,70,0.025,0.06,0,0,1.54478811238,1.88263756572,0.759408832531,15429.8419746,3418.76363795,synthetic,True,1.0.0,1.0.0,2026-09-16T20:12:09.907988+00:00,42,schema_checked
1792,7,70,0.025,0.06,0,1,1.54478811238,1.41197817429,0.622715242675,13310.9922268,2803.38618312,synthetic,True,1.0.0,1.0.0,2026-09-16T20:12:09.907988+00:00,42,schema_checked
1793,7,70,0.025,0.06,5,0,1.51041848808,1.84075120907,0.766908832531,15086.5470803,3452.52770045,synthetic,True,1.0.0,1.0.0,2026-09-16T20:12:09.907988+00:00,42,schema_checked
1794,7,70,0.025,0.06,5,1,1.51041848808,1.3805634068,0.628865242675,13014.839118,2831.07271437,synthetic,True,1.0.0,1.0.0,2026-09-16T20:12:09.907988+00:00,42,schema_checked
1795,7,70,0.025,0.085,-5,0,1.40658697913,1.68500394565,0.757616840164,13917.9558945,3410.69631231,synthetic,True,1.0.0,1.0.0,2026-09-16T20:12:09.907988+00:00,42,schema_checked
1796,7,70,0.025,0.085,-5,1,1.40658697913,1.26375295924,0.621245808934,12021.5366101,2796.7709761,synthetic,True,1.0.0,1.0.0,2026-09-16T20:12:09.907988+00:00,42,schema_checked
1797,7,70,0.025,0.085,0,0,1.4385939139,1.723346268,0.750116840164,14234.6594564,3376.93224981,synthetic,True,1.0.0,1.0.0,2026-09-16T20:12:09.907988+00:00,42,schema_checked
1798,7,70,0.025,0.085,0,1,1.4385939139,1.292509701,0.615095808934,12295.0870863,2769.08444485,synthetic,True,1.0.0,1.0.0,2026-09-16T20:12:09.907988+00:00,42,schema_checked
1799,7,70,0.025,0.085,5,0,1.40658697913,1.68500394565,0.757616840164,13917.9558945,3410.69631231,synthetic,True,1.0.0,1.0.0,2026-09-16T20:12:09.907988+00:00,42,schema_checked
1800,7,70,0.025,0.085,5,1,1.40658697913,1.26375295924,0.621245808934,12021.5366101,2796.7709761,synthetic,True,1.0.0,1.0.0,2026-09-16T20:12:09.907988+00:00,42,schema_checked
1801,7,70,0.04,0.04,-5,0,1.47579228789,1.78881190879,0.763810096983,14696.840018,3438.57758035,synthetic,True,1.0.0,1.0.0,2026-09-16T20:12:09.907988+00:00,42,schema_checked
1802,7,70,0.04,0.04,-5,1,1.47579228789,1.3416089316,0.626324279526,12683.588115,2819.63361589,synthetic,True,1.0.0,1.0.0,2026-09-16T20:12:09.907988+00:00,42,schema_checked
1803,7,70,0.04,0.04,0,0,1.50937399183,1.82951638489,0.756310096983,15031.2671147,3404.81351785,synthetic,True,1.0.0,1.0.0,2026-09-16T20:12:09.907988+00:00,42,schema_checked
1804,7,70,0.04,0.04,0,1,1.50937399183,1.37213728867,0.620174279526,12972.2035959,2791.94708464,synthetic,True,1.0.0,1.0.0,2026-09-16T20:12:09.907988+00:00,42,schema_checked
1805,7,70,0.04,0.04,5,0,1.47579228789,1.78881190879,0.763810096983,14696.840018,3438.57758035,synthetic,True,1.0.0,1.0.0,2026-09-16T20:12:09.907988+00:00,42,schema_checked
1806,7,70,0.04,0.04,5,1,1.47579228789,1.3416089316,0.626324279526,12683.588115,2819.63361589,synthetic,True,1.0.0,1.0.0,2026-09-16T20:12:09.907988+00:00,42,schema_checked
1807,7,70,0.04,0.06,-5,0,1.51698810345,1.85060563213,0.76749675441,15160.4860484,3455.17445126,synthetic,True,1.0.0,1.0.0,2026-09-16T20:12:09.907988+00:00,42,schema_checked
1808,7,70,0.04,0.06,-5,1,1.51698810345,1.3879542241,0.629347338617,13077.6872408,2833.24305003,synthetic,True,1.0.0,1.0.0,2026-09-16T20:12:09.907988+00:00,42,schema_checked
1809,7,70,0.04,0.06,0,0,1.55150721957,1.89271622651,0.75999675441,15505.4634263,3421.41038876,synthetic,True,1.0.0,1.0.0,2026-09-16T20:12:09.907988+00:00,42,schema_checked
1810,7,70,0.04,0.06,0,1,1.55150721957,1.41953716988,0.623197338617,13375.2704608,2805.55651878,synthetic,True,1.0.0,1.0.0,2026-09-16T20:12:09.907988+00:00,42,schema_checked
1811,7,70,0.04,0.06,5,0,1.51698810345,1.85060563213,0.76749675441,15160.4860484,3455.17445126,synthetic,True,1.0.0,1.0.0,2026-09-16T20:12:09.907988+00:00,42,schema_checked
1812,7,70,0.04,0.06,5,1,1.51698810345,1.3879542241,0.629347338617,13077.6872408,2833.24305003,synthetic,True,1.0.0,1.0.0,2026-09-16T20:12:09.907988+00:00,42,schema_checked
1813,7,70,0.04,0.085,-5,0,1.41167178546,1.69263115514,0.7580718849,13975.1838007,3412.74486683,synthetic,True,1.0.0,1.0.0,2026-09-16T20:12:09.907988+00:00,42,schema_checked
1814,7,70,0.04,0.085,-5,1,1.41167178546,1.26947336635,0.621618945618,12070.1803303,2798.4507908,synthetic,True,1.0.0,1.0.0,2026-09-16T20:12:09.907988+00:00,42,schema_checked
1815,7,70,0.04,0.085,0,0,1.44379442516,1.7311470349,0.7505718849,14293.1895855,3378.98080433,synthetic,True,1.0.0,1.0.0,2026-09-16T20:12:09.907988+00:00,42,schema_checked
1816,7,70,0.04,0.085,0,1,1.44379442516,1.29836027617,0.615468945618,12344.8376961,2770.76425955,synthetic,True,1.0.0,1.0.0,2026-09-16T20:12:09.907988+00:00,42,schema_checked
1817,7,70,0.04,0.085,5,0,1.41167178546,1.69263115514,0.7580718849,13975.1838007,3412.74486683,synthetic,True,1.0.0,1.0.0,2026-09-16T20:12:09.907988+00:00,42,schema_checked
1818,7,70,0.04,0.085,5,1,1.41167178546,1.26947336635,0.621618945618,12070.1803303,2798.4507908,synthetic,True,1.0.0,1.0.0,2026-09-16T20:12:09.907988+00:00,42,schema_checked
1819,7,70,0.055,0.04,-5,0,1.33590718583,1.5789842557,0.751291630153,13122.4769083,3382.22100749,synthetic,True,1.0.0,1.0.0,2026-09-16T20:12:09.907988+00:00,42,schema_checked
1820,7,70,0.055,0.04,-5,1,1.33590718583,1.18423819177,0.616059136725,11345.3794718,2773.42122615,synthetic,True,1.0.0,1.0.0,2026-09-16T20:12:09.907988+00:00,42,schema_checked
1821,7,70,0.055,0.04,0,0,1.36630579949,1.61491409638,0.743791630153,13421.0793187,3348.45694499,synthetic,True,1.0.0,1.0.0,2026-09-16T20:12:09.907988+00:00,42,schema_checked
1822,7,70,0.055,0.04,0,1,1.36630579949,1.21118557229,0.609909136725,11603.5439693,2745.7346949,synthetic,True,1.0.0,1.0.0,2026-09-16T20:12:09.907988+00:00,42,schema_checked
1823,7,70,0.055,0.04,5,0,1.33590718583,1.5789842557,0.751291630153,13122.4769083,3382.22100749,synthetic,True,1.0.0,1.0.0,2026-09-16T20:12:09.907988+00:00,42,schema_checked
1824,7,70,0.055,0.04,5,1,1.33590718583,1.18423819177,0.616059136725,11345.3794718,2773.42122615,synthetic,True,1.0.0,1.0.0,2026-09-16T20:12:09.907988+00:00,42,schema_checked
1825,7,70,0.055,0.06,-5,0,1.36353678554,1.62042865526,0.75376423247,13433.4394188,3393.35235405,synthetic,True,1.0.0,1.0.0,2026-09-16T20:12:09.907988+00:00,42,schema_checked
1826,7,70,0.055,0.06,-5,1,1.36353678554,1.21532149144,0.618086670625,11609.6976057,2782.54893032,synthetic,True,1.0.0,1.0.0,2026-09-16T20:12:09.907988+00:00,42,schema_checked
1827,7,70,0.055,0.06,0,0,1.39456411168,1.65730156467,0.74626423247,13739.1177917,3359.58829155,synthetic,True,1.0.0,1.0.0,2026-09-16T20:12:09.907988+00:00,42,schema_checked
1828,7,70,0.055,0.06,0,1,1.39456411168,1.2429761735,0.611936670625,11873.8766713,2754.86239907,synthetic,True,1.0.0,1.0.0,2026-09-16T20:12:09.907988+00:00,42,schema_checked
1829,7,70,0.055,0.06,5,0,1.36353678554,1.62042865526,0.75376423247,13433.4394188,3393.35235405,synthetic,True,1.0.0,1.0.0,2026-09-16T20:12:09.907988+00:00,42,schema_checked
1830,7,70,0.055,0.06,5,1,1.36353678554,1.21532149144,0.618086670625,11609.6976057,2782.54893032,synthetic,True,1.0.0,1.0.0,2026-09-16T20:12:09.907988+00:00,42,schema_checked
1831,7,70,0.055,0.085,-5,0,1.29290224003,1.51447683699,0.747443071731,12638.4696823,3364.89527855,synthetic,True,1.0.0,1.0.0,2026-09-16T20:12:09.907988+00:00,42,schema_checked
1832,7,70,0.055,0.085,-5,1,1.29290224003,1.13585762774,0.61290331882,10933.9733297,2759.21412841,synthetic,True,1.0.0,1.0.0,2026-09-16T20:12:09.907988+00:00,42,schema_checked
1833,7,70,0.055,0.085,0,0,1.32232227467,1.54893880916,0.739943071731,12926.0584918,3331.13121605,synthetic,True,1.0.0,1.0.0,2026-09-16T20:12:09.907988+00:00,42,schema_checked
1834,7,70,0.055,0.085,0,1,1.32232227467,1.16170410687,0.60675331882,11182.7762664,2731.52759716,synthetic,True,1.0.0,1.0.0,2026-09-16T20:12:09.907988+00:00,42,schema_checked
1835,7,70,0.055,0.085,5,0,1.29290224003,1.51447683699,0.747443071731,12638.4696823,3364.89527855,synthetic,True,1.0.0,1.0.0,2026-09-16T20:12:09.907988+00:00,42,schema_checked
1836,7,70,0.055,0.085,5,1,1.29290224003,1.13585762774,0.61290331882,10933.9733297,2759.21412841,synthetic,True,1.0.0,1.0.0,2026-09-16T20:12:09.907988+00:00,42,schema_checked
1837,7,90,0.025,0.04,-5,0,1.46980347444,1.77982868861,0.763274151686,24183.3563534,5680.19082758,synthetic,True,1.0.0,1.0.0,2026-09-16T20:12:09.907988+00:00,42,schema_checked
1838,7,90,0.025,0.04,-5,1,1.46980347444,1.33487151646,0.625884804382,20872.0406979,4657.75647861,synthetic,True,1.0.0,1.0.0,2026-09-16T20:12:09.907988+00:00,42,schema_checked
1839,7,90,0.025,0.04,0,0,1.50324890272,1.82032875123,0.755774151686,24733.6494535,5624.37676508,synthetic,True,1.0.0,1.0.0,2026-09-16T20:12:09.907988+00:00,42,schema_checked
1840,7,90,0.025,0.04,0,1,1.50324890272,1.36524656342,0.619734804382,21346.9846971,4611.98894736,synthetic,True,1.0.0,1.0.0,2026-09-16T20:12:09.907988+00:00,42,schema_checked
1841,7,90,0.025,0.04,5,0,1.46980347444,1.77982868861,0.763274151686,24183.3563534,5680.19082758,synthetic,True,1.0.0,1.0.0,2026-09-16T20:12:09.907988+00:00,42,schema_checked
1842,7,90,0.025,0.04,5,1,1.46980347444,1.33487151646,0.625884804382,20872.0406979,4657.75647861,synthetic,True,1.0.0,1.0.0,2026-09-16T20:12:09.907988+00:00,42,schema_checked
1843,7,90,0.025,0.06,-5,0,1.51041848808,1.84075120907,0.766908832531,24938.9859899,5707.23966809,synthetic,True,1.0.0,1.0.0,2026-09-16T20:12:09.907988+00:00,42,schema_checked
1844,7,90,0.025,0.06,-5,1,1.51041848808,1.3805634068,0.628865242675,21514.3258889,4679.93652783,synthetic,True,1.0.0,1.0.0,2026-09-16T20:12:09.907988+00:00,42,schema_checked
1845,7,90,0.025,0.06,0,0,1.54478811238,1.88263756572,0.759408832531,25506.4734682,5651.42560559,synthetic,True,1.0.0,1.0.0,2026-09-16T20:12:09.907988+00:00,42,schema_checked
1846,7,90,0.025,0.06,0,1,1.54478811238,1.41197817429,0.622715242675,22003.8851096,4634.16899658,synthetic,True,1.0.0,1.0.0,2026-09-16T20:12:09.907988+00:00,42,schema_checked
1847,7,90,0.025,0.06,5,0,1.51041848808,1.84075120907,0.766908832531,24938.9859899,5707.23966809,synthetic,True,1.0.0,1.0.0,2026-09-16T20:12:09.907988+00:00,42,schema_checked
1848,7,90,0.025,0.06,5,1,1.51041848808,1.3805634068,0.628865242675,21514.3258889,4679.93652783,synthetic,True,1.0.0,1.0.0,2026-09-16T20:12:09.907988+00:00,42,schema_checked
1849,7,90,0.025,0.085,-5,0,1.40658697913,1.68500394565,0.757616840164,23007.2332134,5638.0898224,synthetic,True,1.0.0,1.0.0,2026-09-16T20:12:09.907988+00:00,42,schema_checked
1850,7,90,0.025,0.085,-5,1,1.40658697913,1.26375295924,0.621245808934,19872.3360289,4623.23365436,synthetic,True,1.0.0,1.0.0,2026-09-16T20:12:09.907988+00:00,42,schema_checked
1851,7,90,0.025,0.085,0,0,1.4385939139,1.723346268,0.750116840164,23530.7635912,5582.2757599,synthetic,True,1.0.0,1.0.0,2026-09-16T20:12:09.907988+00:00,42,schema_checked
1852,7,90,0.025,0.085,0,1,1.4385939139,1.292509701,0.615095808934,20324.5317141,4577.46612311,synthetic,True,1.0.0,1.0.0,2026-09-16T20:12:09.907988+00:00,42,schema_checked
1853,7,90,0.025,0.085,5,0,1.40658697913,1.68500394565,0.757616840164,23007.2332134,5638.0898224,synthetic,True,1.0.0,1.0.0,2026-09-16T20:12:09.907988+00:00,42,schema_checked
1854,7,90,0.025,0.085,5,1,1.40658697913,1.26375295924,0.621245808934,19872.3360289,4623.23365436,synthetic,True,1.0.0,1.0.0,2026-09-16T20:12:09.907988+00:00,42,schema_checked
1855,7,90,0.04,0.04,-5,0,1.47579228789,1.78881190879,0.763810096983,24294.7763562,5684.17926548,synthetic,True,1.0.0,1.0.0,2026-09-16T20:12:09.907988+00:00,42,schema_checked
1856,7,90,0.04,0.04,-5,1,1.47579228789,1.3416089316,0.626324279526,20966.7477003,4661.0269977,synthetic,True,1.0.0,1.0.0,2026-09-16T20:12:09.907988+00:00,42,schema_checked
1857,7,90,0.04,0.04,0,0,1.50937399183,1.82951638489,0.756310096983,24847.6048222,5628.36520298,synthetic,True,1.0.0,1.0.0,2026-09-16T20:12:09.907988+00:00,42,schema_checked
1858,7,90,0.04,0.04,0,1,1.50937399183,1.37213728867,0.620174279526,21443.8467605,4615.25946645,synthetic,True,1.0.0,1.0.0,2026-09-16T20:12:09.907988+00:00,42,schema_checked
1859,7,90,0.04,0.04,5,0,1.47579228789,1.78881190879,0.763810096983,24294.7763562,5684.17926548,synthetic,True,1.0.0,1.0.0,2026-09-16T20:12:09.907988+00:00,42,schema_checked
1860,7,90,0.04,0.04,5,1,1.47579228789,1.3416089316,0.626324279526,20966.7477003,4661.0269977,synthetic,True,1.0.0,1.0.0,2026-09-16T20:12:09.907988+00:00,42,schema_checked
1861,7,90,0.04,0.06,-5,0,1.51698810345,1.85060563213,0.76749675441,25061.211631,5711.61490923,synthetic,True,1.0.0,1.0.0,2026-09-16T20:12:09.907988+00:00,42,schema_checked
1862,7,90,0.04,0.06,-5,1,1.51698810345,1.3879542241,0.629347338617,21618.2176838,4683.52422557,synthetic,True,1.0.0,1.0.0,2026-09-16T20:12:09.907988+00:00,42,schema_checked
1863,7,90,0.04,0.06,0,0,1.55150721957,1.89271622651,0.75999675441,25631.4803578,5655.80084673,synthetic,True,1.0.0,1.0.0,2026-09-16T20:12:09.907988+00:00,42,schema_checked
1864,7,90,0.04,0.06,0,1,1.55150721957,1.41953716988,0.623197338617,22110.1409658,4637.75669432,synthetic,True,1.0.0,1.0.0,2026-09-16T20:12:09.907988+00:00,42,schema_checked
1865,7,90,0.04,0.06,5,0,1.51698810345,1.85060563213,0.76749675441,25061.211631,5711.61490923,synthetic,True,1.0.0,1.0.0,2026-09-16T20:12:09.907988+00:00,42,schema_checked
1866,7,90,0.04,0.06,5,1,1.51698810345,1.3879542241,0.629347338617,21618.2176838,4683.52422557,synthetic,True,1.0.0,1.0.0,2026-09-16T20:12:09.907988+00:00,42,schema_checked
1867,7,90,0.04,0.085,-5,0,1.41167178546,1.69263115514,0.7580718849,23101.834446,5641.47620844,synthetic,True,1.0.0,1.0.0,2026-09-16T20:12:09.907988+00:00,42,schema_checked
1868,7,90,0.04,0.085,-5,1,1.41167178546,1.26947336635,0.621618945618,19952.7470766,4626.01049092,synthetic,True,1.0.0,1.0.0,2026-09-16T20:12:09.907988+00:00,42,schema_checked
1869,7,90,0.04,0.085,0,0,1.44379442516,1.7311470349,0.7505718849,23627.5174781,5585.66214594,synthetic,True,1.0.0,1.0.0,2026-09-16T20:12:09.907988+00:00,42,schema_checked
1870,7,90,0.04,0.085,0,1,1.44379442516,1.29836027617,0.615468945618,20406.772518,4580.24295967,synthetic,True,1.0.0,1.0.0,2026-09-16T20:12:09.907988+00:00,42,schema_checked
1871,7,90,0.04,0.085,5,0,1.41167178546,1.69263115514,0.7580718849,23101.834446,5641.47620844,synthetic,True,1.0.0,1.0.0,2026-09-16T20:12:09.907988+00:00,42,schema_checked
1872,7,90,0.04,0.085,5,1,1.41167178546,1.26947336635,0.621618945618,19952.7470766,4626.01049092,synthetic,True,1.0.0,1.0.0,2026-09-16T20:12:09.907988+00:00,42,schema_checked
1873,7,90,0.055,0.04,-5,0,1.33590718583,1.5789842557,0.751291630153,21692.2577464,5591.01840014,synthetic,True,1.0.0,1.0.0,2026-09-16T20:12:09.907988+00:00,42,schema_checked
1874,7,90,0.055,0.04,-5,1,1.33590718583,1.18423819177,0.616059136725,18754.606882,4584.63508812,synthetic,True,1.0.0,1.0.0,2026-09-16T20:12:09.907988+00:00,42,schema_checked
1875,7,90,0.055,0.04,0,0,1.36630579949,1.61491409638,0.743791630153,22185.8658126,5535.20433764,synthetic,True,1.0.0,1.0.0,2026-09-16T20:12:09.907988+00:00,42,schema_checked
1876,7,90,0.055,0.04,0,1,1.36630579949,1.21118557229,0.609909136725,19181.3686023,4538.86755687,synthetic,True,1.0.0,1.0.0,2026-09-16T20:12:09.907988+00:00,42,schema_checked
1877,7,90,0.055,0.04,5,0,1.33590718583,1.5789842557,0.751291630153,21692.2577464,5591.01840014,synthetic,True,1.0.0,1.0.0,2026-09-16T20:12:09.907988+00:00,42,schema_checked
1878,7,90,0.055,0.04,5,1,1.33590718583,1.18423819177,0.616059136725,18754.606882,4584.63508812,synthetic,True,1.0.0,1.0.0,2026-09-16T20:12:09.907988+00:00,42,schema_checked
1879,7,90,0.055,0.06,-5,0,1.36353678554,1.62042865526,0.75376423247,22206.2978147,5609.41919751,synthetic,True,1.0.0,1.0.0,2026-09-16T20:12:09.907988+00:00,42,schema_checked
1880,7,90,0.055,0.06,-5,1,1.36353678554,1.21532149144,0.618086670625,19191.54094,4599.72374196,synthetic,True,1.0.0,1.0.0,2026-09-16T20:12:09.907988+00:00,42,schema_checked
1881,7,90,0.055,0.06,0,0,1.39456411168,1.65730156467,0.74626423247,22711.6028802,5553.60513501,synthetic,True,1.0.0,1.0.0,2026-09-16T20:12:09.907988+00:00,42,schema_checked
1882,7,90,0.055,0.06,0,1,1.39456411168,1.2429761735,0.611936670625,19628.2451098,4553.95621071,synthetic,True,1.0.0,1.0.0,2026-09-16T20:12:09.907988+00:00,42,schema_checked
1883,7,90,0.055,0.06,5,0,1.36353678554,1.62042865526,0.75376423247,22206.2978147,5609.41919751,synthetic,True,1.0.0,1.0.0,2026-09-16T20:12:09.907988+00:00,42,schema_checked
1884,7,90,0.055,0.06,5,1,1.36353678554,1.21532149144,0.618086670625,19191.54094,4599.72374196,synthetic,True,1.0.0,1.0.0,2026-09-16T20:12:09.907988+00:00,42,schema_checked
1885,7,90,0.055,0.085,-5,0,1.29290224003,1.51447683699,0.747443071731,20892.1641688,5562.37790944,synthetic,True,1.0.0,1.0.0,2026-09-16T20:12:09.907988+00:00,42,schema_checked
1886,7,90,0.055,0.085,-5,1,1.29290224003,1.13585762774,0.61290331882,18074.527341,4561.14988574,synthetic,True,1.0.0,1.0.0,2026-09-16T20:12:09.907988+00:00,42,schema_checked
1887,7,90,0.055,0.085,0,0,1.32232227467,1.54893880916,0.739943071731,21367.5660782,5506.56384694,synthetic,True,1.0.0,1.0.0,2026-09-16T20:12:09.907988+00:00,42,schema_checked
1888,7,90,0.055,0.085,0,1,1.32232227467,1.16170410687,0.60675331882,18485.8138281,4515.38235449,synthetic,True,1.0.0,1.0.0,2026-09-16T20:12:09.907988+00:00,42,schema_checked
1889,7,90,0.055,0.085,5,0,1.29290224003,1.51447683699,0.747443071731,20892.1641688,5562.37790944,synthetic,True,1.0.0,1.0.0,2026-09-16T20:12:09.907988+00:00,42,schema_checked
1890,7,90,0.055,0.085,5,1,1.29290224003,1.13585762774,0.61290331882,18074.527341,4561.14988574,synthetic,True,1.0.0,1.0.0,2026-09-16T20:12:09.907988+00:00,42,schema_checked
1891,8,0,0.025,0.04,-5,0,1.47575673489,1.70228902521,0.717490811921,0,0,synthetic,True,1.0.0,1.0.0,2026-09-16T20:12:09.907988+00:00,42,schema_checked
1892,8,0,0.025,0.04,-5,1,1.47575673489,1.27671676891,0.588342465775,0,0,synthetic,True,1.0.0,1.0.0,2026-09-16T20:12:09.907988+00:00,42,schema_checked
1893,8,0,0.025,0.04,0,0,1.50933762981,1.74102467013,0.709990811921,0,0,synthetic,True,1.0.0,1.0.0,2026-09-16T20:12:09.907988+00:00,42,schema_checked
1894,8,0,0.025,0.04,0,1,1.50933762981,1.3057685026,0.582192465775,0,0,synthetic,True,1.0.0,1.0.0,2026-09-16T20:12:09.907988+00:00,42,schema_checked
1895,8,0,0.025,0.04,5,0,1.47575673489,1.70228902521,0.717490811921,0,0,synthetic,True,1.0.0,1.0.0,2026-09-16T20:12:09.907988+00:00,42,schema_checked
1896,8,0,0.025,0.04,5,1,1.47575673489,1.27671676891,0.588342465775,0,0,synthetic,True,1.0.0,1.0.0,2026-09-16T20:12:09.907988+00:00,42,schema_checked
1897,8,0,0.025,0.06,-5,0,1.51637174853,1.76321154566,0.721125492766,0,0,synthetic,True,1.0.0,1.0.0,2026-09-16T20:12:09.907988+00:00,42,schema_checked
1898,8,0,0.025,0.06,-5,1,1.51637174853,1.32240865924,0.591322904068,0,0,synthetic,True,1.0.0,1.0.0,2026-09-16T20:12:09.907988+00:00,42,schema_checked
1899,8,0,0.025,0.06,0,0,1.55087683947,1.80333348462,0.713625492766,0,0,synthetic,True,1.0.0,1.0.0,2026-09-16T20:12:09.907988+00:00,42,schema_checked
1900,8,0,0.025,0.06,0,1,1.55087683947,1.35250011347,0.585172904068,0,0,synthetic,True,1.0.0,1.0.0,2026-09-16T20:12:09.907988+00:00,42,schema_checked
1901,8,0,0.025,0.06,5,0,1.51637174853,1.76321154566,0.721125492766,0,0,synthetic,True,1.0.0,1.0.0,2026-09-16T20:12:09.907988+00:00,42,schema_checked
1902,8,0,0.025,0.06,5,1,1.51637174853,1.32240865924,0.591322904068,0,0,synthetic,True,1.0.0,1.0.0,2026-09-16T20:12:09.907988+00:00,42,schema_checked
1903,8,0,0.025,0.085,-5,0,1.41254023958,1.60746428224,0.711833500399,0,0,synthetic,True,1.0.0,1.0.0,2026-09-16T20:12:09.907988+00:00,42,schema_checked
1904,8,0,0.025,0.085,-5,1,1.41254023958,1.20559821168,0.583703470327,0,0,synthetic,True,1.0.0,1.0.0,2026-09-16T20:12:09.907988+00:00,42,schema_checked
1905,8,0,0.025,0.085,0,0,1.444682641,1.6440421869,0.704333500399,0,0,synthetic,True,1.0.0,1.0.0,2026-09-16T20:12:09.907988+00:00,42,schema_checked
1906,8,0,0.025,0.085,0,1,1.444682641,1.23303164018,0.577553470327,0,0,synthetic,True,1.0.0,1.0.0,2026-09-16T20:12:09.907988+00:00,42,schema_checked
1907,8,0,0.025,0.085,5,0,1.41254023958,1.60746428224,0.711833500399,0,0,synthetic,True,1.0.0,1.0.0,2026-09-16T20:12:09.907988+00:00,42,schema_checked
1908,8,0,0.025,0.085,5,1,1.41254023958,1.20559821168,0.583703470327,0,0,synthetic,True,1.0.0,1.0.0,2026-09-16T20:12:09.907988+00:00,42,schema_checked
1909,8,0,0.04,0.04,-5,0,1.48174554835,1.71127224539,0.718026757218,0,0,synthetic,True,1.0.0,1.0.0,2026-09-16T20:12:09.907988+00:00,42,schema_checked
1910,8,0,0.04,0.04,-5,1,1.48174554835,1.28345418404,0.588781940919,0,0,synthetic,True,1.0.0,1.0.0,2026-09-16T20:12:09.907988+00:00,42,schema_checked
1911,8,0,0.04,0.04,0,0,1.51546271892,1.75021230379,0.710526757218,0,0,synthetic,True,1.0.0,1.0.0,2026-09-16T20:12:09.907988+00:00,42,schema_checked
1912,8,0,0.04,0.04,0,1,1.51546271892,1.31265922785,0.582631940919,0,0,synthetic,True,1.0.0,1.0.0,2026-09-16T20:12:09.907988+00:00,42,schema_checked
1913,8,0,0.04,0.04,5,0,1.48174554835,1.71127224539,0.718026757218,0,0,synthetic,True,1.0.0,1.0.0,2026-09-16T20:12:09.907988+00:00,42,schema_checked
1914,8,0,0.04,0.04,5,1,1.48174554835,1.28345418404,0.588781940919,0,0,synthetic,True,1.0.0,1.0.0,2026-09-16T20:12:09.907988+00:00,42,schema_checked
1915,8,0,0.04,0.06,-5,0,1.5229413639,1.77306596872,0.721713414646,0,0,synthetic,True,1.0.0,1.0.0,2026-09-16T20:12:09.907988+00:00,42,schema_checked
1916,8,0,0.04,0.06,-5,1,1.5229413639,1.32979947654,0.59180500001,0,0,synthetic,True,1.0.0,1.0.0,2026-09-16T20:12:09.907988+00:00,42,schema_checked
1917,8,0,0.04,0.06,0,0,1.55759594667,1.81341214541,0.714213414646,0,0,synthetic,True,1.0.0,1.0.0,2026-09-16T20:12:09.907988+00:00,42,schema_checked
1918,8,0,0.04,0.06,0,1,1.55759594667,1.36005910906,0.58565500001,0,0,synthetic,True,1.0.0,1.0.0,2026-09-16T20:12:09.907988+00:00,42,schema_checked
1919,8,0,0.04,0.06,5,0,1.5229413639,1.77306596872,0.721713414646,0,0,synthetic,True,1.0.0,1.0.0,2026-09-16T20:12:09.907988+00:00,42,schema_checked
1920,8,0,0.04,0.06,5,1,1.5229413639,1.32979947654,0.59180500001,0,0,synthetic,True,1.0.0,1.0.0,2026-09-16T20:12:09.907988+00:00,42,schema_checked
1921,8,0,0.04,0.085,-5,0,1.41762504591,1.61509149173,0.712288545135,0,0,synthetic,True,1.0.0,1.0.0,2026-09-16T20:12:09.907988+00:00,42,schema_checked
1922,8,0,0.04,0.085,-5,1,1.41762504591,1.2113186188,0.584076607011,0,0,synthetic,True,1.0.0,1.0.0,2026-09-16T20:12:09.907988+00:00,42,schema_checked
1923,8,0,0.04,0.085,0,0,1.44988315226,1.6518429538,0.704788545135,0,0,synthetic,True,1.0.0,1.0.0,2026-09-16T20:12:09.907988+00:00,42,schema_checked
1924,8,0,0.04,0.085,0,1,1.44988315226,1.23888221535,0.577926607011,0,0,synthetic,True,1.0.0,1.0.0,2026-09-16T20:12:09.907988+00:00,42,schema_checked
1925,8,0,0.04,0.085,5,0,1.41762504591,1.61509149173,0.712288545135,0,0,synthetic,True,1.0.0,1.0.0,2026-09-16T20:12:09.907988+00:00,42,schema_checked
1926,8,0,0.04,0.085,5,1,1.41762504591,1.2113186188,0.584076607011,0,0,synthetic,True,1.0.0,1.0.0,2026-09-16T20:12:09.907988+00:00,42,schema_checked
1927,8,0,0.055,0.04,-5,0,1.34186044628,1.50144459229,0.705508290388,0,0,synthetic,True,1.0.0,1.0.0,2026-09-16T20:12:09.907988+00:00,42,schema_checked
1928,8,0,0.055,0.04,-5,1,1.34186044628,1.12608344422,0.578516798118,0,0,synthetic,True,1.0.0,1.0.0,2026-09-16T20:12:09.907988+00:00,42,schema_checked
1929,8,0,0.055,0.04,0,0,1.37239452658,1.53561001528,0.698008290388,0,0,synthetic,True,1.0.0,1.0.0,2026-09-16T20:12:09.907988+00:00,42,schema_checked
1930,8,0,0.055,0.04,0,1,1.37239452658,1.15170751146,0.572366798118,0,0,synthetic,True,1.0.0,1.0.0,2026-09-16T20:12:09.907988+00:00,42,schema_checked
1931,8,0,0.055,0.04,5,0,1.34186044628,1.50144459229,0.705508290388,0,0,synthetic,True,1.0.0,1.0.0,2026-09-16T20:12:09.907988+00:00,42,schema_checked
1932,8,0,0.055,0.04,5,1,1.34186044628,1.12608344422,0.578516798118,0,0,synthetic,True,1.0.0,1.0.0,2026-09-16T20:12:09.907988+00:00,42,schema_checked
1933,8,0,0.055,0.06,-5,0,1.36949004599,1.54288899185,0.707980892705,0,0,synthetic,True,1.0.0,1.0.0,2026-09-16T20:12:09.907988+00:00,42,schema_checked
1934,8,0,0.055,0.06,-5,1,1.36949004599,1.15716674389,0.580544332018,0,0,synthetic,True,1.0.0,1.0.0,2026-09-16T20:12:09.907988+00:00,42,schema_checked
1935,8,0,0.055,0.06,0,0,1.40065283877,1.57799748357,0.700480892705,0,0,synthetic,True,1.0.0,1.0.0,2026-09-16T20:12:09.907988+00:00,42,schema_checked
1936,8,0,0.055,0.06,0,1,1.40065283877,1.18349811268,0.574394332018,0,0,synthetic,True,1.0.0,1.0.0,2026-09-16T20:12:09.907988+00:00,42,schema_checked
1937,8,0,0.055,0.06,5,0,1.36949004599,1.54288899185,0.707980892705,0,0,synthetic,True,1.0.0,1.0.0,2026-09-16T20:12:09.907988+00:00,42,schema_checked
1938,8,0,0.055,0.06,5,1,1.36949004599,1.15716674389,0.580544332018,0,0,synthetic,True,1.0.0,1.0.0,2026-09-16T20:12:09.907988+00:00,42,schema_checked
1939,8,0,0.055,0.085,-5,0,1.29885550048,1.43693717358,0.701659731967,0,0,synthetic,True,1.0.0,1.0.0,2026-09-16T20:12:09.907988+00:00,42,schema_checked
1940,8,0,0.055,0.085,-5,1,1.29885550048,1.07770288019,0.575360980213,0,0,synthetic,True,1.0.0,1.0.0,2026-09-16T20:12:09.907988+00:00,42,schema_checked
1941,8,0,0.055,0.085,0,0,1.32841100177,1.46963472806,0.694159731967,0,0,synthetic,True,1.0.0,1.0.0,2026-09-16T20:12:09.907988+00:00,42,schema_checked
1942,8,0,0.055,0.085,0,1,1.32841100177,1.10222604604,0.569210980213,0,0,synthetic,True,1.0.0,1.0.0,2026-09-16T20:12:09.907988+00:00,42,schema_checked
1943,8,0,0.055,0.085,5,0,1.29885550048,1.43693717358,0.701659731967,0,0,synthetic,True,1.0.0,1.0.0,2026-09-16T20:12:09.907988+00:00,42,schema_checked
1944,8,0,0.055,0.085,5,1,1.29885550048,1.07770288019,0.575360980213,0,0,synthetic,True,1.0.0,1.0.0,2026-09-16T20:12:09.907988+00:00,42,schema_checked
1945,8,30,0.025,0.04,-5,0,1.47575673489,1.70228902521,0.717490811921,2627.84658788,593.275215107,synthetic,True,1.0.0,1.0.0,2026-09-16T20:12:09.907988+00:00,42,schema_checked
1946,8,30,0.025,0.04,-5,1,1.47575673489,1.27671676891,0.588342465775,2275.95152845,486.485676388,synthetic,True,1.0.0,1.0.0,2026-09-16T20:12:09.907988+00:00,42,schema_checked
1947,8,30,0.025,0.04,0,0,1.50933762981,1.74102467013,0.709990811921,2687.64332677,587.073652607,synthetic,True,1.0.0,1.0.0,2026-09-16T20:12:09.907988+00:00,42,schema_checked
1948,8,30,0.025,0.04,0,1,1.50933762981,1.3057685026,0.582192465775,2327.74088324,481.400395138,synthetic,True,1.0.0,1.0.0,2026-09-16T20:12:09.907988+00:00,42,schema_checked
1949,8,30,0.025,0.04,5,0,1.47575673489,1.70228902521,0.717490811921,2627.84658788,593.275215107,synthetic,True,1.0.0,1.0.0,2026-09-16T20:12:09.907988+00:00,42,schema_checked
1950,8,30,0.025,0.04,5,1,1.47575673489,1.27671676891,0.588342465775,2275.95152845,486.485676388,synthetic,True,1.0.0,1.0.0,2026-09-16T20:12:09.907988+00:00,42,schema_checked
1951,8,30,0.025,0.06,-5,0,1.51637174853,1.76321154566,0.721125492766,2711.80543638,596.280641831,synthetic,True,1.0.0,1.0.0,2026-09-16T20:12:09.907988+00:00,42,schema_checked
1952,8,30,0.025,0.06,-5,1,1.51637174853,1.32240865924,0.591322904068,2347.31654968,488.950126301,synthetic,True,1.0.0,1.0.0,2026-09-16T20:12:09.907988+00:00,42,schema_checked
1953,8,30,0.025,0.06,0,0,1.55087683947,1.80333348462,0.713625492766,2773.51266173,590.079079331,synthetic,True,1.0.0,1.0.0,2026-09-16T20:12:09.907988+00:00,42,schema_checked
1954,8,30,0.025,0.06,0,1,1.55087683947,1.35250011347,0.585172904068,2400.72981796,483.864845051,synthetic,True,1.0.0,1.0.0,2026-09-16T20:12:09.907988+00:00,42,schema_checked
1955,8,30,0.025,0.06,5,0,1.51637174853,1.76321154566,0.721125492766,2711.80543638,596.280641831,synthetic,True,1.0.0,1.0.0,2026-09-16T20:12:09.907988+00:00,42,schema_checked
1956,8,30,0.025,0.06,5,1,1.51637174853,1.32240865924,0.591322904068,2347.31654968,488.950126301,synthetic,True,1.0.0,1.0.0,2026-09-16T20:12:09.907988+00:00,42,schema_checked
1957,8,30,0.025,0.085,-5,0,1.41254023958,1.60746428224,0.711833500399,2497.16623899,588.597325643,synthetic,True,1.0.0,1.0.0,2026-09-16T20:12:09.907988+00:00,42,schema_checked
1958,8,30,0.025,0.085,-5,1,1.41254023958,1.20559821168,0.583703470327,2164.87323189,482.649807027,synthetic,True,1.0.0,1.0.0,2026-09-16T20:12:09.907988+00:00,42,schema_checked
1959,8,30,0.025,0.085,0,0,1.444682641,1.6440421869,0.704333500399,2553.98934207,582.395763143,synthetic,True,1.0.0,1.0.0,2026-09-16T20:12:09.907988+00:00,42,schema_checked
1960,8,30,0.025,0.085,0,1,1.444682641,1.23303164018,0.577553470327,2214.13499625,477.564525777,synthetic,True,1.0.0,1.0.0,2026-09-16T20:12:09.907988+00:00,42,schema_checked
1961,8,30,0.025,0.085,5,0,1.41254023958,1.60746428224,0.711833500399,2497.16623899,588.597325643,synthetic,True,1.0.0,1.0.0,2026-09-16T20:12:09.907988+00:00,42,schema_checked
1962,8,30,0.025,0.085,5,1,1.41254023958,1.20559821168,0.583703470327,2164.87323189,482.649807027,synthetic,True,1.0.0,1.0.0,2026-09-16T20:12:09.907988+00:00,42,schema_checked
1963,8,30,0.04,0.04,-5,0,1.48174554835,1.71127224539,0.718026757218,2640.22658819,593.718374875,synthetic,True,1.0.0,1.0.0,2026-09-16T20:12:09.907988+00:00,42,schema_checked
1964,8,30,0.04,0.04,-5,1,1.48174554835,1.28345418404,0.588781940919,2286.47452872,486.849067397,synthetic,True,1.0.0,1.0.0,2026-09-16T20:12:09.907988+00:00,42,schema_checked
1965,8,30,0.04,0.04,0,0,1.51546271892,1.75021230379,0.710526757218,2700.30503441,587.516812375,synthetic,True,1.0.0,1.0.0,2026-09-16T20:12:09.907988+00:00,42,schema_checked
1966,8,30,0.04,0.04,0,1,1.51546271892,1.31265922785,0.582631940919,2338.50333473,481.763786147,synthetic,True,1.0.0,1.0.0,2026-09-16T20:12:09.907988+00:00,42,schema_checked
1967,8,30,0.04,0.04,5,0,1.48174554835,1.71127224539,0.718026757218,2640.22658819,593.718374875,synthetic,True,1.0.0,1.0.0,2026-09-16T20:12:09.907988+00:00,42,schema_checked
1968,8,30,0.04,0.04,5,1,1.48174554835,1.28345418404,0.588781940919,2286.47452872,486.849067397,synthetic,True,1.0.0,1.0.0,2026-09-16T20:12:09.907988+00:00,42,schema_checked
1969,8,30,0.04,0.06,-5,0,1.5229413639,1.77306596872,0.721713414646,2725.38606316,596.766779735,synthetic,True,1.0.0,1.0.0,2026-09-16T20:12:09.907988+00:00,42,schema_checked
1970,8,30,0.04,0.06,-5,1,1.5229413639,1.32979947654,0.59180500001,2358.86008244,489.348759383,synthetic,True,1.0.0,1.0.0,2026-09-16T20:12:09.907988+00:00,42,schema_checked
1971,8,30,0.04,0.06,0,0,1.55759594667,1.81341214541,0.714213414646,2787.40231614,590.565217235,synthetic,True,1.0.0,1.0.0,2026-09-16T20:12:09.907988+00:00,42,schema_checked
1972,8,30,0.04,0.06,0,1,1.55759594667,1.36005910906,0.58565500001,2412.53602421,484.263478133,synthetic,True,1.0.0,1.0.0,2026-09-16T20:12:09.907988+00:00,42,schema_checked
1973,8,30,0.04,0.06,5,0,1.5229413639,1.77306596872,0.721713414646,2725.38606316,596.766779735,synthetic,True,1.0.0,1.0.0,2026-09-16T20:12:09.907988+00:00,42,schema_checked
1974,8,30,0.04,0.06,5,1,1.5229413639,1.32979947654,0.59180500001,2358.86008244,489.348759383,synthetic,True,1.0.0,1.0.0,2026-09-16T20:12:09.907988+00:00,42,schema_checked
1975,8,30,0.04,0.085,-5,0,1.41762504591,1.61509149173,0.712288545135,2507.67748706,588.973590758,synthetic,True,1.0.0,1.0.0,2026-09-16T20:12:09.907988+00:00,42,schema_checked
1976,8,30,0.04,0.085,-5,1,1.41762504591,1.2113186188,0.584076607011,2173.80779275,482.958344422,synthetic,True,1.0.0,1.0.0,2026-09-16T20:12:09.907988+00:00,42,schema_checked
1977,8,30,0.04,0.085,0,0,1.44988315226,1.6518429538,0.704788545135,2564.73977395,582.772028258,synthetic,True,1.0.0,1.0.0,2026-09-16T20:12:09.907988+00:00,42,schema_checked
1978,8,30,0.04,0.085,0,1,1.44988315226,1.23888221535,0.577926607011,2223.27286334,477.873063172,synthetic,True,1.0.0,1.0.0,2026-09-16T20:12:09.907988+00:00,42,schema_checked
1979,8,30,0.04,0.085,5,0,1.41762504591,1.61509149173,0.712288545135,2507.67748706,588.973590758,synthetic,True,1.0.0,1.0.0,2026-09-16T20:12:09.907988+00:00,42,schema_checked
1980,8,30,0.04,0.085,5,1,1.41762504591,1.2113186188,0.584076607011,2173.80779275,482.958344422,synthetic,True,1.0.0,1.0.0,2026-09-16T20:12:09.907988+00:00,42,schema_checked
1981,8,30,0.055,0.04,-5,0,1.34186044628,1.50144459229,0.705508290388,2351.05785377,583.367167615,synthetic,True,1.0.0,1.0.0,2026-09-16T20:12:09.907988+00:00,42,schema_checked
1982,8,30,0.055,0.04,-5,1,1.34186044628,1.12608344422,0.578516798118,2040.68110446,478.361077444,synthetic,True,1.0.0,1.0.0,2026-09-16T20:12:09.907988+00:00,42,schema_checked
1983,8,30,0.055,0.04,0,0,1.37239452658,1.53561001528,0.698008290388,2404.55625556,577.165605115,synthetic,True,1.0.0,1.0.0,2026-09-16T20:12:09.907988+00:00,42,schema_checked
1984,8,30,0.055,0.04,0,1,1.37239452658,1.15170751146,0.572366798118,2087.11687271,473.275796194,synthetic,True,1.0.0,1.0.0,2026-09-16T20:12:09.907988+00:00,42,schema_checked
1985,8,30,0.055,0.04,5,0,1.34186044628,1.50144459229,0.705508290388,2351.05785377,583.367167615,synthetic,True,1.0.0,1.0.0,2026-09-16T20:12:09.907988+00:00,42,schema_checked
1986,8,30,0.055,0.04,5,1,1.34186044628,1.12608344422,0.578516798118,2040.68110446,478.361077444,synthetic,True,1.0.0,1.0.0,2026-09-16T20:12:09.907988+00:00,42,schema_checked
1987,8,30,0.055,0.06,-5,0,1.36949004599,1.54288899185,0.707980892705,2408.17341692,585.411700655,synthetic,True,1.0.0,1.0.0,2026-09-16T20:12:09.907988+00:00,42,schema_checked
1988,8,30,0.055,0.06,-5,1,1.36949004599,1.15716674389,0.580544332018,2089.22933313,480.037594537,synthetic,True,1.0.0,1.0.0,2026-09-16T20:12:09.907988+00:00,42,schema_checked
1989,8,30,0.055,0.06,0,0,1.40065283877,1.57799748357,0.700480892705,2462.97148529,579.210138155,synthetic,True,1.0.0,1.0.0,2026-09-16T20:12:09.907988+00:00,42,schema_checked
1990,8,30,0.055,0.06,0,1,1.40065283877,1.18349811268,0.574394332018,2136.76981798,474.952313287,synthetic,True,1.0.0,1.0.0,2026-09-16T20:12:09.907988+00:00,42,schema_checked
1991,8,30,0.055,0.06,5,0,1.36949004599,1.54288899185,0.707980892705,2408.17341692,585.411700655,synthetic,True,1.0.0,1.0.0,2026-09-16T20:12:09.907988+00:00,42,schema_checked
1992,8,30,0.055,0.06,5,1,1.36949004599,1.15716674389,0.580544332018,2089.22933313,480.037594537,synthetic,True,1.0.0,1.0.0,2026-09-16T20:12:09.907988+00:00,42,schema_checked
1993,8,30,0.055,0.085,-5,0,1.29885550048,1.43693717358,0.701659731967,2262.15856736,580.18489087,synthetic,True,1.0.0,1.0.0,2026-09-16T20:12:09.907988+00:00,42,schema_checked
1994,8,30,0.055,0.085,-5,1,1.29885550048,1.07770288019,0.575360980213,1965.11671101,475.751610513,synthetic,True,1.0.0,1.0.0,2026-09-16T20:12:09.907988+00:00,42,schema_checked
1995,8,30,0.055,0.085,0,0,1.32841100177,1.46963472806,0.694159731967,2313.63406285,573.98332837,synthetic,True,1.0.0,1.0.0,2026-09-16T20:12:09.907988+00:00,42,schema_checked
1996,8,30,0.055,0.085,0,1,1.32841100177,1.10222604604,0.569210980213,2009.83300891,470.666329263,synthetic,True,1.0.0,1.0.0,2026-09-16T20:12:09.907988+00:00,42,schema_checked
1997,8,30,0.055,0.085,5,0,1.29885550048,1.43693717358,0.701659731967,2262.15856736,580.18489087,synthetic,True,1.0.0,1.0.0,2026-09-16T20:12:09.907988+00:00,42,schema_checked
1998,8,30,0.055,0.085,5,1,1.29885550048,1.07770288019,0.575360980213,1965.11671101,475.751610513,synthetic,True,1.0.0,1.0.0,2026-09-16T20:12:09.907988+00:00,42,schema_checked
1999,8,50,0.025,0.04,-5,0,1.47575673489,1.70228902521,0.717490811921,7299.57385523,1647.98670863,synthetic,True,1.0.0,1.0.0,2026-09-16T20:12:09.907988+00:00,42,schema_checked
2000,8,50,0.025,0.04,-5,1,1.47575673489,1.27671676891,0.588342465775,6322.08757904,1351.34910108,synthetic,True,1.0.0,1.0.0,2026-09-16T20:12:09.907988+00:00,42,schema_checked
2001,8,50,0.025,0.04,0,0,1.50933762981,1.74102467013,0.709990811921,7465.67590769,1630.76014613,synthetic,True,1.0.0,1.0.0,2026-09-16T20:12:09.907988+00:00,42,schema_checked
2002,8,50,0.025,0.04,0,1,1.50933762981,1.3057685026,0.582192465775,6465.94689789,1337.22331983,synthetic,True,1.0.0,1.0.0,2026-09-16T20:12:09.907988+00:00,42,schema_checked
2003,8,50,0.025,0.04,5,0,1.47575673489,1.70228902521,0.717490811921,7299.57385523,1647.98670863,synthetic,True,1.0.0,1.0.0,2026-09-16T20:12:09.907988+00:00,42,schema_checked
2004,8,50,0.025,0.04,5,1,1.47575673489,1.27671676891,0.588342465775,6322.08757904,1351.34910108,synthetic,True,1.0.0,1.0.0,2026-09-16T20:12:09.907988+00:00,42,schema_checked
2005,8,50,0.025,0.06,-5,0,1.51637174853,1.76321154566,0.721125492766,7532.79287884,1656.3351162,synthetic,True,1.0.0,1.0.0,2026-09-16T20:12:09.907988+00:00,42,schema_checked
2006,8,50,0.025,0.06,-5,1,1.51637174853,1.32240865924,0.591322904068,6520.32374911,1358.19479528,synthetic,True,1.0.0,1.0.0,2026-09-16T20:12:09.907988+00:00,42,schema_checked
2007,8,50,0.025,0.06,0,0,1.55087683947,1.80333348462,0.713625492766,7704.20183815,1639.1085537,synthetic,True,1.0.0,1.0.0,2026-09-16T20:12:09.907988+00:00,42,schema_checked
2008,8,50,0.025,0.06,0,1,1.55087683947,1.35250011347,0.585172904068,6668.69393878,1344.06901403,synthetic,True,1.0.0,1.0.0,2026-09-16T20:12:09.907988+00:00,42,schema_checked
2009,8,50,0.025,0.06,5,0,1.51637174853,1.76321154566,0.721125492766,7532.79287884,1656.3351162,synthetic,True,1.0.0,1.0.0,2026-09-16T20:12:09.907988+00:00,42,schema_checked
2010,8,50,0.025,0.06,5,1,1.51637174853,1.32240865924,0.591322904068,6520.32374911,1358.19479528,synthetic,True,1.0.0,1.0.0,2026-09-16T20:12:09.907988+00:00,42,schema_checked
2011,8,50,0.025,0.085,-5,0,1.41254023958,1.60746428224,0.711833500399,6936.57288608,1634.99257123,synthetic,True,1.0.0,1.0.0,2026-09-16T20:12:09.907988+00:00,42,schema_checked
2012,8,50,0.025,0.085,-5,1,1.41254023958,1.20559821168,0.583703470327,6013.53675526,1340.69390841,synthetic,True,1.0.0,1.0.0,2026-09-16T20:12:09.907988+00:00,42,schema_checked
2013,8,50,0.025,0.085,0,0,1.444682641,1.6440421869,0.704333500399,7094.41483908,1617.76600873,synthetic,True,1.0.0,1.0.0,2026-09-16T20:12:09.907988+00:00,42,schema_checked
2014,8,50,0.025,0.085,0,1,1.444682641,1.23303164018,0.577553470327,6150.37498957,1326.56812716,synthetic,True,1.0.0,1.0.0,2026-09-16T20:12:09.907988+00:00,42,schema_checked
2015,8,50,0.025,0.085,5,0,1.41254023958,1.60746428224,0.711833500399,6936.57288608,1634.99257123,synthetic,True,1.0.0,1.0.0,2026-09-16T20:12:09.907988+00:00,42,schema_checked
2016,8,50,0.025,0.085,5,1,1.41254023958,1.20559821168,0.583703470327,6013.53675526,1340.69390841,synthetic,True,1.0.0,1.0.0,2026-09-16T20:12:09.907988+00:00,42,schema_checked
2017,8,50,0.04,0.04,-5,0,1.48174554835,1.71127224539,0.718026757218,7333.96274498,1649.21770798,synthetic,True,1.0.0,1.0.0,2026-09-16T20:12:09.907988+00:00,42,schema_checked
2018,8,50,0.04,0.04,-5,1,1.48174554835,1.28345418404,0.588781940919,6351.31813532,1352.35852055,synthetic,True,1.0.0,1.0.0,2026-09-16T20:12:09.907988+00:00,42,schema_checked
2019,8,50,0.04,0.04,0,0,1.51546271892,1.75021230379,0.710526757218,7500.8473178,1631.99114548,synthetic,True,1.0.0,1.0.0,2026-09-16T20:12:09.907988+00:00,42,schema_checked
2020,8,50,0.04,0.04,0,1,1.51546271892,1.31265922785,0.582631940919,6495.84259648,1338.2327393,synthetic,True,1.0.0,1.0.0,2026-09-16T20:12:09.907988+00:00,42,schema_checked
2021,8,50,0.04,0.04,5,0,1.48174554835,1.71127224539,0.718026757218,7333.96274498,1649.21770798,synthetic,True,1.0.0,1.0.0,2026-09-16T20:12:09.907988+00:00,42,schema_checked
2022,8,50,0.04,0.04,5,1,1.48174554835,1.28345418404,0.588781940919,6351.31813532,1352.35852055,synthetic,True,1.0.0,1.0.0,2026-09-16T20:12:09.907988+00:00,42,schema_checked
2023,8,50,0.04,0.06,-5,0,1.5229413639,1.77306596872,0.721713414646,7570.51684212,1657.68549926,synthetic,True,1.0.0,1.0.0,2026-09-16T20:12:09.907988+00:00,42,schema_checked
2024,8,50,0.04,0.06,-5,1,1.5229413639,1.32979947654,0.59180500001,6552.38911789,1359.3021094,synthetic,True,1.0.0,1.0.0,2026-09-16T20:12:09.907988+00:00,42,schema_checked
2025,8,50,0.04,0.06,0,0,1.55759594667,1.81341214541,0.714213414646,7742.7842115,1640.45893676,synthetic,True,1.0.0,1.0.0,2026-09-16T20:12:09.907988+00:00,42,schema_checked
2026,8,50,0.04,0.06,0,1,1.55759594667,1.36005910906,0.58565500001,6701.48895613,1345.17632815,synthetic,True,1.0.0,1.0.0,2026-09-16T20:12:09.907988+00:00,42,schema_checked
2027,8,50,0.04,0.06,5,0,1.5229413639,1.77306596872,0.721713414646,7570.51684212,1657.68549926,synthetic,True,1.0.0,1.0.0,2026-09-16T20:12:09.907988+00:00,42,schema_checked
2028,8,50,0.04,0.06,5,1,1.5229413639,1.32979947654,0.59180500001,6552.38911789,1359.3021094,synthetic,True,1.0.0,1.0.0,2026-09-16T20:12:09.907988+00:00,42,schema_checked
2029,8,50,0.04,0.085,-5,0,1.41762504591,1.61509149173,0.712288545135,6965.77079738,1636.03775211,synthetic,True,1.0.0,1.0.0,2026-09-16T20:12:09.907988+00:00,42,schema_checked
2030,8,50,0.04,0.085,-5,1,1.41762504591,1.2113186188,0.584076607011,6038.35497987,1341.55095673,synthetic,True,1.0.0,1.0.0,2026-09-16T20:12:09.907988+00:00,42,schema_checked
2031,8,50,0.04,0.085,0,0,1.44988315226,1.6518429538,0.704788545135,7124.27714986,1618.81118961,synthetic,True,1.0.0,1.0.0,2026-09-16T20:12:09.907988+00:00,42,schema_checked
2032,8,50,0.04,0.085,0,1,1.44988315226,1.23888221535,0.577926607011,6175.75795373,1327.42517548,synthetic,True,1.0.0,1.0.0,2026-09-16T20:12:09.907988+00:00,42,schema_checked
2033,8,50,0.04,0.085,5,0,1.41762504591,1.61509149173,0.712288545135,6965.77079738,1636.03775211,synthetic,True,1.0.0,1.0.0,2026-09-16T20:12:09.907988+00:00,42,schema_checked
2034,8,50,0.04,0.085,5,1,1.41762504591,1.2113186188,0.584076607011,6038.35497987,1341.55095673,synthetic,True,1.0.0,1.0.0,2026-09-16T20:12:09.907988+00:00,42,schema_checked
2035,8,50,0.055,0.04,-5,0,1.34186044628,1.50144459229,0.705508290388,6530.71626047,1620.46435449,synthetic,True,1.0.0,1.0.0,2026-09-16T20:12:09.907988+00:00,42,schema_checked
2036,8,50,0.055,0.04,-5,1,1.34186044628,1.12608344422,0.578516798118,5668.55862349,1328.78077068,synthetic,True,1.0.0,1.0.0,2026-09-16T20:12:09.907988+00:00,42,schema_checked
2037,8,50,0.055,0.04,0,0,1.37239452658,1.53561001528,0.698008290388,6679.3229321,1603.23779199,synthetic,True,1.0.0,1.0.0,2026-09-16T20:12:09.907988+00:00,42,schema_checked
2038,8,50,0.055,0.04,0,1,1.37239452658,1.15170751146,0.572366798118,5797.54686863,1314.65498943,synthetic,True,1.0.0,1.0.0,2026-09-16T20:12:09.907988+00:00,42,schema_checked
2039,8,50,0.055,0.04,5,0,1.34186044628,1.50144459229,0.705508290388,6530.71626047,1620.46435449,synthetic,True,1.0.0,1.0.0,2026-09-16T20:12:09.907988+00:00,42,schema_checked
2040,8,50,0.055,0.04,5,1,1.34186044628,1.12608344422,0.578516798118,5668.55862349,1328.78077068,synthetic,True,1.0.0,1.0.0,2026-09-16T20:12:09.907988+00:00,42,schema_checked
2041,8,50,0.055,0.06,-5,0,1.36949004599,1.54288899185,0.707980892705,6689.37060254,1626.14361293,synthetic,True,1.0.0,1.0.0,2026-09-16T20:12:09.907988+00:00,42,schema_checked
2042,8,50,0.055,0.06,-5,1,1.36949004599,1.15716674389,0.580544332018,5803.41481425,1333.4377626,synthetic,True,1.0.0,1.0.0,2026-09-16T20:12:09.907988+00:00,42,schema_checked
2043,8,50,0.055,0.06,0,0,1.40065283877,1.57799748357,0.700480892705,6841.58745914,1608.91705043,synthetic,True,1.0.0,1.0.0,2026-09-16T20:12:09.907988+00:00,42,schema_checked
2044,8,50,0.055,0.06,0,1,1.40065283877,1.18349811268,0.574394332018,5935.47171662,1319.31198135,synthetic,True,1.0.0,1.0.0,2026-09-16T20:12:09.907988+00:00,42,schema_checked
2045,8,50,0.055,0.06,5,0,1.36949004599,1.54288899185,0.707980892705,6689.37060254,1626.14361293,synthetic,True,1.0.0,1.0.0,2026-09-16T20:12:09.907988+00:00,42,schema_checked
2046,8,50,0.055,0.06,5,1,1.36949004599,1.15716674389,0.580544332018,5803.41481425,1333.4377626,synthetic,True,1.0.0,1.0.0,2026-09-16T20:12:09.907988+00:00,42,schema_checked
2047,8,50,0.055,0.085,-5,0,1.29885550048,1.43693717358,0.701659731967,6283.77379823,1611.62469686,synthetic,True,1.0.0,1.0.0,2026-09-16T20:12:09.907988+00:00,42,schema_checked
2048,8,50,0.055,0.085,-5,1,1.29885550048,1.07770288019,0.575360980213,5458.65753059,1321.53225143,synthetic,True,1.0.0,1.0.0,2026-09-16T20:12:09.907988+00:00,42,schema_checked
2049,8,50,0.055,0.085,0,0,1.32841100177,1.46963472806,0.694159731967,6426.76128569,1594.39813436,synthetic,True,1.0.0,1.0.0,2026-09-16T20:12:09.907988+00:00,42,schema_checked
2050,8,50,0.055,0.085,0,1,1.32841100177,1.10222604604,0.569210980213,5582.86946919,1307.40647018,synthetic,True,1.0.0,1.0.0,2026-09-16T20:12:09.907988+00:00,42,schema_checked
2051,8,50,0.055,0.085,5,0,1.29885550048,1.43693717358,0.701659731967,6283.77379823,1611.62469686,synthetic,True,1.0.0,1.0.0,2026-09-16T20:12:09.907988+00:00,42,schema_checked
2052,8,50,0.055,0.085,5,1,1.29885550048,1.07770288019,0.575360980213,5458.65753059,1321.53225143,synthetic,True,1.0.0,1.0.0,2026-09-16T20:12:09.907988+00:00,42,schema_checked
2053,8,70,0.025,0.04,-5,0,1.47575673489,1.70228902521,0.717490811921,14307.1647563,3230.05394892,synthetic,True,1.0.0,1.0.0,2026-09-16T20:12:09.907988+00:00,42,schema_checked
2054,8,70,0.025,0.04,-5,1,1.47575673489,1.27671676891,0.588342465775,12391.2916549,2648.64423811,synthetic,True,1.0.0,1.0.0,2026-09-16T20:12:09.907988+00:00,42,schema_checked
2055,8,70,0.025,0.04,0,0,1.50933762981,1.74102467013,0.709990811921,14632.7247791,3196.28988642,synthetic,True,1.0.0,1.0.0,2026-09-16T20:12:09.907988+00:00,42,schema_checked
2056,8,70,0.025,0.04,0,1,1.50933762981,1.3057685026,0.582192465775,12673.2559199,2620.95770686,synthetic,True,1.0.0,1.0.0,2026-09-16T20:12:09.907988+00:00,42,schema_checked
2057,8,70,0.025,0.04,5,0,1.47575673489,1.70228902521,0.717490811921,14307.1647563,3230.05394892,synthetic,True,1.0.0,1.0.0,2026-09-16T20:12:09.907988+00:00,42,schema_checked
2058,8,70,0.025,0.04,5,1,1.47575673489,1.27671676891,0.588342465775,12391.2916549,2648.64423811,synthetic,True,1.0.0,1.0.0,2026-09-16T20:12:09.907988+00:00,42,schema_checked
2059,8,70,0.025,0.06,-5,0,1.51637174853,1.76321154566,0.721125492766,14764.2740425,3246.41682775,synthetic,True,1.0.0,1.0.0,2026-09-16T20:12:09.907988+00:00,42,schema_checked
2060,8,70,0.025,0.06,-5,1,1.51637174853,1.32240865924,0.591322904068,12779.8345482,2662.06179875,synthetic,True,1.0.0,1.0.0,2026-09-16T20:12:09.907988+00:00,42,schema_checked
2061,8,70,0.025,0.06,0,0,1.55087683947,1.80333348462,0.713625492766,15100.2356028,3212.65276525,synthetic,True,1.0.0,1.0.0,2026-09-16T20:12:09.907988+00:00,42,schema_checked
2062,8,70,0.025,0.06,0,1,1.55087683947,1.35250011347,0.585172904068,13070.64012,2634.3752675,synthetic,True,1.0.0,1.0.0,2026-09-16T20:12:09.907988+00:00,42,schema_checked
2063,8,70,0.025,0.06,5,0,1.51637174853,1.76321154566,0.721125492766,14764.2740425,3246.41682775,synthetic,True,1.0.0,1.0.0,2026-09-16T20:12:09.907988+00:00,42,schema_checked
2064,8,70,0.025,0.06,5,1,1.51637174853,1.32240865924,0.591322904068,12779.8345482,2662.06179875,synthetic,True,1.0.0,1.0.0,2026-09-16T20:12:09.907988+00:00,42,schema_checked
2065,8,70,0.025,0.085,-5,0,1.41254023958,1.60746428224,0.711833500399,13595.6828567,3204.58543961,synthetic,True,1.0.0,1.0.0,2026-09-16T20:12:09.907988+00:00,42,schema_checked
2066,8,70,0.025,0.085,-5,1,1.41254023958,1.20559821168,0.583703470327,11786.5320403,2627.76006048,synthetic,True,1.0.0,1.0.0,2026-09-16T20:12:09.907988+00:00,42,schema_checked
2067,8,70,0.025,0.085,0,0,1.444682641,1.6440421869,0.704333500399,13905.0530846,3170.82137711,synthetic,True,1.0.0,1.0.0,2026-09-16T20:12:09.907988+00:00,42,schema_checked
2068,8,70,0.025,0.085,0,1,1.444682641,1.23303164018,0.577553470327,12054.7349796,2600.07352923,synthetic,True,1.0.0,1.0.0,2026-09-16T20:12:09.907988+00:00,42,schema_checked
2069,8,70,0.025,0.085,5,0,1.41254023958,1.60746428224,0.711833500399,13595.6828567,3204.58543961,synthetic,True,1.0.0,1.0.0,2026-09-16T20:12:09.907988+00:00,42,schema_checked
2070,8,70,0.025,0.085,5,1,1.41254023958,1.20559821168,0.583703470327,11786.5320403,2627.76006048,synthetic,True,1.0.0,1.0.0,2026-09-16T20:12:09.907988+00:00,42,schema_checked
2071,8,70,0.04,0.04,-5,0,1.48174554835,1.71127224539,0.718026757218,14374.5669802,3232.46670765,synthetic,True,1.0.0,1.0.0,2026-09-16T20:12:09.907988+00:00,42,schema_checked
2072,8,70,0.04,0.04,-5,1,1.48174554835,1.28345418404,0.588781940919,12448.5835452,2650.62270027,synthetic,True,1.0.0,1.0.0,2026-09-16T20:12:09.907988+00:00,42,schema_checked
2073,8,70,0.04,0.04,0,0,1.51546271892,1.75021230379,0.710526757218,14701.6607429,3198.70264515,synthetic,True,1.0.0,1.0.0,2026-09-16T20:12:09.907988+00:00,42,schema_checked
2074,8,70,0.04,0.04,0,1,1.51546271892,1.31265922785,0.582631940919,12731.8514891,2622.93616902,synthetic,True,1.0.0,1.0.0,2026-09-16T20:12:09.907988+00:00,42,schema_checked
2075,8,70,0.04,0.04,5,0,1.48174554835,1.71127224539,0.718026757218,14374.5669802,3232.46670765,synthetic,True,1.0.0,1.0.0,2026-09-16T20:12:09.907988+00:00,42,schema_checked
2076,8,70,0.04,0.04,5,1,1.48174554835,1.28345418404,0.588781940919,12448.5835452,2650.62270027,synthetic,True,1.0.0,1.0.0,2026-09-16T20:12:09.907988+00:00,42,schema_checked
2077,8,70,0.04,0.06,-5,0,1.5229413639,1.77306596872,0.721713414646,14838.2130106,3249.06357856,synthetic,True,1.0.0,1.0.0,2026-09-16T20:12:09.907988+00:00,42,schema_checked
2078,8,70,0.04,0.06,-5,1,1.5229413639,1.32979947654,0.59180500001,12842.6826711,2664.23213442,synthetic,True,1.0.0,1.0.0,2026-09-16T20:12:09.907988+00:00,42,schema_checked
2079,8,70,0.04,0.06,0,0,1.55759594667,1.81341214541,0.714213414646,15175.8570545,3215.29951606,synthetic,True,1.0.0,1.0.0,2026-09-16T20:12:09.907988+00:00,42,schema_checked
2080,8,70,0.04,0.06,0,1,1.55759594667,1.36005910906,0.58565500001,13134.918354,2636.54560317,synthetic,True,1.0.0,1.0.0,2026-09-16T20:12:09.907988+00:00,42,schema_checked
2081,8,70,0.04,0.06,5,0,1.5229413639,1.77306596872,0.721713414646,14838.2130106,3249.06357856,synthetic,True,1.0.0,1.0.0,2026-09-16T20:12:09.907988+00:00,42,schema_checked
2082,8,70,0.04,0.06,5,1,1.5229413639,1.32979947654,0.59180500001,12842.6826711,2664.23213442,synthetic,True,1.0.0,1.0.0,2026-09-16T20:12:09.907988+00:00,42,schema_checked
2083,8,70,0.04,0.085,-5,0,1.41762504591,1.61509149173,0.712288545135,13652.9107629,3206.63399413,synthetic,True,1.0.0,1.0.0,2026-09-16T20:12:09.907988+00:00,42,schema_checked
2084,8,70,0.04,0.085,-5,1,1.41762504591,1.2113186188,0.584076607011,11835.1757605,2629.43987519,synthetic,True,1.0.0,1.0.0,2026-09-16T20:12:09.907988+00:00,42,schema_checked
2085,8,70,0.04,0.085,0,0,1.44988315226,1.6518429538,0.704788545135,13963.5832137,3172.86993163,synthetic,True,1.0.0,1.0.0,2026-09-16T20:12:09.907988+00:00,42,schema_checked
2086,8,70,0.04,0.085,0,1,1.44988315226,1.23888221535,0.577926607011,12104.4855893,2601.75334394,synthetic,True,1.0.0,1.0.0,2026-09-16T20:12:09.907988+00:00,42,schema_checked
2087,8,70,0.04,0.085,5,0,1.41762504591,1.61509149173,0.712288545135,13652.9107629,3206.63399413,synthetic,True,1.0.0,1.0.0,2026-09-16T20:12:09.907988+00:00,42,schema_checked
2088,8,70,0.04,0.085,5,1,1.41762504591,1.2113186188,0.584076607011,11835.1757605,2629.43987519,synthetic,True,1.0.0,1.0.0,2026-09-16T20:12:09.907988+00:00,42,schema_checked
2089,8,70,0.055,0.04,-5,0,1.34186044628,1.50144459229,0.705508290388,12800.2038705,3176.11013479,synthetic,True,1.0.0,1.0.0,2026-09-16T20:12:09.907988+00:00,42,schema_checked
2090,8,70,0.055,0.04,-5,1,1.34186044628,1.12608344422,0.578516798118,11110.374902,2604.41031053,synthetic,True,1.0.0,1.0.0,2026-09-16T20:12:09.907988+00:00,42,schema_checked
2091,8,70,0.055,0.04,0,0,1.37239452658,1.53561001528,0.698008290388,13091.4729469,3142.34607229,synthetic,True,1.0.0,1.0.0,2026-09-16T20:12:09.907988+00:00,42,schema_checked
2092,8,70,0.055,0.04,0,1,1.37239452658,1.15170751146,0.572366798118,11363.1918625,2576.72377928,synthetic,True,1.0.0,1.0.0,2026-09-16T20:12:09.907988+00:00,42,schema_checked
2093,8,70,0.055,0.04,5,0,1.34186044628,1.50144459229,0.705508290388,12800.2038705,3176.11013479,synthetic,True,1.0.0,1.0.0,2026-09-16T20:12:09.907988+00:00,42,schema_checked
2094,8,70,0.055,0.04,5,1,1.34186044628,1.12608344422,0.578516798118,11110.374902,2604.41031053,synthetic,True,1.0.0,1.0.0,2026-09-16T20:12:09.907988+00:00,42,schema_checked
2095,8,70,0.055,0.06,-5,0,1.36949004599,1.54288899185,0.707980892705,13111.166381,3187.24148135,synthetic,True,1.0.0,1.0.0,2026-09-16T20:12:09.907988+00:00,42,schema_checked
2096,8,70,0.055,0.06,-5,1,1.36949004599,1.15716674389,0.580544332018,11374.6930359,2613.5380147,synthetic,True,1.0.0,1.0.0,2026-09-16T20:12:09.907988+00:00,42,schema_checked
2097,8,70,0.055,0.06,0,0,1.40065283877,1.57799748357,0.700480892705,13409.5114199,3153.47741885,synthetic,True,1.0.0,1.0.0,2026-09-16T20:12:09.907988+00:00,42,schema_checked
2098,8,70,0.055,0.06,0,1,1.40065283877,1.18349811268,0.574394332018,11633.5245646,2585.85148345,synthetic,True,1.0.0,1.0.0,2026-09-16T20:12:09.907988+00:00,42,schema_checked
2099,8,70,0.055,0.06,5,0,1.36949004599,1.54288899185,0.707980892705,13111.166381,3187.24148135,synthetic,True,1.0.0,1.0.0,2026-09-16T20:12:09.907988+00:00,42,schema_checked
2100,8,70,0.055,0.06,5,1,1.36949004599,1.15716674389,0.580544332018,11374.6930359,2613.5380147,synthetic,True,1.0.0,1.0.0,2026-09-16T20:12:09.907988+00:00,42,schema_checked
2101,8,70,0.055,0.085,-5,0,1.29885550048,1.43693717358,0.701659731967,12316.1966445,3158.78440585,synthetic,True,1.0.0,1.0.0,2026-09-16T20:12:09.907988+00:00,42,schema_checked
2102,8,70,0.055,0.085,-5,1,1.29885550048,1.07770288019,0.575360980213,10698.96876,2590.2032128,synthetic,True,1.0.0,1.0.0,2026-09-16T20:12:09.907988+00:00,42,schema_checked
2103,8,70,0.055,0.085,0,0,1.32841100177,1.46963472806,0.694159731967,12596.45212,3125.02034335,synthetic,True,1.0.0,1.0.0,2026-09-16T20:12:09.907988+00:00,42,schema_checked
2104,8,70,0.055,0.085,0,1,1.32841100177,1.10222604604,0.569210980213,10942.4241596,2562.51668155,synthetic,True,1.0.0,1.0.0,2026-09-16T20:12:09.907988+00:00,42,schema_checked
2105,8,70,0.055,0.085,5,0,1.29885550048,1.43693717358,0.701659731967,12316.1966445,3158.78440585,synthetic,True,1.0.0,1.0.0,2026-09-16T20:12:09.907988+00:00,42,schema_checked
2106,8,70,0.055,0.085,5,1,1.29885550048,1.07770288019,0.575360980213,10698.96876,2590.2032128,synthetic,True,1.0.0,1.0.0,2026-09-16T20:12:09.907988+00:00,42,schema_checked
2107,8,90,0.025,0.04,-5,0,1.47575673489,1.70228902521,0.717490811921,23650.6192909,5339.47693596,synthetic,True,1.0.0,1.0.0,2026-09-16T20:12:09.907988+00:00,42,schema_checked
2108,8,90,0.025,0.04,-5,1,1.47575673489,1.27671676891,0.588342465775,20483.5637561,4378.37108749,synthetic,True,1.0.0,1.0.0,2026-09-16T20:12:09.907988+00:00,42,schema_checked
2109,8,90,0.025,0.04,0,0,1.50933762981,1.74102467013,0.709990811921,24188.7899409,5283.66287346,synthetic,True,1.0.0,1.0.0,2026-09-16T20:12:09.907988+00:00,42,schema_checked
2110,8,90,0.025,0.04,0,1,1.50933762981,1.3057685026,0.582192465775,20949.6679492,4332.60355624,synthetic,True,1.0.0,1.0.0,2026-09-16T20:12:09.907988+00:00,42,schema_checked
2111,8,90,0.025,0.04,5,0,1.47575673489,1.70228902521,0.717490811921,23650.6192909,5339.47693596,synthetic,True,1.0.0,1.0.0,2026-09-16T20:12:09.907988+00:00,42,schema_checked
2112,8,90,0.025,0.04,5,1,1.47575673489,1.27671676891,0.588342465775,20483.5637561,4378.37108749,synthetic,True,1.0.0,1.0.0,2026-09-16T20:12:09.907988+00:00,42,schema_checked
2113,8,90,0.025,0.06,-5,0,1.51637174853,1.76321154566,0.721125492766,24406.2489274,5366.52577648,synthetic,True,1.0.0,1.0.0,2026-09-16T20:12:09.907988+00:00,42,schema_checked
2114,8,90,0.025,0.06,-5,1,1.51637174853,1.32240865924,0.591322904068,21125.8489471,4400.55113671,synthetic,True,1.0.0,1.0.0,2026-09-16T20:12:09.907988+00:00,42,schema_checked
2115,8,90,0.025,0.06,0,0,1.55087683947,1.80333348462,0.713625492766,24961.6139556,5310.71171398,synthetic,True,1.0.0,1.0.0,2026-09-16T20:12:09.907988+00:00,42,schema_checked
2116,8,90,0.025,0.06,0,1,1.55087683947,1.35250011347,0.585172904068,21606.5683616,4354.78360546,synthetic,True,1.0.0,1.0.0,2026-09-16T20:12:09.907988+00:00,42,schema_checked
2117,8,90,0.025,0.06,5,0,1.51637174853,1.76321154566,0.721125492766,24406.2489274,5366.52577648,synthetic,True,1.0.0,1.0.0,2026-09-16T20:12:09.907988+00:00,42,schema_checked
2118,8,90,0.025,0.06,5,1,1.51637174853,1.32240865924,0.591322904068,21125.8489471,4400.55113671,synthetic,True,1.0.0,1.0.0,2026-09-16T20:12:09.907988+00:00,42,schema_checked
2119,8,90,0.025,0.085,-5,0,1.41254023958,1.60746428224,0.711833500399,22474.4961509,5297.37593078,synthetic,True,1.0.0,1.0.0,2026-09-16T20:12:09.907988+00:00,42,schema_checked
2120,8,90,0.025,0.085,-5,1,1.41254023958,1.20559821168,0.583703470327,19483.859087,4343.84826324,synthetic,True,1.0.0,1.0.0,2026-09-16T20:12:09.907988+00:00,42,schema_checked
2121,8,90,0.025,0.085,0,0,1.444682641,1.6440421869,0.704333500399,22985.9040786,5241.56186828,synthetic,True,1.0.0,1.0.0,2026-09-16T20:12:09.907988+00:00,42,schema_checked
2122,8,90,0.025,0.085,0,1,1.444682641,1.23303164018,0.577553470327,19927.2149662,4298.08073199,synthetic,True,1.0.0,1.0.0,2026-09-16T20:12:09.907988+00:00,42,schema_checked
2123,8,90,0.025,0.085,5,0,1.41254023958,1.60746428224,0.711833500399,22474.4961509,5297.37593078,synthetic,True,1.0.0,1.0.0,2026-09-16T20:12:09.907988+00:00,42,schema_checked
2124,8,90,0.025,0.085,5,1,1.41254023958,1.20559821168,0.583703470327,19483.859087,4343.84826324,synthetic,True,1.0.0,1.0.0,2026-09-16T20:12:09.907988+00:00,42,schema_checked
2125,8,90,0.04,0.04,-5,0,1.48174554835,1.71127224539,0.718026757218,23762.0392937,5343.46537387,synthetic,True,1.0.0,1.0.0,2026-09-16T20:12:09.907988+00:00,42,schema_checked
2126,8,90,0.04,0.04,-5,1,1.48174554835,1.28345418404,0.588781940919,20578.2707585,4381.64160657,synthetic,True,1.0.0,1.0.0,2026-09-16T20:12:09.907988+00:00,42,schema_checked
2127,8,90,0.04,0.04,0,0,1.51546271892,1.75021230379,0.710526757218,24302.7453097,5287.65131137,synthetic,True,1.0.0,1.0.0,2026-09-16T20:12:09.907988+00:00,42,schema_checked
2128,8,90,0.04,0.04,0,1,1.51546271892,1.31265922785,0.582631940919,21046.5300126,4335.87407532,synthetic,True,1.0.0,1.0.0,2026-09-16T20:12:09.907988+00:00,42,schema_checked
2129,8,90,0.04,0.04,5,0,1.48174554835,1.71127224539,0.718026757218,23762.0392937,5343.46537387,synthetic,True,1.0.0,1.0.0,2026-09-16T20:12:09.907988+00:00,42,schema_checked
2130,8,90,0.04,0.04,5,1,1.48174554835,1.28345418404,0.588781940919,20578.2707585,4381.64160657,synthetic,True,1.0.0,1.0.0,2026-09-16T20:12:09.907988+00:00,42,schema_checked
2131,8,90,0.04,0.06,-5,0,1.5229413639,1.77306596872,0.721713414646,24528.4745685,5370.90101762,synthetic,True,1.0.0,1.0.0,2026-09-16T20:12:09.907988+00:00,42,schema_checked
2132,8,90,0.04,0.06,-5,1,1.5229413639,1.32979947654,0.59180500001,21229.740742,4404.13883445,synthetic,True,1.0.0,1.0.0,2026-09-16T20:12:09.907988+00:00,42,schema_checked
2133,8,90,0.04,0.06,0,0,1.55759594667,1.81341214541,0.714213414646,25086.6208453,5315.08695512,synthetic,True,1.0.0,1.0.0,2026-09-16T20:12:09.907988+00:00,42,schema_checked
2134,8,90,0.04,0.06,0,1,1.55759594667,1.36005910906,0.58565500001,21712.8242179,4358.3713032,synthetic,True,1.0.0,1.0.0,2026-09-16T20:12:09.907988+00:00,42,schema_checked
2135,8,90,0.04,0.06,5,0,1.5229413639,1.77306596872,0.721713414646,24528.4745685,5370.90101762,synthetic,True,1.0.0,1.0.0,2026-09-16T20:12:09.907988+00:00,42,schema_checked
2136,8,90,0.04,0.06,5,1,1.5229413639,1.32979947654,0.59180500001,21229.740742,4404.13883445,synthetic,True,1.0.0,1.0.0,2026-09-16T20:12:09.907988+00:00,42,schema_checked
2137,8,90,0.04,0.085,-5,0,1.41762504591,1.61509149173,0.712288545135,22569.0973835,5300.76231683,synthetic,True,1.0.0,1.0.0,2026-09-16T20:12:09.907988+00:00,42,schema_checked
2138,8,90,0.04,0.085,-5,1,1.41762504591,1.2113186188,0.584076607011,19564.2701348,4346.6250998,synthetic,True,1.0.0,1.0.0,2026-09-16T20:12:09.907988+00:00,42,schema_checked
2139,8,90,0.04,0.085,0,0,1.44988315226,1.6518429538,0.704788545135,23082.6579655,5244.94825433,synthetic,True,1.0.0,1.0.0,2026-09-16T20:12:09.907988+00:00,42,schema_checked
2140,8,90,0.04,0.085,0,1,1.44988315226,1.23888221535,0.577926607011,20009.4557701,4300.85756855,synthetic,True,1.0.0,1.0.0,2026-09-16T20:12:09.907988+00:00,42,schema_checked
2141,8,90,0.04,0.085,5,0,1.41762504591,1.61509149173,0.712288545135,22569.0973835,5300.76231683,synthetic,True,1.0.0,1.0.0,2026-09-16T20:12:09.907988+00:00,42,schema_checked
2142,8,90,0.04,0.085,5,1,1.41762504591,1.2113186188,0.584076607011,19564.2701348,4346.6250998,synthetic,True,1.0.0,1.0.0,2026-09-16T20:12:09.907988+00:00,42,schema_checked
2143,8,90,0.055,0.04,-5,0,1.34186044628,1.50144459229,0.705508290388,21159.5206839,5250.30450853,synthetic,True,1.0.0,1.0.0,2026-09-16T20:12:09.907988+00:00,42,schema_checked
2144,8,90,0.055,0.04,-5,1,1.34186044628,1.12608344422,0.578516798118,18366.1299401,4305.249697,synthetic,True,1.0.0,1.0.0,2026-09-16T20:12:09.907988+00:00,42,schema_checked
2145,8,90,0.055,0.04,0,0,1.37239452658,1.53561001528,0.698008290388,21641.0063,5194.49044603,synthetic,True,1.0.0,1.0.0,2026-09-16T20:12:09.907988+00:00,42,schema_checked
2146,8,90,0.055,0.04,0,1,1.37239452658,1.15170751146,0.572366798118,18784.0518544,4259.48216575,synthetic,True,1.0.0,1.0.0,2026-09-16T20:12:09.907988+00:00,42,schema_checked
2147,8,90,0.055,0.04,5,0,1.34186044628,1.50144459229,0.705508290388,21159.5206839,5250.30450853,synthetic,True,1.0.0,1.0.0,2026-09-16T20:12:09.907988+00:00,42,schema_checked
2148,8,90,0.055,0.04,5,1,1.34186044628,1.12608344422,0.578516798118,18366.1299401,4305.249697,synthetic,True,1.0.0,1.0.0,2026-09-16T20:12:09.907988+00:00,42,schema_checked
2149,8,90,0.055,0.06,-5,0,1.36949004599,1.54288899185,0.707980892705,21673.5607522,5268.7053059,synthetic,True,1.0.0,1.0.0,2026-09-16T20:12:09.907988+00:00,42,schema_checked
2150,8,90,0.055,0.06,-5,1,1.36949004599,1.15716674389,0.580544332018,18803.0639982,4320.33835084,synthetic,True,1.0.0,1.0.0,2026-09-16T20:12:09.907988+00:00,42,schema_checked
2151,8,90,0.055,0.06,0,0,1.40065283877,1.57799748357,0.700480892705,22166.7433676,5212.8912434,synthetic,True,1.0.0,1.0.0,2026-09-16T20:12:09.907988+00:00,42,schema_checked
2152,8,90,0.055,0.06,0,1,1.40065283877,1.18349811268,0.574394332018,19230.9283619,4274.57081959,synthetic,True,1.0.0,1.0.0,2026-09-16T20:12:09.907988+00:00,42,schema_checked
2153,8,90,0.055,0.06,5,0,1.36949004599,1.54288899185,0.707980892705,21673.5607522,5268.7053059,synthetic,True,1.0.0,1.0.0,2026-09-16T20:12:09.907988+00:00,42,schema_checked
2154,8,90,0.055,0.06,5,1,1.36949004599,1.15716674389,0.580544332018,18803.0639982,4320.33835084,synthetic,True,1.0.0,1.0.0,2026-09-16T20:12:09.907988+00:00,42,schema_checked
2155,8,90,0.055,0.085,-5,0,1.29885550048,1.43693717358,0.701659731967,20359.4271063,5221.66401783,synthetic,True,1.0.0,1.0.0,2026-09-16T20:12:09.907988+00:00,42,schema_checked
2156,8,90,0.055,0.085,-5,1,1.29885550048,1.07770288019,0.575360980213,17686.0503991,4281.76449462,synthetic,True,1.0.0,1.0.0,2026-09-16T20:12:09.907988+00:00,42,schema_checked
2157,8,90,0.055,0.085,0,0,1.32841100177,1.46963472806,0.694159731967,20822.7065656,5165.84995533,synthetic,True,1.0.0,1.0.0,2026-09-16T20:12:09.907988+00:00,42,schema_checked
2158,8,90,0.055,0.085,0,1,1.32841100177,1.10222604604,0.569210980213,18088.4970802,4235.99696337,synthetic,True,1.0.0,1.0.0,2026-09-16T20:12:09.907988+00:00,42,schema_checked
2159,8,90,0.055,0.085,5,0,1.29885550048,1.43693717358,0.701659731967,20359.4271063,5221.66401783,synthetic,True,1.0.0,1.0.0,2026-09-16T20:12:09.907988+00:00,42,schema_checked
2160,8,90,0.055,0.085,5,1,1.29885550048,1.07770288019,0.575360980213,17686.0503991,4281.76449462,synthetic,True,1.0.0,1.0.0,2026-09-16T20:12:09.907988+00:00,42,schema_checked
2161,9,0,0.025,0.04,-5,0,1.29269412924,1.93915071116,0.780633521601,0,0,synthetic,True,1.0.0,1.0.0,2026-09-16T20:12:09.907988+00:00,42,schema_checked
2162,9,0,0.025,0.04,-5,1,1.29269412924,1.45436303337,0.640119487713,0,0,synthetic,True,1.0.0,1.0.0,2026-09-16T20:12:09.907988+00:00,42,schema_checked
2163,9,0,0.025,0.04,0,0,1.32210942831,1.98327615185,0.773133521601,0,0,synthetic,True,1.0.0,1.0.0,2026-09-16T20:12:09.907988+00:00,42,schema_checked
2164,9,0,0.025,0.04,0,1,1.32210942831,1.48745711389,0.633969487713,0,0,synthetic,True,1.0.0,1.0.0,2026-09-16T20:12:09.907988+00:00,42,schema_checked
2165,9,0,0.025,0.04,5,0,1.29269412924,1.93915071116,0.780633521601,0,0,synthetic,True,1.0.0,1.0.0,2026-09-16T20:12:09.907988+00:00,42,schema_checked
2166,9,0,0.025,0.04,5,1,1.29269412924,1.45436303337,0.640119487713,0,0,synthetic,True,1.0.0,1.0.0,2026-09-16T20:12:09.907988+00:00,42,schema_checked
2167,9,0,0.025,0.06,-5,0,1.33330914287,2.00007323162,0.784268202447,0,0,synthetic,True,1.0.0,1.0.0,2026-09-16T20:12:09.907988+00:00,42,schema_checked
2168,9,0,0.025,0.06,-5,1,1.33330914287,1.50005492371,0.643099926006,0,0,synthetic,True,1.0.0,1.0.0,2026-09-16T20:12:09.907988+00:00,42,schema_checked
2169,9,0,0.025,0.06,0,0,1.36364863797,2.04558496633,0.776768202447,0,0,synthetic,True,1.0.0,1.0.0,2026-09-16T20:12:09.907988+00:00,42,schema_checked
2170,9,0,0.025,0.06,0,1,1.36364863797,1.53418872475,0.636949926006,0,0,synthetic,True,1.0.0,1.0.0,2026-09-16T20:12:09.907988+00:00,42,schema_checked
2171,9,0,0.025,0.06,5,0,1.33330914287,2.00007323162,0.784268202447,0,0,synthetic,True,1.0.0,1.0.0,2026-09-16T20:12:09.907988+00:00,42,schema_checked
2172,9,0,0.025,0.06,5,1,1.33330914287,1.50005492371,0.643099926006,0,0,synthetic,True,1.0.0,1.0.0,2026-09-16T20:12:09.907988+00:00,42,schema_checked
2173,9,0,0.025,0.085,-5,0,1.22947763393,1.8443259682,0.77497621008,0,0,synthetic,True,1.0.0,1.0.0,2026-09-16T20:12:09.907988+00:00,42,schema_checked
2174,9,0,0.025,0.085,-5,1,1.22947763393,1.38324447615,0.635480492265,0,0,synthetic,True,1.0.0,1.0.0,2026-09-16T20:12:09.907988+00:00,42,schema_checked
2175,9,0,0.025,0.085,0,0,1.25745443949,1.88629366862,0.76747621008,0,0,synthetic,True,1.0.0,1.0.0,2026-09-16T20:12:09.907988+00:00,42,schema_checked
2176,9,0,0.025,0.085,0,1,1.25745443949,1.41472025146,0.629330492265,0,0,synthetic,True,1.0.0,1.0.0,2026-09-16T20:12:09.907988+00:00,42,schema_checked
2177,9,0,0.025,0.085,5,0,1.22947763393,1.8443259682,0.77497621008,0,0,synthetic,True,1.0.0,1.0.0,2026-09-16T20:12:09.907988+00:00,42,schema_checked
2178,9,0,0.025,0.085,5,1,1.22947763393,1.38324447615,0.635480492265,0,0,synthetic,True,1.0.0,1.0.0,2026-09-16T20:12:09.907988+00:00,42,schema_checked
2179,9,0,0.04,0.04,-5,0,1.29868294269,1.94813393134,0.781169466898,0,0,synthetic,True,1.0.0,1.0.0,2026-09-16T20:12:09.907988+00:00,42,schema_checked
2180,9,0,0.04,0.04,-5,1,1.29868294269,1.46110044851,0.640558962857,0,0,synthetic,True,1.0.0,1.0.0,2026-09-16T20:12:09.907988+00:00,42,schema_checked
2181,9,0,0.04,0.04,0,0,1.32823451742,1.99246378551,0.773669466898,0,0,synthetic,True,1.0.0,1.0.0,2026-09-16T20:12:09.907988+00:00,42,schema_checked
2182,9,0,0.04,0.04,0,1,1.32823451742,1.49434783913,0.634408962857,0,0,synthetic,True,1.0.0,1.0.0,2026-09-16T20:12:09.907988+00:00,42,schema_checked
2183,9,0,0.04,0.04,5,0,1.29868294269,1.94813393134,0.781169466898,0,0,synthetic,True,1.0.0,1.0.0,2026-09-16T20:12:09.907988+00:00,42,schema_checked
2184,9,0,0.04,0.04,5,1,1.29868294269,1.46110044851,0.640558962857,0,0,synthetic,True,1.0.0,1.0.0,2026-09-16T20:12:09.907988+00:00,42,schema_checked
2185,9,0,0.04,0.06,-5,0,1.33987875825,2.00992765468,0.784856124326,0,0,synthetic,True,1.0.0,1.0.0,2026-09-16T20:12:09.907988+00:00,42,schema_checked
2186,9,0,0.04,0.06,-5,1,1.33987875825,1.50744574101,0.643582021947,0,0,synthetic,True,1.0.0,1.0.0,2026-09-16T20:12:09.907988+00:00,42,schema_checked
2187,9,0,0.04,0.06,0,0,1.37036774517,2.05566362713,0.777356124326,0,0,synthetic,True,1.0.0,1.0.0,2026-09-16T20:12:09.907988+00:00,42,schema_checked
2188,9,0,0.04,0.06,0,1,1.37036774517,1.54174772035,0.637432021947,0,0,synthetic,True,1.0.0,1.0.0,2026-09-16T20:12:09.907988+00:00,42,schema_checked
2189,9,0,0.04,0.06,5,0,1.33987875825,2.00992765468,0.784856124326,0,0,synthetic,True,1.0.0,1.0.0,2026-09-16T20:12:09.907988+00:00,42,schema_checked
2190,9,0,0.04,0.06,5,1,1.33987875825,1.50744574101,0.643582021947,0,0,synthetic,True,1.0.0,1.0.0,2026-09-16T20:12:09.907988+00:00,42,schema_checked
2191,9,0,0.04,0.085,-5,0,1.23456244025,1.85195317769,0.775431254815,0,0,synthetic,True,1.0.0,1.0.0,2026-09-16T20:12:09.907988+00:00,42,schema_checked
2192,9,0,0.04,0.085,-5,1,1.23456244025,1.38896488326,0.635853628949,0,0,synthetic,True,1.0.0,1.0.0,2026-09-16T20:12:09.907988+00:00,42,schema_checked
2193,9,0,0.04,0.085,0,0,1.26265495076,1.89409443552,0.767931254815,0,0,synthetic,True,1.0.0,1.0.0,2026-09-16T20:12:09.907988+00:00,42,schema_checked
2194,9,0,0.04,0.085,0,1,1.26265495076,1.42057082664,0.629703628949,0,0,synthetic,True,1.0.0,1.0.0,2026-09-16T20:12:09.907988+00:00,42,schema_checked
2195,9,0,0.04,0.085,5,0,1.23456244025,1.85195317769,0.775431254815,0,0,synthetic,True,1.0.0,1.0.0,2026-09-16T20:12:09.907988+00:00,42,schema_checked
2196,9,0,0.04,0.085,5,1,1.23456244025,1.38896488326,0.635853628949,0,0,synthetic,True,1.0.0,1.0.0,2026-09-16T20:12:09.907988+00:00,42,schema_checked
2197,9,0,0.055,0.04,-5,0,1.15879784063,1.73830627825,0.768651000069,0,0,synthetic,True,1.0.0,1.0.0,2026-09-16T20:12:09.907988+00:00,42,schema_checked
2198,9,0,0.055,0.04,-5,1,1.15879784063,1.30372970869,0.630293820056,0,0,synthetic,True,1.0.0,1.0.0,2026-09-16T20:12:09.907988+00:00,42,schema_checked
2199,9,0,0.055,0.04,0,0,1.18516632508,1.777861497,0.761151000069,0,0,synthetic,True,1.0.0,1.0.0,2026-09-16T20:12:09.907988+00:00,42,schema_checked
2200,9,0,0.055,0.04,0,1,1.18516632508,1.33339612275,0.624143820056,0,0,synthetic,True,1.0.0,1.0.0,2026-09-16T20:12:09.907988+00:00,42,schema_checked
2201,9,0,0.055,0.04,5,0,1.15879784063,1.73830627825,0.768651000069,0,0,synthetic,True,1.0.0,1.0.0,2026-09-16T20:12:09.907988+00:00,42,schema_checked
2202,9,0,0.055,0.04,5,1,1.15879784063,1.30372970869,0.630293820056,0,0,synthetic,True,1.0.0,1.0.0,2026-09-16T20:12:09.907988+00:00,42,schema_checked
2203,9,0,0.055,0.06,-5,0,1.18642744033,1.77975067781,0.771123602385,0,0,synthetic,True,1.0.0,1.0.0,2026-09-16T20:12:09.907988+00:00,42,schema_checked
2204,9,0,0.055,0.06,-5,1,1.18642744033,1.33481300836,0.632321353956,0,0,synthetic,True,1.0.0,1.0.0,2026-09-16T20:12:09.907988+00:00,42,schema_checked
2205,9,0,0.055,0.06,0,0,1.21342463727,1.82024896529,0.763623602385,0,0,synthetic,True,1.0.0,1.0.0,2026-09-16T20:12:09.907988+00:00,42,schema_checked
2206,9,0,0.055,0.06,0,1,1.21342463727,1.36518672396,0.626171353956,0,0,synthetic,True,1.0.0,1.0.0,2026-09-16T20:12:09.907988+00:00,42,schema_checked
2207,9,0,0.055,0.06,5,0,1.18642744033,1.77975067781,0.771123602385,0,0,synthetic,True,1.0.0,1.0.0,2026-09-16T20:12:09.907988+00:00,42,schema_checked
2208,9,0,0.055,0.06,5,1,1.18642744033,1.33481300836,0.632321353956,0,0,synthetic,True,1.0.0,1.0.0,2026-09-16T20:12:09.907988+00:00,42,schema_checked
2209,9,0,0.055,0.085,-5,0,1.11579289482,1.67379885954,0.764802441647,0,0,synthetic,True,1.0.0,1.0.0,2026-09-16T20:12:09.907988+00:00,42,schema_checked
2210,9,0,0.055,0.085,-5,1,1.11579289482,1.25534914466,0.627138002151,0,0,synthetic,True,1.0.0,1.0.0,2026-09-16T20:12:09.907988+00:00,42,schema_checked
2211,9,0,0.055,0.085,0,0,1.14118280026,1.71188620977,0.757302441647,0,0,synthetic,True,1.0.0,1.0.0,2026-09-16T20:12:09.907988+00:00,42,schema_checked
2212,9,0,0.055,0.085,0,1,1.14118280026,1.28391465733,0.620988002151,0,0,synthetic,True,1.0.0,1.0.0,2026-09-16T20:12:09.907988+00:00,42,schema_checked
2213,9,0,0.055,0.085,5,0,1.11579289482,1.67379885954,0.764802441647,0,0,synthetic,True,1.0.0,1.0.0,2026-09-16T20:12:09.907988+00:00,42,schema_checked
2214,9,0,0.055,0.085,5,1,1.11579289482,1.25534914466,0.627138002151,0,0,synthetic,True,1.0.0,1.0.0,2026-09-16T20:12:09.907988+00:00,42,schema_checked
2215,9,30,0.025,0.04,-5,0,1.29269412924,1.93915071116,0.780633521601,2672.33170241,645.486343174,synthetic,True,1.0.0,1.0.0,2026-09-16T20:12:09.907988+00:00,42,schema_checked
2216,9,30,0.025,0.04,-5,1,1.29269412924,1.45436303337,0.640119487713,2271.47289133,529.298801403,synthetic,True,1.0.0,1.0.0,2026-09-16T20:12:09.907988+00:00,42,schema_checked
2217,9,30,0.025,0.04,0,0,1.32210942831,1.98327615185,0.773133521601,2733.14070159,639.284780674,synthetic,True,1.0.0,1.0.0,2026-09-16T20:12:09.907988+00:00,42,schema_checked
2218,9,30,0.025,0.04,0,1,1.32210942831,1.48745711389,0.633969487713,2323.16033458,524.213520153,synthetic,True,1.0.0,1.0.0,2026-09-16T20:12:09.907988+00:00,42,schema_checked
2219,9,30,0.025,0.04,5,0,1.29269412924,1.93915071116,0.780633521601,2672.33170241,645.486343174,synthetic,True,1.0.0,1.0.0,2026-09-16T20:12:09.907988+00:00,42,schema_checked
2220,9,30,0.025,0.04,5,1,1.29269412924,1.45436303337,0.640119487713,2271.47289133,529.298801403,synthetic,True,1.0.0,1.0.0,2026-09-16T20:12:09.907988+00:00,42,schema_checked
2221,9,30,0.025,0.06,-5,0,1.33330914287,2.00007323162,0.784268202447,2756.29055091,648.491769898,synthetic,True,1.0.0,1.0.0,2026-09-16T20:12:09.907988+00:00,42,schema_checked
2222,9,30,0.025,0.06,-5,1,1.33330914287,1.50005492371,0.643099926006,2342.83791256,531.763251316,synthetic,True,1.0.0,1.0.0,2026-09-16T20:12:09.907988+00:00,42,schema_checked
2223,9,30,0.025,0.06,0,0,1.36364863797,2.04558496633,0.776768202447,2819.01003656,642.290207398,synthetic,True,1.0.0,1.0.0,2026-09-16T20:12:09.907988+00:00,42,schema_checked
2224,9,30,0.025,0.06,0,1,1.36364863797,1.53418872475,0.636949926006,2396.1492693,526.677970066,synthetic,True,1.0.0,1.0.0,2026-09-16T20:12:09.907988+00:00,42,schema_checked
2225,9,30,0.025,0.06,5,0,1.33330914287,2.00007323162,0.784268202447,2756.29055091,648.491769898,synthetic,True,1.0.0,1.0.0,2026-09-16T20:12:09.907988+00:00,42,schema_checked
2226,9,30,0.025,0.06,5,1,1.33330914287,1.50005492371,0.643099926006,2342.83791256,531.763251316,synthetic,True,1.0.0,1.0.0,2026-09-16T20:12:09.907988+00:00,42,schema_checked
2227,9,30,0.025,0.085,-5,0,1.22947763393,1.8443259682,0.77497621008,2541.65135351,640.80845371,synthetic,True,1.0.0,1.0.0,2026-09-16T20:12:09.907988+00:00,42,schema_checked
2228,9,30,0.025,0.085,-5,1,1.22947763393,1.38324447615,0.635480492265,2160.39459477,525.462932042,synthetic,True,1.0.0,1.0.0,2026-09-16T20:12:09.907988+00:00,42,schema_checked
2229,9,30,0.025,0.085,0,0,1.25745443949,1.88629366862,0.76747621008,2599.48671689,634.60689121,synthetic,True,1.0.0,1.0.0,2026-09-16T20:12:09.907988+00:00,42,schema_checked
2230,9,30,0.025,0.085,0,1,1.25745443949,1.41472025146,0.629330492265,2209.55444759,520.377650792,synthetic,True,1.0.0,1.0.0,2026-09-16T20:12:09.907988+00:00,42,schema_checked
2231,9,30,0.025,0.085,5,0,1.22947763393,1.8443259682,0.77497621008,2541.65135351,640.80845371,synthetic,True,1.0.0,1.0.0,2026-09-16T20:12:09.907988+00:00,42,schema_checked
2232,9,30,0.025,0.085,5,1,1.22947763393,1.38324447615,0.635480492265,2160.39459477,525.462932042,synthetic,True,1.0.0,1.0.0,2026-09-16T20:12:09.907988+00:00,42,schema_checked
2233,9,30,0.04,0.04,-5,0,1.29868294269,1.94813393134,0.781169466898,2684.71170272,645.929502942,synthetic,True,1.0.0,1.0.0,2026-09-16T20:12:09.907988+00:00,42,schema_checked
2234,9,30,0.04,0.04,-5,1,1.29868294269,1.46110044851,0.640558962857,2281.9958916,529.662192412,synthetic,True,1.0.0,1.0.0,2026-09-16T20:12:09.907988+00:00,42,schema_checked
2235,9,30,0.04,0.04,0,0,1.32823451742,1.99246378551,0.773669466898,2745.80240923,639.727940442,synthetic,True,1.0.0,1.0.0,2026-09-16T20:12:09.907988+00:00,42,schema_checked
2236,9,30,0.04,0.04,0,1,1.32823451742,1.49434783913,0.634408962857,2333.92278607,524.576911162,synthetic,True,1.0.0,1.0.0,2026-09-16T20:12:09.907988+00:00,42,schema_checked
2237,9,30,0.04,0.04,5,0,1.29868294269,1.94813393134,0.781169466898,2684.71170272,645.929502942,synthetic,True,1.0.0,1.0.0,2026-09-16T20:12:09.907988+00:00,42,schema_checked
2238,9,30,0.04,0.04,5,1,1.29868294269,1.46110044851,0.640558962857,2281.9958916,529.662192412,synthetic,True,1.0.0,1.0.0,2026-09-16T20:12:09.907988+00:00,42,schema_checked
2239,9,30,0.04,0.06,-5,0,1.33987875825,2.00992765468,0.784856124326,2769.87117769,648.977907802,synthetic,True,1.0.0,1.0.0,2026-09-16T20:12:09.907988+00:00,42,schema_checked
2240,9,30,0.04,0.06,-5,1,1.33987875825,1.50744574101,0.643582021947,2354.38144532,532.161884398,synthetic,True,1.0.0,1.0.0,2026-09-16T20:12:09.907988+00:00,42,schema_checked
2241,9,30,0.04,0.06,0,0,1.37036774517,2.05566362713,0.777356124326,2832.89969097,642.776345302,synthetic,True,1.0.0,1.0.0,2026-09-16T20:12:09.907988+00:00,42,schema_checked
2242,9,30,0.04,0.06,0,1,1.37036774517,1.54174772035,0.637432021947,2407.95547555,527.076603148,synthetic,True,1.0.0,1.0.0,2026-09-16T20:12:09.907988+00:00,42,schema_checked
2243,9,30,0.04,0.06,5,0,1.33987875825,2.00992765468,0.784856124326,2769.87117769,648.977907802,synthetic,True,1.0.0,1.0.0,2026-09-16T20:12:09.907988+00:00,42,schema_checked
2244,9,30,0.04,0.06,5,1,1.33987875825,1.50744574101,0.643582021947,2354.38144532,532.161884398,synthetic,True,1.0.0,1.0.0,2026-09-16T20:12:09.907988+00:00,42,schema_checked
2245,9,30,0.04,0.085,-5,0,1.23456244025,1.85195317769,0.775431254815,2552.16260158,641.184718826,synthetic,True,1.0.0,1.0.0,2026-09-16T20:12:09.907988+00:00,42,schema_checked
2246,9,30,0.04,0.085,-5,1,1.23456244025,1.38896488326,0.635853628949,2169.32915563,525.771469437,synthetic,True,1.0.0,1.0.0,2026-09-16T20:12:09.907988+00:00,42,schema_checked
2247,9,30,0.04,0.085,0,0,1.26265495076,1.89409443552,0.767931254815,2610.23714877,634.983156326,synthetic,True,1.0.0,1.0.0,2026-09-16T20:12:09.907988+00:00,42,schema_checked
2248,9,30,0.04,0.085,0,1,1.26265495076,1.42057082664,0.629703628949,2218.69231468,520.686188187,synthetic,True,1.0.0,1.0.0,2026-09-16T20:12:09.907988+00:00,42,schema_checked
2249,9,30,0.04,0.085,5,0,1.23456244025,1.85195317769,0.775431254815,2552.16260158,641.184718826,synthetic,True,1.0.0,1.0.0,2026-09-16T20:12:09.907988+00:00,42,schema_checked
2250,9,30,0.04,0.085,5,1,1.23456244025,1.38896488326,0.635853628949,2169.32915563,525.771469437,synthetic,True,1.0.0,1.0.0,2026-09-16T20:12:09.907988+00:00,42,schema_checked
2251,9,30,0.055,0.04,-5,0,1.15879784063,1.73830627825,0.768651000069,2395.54296829,635.578295682,synthetic,True,1.0.0,1.0.0,2026-09-16T20:12:09.907988+00:00,42,schema_checked
2252,9,30,0.055,0.04,-5,1,1.15879784063,1.30372970869,0.630293820056,2036.20246734,521.174202459,synthetic,True,1.0.0,1.0.0,2026-09-16T20:12:09.907988+00:00,42,schema_checked
2253,9,30,0.055,0.04,0,0,1.18516632508,1.777861497,0.761151000069,2450.05363038,629.376733182,synthetic,True,1.0.0,1.0.0,2026-09-16T20:12:09.907988+00:00,42,schema_checked
2254,9,30,0.055,0.04,0,1,1.18516632508,1.33339612275,0.624143820056,2082.53632405,516.088921209,synthetic,True,1.0.0,1.0.0,2026-09-16T20:12:09.907988+00:00,42,schema_checked
2255,9,30,0.055,0.04,5,0,1.15879784063,1.73830627825,0.768651000069,2395.54296829,635.578295682,synthetic,True,1.0.0,1.0.0,2026-09-16T20:12:09.907988+00:00,42,schema_checked
2256,9,30,0.055,0.04,5,1,1.15879784063,1.30372970869,0.630293820056,2036.20246734,521.174202459,synthetic,True,1.0.0,1.0.0,2026-09-16T20:12:09.907988+00:00,42,schema_checked
2257,9,30,0.055,0.06,-5,0,1.18642744033,1.77975067781,0.771123602385,2452.65853144,637.622828722,synthetic,True,1.0.0,1.0.0,2026-09-16T20:12:09.907988+00:00,42,schema_checked
2258,9,30,0.055,0.06,-5,1,1.18642744033,1.33481300836,0.632321353956,2084.75069601,522.850719552,synthetic,True,1.0.0,1.0.0,2026-09-16T20:12:09.907988+00:00,42,schema_checked
2259,9,30,0.055,0.06,0,0,1.21342463727,1.82024896529,0.763623602385,2508.46886012,631.421266222,synthetic,True,1.0.0,1.0.0,2026-09-16T20:12:09.907988+00:00,42,schema_checked
2260,9,30,0.055,0.06,0,1,1.21342463727,1.36518672396,0.626171353956,2132.18926932,517.765438302,synthetic,True,1.0.0,1.0.0,2026-09-16T20:12:09.907988+00:00,42,schema_checked
2261,9,30,0.055,0.06,5,0,1.18642744033,1.77975067781,0.771123602385,2452.65853144,637.622828722,synthetic,True,1.0.0,1.0.0,2026-09-16T20:12:09.907988+00:00,42,schema_checked
2262,9,30,0.055,0.06,5,1,1.18642744033,1.33481300836,0.632321353956,2084.75069601,522.850719552,synthetic,True,1.0.0,1.0.0,2026-09-16T20:12:09.907988+00:00,42,schema_checked
2263,9,30,0.055,0.085,-5,0,1.11579289482,1.67379885954,0.764802441647,2306.64368189,632.396018937,synthetic,True,1.0.0,1.0.0,2026-09-16T20:12:09.907988+00:00,42,schema_checked
2264,9,30,0.055,0.085,-5,1,1.11579289482,1.25534914466,0.627138002151,1960.63807389,518.564735528,synthetic,True,1.0.0,1.0.0,2026-09-16T20:12:09.907988+00:00,42,schema_checked
2265,9,30,0.055,0.085,0,0,1.14118280026,1.71188620977,0.757302441647,2359.13143767,626.194456437,synthetic,True,1.0.0,1.0.0,2026-09-16T20:12:09.907988+00:00,42,schema_checked
2266,9,30,0.055,0.085,0,1,1.14118280026,1.28391465733,0.620988002151,2005.25246025,513.479454278,synthetic,True,1.0.0,1.0.0,2026-09-16T20:12:09.907988+00:00,42,schema_checked
2267,9,30,0.055,0.085,5,0,1.11579289482,1.67379885954,0.764802441647,2306.64368189,632.396018937,synthetic,True,1.0.0,1.0.0,2026-09-16T20:12:09.907988+00:00,42,schema_checked
2268,9,30,0.055,0.085,5,1,1.11579289482,1.25534914466,0.627138002151,1960.63807389,518.564735528,synthetic,True,1.0.0,1.0.0,2026-09-16T20:12:09.907988+00:00,42,schema_checked
2269,9,50,0.025,0.04,-5,0,1.29269412924,1.93915071116,0.780633521601,7423.1436178,1793.01761993,synthetic,True,1.0.0,1.0.0,2026-09-16T20:12:09.907988+00:00,42,schema_checked
2270,9,50,0.025,0.04,-5,1,1.29269412924,1.45436303337,0.640119487713,6309.64692037,1470.27444834,synthetic,True,1.0.0,1.0.0,2026-09-16T20:12:09.907988+00:00,42,schema_checked
2271,9,50,0.025,0.04,0,0,1.32210942831,1.98327615185,0.773133521601,7592.05750443,1775.79105743,synthetic,True,1.0.0,1.0.0,2026-09-16T20:12:09.907988+00:00,42,schema_checked
2272,9,50,0.025,0.04,0,1,1.32210942831,1.48745711389,0.633969487713,6453.22315161,1456.14866709,synthetic,True,1.0.0,1.0.0,2026-09-16T20:12:09.907988+00:00,42,schema_checked
2273,9,50,0.025,0.04,5,0,1.29269412924,1.93915071116,0.780633521601,7423.1436178,1793.01761993,synthetic,True,1.0.0,1.0.0,2026-09-16T20:12:09.907988+00:00,42,schema_checked
2274,9,50,0.025,0.04,5,1,1.29269412924,1.45436303337,0.640119487713,6309.64692037,1470.27444834,synthetic,True,1.0.0,1.0.0,2026-09-16T20:12:09.907988+00:00,42,schema_checked
2275,9,50,0.025,0.06,-5,0,1.33330914287,2.00007323162,0.784268202447,7656.36264141,1801.36602749,synthetic,True,1.0.0,1.0.0,2026-09-16T20:12:09.907988+00:00,42,schema_checked
2276,9,50,0.025,0.06,-5,1,1.33330914287,1.50005492371,0.643099926006,6507.88309044,1477.12014255,synthetic,True,1.0.0,1.0.0,2026-09-16T20:12:09.907988+00:00,42,schema_checked
2277,9,50,0.025,0.06,0,0,1.36364863797,2.04558496633,0.776768202447,7830.58343489,1784.13946499,synthetic,True,1.0.0,1.0.0,2026-09-16T20:12:09.907988+00:00,42,schema_checked
2278,9,50,0.025,0.06,0,1,1.36364863797,1.53418872475,0.636949926006,6655.9701925,1462.9943613,synthetic,True,1.0.0,1.0.0,2026-09-16T20:12:09.907988+00:00,42,schema_checked
2279,9,50,0.025,0.06,5,0,1.33330914287,2.00007323162,0.784268202447,7656.36264141,1801.36602749,synthetic,True,1.0.0,1.0.0,2026-09-16T20:12:09.907988+00:00,42,schema_checked
2280,9,50,0.025,0.06,5,1,1.33330914287,1.50005492371,0.643099926006,6507.88309044,1477.12014255,synthetic,True,1.0.0,1.0.0,2026-09-16T20:12:09.907988+00:00,42,schema_checked
2281,9,50,0.025,0.085,-5,0,1.22947763393,1.8443259682,0.77497621008,7060.14264864,1780.02348253,synthetic,True,1.0.0,1.0.0,2026-09-16T20:12:09.907988+00:00,42,schema_checked
2282,9,50,0.025,0.085,-5,1,1.22947763393,1.38324447615,0.635480492265,6001.09609659,1459.61925567,synthetic,True,1.0.0,1.0.0,2026-09-16T20:12:09.907988+00:00,42,schema_checked
2283,9,50,0.025,0.085,0,0,1.25745443949,1.88629366862,0.76747621008,7220.79643582,1762.79692003,synthetic,True,1.0.0,1.0.0,2026-09-16T20:12:09.907988+00:00,42,schema_checked
2284,9,50,0.025,0.085,0,1,1.25745443949,1.41472025146,0.629330492265,6137.65124329,1445.49347442,synthetic,True,1.0.0,1.0.0,2026-09-16T20:12:09.907988+00:00,42,schema_checked
2285,9,50,0.025,0.085,5,0,1.22947763393,1.8443259682,0.77497621008,7060.14264864,1780.02348253,synthetic,True,1.0.0,1.0.0,2026-09-16T20:12:09.907988+00:00,42,schema_checked
2286,9,50,0.025,0.085,5,1,1.22947763393,1.38324447615,0.635480492265,6001.09609659,1459.61925567,synthetic,True,1.0.0,1.0.0,2026-09-16T20:12:09.907988+00:00,42,schema_checked
2287,9,50,0.04,0.04,-5,0,1.29868294269,1.94813393134,0.781169466898,7457.53250755,1794.24861928,synthetic,True,1.0.0,1.0.0,2026-09-16T20:12:09.907988+00:00,42,schema_checked
2288,9,50,0.04,0.04,-5,1,1.29868294269,1.46110044851,0.640558962857,6338.87747666,1471.28386781,synthetic,True,1.0.0,1.0.0,2026-09-16T20:12:09.907988+00:00,42,schema_checked
2289,9,50,0.04,0.04,0,0,1.32823451742,1.99246378551,0.773669466898,7627.22891454,1777.02205678,synthetic,True,1.0.0,1.0.0,2026-09-16T20:12:09.907988+00:00,42,schema_checked
2290,9,50,0.04,0.04,0,1,1.32823451742,1.49434783913,0.634408962857,6483.1188502,1457.15808656,synthetic,True,1.0.0,1.0.0,2026-09-16T20:12:09.907988+00:00,42,schema_checked
2291,9,50,0.04,0.04,5,0,1.29868294269,1.94813393134,0.781169466898,7457.53250755,1794.24861928,synthetic,True,1.0.0,1.0.0,2026-09-16T20:12:09.907988+00:00,42,schema_checked
2292,9,50,0.04,0.04,5,1,1.29868294269,1.46110044851,0.640558962857,6338.87747666,1471.28386781,synthetic,True,1.0.0,1.0.0,2026-09-16T20:12:09.907988+00:00,42,schema_checked
2293,9,50,0.04,0.06,-5,0,1.33987875825,2.00992765468,0.784856124326,7694.08660469,1802.71641056,synthetic,True,1.0.0,1.0.0,2026-09-16T20:12:09.907988+00:00,42,schema_checked
2294,9,50,0.04,0.06,-5,1,1.33987875825,1.50744574101,0.643582021947,6539.94845923,1478.22745666,synthetic,True,1.0.0,1.0.0,2026-09-16T20:12:09.907988+00:00,42,schema_checked
2295,9,50,0.04,0.06,0,0,1.37036774517,2.05566362713,0.777356124326,7869.16580824,1785.48984806,synthetic,True,1.0.0,1.0.0,2026-09-16T20:12:09.907988+00:00,42,schema_checked
2296,9,50,0.04,0.06,0,1,1.37036774517,1.54174772035,0.637432021947,6688.76520985,1464.10167541,synthetic,True,1.0.0,1.0.0,2026-09-16T20:12:09.907988+00:00,42,schema_checked
2297,9,50,0.04,0.06,5,0,1.33987875825,2.00992765468,0.784856124326,7694.08660469,1802.71641056,synthetic,True,1.0.0,1.0.0,2026-09-16T20:12:09.907988+00:00,42,schema_checked
2298,9,50,0.04,0.06,5,1,1.33987875825,1.50744574101,0.643582021947,6539.94845923,1478.22745666,synthetic,True,1.0.0,1.0.0,2026-09-16T20:12:09.907988+00:00,42,schema_checked
2299,9,50,0.04,0.085,-5,0,1.23456244025,1.85195317769,0.775431254815,7089.34055995,1781.0686634,synthetic,True,1.0.0,1.0.0,2026-09-16T20:12:09.907988+00:00,42,schema_checked
2300,9,50,0.04,0.085,-5,1,1.23456244025,1.38896488326,0.635853628949,6025.9143212,1460.47630399,synthetic,True,1.0.0,1.0.0,2026-09-16T20:12:09.907988+00:00,42,schema_checked
2301,9,50,0.04,0.085,0,0,1.26265495076,1.89409443552,0.767931254815,7250.6587466,1763.8421009,synthetic,True,1.0.0,1.0.0,2026-09-16T20:12:09.907988+00:00,42,schema_checked
2302,9,50,0.04,0.085,0,1,1.26265495076,1.42057082664,0.629703628949,6163.03420745,1446.35052274,synthetic,True,1.0.0,1.0.0,2026-09-16T20:12:09.907988+00:00,42,schema_checked
2303,9,50,0.04,0.085,5,0,1.23456244025,1.85195317769,0.775431254815,7089.34055995,1781.0686634,synthetic,True,1.0.0,1.0.0,2026-09-16T20:12:09.907988+00:00,42,schema_checked
2304,9,50,0.04,0.085,5,1,1.23456244025,1.38896488326,0.635853628949,6025.9143212,1460.47630399,synthetic,True,1.0.0,1.0.0,2026-09-16T20:12:09.907988+00:00,42,schema_checked
2305,9,50,0.055,0.04,-5,0,1.15879784063,1.73830627825,0.768651000069,6654.28602304,1765.49526578,synthetic,True,1.0.0,1.0.0,2026-09-16T20:12:09.907988+00:00,42,schema_checked
2306,9,50,0.055,0.04,-5,1,1.15879784063,1.30372970869,0.630293820056,5656.11796483,1447.70611794,synthetic,True,1.0.0,1.0.0,2026-09-16T20:12:09.907988+00:00,42,schema_checked
2307,9,50,0.055,0.04,0,0,1.18516632508,1.777861497,0.761151000069,6805.70452884,1748.26870328,synthetic,True,1.0.0,1.0.0,2026-09-16T20:12:09.907988+00:00,42,schema_checked
2308,9,50,0.055,0.04,0,1,1.18516632508,1.33339612275,0.624143820056,5784.82312236,1433.58033669,synthetic,True,1.0.0,1.0.0,2026-09-16T20:12:09.907988+00:00,42,schema_checked
2309,9,50,0.055,0.04,5,0,1.15879784063,1.73830627825,0.768651000069,6654.28602304,1765.49526578,synthetic,True,1.0.0,1.0.0,2026-09-16T20:12:09.907988+00:00,42,schema_checked
2310,9,50,0.055,0.04,5,1,1.15879784063,1.30372970869,0.630293820056,5656.11796483,1447.70611794,synthetic,True,1.0.0,1.0.0,2026-09-16T20:12:09.907988+00:00,42,schema_checked
2311,9,50,0.055,0.06,-5,0,1.18642744033,1.77975067781,0.771123602385,6812.94036511,1771.17452423,synthetic,True,1.0.0,1.0.0,2026-09-16T20:12:09.907988+00:00,42,schema_checked
2312,9,50,0.055,0.06,-5,1,1.18642744033,1.33481300836,0.632321353956,5790.97415559,1452.36310987,synthetic,True,1.0.0,1.0.0,2026-09-16T20:12:09.907988+00:00,42,schema_checked
2313,9,50,0.055,0.06,0,0,1.21342463727,1.82024896529,0.763623602385,6967.96905588,1753.94796173,synthetic,True,1.0.0,1.0.0,2026-09-16T20:12:09.907988+00:00,42,schema_checked
2314,9,50,0.055,0.06,0,1,1.21342463727,1.36518672396,0.626171353956,5922.74797034,1438.23732862,synthetic,True,1.0.0,1.0.0,2026-09-16T20:12:09.907988+00:00,42,schema_checked
2315,9,50,0.055,0.06,5,0,1.18642744033,1.77975067781,0.771123602385,6812.94036511,1771.17452423,synthetic,True,1.0.0,1.0.0,2026-09-16T20:12:09.907988+00:00,42,schema_checked
2316,9,50,0.055,0.06,5,1,1.18642744033,1.33481300836,0.632321353956,5790.97415559,1452.36310987,synthetic,True,1.0.0,1.0.0,2026-09-16T20:12:09.907988+00:00,42,schema_checked
2317,9,50,0.055,0.085,-5,0,1.11579289482,1.67379885954,0.764802441647,6407.3435608,1756.65560816,synthetic,True,1.0.0,1.0.0,2026-09-16T20:12:09.907988+00:00,42,schema_checked
2318,9,50,0.055,0.085,-5,1,1.11579289482,1.25534914466,0.627138002151,5446.21687192,1440.45759869,synthetic,True,1.0.0,1.0.0,2026-09-16T20:12:09.907988+00:00,42,schema_checked
2319,9,50,0.055,0.085,0,0,1.14118280026,1.71188620977,0.757302441647,6553.14288243,1739.42904566,synthetic,True,1.0.0,1.0.0,2026-09-16T20:12:09.907988+00:00,42,schema_checked
2320,9,50,0.055,0.085,0,1,1.14118280026,1.28391465733,0.620988002151,5570.14572291,1426.33181744,synthetic,True,1.0.0,1.0.0,2026-09-16T20:12:09.907988+00:00,42,schema_checked
2321,9,50,0.055,0.085,5,0,1.11579289482,1.67379885954,0.764802441647,6407.3435608,1756.65560816,synthetic,True,1.0.0,1.0.0,2026-09-16T20:12:09.907988+00:00,42,schema_checked
2322,9,50,0.055,0.085,5,1,1.11579289482,1.25534914466,0.627138002151,5446.21687192,1440.45759869,synthetic,True,1.0.0,1.0.0,2026-09-16T20:12:09.907988+00:00,42,schema_checked
2323,9,70,0.025,0.04,-5,0,1.29269412924,1.93915071116,0.780633521601,14549.3614909,3514.31453506,synthetic,True,1.0.0,1.0.0,2026-09-16T20:12:09.907988+00:00,42,schema_checked
2324,9,70,0.025,0.04,-5,1,1.29269412924,1.45436303337,0.640119487713,12366.9079639,2881.73791875,synthetic,True,1.0.0,1.0.0,2026-09-16T20:12:09.907988+00:00,42,schema_checked
2325,9,70,0.025,0.04,0,0,1.32210942831,1.98327615185,0.773133521601,14880.4327087,3480.55047256,synthetic,True,1.0.0,1.0.0,2026-09-16T20:12:09.907988+00:00,42,schema_checked
2326,9,70,0.025,0.04,0,1,1.32210942831,1.48745711389,0.633969487713,12648.3173772,2854.0513875,synthetic,True,1.0.0,1.0.0,2026-09-16T20:12:09.907988+00:00,42,schema_checked
2327,9,70,0.025,0.04,5,0,1.29269412924,1.93915071116,0.780633521601,14549.3614909,3514.31453506,synthetic,True,1.0.0,1.0.0,2026-09-16T20:12:09.907988+00:00,42,schema_checked
2328,9,70,0.025,0.04,5,1,1.29269412924,1.45436303337,0.640119487713,12366.9079639,2881.73791875,synthetic,True,1.0.0,1.0.0,2026-09-16T20:12:09.907988+00:00,42,schema_checked
2329,9,70,0.025,0.06,-5,0,1.33330914287,2.00007323162,0.784268202447,15006.4707772,3530.67741389,synthetic,True,1.0.0,1.0.0,2026-09-16T20:12:09.907988+00:00,42,schema_checked
2330,9,70,0.025,0.06,-5,1,1.33330914287,1.50005492371,0.643099926006,12755.4508573,2895.15547939,synthetic,True,1.0.0,1.0.0,2026-09-16T20:12:09.907988+00:00,42,schema_checked
2331,9,70,0.025,0.06,0,0,1.36364863797,2.04558496633,0.776768202447,15347.9435324,3496.91335139,synthetic,True,1.0.0,1.0.0,2026-09-16T20:12:09.907988+00:00,42,schema_checked
2332,9,70,0.025,0.06,0,1,1.36364863797,1.53418872475,0.636949926006,13045.7015773,2867.46894814,synthetic,True,1.0.0,1.0.0,2026-09-16T20:12:09.907988+00:00,42,schema_checked
2333,9,70,0.025,0.06,5,0,1.33330914287,2.00007323162,0.784268202447,15006.4707772,3530.67741389,synthetic,True,1.0.0,1.0.0,2026-09-16T20:12:09.907988+00:00,42,schema_checked
2334,9,70,0.025,0.06,5,1,1.33330914287,1.50005492371,0.643099926006,12755.4508573,2895.15547939,synthetic,True,1.0.0,1.0.0,2026-09-16T20:12:09.907988+00:00,42,schema_checked
2335,9,70,0.025,0.085,-5,0,1.22947763393,1.8443259682,0.77497621008,13837.8795913,3488.84602575,synthetic,True,1.0.0,1.0.0,2026-09-16T20:12:09.907988+00:00,42,schema_checked
2336,9,70,0.025,0.085,-5,1,1.22947763393,1.38324447615,0.635480492265,11762.1483493,2860.85374112,synthetic,True,1.0.0,1.0.0,2026-09-16T20:12:09.907988+00:00,42,schema_checked
2337,9,70,0.025,0.085,0,0,1.25745443949,1.88629366862,0.76747621008,14152.7610142,3455.08196325,synthetic,True,1.0.0,1.0.0,2026-09-16T20:12:09.907988+00:00,42,schema_checked
2338,9,70,0.025,0.085,0,1,1.25745443949,1.41472025146,0.629330492265,12029.7964369,2833.16720987,synthetic,True,1.0.0,1.0.0,2026-09-16T20:12:09.907988+00:00,42,schema_checked
2339,9,70,0.025,0.085,5,0,1.22947763393,1.8443259682,0.77497621008,13837.8795913,3488.84602575,synthetic,True,1.0.0,1.0.0,2026-09-16T20:12:09.907988+00:00,42,schema_checked
2340,9,70,0.025,0.085,5,1,1.22947763393,1.38324447615,0.635480492265,11762.1483493,2860.85374112,synthetic,True,1.0.0,1.0.0,2026-09-16T20:12:09.907988+00:00,42,schema_checked
2341,9,70,0.04,0.04,-5,0,1.29868294269,1.94813393134,0.781169466898,14616.7637148,3516.72729379,synthetic,True,1.0.0,1.0.0,2026-09-16T20:12:09.907988+00:00,42,schema_checked
2342,9,70,0.04,0.04,-5,1,1.29868294269,1.46110044851,0.640558962857,12424.1998543,2883.71638091,synthetic,True,1.0.0,1.0.0,2026-09-16T20:12:09.907988+00:00,42,schema_checked
2343,9,70,0.04,0.04,0,0,1.32823451742,1.99246378551,0.773669466898,14949.3686725,3482.96323129,synthetic,True,1.0.0,1.0.0,2026-09-16T20:12:09.907988+00:00,42,schema_checked
2344,9,70,0.04,0.04,0,1,1.32823451742,1.49434783913,0.634408962857,12706.9129464,2856.02984966,synthetic,True,1.0.0,1.0.0,2026-09-16T20:12:09.907988+00:00,42,schema_checked
2345,9,70,0.04,0.04,5,0,1.29868294269,1.94813393134,0.781169466898,14616.7637148,3516.72729379,synthetic,True,1.0.0,1.0.0,2026-09-16T20:12:09.907988+00:00,42,schema_checked
2346,9,70,0.04,0.04,5,1,1.29868294269,1.46110044851,0.640558962857,12424.1998543,2883.71638091,synthetic,True,1.0.0,1.0.0,2026-09-16T20:12:09.907988+00:00,42,schema_checked
2347,9,70,0.04,0.06,-5,0,1.33987875825,2.00992765468,0.784856124326,15080.4097452,3533.3241647,synthetic,True,1.0.0,1.0.0,2026-09-16T20:12:09.907988+00:00,42,schema_checked
2348,9,70,0.04,0.06,-5,1,1.33987875825,1.50744574101,0.643582021947,12818.2989801,2897.32581505,synthetic,True,1.0.0,1.0.0,2026-09-16T20:12:09.907988+00:00,42,schema_checked
2349,9,70,0.04,0.06,0,0,1.37036774517,2.05566362713,0.777356124326,15423.5649842,3499.5601022,synthetic,True,1.0.0,1.0.0,2026-09-16T20:12:09.907988+00:00,42,schema_checked
2350,9,70,0.04,0.06,0,1,1.37036774517,1.54174772035,0.637432021947,13109.9798113,2869.6392838,synthetic,True,1.0.0,1.0.0,2026-09-16T20:12:09.907988+00:00,42,schema_checked
2351,9,70,0.04,0.06,5,0,1.33987875825,2.00992765468,0.784856124326,15080.4097452,3533.3241647,synthetic,True,1.0.0,1.0.0,2026-09-16T20:12:09.907988+00:00,42,schema_checked
2352,9,70,0.04,0.06,5,1,1.33987875825,1.50744574101,0.643582021947,12818.2989801,2897.32581505,synthetic,True,1.0.0,1.0.0,2026-09-16T20:12:09.907988+00:00,42,schema_checked
2353,9,70,0.04,0.085,-5,0,1.23456244025,1.85195317769,0.775431254815,13895.1074975,3490.89458027,synthetic,True,1.0.0,1.0.0,2026-09-16T20:12:09.907988+00:00,42,schema_checked
2354,9,70,0.04,0.085,-5,1,1.23456244025,1.38896488326,0.635853628949,11810.7920696,2862.53355582,synthetic,True,1.0.0,1.0.0,2026-09-16T20:12:09.907988+00:00,42,schema_checked
2355,9,70,0.04,0.085,0,0,1.26265495076,1.89409443552,0.767931254815,14211.2911433,3457.13051777,synthetic,True,1.0.0,1.0.0,2026-09-16T20:12:09.907988+00:00,42,schema_checked
2356,9,70,0.04,0.085,0,1,1.26265495076,1.42057082664,0.629703628949,12079.5470466,2834.84702457,synthetic,True,1.0.0,1.0.0,2026-09-16T20:12:09.907988+00:00,42,schema_checked
2357,9,70,0.04,0.085,5,0,1.23456244025,1.85195317769,0.775431254815,13895.1074975,3490.89458027,synthetic,True,1.0.0,1.0.0,2026-09-16T20:12:09.907988+00:00,42,schema_checked
2358,9,70,0.04,0.085,5,1,1.23456244025,1.38896488326,0.635853628949,11810.7920696,2862.53355582,synthetic,True,1.0.0,1.0.0,2026-09-16T20:12:09.907988+00:00,42,schema_checked
2359,9,70,0.055,0.04,-5,0,1.15879784063,1.73830627825,0.768651000069,13042.4006052,3460.37072093,synthetic,True,1.0.0,1.0.0,2026-09-16T20:12:09.907988+00:00,42,schema_checked
2360,9,70,0.055,0.04,-5,1,1.15879784063,1.30372970869,0.630293820056,11085.9912111,2837.50399117,synthetic,True,1.0.0,1.0.0,2026-09-16T20:12:09.907988+00:00,42,schema_checked
2361,9,70,0.055,0.04,0,0,1.18516632508,1.777861497,0.761151000069,13339.1808765,3426.60665843,synthetic,True,1.0.0,1.0.0,2026-09-16T20:12:09.907988+00:00,42,schema_checked
2362,9,70,0.055,0.04,0,1,1.18516632508,1.33339612275,0.624143820056,11338.2533198,2809.81745992,synthetic,True,1.0.0,1.0.0,2026-09-16T20:12:09.907988+00:00,42,schema_checked
2363,9,70,0.055,0.04,5,0,1.15879784063,1.73830627825,0.768651000069,13042.4006052,3460.37072093,synthetic,True,1.0.0,1.0.0,2026-09-16T20:12:09.907988+00:00,42,schema_checked
2364,9,70,0.055,0.04,5,1,1.15879784063,1.30372970869,0.630293820056,11085.9912111,2837.50399117,synthetic,True,1.0.0,1.0.0,2026-09-16T20:12:09.907988+00:00,42,schema_checked
2365,9,70,0.055,0.06,-5,0,1.18642744033,1.77975067781,0.771123602385,13353.3631156,3471.50206749,synthetic,True,1.0.0,1.0.0,2026-09-16T20:12:09.907988+00:00,42,schema_checked
2366,9,70,0.055,0.06,-5,1,1.18642744033,1.33481300836,0.632321353956,11350.3093449,2846.63169534,synthetic,True,1.0.0,1.0.0,2026-09-16T20:12:09.907988+00:00,42,schema_checked
2367,9,70,0.055,0.06,0,0,1.21342463727,1.82024896529,0.763623602385,13657.2193495,3437.73800499,synthetic,True,1.0.0,1.0.0,2026-09-16T20:12:09.907988+00:00,42,schema_checked
2368,9,70,0.055,0.06,0,1,1.21342463727,1.36518672396,0.626171353956,11608.5860219,2818.94516409,synthetic,True,1.0.0,1.0.0,2026-09-16T20:12:09.907988+00:00,42,schema_checked
2369,9,70,0.055,0.06,5,0,1.18642744033,1.77975067781,0.771123602385,13353.3631156,3471.50206749,synthetic,True,1.0.0,1.0.0,2026-09-16T20:12:09.907988+00:00,42,schema_checked
2370,9,70,0.055,0.06,5,1,1.18642744033,1.33481300836,0.632321353956,11350.3093449,2846.63169534,synthetic,True,1.0.0,1.0.0,2026-09-16T20:12:09.907988+00:00,42,schema_checked
2371,9,70,0.055,0.085,-5,0,1.11579289482,1.67379885954,0.764802441647,12558.3933792,3443.04499199,synthetic,True,1.0.0,1.0.0,2026-09-16T20:12:09.907988+00:00,42,schema_checked
2372,9,70,0.055,0.085,-5,1,1.11579289482,1.25534914466,0.627138002151,10674.585069,2823.29689343,synthetic,True,1.0.0,1.0.0,2026-09-16T20:12:09.907988+00:00,42,schema_checked
2373,9,70,0.055,0.085,0,0,1.14118280026,1.71188620977,0.757302441647,12844.1600496,3409.28092949,synthetic,True,1.0.0,1.0.0,2026-09-16T20:12:09.907988+00:00,42,schema_checked
2374,9,70,0.055,0.085,0,1,1.14118280026,1.28391465733,0.620988002151,10917.4856169,2795.61036218,synthetic,True,1.0.0,1.0.0,2026-09-16T20:12:09.907988+00:00,42,schema_checked
2375,9,70,0.055,0.085,5,0,1.11579289482,1.67379885954,0.764802441647,12558.3933792,3443.04499199,synthetic,True,1.0.0,1.0.0,2026-09-16T20:12:09.907988+00:00,42,schema_checked
2376,9,70,0.055,0.085,5,1,1.11579289482,1.25534914466,0.627138002151,10674.585069,2823.29689343,synthetic,True,1.0.0,1.0.0,2026-09-16T20:12:09.907988+00:00,42,schema_checked
2377,9,90,0.025,0.04,-5,0,1.29269412924,1.93915071116,0.780633521601,24050.9853217,5809.37708857,synthetic,True,1.0.0,1.0.0,2026-09-16T20:12:09.907988+00:00,42,schema_checked
2378,9,90,0.025,0.04,-5,1,1.29269412924,1.45436303337,0.640119487713,20443.256022,4763.68921263,synthetic,True,1.0.0,1.0.0,2026-09-16T20:12:09.907988+00:00,42,schema_checked
2379,9,90,0.025,0.04,0,0,1.32210942831,1.98327615185,0.773133521601,24598.2663143,5753.56302607,synthetic,True,1.0.0,1.0.0,2026-09-16T20:12:09.907988+00:00,42,schema_checked
2380,9,90,0.025,0.04,0,1,1.32210942831,1.48745711389,0.633969487713,20908.4430112,4717.92168138,synthetic,True,1.0.0,1.0.0,2026-09-16T20:12:09.907988+00:00,42,schema_checked
2381,9,90,0.025,0.04,5,0,1.29269412924,1.93915071116,0.780633521601,24050.9853217,5809.37708857,synthetic,True,1.0.0,1.0.0,2026-09-16T20:12:09.907988+00:00,42,schema_checked
2382,9,90,0.025,0.04,5,1,1.29269412924,1.45436303337,0.640119487713,20443.256022,4763.68921263,synthetic,True,1.0.0,1.0.0,2026-09-16T20:12:09.907988+00:00,42,schema_checked
2383,9,90,0.025,0.06,-5,0,1.33330914287,2.00007323162,0.784268202447,24806.6149582,5836.42592908,synthetic,True,1.0.0,1.0.0,2026-09-16T20:12:09.907988+00:00,42,schema_checked
2384,9,90,0.025,0.06,-5,1,1.33330914287,1.50005492371,0.643099926006,21085.541213,4785.86926185,synthetic,True,1.0.0,1.0.0,2026-09-16T20:12:09.907988+00:00,42,schema_checked
2385,9,90,0.025,0.06,0,0,1.36364863797,2.04558496633,0.776768202447,25371.090329,5780.61186658,synthetic,True,1.0.0,1.0.0,2026-09-16T20:12:09.907988+00:00,42,schema_checked
2386,9,90,0.025,0.06,0,1,1.36364863797,1.53418872475,0.636949926006,21565.3434237,4740.1017306,synthetic,True,1.0.0,1.0.0,2026-09-16T20:12:09.907988+00:00,42,schema_checked
2387,9,90,0.025,0.06,5,0,1.33330914287,2.00007323162,0.784268202447,24806.6149582,5836.42592908,synthetic,True,1.0.0,1.0.0,2026-09-16T20:12:09.907988+00:00,42,schema_checked
2388,9,90,0.025,0.06,5,1,1.33330914287,1.50005492371,0.643099926006,21085.541213,4785.86926185,synthetic,True,1.0.0,1.0.0,2026-09-16T20:12:09.907988+00:00,42,schema_checked
2389,9,90,0.025,0.085,-5,0,1.22947763393,1.8443259682,0.77497621008,22874.8621816,5767.27608339,synthetic,True,1.0.0,1.0.0,2026-09-16T20:12:09.907988+00:00,42,schema_checked
2390,9,90,0.025,0.085,-5,1,1.22947763393,1.38324447615,0.635480492265,19443.551353,4729.16638838,synthetic,True,1.0.0,1.0.0,2026-09-16T20:12:09.907988+00:00,42,schema_checked
2391,9,90,0.025,0.085,0,0,1.25745443949,1.88629366862,0.76747621008,23395.3804521,5711.46202089,synthetic,True,1.0.0,1.0.0,2026-09-16T20:12:09.907988+00:00,42,schema_checked
2392,9,90,0.025,0.085,0,1,1.25745443949,1.41472025146,0.629330492265,19885.9900283,4683.39885713,synthetic,True,1.0.0,1.0.0,2026-09-16T20:12:09.907988+00:00,42,schema_checked
2393,9,90,0.025,0.085,5,0,1.22947763393,1.8443259682,0.77497621008,22874.8621816,5767.27608339,synthetic,True,1.0.0,1.0.0,2026-09-16T20:12:09.907988+00:00,42,schema_checked
2394,9,90,0.025,0.085,5,1,1.22947763393,1.38324447615,0.635480492265,19443.551353,4729.16638838,synthetic,True,1.0.0,1.0.0,2026-09-16T20:12:09.907988+00:00,42,schema_checked
2395,9,90,0.04,0.04,-5,0,1.29868294269,1.94813393134,0.781169466898,24162.4053245,5813.36552647,synthetic,True,1.0.0,1.0.0,2026-09-16T20:12:09.907988+00:00,42,schema_checked
2396,9,90,0.04,0.04,-5,1,1.29868294269,1.46110044851,0.640558962857,20537.9630244,4766.95973171,synthetic,True,1.0.0,1.0.0,2026-09-16T20:12:09.907988+00:00,42,schema_checked
2397,9,90,0.04,0.04,0,0,1.32823451742,1.99246378551,0.773669466898,24712.2216831,5757.55146397,synthetic,True,1.0.0,1.0.0,2026-09-16T20:12:09.907988+00:00,42,schema_checked
2398,9,90,0.04,0.04,0,1,1.32823451742,1.49434783913,0.634408962857,21005.3050747,4721.19220046,synthetic,True,1.0.0,1.0.0,2026-09-16T20:12:09.907988+00:00,42,schema_checked
2399,9,90,0.04,0.04,5,0,1.29868294269,1.94813393134,0.781169466898,24162.4053245,5813.36552647,synthetic,True,1.0.0,1.0.0,2026-09-16T20:12:09.907988+00:00,42,schema_checked
2400,9,90,0.04,0.04,5,1,1.29868294269,1.46110044851,0.640558962857,20537.9630244,4766.95973171,synthetic,True,1.0.0,1.0.0,2026-09-16T20:12:09.907988+00:00,42,schema_checked
2401,9,90,0.04,0.06,-5,0,1.33987875825,2.00992765468,0.784856124326,24928.8405992,5840.80117022,synthetic,True,1.0.0,1.0.0,2026-09-16T20:12:09.907988+00:00,42,schema_checked
2402,9,90,0.04,0.06,-5,1,1.33987875825,1.50744574101,0.643582021947,21189.4330079,4789.45695958,synthetic,True,1.0.0,1.0.0,2026-09-16T20:12:09.907988+00:00,42,schema_checked
2403,9,90,0.04,0.06,0,0,1.37036774517,2.05566362713,0.777356124326,25496.0972187,5784.98710772,synthetic,True,1.0.0,1.0.0,2026-09-16T20:12:09.907988+00:00,42,schema_checked
2404,9,90,0.04,0.06,0,1,1.37036774517,1.54174772035,0.637432021947,21671.5992799,4743.68942833,synthetic,True,1.0.0,1.0.0,2026-09-16T20:12:09.907988+00:00,42,schema_checked
2405,9,90,0.04,0.06,5,0,1.33987875825,2.00992765468,0.784856124326,24928.8405992,5840.80117022,synthetic,True,1.0.0,1.0.0,2026-09-16T20:12:09.907988+00:00,42,schema_checked
2406,9,90,0.04,0.06,5,1,1.33987875825,1.50744574101,0.643582021947,21189.4330079,4789.45695958,synthetic,True,1.0.0,1.0.0,2026-09-16T20:12:09.907988+00:00,42,schema_checked
2407,9,90,0.04,0.085,-5,0,1.23456244025,1.85195317769,0.775431254815,22969.4634142,5770.66246943,synthetic,True,1.0.0,1.0.0,2026-09-16T20:12:09.907988+00:00,42,schema_checked
2408,9,90,0.04,0.085,-5,1,1.23456244025,1.38896488326,0.635853628949,19523.9624007,4731.94322493,synthetic,True,1.0.0,1.0.0,2026-09-16T20:12:09.907988+00:00,42,schema_checked
2409,9,90,0.04,0.085,0,0,1.26265495076,1.89409443552,0.767931254815,23492.134339,5714.84840693,synthetic,True,1.0.0,1.0.0,2026-09-16T20:12:09.907988+00:00,42,schema_checked
2410,9,90,0.04,0.085,0,1,1.26265495076,1.42057082664,0.629703628949,19968.2308321,4686.17569368,synthetic,True,1.0.0,1.0.0,2026-09-16T20:12:09.907988+00:00,42,schema_checked
2411,9,90,0.04,0.085,5,0,1.23456244025,1.85195317769,0.775431254815,22969.4634142,5770.66246943,synthetic,True,1.0.0,1.0.0,2026-09-16T20:12:09.907988+00:00,42,schema_checked
2412,9,90,0.04,0.085,5,1,1.23456244025,1.38896488326,0.635853628949,19523.9624007,4731.94322493,synthetic,True,1.0.0,1.0.0,2026-09-16T20:12:09.907988+00:00,42,schema_checked
2413,9,90,0.055,0.04,-5,0,1.15879784063,1.73830627825,0.768651000069,21559.8867147,5720.20466114,synthetic,True,1.0.0,1.0.0,2026-09-16T20:12:09.907988+00:00,42,schema_checked
2414,9,90,0.055,0.04,-5,1,1.15879784063,1.30372970869,0.630293820056,18325.822206,4690.56782213,synthetic,True,1.0.0,1.0.0,2026-09-16T20:12:09.907988+00:00,42,schema_checked
2415,9,90,0.055,0.04,0,0,1.18516632508,1.777861497,0.761151000069,22050.4826734,5664.39059864,synthetic,True,1.0.0,1.0.0,2026-09-16T20:12:09.907988+00:00,42,schema_checked
2416,9,90,0.055,0.04,0,1,1.18516632508,1.33339612275,0.624143820056,18742.8269164,4644.80029088,synthetic,True,1.0.0,1.0.0,2026-09-16T20:12:09.907988+00:00,42,schema_checked
2417,9,90,0.055,0.04,5,0,1.15879784063,1.73830627825,0.768651000069,21559.8867147,5720.20466114,synthetic,True,1.0.0,1.0.0,2026-09-16T20:12:09.907988+00:00,42,schema_checked
2418,9,90,0.055,0.04,5,1,1.15879784063,1.30372970869,0.630293820056,18325.822206,4690.56782213,synthetic,True,1.0.0,1.0.0,2026-09-16T20:12:09.907988+00:00,42,schema_checked
2419,9,90,0.055,0.06,-5,0,1.18642744033,1.77975067781,0.771123602385,22073.926783,5738.6054585,synthetic,True,1.0.0,1.0.0,2026-09-16T20:12:09.907988+00:00,42,schema_checked
2420,9,90,0.055,0.06,-5,1,1.18642744033,1.33481300836,0.632321353956,18762.7562641,4705.65647597,synthetic,True,1.0.0,1.0.0,2026-09-16T20:12:09.907988+00:00,42,schema_checked
2421,9,90,0.055,0.06,0,0,1.21342463727,1.82024896529,0.763623602385,22576.219741,5682.791396,synthetic,True,1.0.0,1.0.0,2026-09-16T20:12:09.907988+00:00,42,schema_checked
2422,9,90,0.055,0.06,0,1,1.21342463727,1.36518672396,0.626171353956,19189.7034239,4659.88894472,synthetic,True,1.0.0,1.0.0,2026-09-16T20:12:09.907988+00:00,42,schema_checked
2423,9,90,0.055,0.06,5,0,1.18642744033,1.77975067781,0.771123602385,22073.926783,5738.6054585,synthetic,True,1.0.0,1.0.0,2026-09-16T20:12:09.907988+00:00,42,schema_checked
2424,9,90,0.055,0.06,5,1,1.18642744033,1.33481300836,0.632321353956,18762.7562641,4705.65647597,synthetic,True,1.0.0,1.0.0,2026-09-16T20:12:09.907988+00:00,42,schema_checked
2425,9,90,0.055,0.085,-5,0,1.11579289482,1.67379885954,0.764802441647,20759.793137,5691.56417043,synthetic,True,1.0.0,1.0.0,2026-09-16T20:12:09.907988+00:00,42,schema_checked
2426,9,90,0.055,0.085,-5,1,1.11579289482,1.25534914466,0.627138002151,17645.742665,4667.08261976,synthetic,True,1.0.0,1.0.0,2026-09-16T20:12:09.907988+00:00,42,schema_checked
2427,9,90,0.055,0.085,0,0,1.14118280026,1.71188620977,0.757302441647,21232.1829391,5635.75010793,synthetic,True,1.0.0,1.0.0,2026-09-16T20:12:09.907988+00:00,42,schema_checked
2428,9,90,0.055,0.085,0,1,1.14118280026,1.28391465733,0.620988002151,18047.2721422,4621.31508851,synthetic,True,1.0.0,1.0.0,2026-09-16T20:12:09.907988+00:00,42,schema_checked
2429,9,90,0.055,0.085,5,0,1.11579289482,1.67379885954,0.764802441647,20759.793137,5691.56417043,synthetic,True,1.0.0,1.0.0,2026-09-16T20:12:09.907988+00:00,42,schema_checked
2430,9,90,0.055,0.085,5,1,1.11579289482,1.25534914466,0.627138002151,17645.742665,4667.08261976,synthetic,True,1.0.0,1.0.0,2026-09-16T20:12:09.907988+00:00,42,schema_checked
2431,10,0,0.025,0.04,-5,0,1.34300995082,1.78755598766,0.684671584276,0,0,synthetic,True,1.0.0,1.0.0,2026-09-16T20:12:09.907988+00:00,42,schema_checked
2432,10,0,0.025,0.04,-5,1,1.34300995082,1.34066699075,0.561430699107,0,0,synthetic,True,1.0.0,1.0.0,2026-09-16T20:12:09.907988+00:00,42,schema_checked
2433,10,0,0.025,0.04,0,0,1.37357018813,1.82823188523,0.677171584276,0,0,synthetic,True,1.0.0,1.0.0,2026-09-16T20:12:09.907988+00:00,42,schema_checked
2434,10,0,0.025,0.04,0,1,1.37357018813,1.37117391392,0.555280699107,0,0,synthetic,True,1.0.0,1.0.0,2026-09-16T20:12:09.907988+00:00,42,schema_checked
2435,10,0,0.025,0.04,5,0,1.34300995082,1.78755598766,0.684671584276,0,0,synthetic,True,1.0.0,1.0.0,2026-09-16T20:12:09.907988+00:00,42,schema_checked
2436,10,0,0.025,0.04,5,1,1.34300995082,1.34066699075,0.561430699107,0,0,synthetic,True,1.0.0,1.0.0,2026-09-16T20:12:09.907988+00:00,42,schema_checked
2437,10,0,0.025,0.06,-5,0,1.38362496446,1.84847850811,0.688306265121,0,0,synthetic,True,1.0.0,1.0.0,2026-09-16T20:12:09.907988+00:00,42,schema_checked
2438,10,0,0.025,0.06,-5,1,1.38362496446,1.38635888109,0.5644111374,0,0,synthetic,True,1.0.0,1.0.0,2026-09-16T20:12:09.907988+00:00,42,schema_checked
2439,10,0,0.025,0.06,0,0,1.41510939779,1.89054069972,0.680806265121,0,0,synthetic,True,1.0.0,1.0.0,2026-09-16T20:12:09.907988+00:00,42,schema_checked
2440,10,0,0.025,0.06,0,1,1.41510939779,1.41790552479,0.5582611374,0,0,synthetic,True,1.0.0,1.0.0,2026-09-16T20:12:09.907988+00:00,42,schema_checked
2441,10,0,0.025,0.06,5,0,1.38362496446,1.84847850811,0.688306265121,0,0,synthetic,True,1.0.0,1.0.0,2026-09-16T20:12:09.907988+00:00,42,schema_checked
2442,10,0,0.025,0.06,5,1,1.38362496446,1.38635888109,0.5644111374,0,0,synthetic,True,1.0.0,1.0.0,2026-09-16T20:12:09.907988+00:00,42,schema_checked
2443,10,0,0.025,0.085,-5,0,1.27979345551,1.6927312447,0.679014272755,0,0,synthetic,True,1.0.0,1.0.0,2026-09-16T20:12:09.907988+00:00,42,schema_checked
2444,10,0,0.025,0.085,-5,1,1.27979345551,1.26954843352,0.556791703659,0,0,synthetic,True,1.0.0,1.0.0,2026-09-16T20:12:09.907988+00:00,42,schema_checked
2445,10,0,0.025,0.085,0,0,1.30891519931,1.731249402,0.671514272755,0,0,synthetic,True,1.0.0,1.0.0,2026-09-16T20:12:09.907988+00:00,42,schema_checked
2446,10,0,0.025,0.085,0,1,1.30891519931,1.2984370515,0.550641703659,0,0,synthetic,True,1.0.0,1.0.0,2026-09-16T20:12:09.907988+00:00,42,schema_checked
2447,10,0,0.025,0.085,5,0,1.27979345551,1.6927312447,0.679014272755,0,0,synthetic,True,1.0.0,1.0.0,2026-09-16T20:12:09.907988+00:00,42,schema_checked
2448,10,0,0.025,0.085,5,1,1.27979345551,1.26954843352,0.556791703659,0,0,synthetic,True,1.0.0,1.0.0,2026-09-16T20:12:09.907988+00:00,42,schema_checked
2449,10,0,0.04,0.04,-5,0,1.34899876427,1.79653920784,0.685207529573,0,0,synthetic,True,1.0.0,1.0.0,2026-09-16T20:12:09.907988+00:00,42,schema_checked
2450,10,0,0.04,0.04,-5,1,1.34899876427,1.34740440588,0.56187017425,0,0,synthetic,True,1.0.0,1.0.0,2026-09-16T20:12:09.907988+00:00,42,schema_checked
2451,10,0,0.04,0.04,0,0,1.37969527724,1.83741951889,0.677707529573,0,0,synthetic,True,1.0.0,1.0.0,2026-09-16T20:12:09.907988+00:00,42,schema_checked
2452,10,0,0.04,0.04,0,1,1.37969527724,1.37806463917,0.55572017425,0,0,synthetic,True,1.0.0,1.0.0,2026-09-16T20:12:09.907988+00:00,42,schema_checked
2453,10,0,0.04,0.04,5,0,1.34899876427,1.79653920784,0.685207529573,0,0,synthetic,True,1.0.0,1.0.0,2026-09-16T20:12:09.907988+00:00,42,schema_checked
2454,10,0,0.04,0.04,5,1,1.34899876427,1.34740440588,0.56187017425,0,0,synthetic,True,1.0.0,1.0.0,2026-09-16T20:12:09.907988+00:00,42,schema_checked
2455,10,0,0.04,0.06,-5,0,1.39019457983,1.85833293118,0.688894187001,0,0,synthetic,True,1.0.0,1.0.0,2026-09-16T20:12:09.907988+00:00,42,schema_checked
2456,10,0,0.04,0.06,-5,1,1.39019457983,1.39374969838,0.564893233341,0,0,synthetic,True,1.0.0,1.0.0,2026-09-16T20:12:09.907988+00:00,42,schema_checked
2457,10,0,0.04,0.06,0,0,1.42182850499,1.90061936051,0.681394187001,0,0,synthetic,True,1.0.0,1.0.0,2026-09-16T20:12:09.907988+00:00,42,schema_checked
2458,10,0,0.04,0.06,0,1,1.42182850499,1.42546452039,0.558743233341,0,0,synthetic,True,1.0.0,1.0.0,2026-09-16T20:12:09.907988+00:00,42,schema_checked
2459,10,0,0.04,0.06,5,0,1.39019457983,1.85833293118,0.688894187001,0,0,synthetic,True,1.0.0,1.0.0,2026-09-16T20:12:09.907988+00:00,42,schema_checked
2460,10,0,0.04,0.06,5,1,1.39019457983,1.39374969838,0.564893233341,0,0,synthetic,True,1.0.0,1.0.0,2026-09-16T20:12:09.907988+00:00,42,schema_checked
2461,10,0,0.04,0.085,-5,0,1.28487826183,1.70035845418,0.67946931749,0,0,synthetic,True,1.0.0,1.0.0,2026-09-16T20:12:09.907988+00:00,42,schema_checked
2462,10,0,0.04,0.085,-5,1,1.28487826183,1.27526884064,0.557164840342,0,0,synthetic,True,1.0.0,1.0.0,2026-09-16T20:12:09.907988+00:00,42,schema_checked
2463,10,0,0.04,0.085,0,0,1.31411571058,1.7390501689,0.67196931749,0,0,synthetic,True,1.0.0,1.0.0,2026-09-16T20:12:09.907988+00:00,42,schema_checked
2464,10,0,0.04,0.085,0,1,1.31411571058,1.30428762668,0.551014840342,0,0,synthetic,True,1.0.0,1.0.0,2026-09-16T20:12:09.907988+00:00,42,schema_checked
2465,10,0,0.04,0.085,5,0,1.28487826183,1.70035845418,0.67946931749,0,0,synthetic,True,1.0.0,1.0.0,2026-09-16T20:12:09.907988+00:00,42,schema_checked
2466,10,0,0.04,0.085,5,1,1.28487826183,1.27526884064,0.557164840342,0,0,synthetic,True,1.0.0,1.0.0,2026-09-16T20:12:09.907988+00:00,42,schema_checked
2467,10,0,0.055,0.04,-5,0,1.20911366221,1.58671155475,0.672689062743,0,0,synthetic,True,1.0.0,1.0.0,2026-09-16T20:12:09.907988+00:00,42,schema_checked
2468,10,0,0.055,0.04,-5,1,1.20911366221,1.19003366606,0.55160503145,0,0,synthetic,True,1.0.0,1.0.0,2026-09-16T20:12:09.907988+00:00,42,schema_checked
2469,10,0,0.055,0.04,0,0,1.2366270849,1.62281723038,0.665189062743,0,0,synthetic,True,1.0.0,1.0.0,2026-09-16T20:12:09.907988+00:00,42,schema_checked
2470,10,0,0.055,0.04,0,1,1.2366270849,1.21711292279,0.54545503145,0,0,synthetic,True,1.0.0,1.0.0,2026-09-16T20:12:09.907988+00:00,42,schema_checked
2471,10,0,0.055,0.04,5,0,1.20911366221,1.58671155475,0.672689062743,0,0,synthetic,True,1.0.0,1.0.0,2026-09-16T20:12:09.907988+00:00,42,schema_checked
2472,10,0,0.055,0.04,5,1,1.20911366221,1.19003366606,0.55160503145,0,0,synthetic,True,1.0.0,1.0.0,2026-09-16T20:12:09.907988+00:00,42,schema_checked
2473,10,0,0.055,0.06,-5,0,1.23674326192,1.62815595431,0.67516166506,0,0,synthetic,True,1.0.0,1.0.0,2026-09-16T20:12:09.907988+00:00,42,schema_checked
2474,10,0,0.055,0.06,-5,1,1.23674326192,1.22111696573,0.553632565349,0,0,synthetic,True,1.0.0,1.0.0,2026-09-16T20:12:09.907988+00:00,42,schema_checked
2475,10,0,0.055,0.06,0,0,1.26488539709,1.66520469867,0.66766166506,0,0,synthetic,True,1.0.0,1.0.0,2026-09-16T20:12:09.907988+00:00,42,schema_checked
2476,10,0,0.055,0.06,0,1,1.26488539709,1.248903524,0.547482565349,0,0,synthetic,True,1.0.0,1.0.0,2026-09-16T20:12:09.907988+00:00,42,schema_checked
2477,10,0,0.055,0.06,5,0,1.23674326192,1.62815595431,0.67516166506,0,0,synthetic,True,1.0.0,1.0.0,2026-09-16T20:12:09.907988+00:00,42,schema_checked
2478,10,0,0.055,0.06,5,1,1.23674326192,1.22111696573,0.553632565349,0,0,synthetic,True,1.0.0,1.0.0,2026-09-16T20:12:09.907988+00:00,42,schema_checked
2479,10,0,0.055,0.085,-5,0,1.1661087164,1.52220413604,0.668840504322,0,0,synthetic,True,1.0.0,1.0.0,2026-09-16T20:12:09.907988+00:00,42,schema_checked
2480,10,0,0.055,0.085,-5,1,1.1661087164,1.14165310203,0.548449213544,0,0,synthetic,True,1.0.0,1.0.0,2026-09-16T20:12:09.907988+00:00,42,schema_checked
2481,10,0,0.055,0.085,0,0,1.19264356008,1.55684194316,0.661340504322,0,0,synthetic,True,1.0.0,1.0.0,2026-09-16T20:12:09.907988+00:00,42,schema_checked
2482,10,0,0.055,0.085,0,1,1.19264356008,1.16763145737,0.542299213544,0,0,synthetic,True,1.0.0,1.0.0,2026-09-16T20:12:09.907988+00:00,42,schema_checked
2483,10,0,0.055,0.085,5,0,1.1661087164,1.52220413604,0.668840504322,0,0,synthetic,True,1.0.0,1.0.0,2026-09-16T20:12:09.907988+00:00,42,schema_checked
2484,10,0,0.055,0.085,5,1,1.1661087164,1.14165310203,0.548449213544,0,0,synthetic,True,1.0.0,1.0.0,2026-09-16T20:12:09.907988+00:00,42,schema_checked
2485,10,30,0.025,0.04,-5,0,1.34300995082,1.78755598766,0.684671584276,2588.58671038,566.137816248,synthetic,True,1.0.0,1.0.0,2026-09-16T20:12:09.907988+00:00,42,schema_checked
2486,10,30,0.025,0.04,-5,1,1.34300995082,1.34066699075,0.561430699107,2219.06537106,464.233009324,synthetic,True,1.0.0,1.0.0,2026-09-16T20:12:09.907988+00:00,42,schema_checked
2487,10,30,0.025,0.04,0,0,1.37357018813,1.82823188523,0.677171584276,2647.49008941,559.936253748,synthetic,True,1.0.0,1.0.0,2026-09-16T20:12:09.907988+00:00,42,schema_checked
2488,10,30,0.025,0.04,0,1,1.37357018813,1.37117391392,0.555280699107,2269.56027939,459.147728074,synthetic,True,1.0.0,1.0.0,2026-09-16T20:12:09.907988+00:00,42,schema_checked
2489,10,30,0.025,0.04,5,0,1.34300995082,1.78755598766,0.684671584276,2588.58671038,566.137816248,synthetic,True,1.0.0,1.0.0,2026-09-16T20:12:09.907988+00:00,42,schema_checked
2490,10,30,0.025,0.04,5,1,1.34300995082,1.34066699075,0.561430699107,2219.06537106,464.233009324,synthetic,True,1.0.0,1.0.0,2026-09-16T20:12:09.907988+00:00,42,schema_checked
2491,10,30,0.025,0.06,-5,0,1.38362496446,1.84847850811,0.688306265121,2672.54555888,569.143242972,synthetic,True,1.0.0,1.0.0,2026-09-16T20:12:09.907988+00:00,42,schema_checked
2492,10,30,0.025,0.06,-5,1,1.38362496446,1.38635888109,0.5644111374,2290.43039228,466.697459237,synthetic,True,1.0.0,1.0.0,2026-09-16T20:12:09.907988+00:00,42,schema_checked
2493,10,30,0.025,0.06,0,0,1.41510939779,1.89054069972,0.680806265121,2733.35942438,562.941680472,synthetic,True,1.0.0,1.0.0,2026-09-16T20:12:09.907988+00:00,42,schema_checked
2494,10,30,0.025,0.06,0,1,1.41510939779,1.41790552479,0.5582611374,2342.54921411,461.612177987,synthetic,True,1.0.0,1.0.0,2026-09-16T20:12:09.907988+00:00,42,schema_checked
2495,10,30,0.025,0.06,5,0,1.38362496446,1.84847850811,0.688306265121,2672.54555888,569.143242972,synthetic,True,1.0.0,1.0.0,2026-09-16T20:12:09.907988+00:00,42,schema_checked
2496,10,30,0.025,0.06,5,1,1.38362496446,1.38635888109,0.5644111374,2290.43039228,466.697459237,synthetic,True,1.0.0,1.0.0,2026-09-16T20:12:09.907988+00:00,42,schema_checked
2497,10,30,0.025,0.085,-5,0,1.27979345551,1.6927312447,0.679014272755,2457.90636149,561.459926784,synthetic,True,1.0.0,1.0.0,2026-09-16T20:12:09.907988+00:00,42,schema_checked
2498,10,30,0.025,0.085,-5,1,1.27979345551,1.26954843352,0.556791703659,2107.9870745,460.397139963,synthetic,True,1.0.0,1.0.0,2026-09-16T20:12:09.907988+00:00,42,schema_checked
2499,10,30,0.025,0.085,0,0,1.30891519931,1.731249402,0.671514272755,2513.83610471,555.258364284,synthetic,True,1.0.0,1.0.0,2026-09-16T20:12:09.907988+00:00,42,schema_checked
2500,10,30,0.025,0.085,0,1,1.30891519931,1.2984370515,0.550641703659,2155.95439239,455.311858713,synthetic,True,1.0.0,1.0.0,2026-09-16T20:12:09.907988+00:00,42,schema_checked
2501,10,30,0.025,0.085,5,0,1.27979345551,1.6927312447,0.679014272755,2457.90636149,561.459926784,synthetic,True,1.0.0,1.0.0,2026-09-16T20:12:09.907988+00:00,42,schema_checked
2502,10,30,0.025,0.085,5,1,1.27979345551,1.26954843352,0.556791703659,2107.9870745,460.397139963,synthetic,True,1.0.0,1.0.0,2026-09-16T20:12:09.907988+00:00,42,schema_checked
2503,10,30,0.04,0.04,-5,0,1.34899876427,1.79653920784,0.685207529573,2600.96671069,566.580976016,synthetic,True,1.0.0,1.0.0,2026-09-16T20:12:09.907988+00:00,42,schema_checked
2504,10,30,0.04,0.04,-5,1,1.34899876427,1.34740440588,0.56187017425,2229.58837132,464.596400333,synthetic,True,1.0.0,1.0.0,2026-09-16T20:12:09.907988+00:00,42,schema_checked
2505,10,30,0.04,0.04,0,0,1.37969527724,1.83741951889,0.677707529573,2660.15179705,560.379413516,synthetic,True,1.0.0,1.0.0,2026-09-16T20:12:09.907988+00:00,42,schema_checked
2506,10,30,0.04,0.04,0,1,1.37969527724,1.37806463917,0.55572017425,2280.32273088,459.511119083,synthetic,True,1.0.0,1.0.0,2026-09-16T20:12:09.907988+00:00,42,schema_checked
2507,10,30,0.04,0.04,5,0,1.34899876427,1.79653920784,0.685207529573,2600.96671069,566.580976016,synthetic,True,1.0.0,1.0.0,2026-09-16T20:12:09.907988+00:00,42,schema_checked
2508,10,30,0.04,0.04,5,1,1.34899876427,1.34740440588,0.56187017425,2229.58837132,464.596400333,synthetic,True,1.0.0,1.0.0,2026-09-16T20:12:09.907988+00:00,42,schema_checked
2509,10,30,0.04,0.06,-5,0,1.39019457983,1.85833293118,0.688894187001,2686.12618566,569.629380877,synthetic,True,1.0.0,1.0.0,2026-09-16T20:12:09.907988+00:00,42,schema_checked
2510,10,30,0.04,0.06,-5,1,1.39019457983,1.39374969838,0.564893233341,2301.97392505,467.096092319,synthetic,True,1.0.0,1.0.0,2026-09-16T20:12:09.907988+00:00,42,schema_checked
2511,10,30,0.04,0.06,0,0,1.42182850499,1.90061936051,0.681394187001,2747.24907879,563.427818377,synthetic,True,1.0.0,1.0.0,2026-09-16T20:12:09.907988+00:00,42,schema_checked
2512,10,30,0.04,0.06,0,1,1.42182850499,1.42546452039,0.558743233341,2354.35542036,462.010811069,synthetic,True,1.0.0,1.0.0,2026-09-16T20:12:09.907988+00:00,42,schema_checked
2513,10,30,0.04,0.06,5,0,1.39019457983,1.85833293118,0.688894187001,2686.12618566,569.629380877,synthetic,True,1.0.0,1.0.0,2026-09-16T20:12:09.907988+00:00,42,schema_checked
2514,10,30,0.04,0.06,5,1,1.39019457983,1.39374969838,0.564893233341,2301.97392505,467.096092319,synthetic,True,1.0.0,1.0.0,2026-09-16T20:12:09.907988+00:00,42,schema_checked
2515,10,30,0.04,0.085,-5,0,1.28487826183,1.70035845418,0.67946931749,2468.41760956,561.8361919,synthetic,True,1.0.0,1.0.0,2026-09-16T20:12:09.907988+00:00,42,schema_checked
2516,10,30,0.04,0.085,-5,1,1.28487826183,1.27526884064,0.557164840342,2116.92163536,460.705677358,synthetic,True,1.0.0,1.0.0,2026-09-16T20:12:09.907988+00:00,42,schema_checked
2517,10,30,0.04,0.085,0,0,1.31411571058,1.7390501689,0.67196931749,2524.58653659,555.6346294,synthetic,True,1.0.0,1.0.0,2026-09-16T20:12:09.907988+00:00,42,schema_checked
2518,10,30,0.04,0.085,0,1,1.31411571058,1.30428762668,0.551014840342,2165.09225949,455.620396108,synthetic,True,1.0.0,1.0.0,2026-09-16T20:12:09.907988+00:00,42,schema_checked
2519,10,30,0.04,0.085,5,0,1.28487826183,1.70035845418,0.67946931749,2468.41760956,561.8361919,synthetic,True,1.0.0,1.0.0,2026-09-16T20:12:09.907988+00:00,42,schema_checked
2520,10,30,0.04,0.085,5,1,1.28487826183,1.27526884064,0.557164840342,2116.92163536,460.705677358,synthetic,True,1.0.0,1.0.0,2026-09-16T20:12:09.907988+00:00,42,schema_checked
2521,10,30,0.055,0.04,-5,0,1.20911366221,1.58671155475,0.672689062743,2311.79797627,556.229768756,synthetic,True,1.0.0,1.0.0,2026-09-16T20:12:09.907988+00:00,42,schema_checked
2522,10,30,0.055,0.04,-5,1,1.20911366221,1.19003366606,0.55160503145,1983.79494706,456.10841038,synthetic,True,1.0.0,1.0.0,2026-09-16T20:12:09.907988+00:00,42,schema_checked
2523,10,30,0.055,0.04,0,0,1.2366270849,1.62281723038,0.665189062743,2364.4030182,550.028206256,synthetic,True,1.0.0,1.0.0,2026-09-16T20:12:09.907988+00:00,42,schema_checked
2524,10,30,0.055,0.04,0,1,1.2366270849,1.21711292279,0.54545503145,2028.93626886,451.02312913,synthetic,True,1.0.0,1.0.0,2026-09-16T20:12:09.907988+00:00,42,schema_checked
2525,10,30,0.055,0.04,5,0,1.20911366221,1.58671155475,0.672689062743,2311.79797627,556.229768756,synthetic,True,1.0.0,1.0.0,2026-09-16T20:12:09.907988+00:00,42,schema_checked
2526,10,30,0.055,0.04,5,1,1.20911366221,1.19003366606,0.55160503145,1983.79494706,456.10841038,synthetic,True,1.0.0,1.0.0,2026-09-16T20:12:09.907988+00:00,42,schema_checked
2527,10,30,0.055,0.06,-5,0,1.23674326192,1.62815595431,0.67516166506,2368.91353941,558.274301797,synthetic,True,1.0.0,1.0.0,2026-09-16T20:12:09.907988+00:00,42,schema_checked
2528,10,30,0.055,0.06,-5,1,1.23674326192,1.22111696573,0.553632565349,2032.34317573,457.784927473,synthetic,True,1.0.0,1.0.0,2026-09-16T20:12:09.907988+00:00,42,schema_checked
2529,10,30,0.055,0.06,0,0,1.26488539709,1.66520469867,0.66766166506,2422.81824794,552.072739297,synthetic,True,1.0.0,1.0.0,2026-09-16T20:12:09.907988+00:00,42,schema_checked
2530,10,30,0.055,0.06,0,1,1.26488539709,1.248903524,0.547482565349,2078.58921413,452.699646223,synthetic,True,1.0.0,1.0.0,2026-09-16T20:12:09.907988+00:00,42,schema_checked
2531,10,30,0.055,0.06,5,0,1.23674326192,1.62815595431,0.67516166506,2368.91353941,558.274301797,synthetic,True,1.0.0,1.0.0,2026-09-16T20:12:09.907988+00:00,42,schema_checked
2532,10,30,0.055,0.06,5,1,1.23674326192,1.22111696573,0.553632565349,2032.34317573,457.784927473,synthetic,True,1.0.0,1.0.0,2026-09-16T20:12:09.907988+00:00,42,schema_checked
2533,10,30,0.055,0.085,-5,0,1.1661087164,1.52220413604,0.668840504322,2222.89868986,553.047492011,synthetic,True,1.0.0,1.0.0,2026-09-16T20:12:09.907988+00:00,42,schema_checked
2534,10,30,0.055,0.085,-5,1,1.1661087164,1.14165310203,0.548449213544,1908.23055362,453.498943449,synthetic,True,1.0.0,1.0.0,2026-09-16T20:12:09.907988+00:00,42,schema_checked
2535,10,30,0.055,0.085,0,0,1.19264356008,1.55684194316,0.661340504322,2273.48082549,546.845929511,synthetic,True,1.0.0,1.0.0,2026-09-16T20:12:09.907988+00:00,42,schema_checked
2536,10,30,0.055,0.085,0,1,1.19264356008,1.16763145737,0.542299213544,1951.65240506,448.413662199,synthetic,True,1.0.0,1.0.0,2026-09-16T20:12:09.907988+00:00,42,schema_checked
2537,10,30,0.055,0.085,5,0,1.1661087164,1.52220413604,0.668840504322,2222.89868986,553.047492011,synthetic,True,1.0.0,1.0.0,2026-09-16T20:12:09.907988+00:00,42,schema_checked
2538,10,30,0.055,0.085,5,1,1.1661087164,1.14165310203,0.548449213544,1908.23055362,453.498943449,synthetic,True,1.0.0,1.0.0,2026-09-16T20:12:09.907988+00:00,42,schema_checked
2539,10,50,0.025,0.04,-5,0,1.34300995082,1.78755598766,0.684671584276,7190.51863995,1572.60504513,synthetic,True,1.0.0,1.0.0,2026-09-16T20:12:09.907988+00:00,42,schema_checked
2540,10,50,0.025,0.04,-5,1,1.34300995082,1.34066699075,0.561430699107,6164.07047516,1289.53613701,synthetic,True,1.0.0,1.0.0,2026-09-16T20:12:09.907988+00:00,42,schema_checked
2541,10,50,0.025,0.04,0,0,1.37357018813,1.82823188523,0.677171584276,7354.13913726,1555.37848263,synthetic,True,1.0.0,1.0.0,2026-09-16T20:12:09.907988+00:00,42,schema_checked
2542,10,50,0.025,0.04,0,1,1.37357018813,1.37117391392,0.555280699107,6304.33410941,1275.41035576,synthetic,True,1.0.0,1.0.0,2026-09-16T20:12:09.907988+00:00,42,schema_checked
2543,10,50,0.025,0.04,5,0,1.34300995082,1.78755598766,0.684671584276,7190.51863995,1572.60504513,synthetic,True,1.0.0,1.0.0,2026-09-16T20:12:09.907988+00:00,42,schema_checked
2544,10,50,0.025,0.04,5,1,1.34300995082,1.34066699075,0.561430699107,6164.07047516,1289.53613701,synthetic,True,1.0.0,1.0.0,2026-09-16T20:12:09.907988+00:00,42,schema_checked
2545,10,50,0.025,0.06,-5,0,1.38362496446,1.84847850811,0.688306265121,7423.73766356,1580.9534527,synthetic,True,1.0.0,1.0.0,2026-09-16T20:12:09.907988+00:00,42,schema_checked
2546,10,50,0.025,0.06,-5,1,1.38362496446,1.38635888109,0.5644111374,6362.30664523,1296.38183121,synthetic,True,1.0.0,1.0.0,2026-09-16T20:12:09.907988+00:00,42,schema_checked
2547,10,50,0.025,0.06,0,0,1.41510939779,1.89054069972,0.680806265121,7592.66506772,1563.7268902,synthetic,True,1.0.0,1.0.0,2026-09-16T20:12:09.907988+00:00,42,schema_checked
2548,10,50,0.025,0.06,0,1,1.41510939779,1.41790552479,0.5582611374,6507.0811503,1282.25604996,synthetic,True,1.0.0,1.0.0,2026-09-16T20:12:09.907988+00:00,42,schema_checked
2549,10,50,0.025,0.06,5,0,1.38362496446,1.84847850811,0.688306265121,7423.73766356,1580.9534527,synthetic,True,1.0.0,1.0.0,2026-09-16T20:12:09.907988+00:00,42,schema_checked
2550,10,50,0.025,0.06,5,1,1.38362496446,1.38635888109,0.5644111374,6362.30664523,1296.38183121,synthetic,True,1.0.0,1.0.0,2026-09-16T20:12:09.907988+00:00,42,schema_checked
2551,10,50,0.025,0.085,-5,0,1.27979345551,1.6927312447,0.679014272755,6827.51767079,1559.61090773,synthetic,True,1.0.0,1.0.0,2026-09-16T20:12:09.907988+00:00,42,schema_checked
2552,10,50,0.025,0.085,-5,1,1.27979345551,1.26954843352,0.556791703659,5855.51965138,1278.88094434,synthetic,True,1.0.0,1.0.0,2026-09-16T20:12:09.907988+00:00,42,schema_checked
2553,10,50,0.025,0.085,0,0,1.30891519931,1.731249402,0.671514272755,6982.87806865,1542.38434523,synthetic,True,1.0.0,1.0.0,2026-09-16T20:12:09.907988+00:00,42,schema_checked
2554,10,50,0.025,0.085,0,1,1.30891519931,1.2984370515,0.550641703659,5988.7622011,1264.75516309,synthetic,True,1.0.0,1.0.0,2026-09-16T20:12:09.907988+00:00,42,schema_checked
2555,10,50,0.025,0.085,5,0,1.27979345551,1.6927312447,0.679014272755,6827.51767079,1559.61090773,synthetic,True,1.0.0,1.0.0,2026-09-16T20:12:09.907988+00:00,42,schema_checked
2556,10,50,0.025,0.085,5,1,1.27979345551,1.26954843352,0.556791703659,5855.51965138,1278.88094434,synthetic,True,1.0.0,1.0.0,2026-09-16T20:12:09.907988+00:00,42,schema_checked
2557,10,50,0.04,0.04,-5,0,1.34899876427,1.79653920784,0.685207529573,7224.9075297,1573.83604449,synthetic,True,1.0.0,1.0.0,2026-09-16T20:12:09.907988+00:00,42,schema_checked
2558,10,50,0.04,0.04,-5,1,1.34899876427,1.34740440588,0.56187017425,6193.30103145,1290.54555648,synthetic,True,1.0.0,1.0.0,2026-09-16T20:12:09.907988+00:00,42,schema_checked
2559,10,50,0.04,0.04,0,0,1.37969527724,1.83741951889,0.677707529573,7389.31054737,1556.60948199,synthetic,True,1.0.0,1.0.0,2026-09-16T20:12:09.907988+00:00,42,schema_checked
2560,10,50,0.04,0.04,0,1,1.37969527724,1.37806463917,0.55572017425,6334.22980801,1276.41977523,synthetic,True,1.0.0,1.0.0,2026-09-16T20:12:09.907988+00:00,42,schema_checked
2561,10,50,0.04,0.04,5,0,1.34899876427,1.79653920784,0.685207529573,7224.9075297,1573.83604449,synthetic,True,1.0.0,1.0.0,2026-09-16T20:12:09.907988+00:00,42,schema_checked
2562,10,50,0.04,0.04,5,1,1.34899876427,1.34740440588,0.56187017425,6193.30103145,1290.54555648,synthetic,True,1.0.0,1.0.0,2026-09-16T20:12:09.907988+00:00,42,schema_checked
2563,10,50,0.04,0.06,-5,0,1.39019457983,1.85833293118,0.688894187001,7461.46162684,1582.30383577,synthetic,True,1.0.0,1.0.0,2026-09-16T20:12:09.907988+00:00,42,schema_checked
2564,10,50,0.04,0.06,-5,1,1.39019457983,1.39374969838,0.564893233341,6394.37201401,1297.48914533,synthetic,True,1.0.0,1.0.0,2026-09-16T20:12:09.907988+00:00,42,schema_checked
2565,10,50,0.04,0.06,0,0,1.42182850499,1.90061936051,0.681394187001,7631.24744107,1565.07727327,synthetic,True,1.0.0,1.0.0,2026-09-16T20:12:09.907988+00:00,42,schema_checked
2566,10,50,0.04,0.06,0,1,1.42182850499,1.42546452039,0.558743233341,6539.87616765,1283.36336408,synthetic,True,1.0.0,1.0.0,2026-09-16T20:12:09.907988+00:00,42,schema_checked
2567,10,50,0.04,0.06,5,0,1.39019457983,1.85833293118,0.688894187001,7461.46162684,1582.30383577,synthetic,True,1.0.0,1.0.0,2026-09-16T20:12:09.907988+00:00,42,schema_checked
2568,10,50,0.04,0.06,5,1,1.39019457983,1.39374969838,0.564893233341,6394.37201401,1297.48914533,synthetic,True,1.0.0,1.0.0,2026-09-16T20:12:09.907988+00:00,42,schema_checked
2569,10,50,0.04,0.085,-5,0,1.28487826183,1.70035845418,0.67946931749,6856.7155821,1560.65608861,synthetic,True,1.0.0,1.0.0,2026-09-16T20:12:09.907988+00:00,42,schema_checked
2570,10,50,0.04,0.085,-5,1,1.28487826183,1.27526884064,0.557164840342,5880.33787599,1279.73799266,synthetic,True,1.0.0,1.0.0,2026-09-16T20:12:09.907988+00:00,42,schema_checked
2571,10,50,0.04,0.085,0,0,1.31411571058,1.7390501689,0.67196931749,7012.74037943,1543.42952611,synthetic,True,1.0.0,1.0.0,2026-09-16T20:12:09.907988+00:00,42,schema_checked
2572,10,50,0.04,0.085,0,1,1.31411571058,1.30428762668,0.551014840342,6014.14516526,1265.61221141,synthetic,True,1.0.0,1.0.0,2026-09-16T20:12:09.907988+00:00,42,schema_checked
2573,10,50,0.04,0.085,5,0,1.28487826183,1.70035845418,0.67946931749,6856.7155821,1560.65608861,synthetic,True,1.0.0,1.0.0,2026-09-16T20:12:09.907988+00:00,42,schema_checked
2574,10,50,0.04,0.085,5,1,1.28487826183,1.27526884064,0.557164840342,5880.33787599,1279.73799266,synthetic,True,1.0.0,1.0.0,2026-09-16T20:12:09.907988+00:00,42,schema_checked
2575,10,50,0.055,0.04,-5,0,1.20911366221,1.58671155475,0.672689062743,6421.66104519,1545.08269099,synthetic,True,1.0.0,1.0.0,2026-09-16T20:12:09.907988+00:00,42,schema_checked
2576,10,50,0.055,0.04,-5,1,1.20911366221,1.19003366606,0.55160503145,5510.54151962,1266.96780661,synthetic,True,1.0.0,1.0.0,2026-09-16T20:12:09.907988+00:00,42,schema_checked
2577,10,50,0.055,0.04,0,0,1.2366270849,1.62281723038,0.665189062743,6567.78616167,1527.85612849,synthetic,True,1.0.0,1.0.0,2026-09-16T20:12:09.907988+00:00,42,schema_checked
2578,10,50,0.055,0.04,0,1,1.2366270849,1.21711292279,0.54545503145,5635.93408016,1252.84202536,synthetic,True,1.0.0,1.0.0,2026-09-16T20:12:09.907988+00:00,42,schema_checked
2579,10,50,0.055,0.04,5,0,1.20911366221,1.58671155475,0.672689062743,6421.66104519,1545.08269099,synthetic,True,1.0.0,1.0.0,2026-09-16T20:12:09.907988+00:00,42,schema_checked
2580,10,50,0.055,0.04,5,1,1.20911366221,1.19003366606,0.55160503145,5510.54151962,1266.96780661,synthetic,True,1.0.0,1.0.0,2026-09-16T20:12:09.907988+00:00,42,schema_checked
2581,10,50,0.055,0.06,-5,0,1.23674326192,1.62815595431,0.67516166506,6580.31538726,1550.76194944,synthetic,True,1.0.0,1.0.0,2026-09-16T20:12:09.907988+00:00,42,schema_checked
2582,10,50,0.055,0.06,-5,1,1.23674326192,1.22111696573,0.553632565349,5645.39771037,1271.62479854,synthetic,True,1.0.0,1.0.0,2026-09-16T20:12:09.907988+00:00,42,schema_checked
2583,10,50,0.055,0.06,0,0,1.26488539709,1.66520469867,0.66766166506,6730.05068871,1533.53538694,synthetic,True,1.0.0,1.0.0,2026-09-16T20:12:09.907988+00:00,42,schema_checked
2584,10,50,0.055,0.06,0,1,1.26488539709,1.248903524,0.547482565349,5773.85892815,1257.49901729,synthetic,True,1.0.0,1.0.0,2026-09-16T20:12:09.907988+00:00,42,schema_checked
2585,10,50,0.055,0.06,5,0,1.23674326192,1.62815595431,0.67516166506,6580.31538726,1550.76194944,synthetic,True,1.0.0,1.0.0,2026-09-16T20:12:09.907988+00:00,42,schema_checked
2586,10,50,0.055,0.06,5,1,1.23674326192,1.22111696573,0.553632565349,5645.39771037,1271.62479854,synthetic,True,1.0.0,1.0.0,2026-09-16T20:12:09.907988+00:00,42,schema_checked
2587,10,50,0.055,0.085,-5,0,1.1661087164,1.52220413604,0.668840504322,6174.71858295,1536.24303336,synthetic,True,1.0.0,1.0.0,2026-09-16T20:12:09.907988+00:00,42,schema_checked
2588,10,50,0.055,0.085,-5,1,1.1661087164,1.14165310203,0.548449213544,5300.64042671,1259.71928736,synthetic,True,1.0.0,1.0.0,2026-09-16T20:12:09.907988+00:00,42,schema_checked
2589,10,50,0.055,0.085,0,0,1.19264356008,1.55684194316,0.661340504322,6315.22451526,1519.01647086,synthetic,True,1.0.0,1.0.0,2026-09-16T20:12:09.907988+00:00,42,schema_checked
2590,10,50,0.055,0.085,0,1,1.19264356008,1.16763145737,0.542299213544,5421.25668071,1245.59350611,synthetic,True,1.0.0,1.0.0,2026-09-16T20:12:09.907988+00:00,42,schema_checked
2591,10,50,0.055,0.085,5,0,1.1661087164,1.52220413604,0.668840504322,6174.71858295,1536.24303336,synthetic,True,1.0.0,1.0.0,2026-09-16T20:12:09.907988+00:00,42,schema_checked
2592,10,50,0.055,0.085,5,1,1.1661087164,1.14165310203,0.548449213544,5300.64042671,1259.71928736,synthetic,True,1.0.0,1.0.0,2026-09-16T20:12:09.907988+00:00,42,schema_checked
2593,10,70,0.025,0.04,-5,0,1.34300995082,1.78755598766,0.684671584276,14093.4165343,3082.30588846,synthetic,True,1.0.0,1.0.0,2026-09-16T20:12:09.907988+00:00,42,schema_checked
2594,10,70,0.025,0.04,-5,1,1.34300995082,1.34066699075,0.561430699107,12081.5781313,2527.49082854,synthetic,True,1.0.0,1.0.0,2026-09-16T20:12:09.907988+00:00,42,schema_checked
2595,10,70,0.025,0.04,0,0,1.37357018813,1.82823188523,0.677171584276,14414.112709,3048.54182596,synthetic,True,1.0.0,1.0.0,2026-09-16T20:12:09.907988+00:00,42,schema_checked
2596,10,70,0.025,0.04,0,1,1.37357018813,1.37117391392,0.555280699107,12356.4948545,2499.80429729,synthetic,True,1.0.0,1.0.0,2026-09-16T20:12:09.907988+00:00,42,schema_checked
2597,10,70,0.025,0.04,5,0,1.34300995082,1.78755598766,0.684671584276,14093.4165343,3082.30588846,synthetic,True,1.0.0,1.0.0,2026-09-16T20:12:09.907988+00:00,42,schema_checked
2598,10,70,0.025,0.04,5,1,1.34300995082,1.34066699075,0.561430699107,12081.5781313,2527.49082854,synthetic,True,1.0.0,1.0.0,2026-09-16T20:12:09.907988+00:00,42,schema_checked
2599,10,70,0.025,0.06,-5,0,1.38362496446,1.84847850811,0.688306265121,14550.5258206,3098.66876729,synthetic,True,1.0.0,1.0.0,2026-09-16T20:12:09.907988+00:00,42,schema_checked
2600,10,70,0.025,0.06,-5,1,1.38362496446,1.38635888109,0.5644111374,12470.1210246,2540.90838918,synthetic,True,1.0.0,1.0.0,2026-09-16T20:12:09.907988+00:00,42,schema_checked
2601,10,70,0.025,0.06,0,0,1.41510939779,1.89054069972,0.680806265121,14881.6235327,3064.90470479,synthetic,True,1.0.0,1.0.0,2026-09-16T20:12:09.907988+00:00,42,schema_checked
2602,10,70,0.025,0.06,0,1,1.41510939779,1.41790552479,0.5582611374,12753.8790546,2513.22185793,synthetic,True,1.0.0,1.0.0,2026-09-16T20:12:09.907988+00:00,42,schema_checked
2603,10,70,0.025,0.06,5,0,1.38362496446,1.84847850811,0.688306265121,14550.5258206,3098.66876729,synthetic,True,1.0.0,1.0.0,2026-09-16T20:12:09.907988+00:00,42,schema_checked
2604,10,70,0.025,0.06,5,1,1.38362496446,1.38635888109,0.5644111374,12470.1210246,2540.90838918,synthetic,True,1.0.0,1.0.0,2026-09-16T20:12:09.907988+00:00,42,schema_checked
2605,10,70,0.025,0.085,-5,0,1.27979345551,1.6927312447,0.679014272755,13381.9346348,3056.83737916,synthetic,True,1.0.0,1.0.0,2026-09-16T20:12:09.907988+00:00,42,schema_checked
2606,10,70,0.025,0.085,-5,1,1.27979345551,1.26954843352,0.556791703659,11476.8185167,2506.60665091,synthetic,True,1.0.0,1.0.0,2026-09-16T20:12:09.907988+00:00,42,schema_checked
2607,10,70,0.025,0.085,0,0,1.30891519931,1.731249402,0.671514272755,13686.4410146,3023.07331666,synthetic,True,1.0.0,1.0.0,2026-09-16T20:12:09.907988+00:00,42,schema_checked
2608,10,70,0.025,0.085,0,1,1.30891519931,1.2984370515,0.550641703659,11737.9739141,2478.92011966,synthetic,True,1.0.0,1.0.0,2026-09-16T20:12:09.907988+00:00,42,schema_checked
2609,10,70,0.025,0.085,5,0,1.27979345551,1.6927312447,0.679014272755,13381.9346348,3056.83737916,synthetic,True,1.0.0,1.0.0,2026-09-16T20:12:09.907988+00:00,42,schema_checked
2610,10,70,0.025,0.085,5,1,1.27979345551,1.26954843352,0.556791703659,11476.8185167,2506.60665091,synthetic,True,1.0.0,1.0.0,2026-09-16T20:12:09.907988+00:00,42,schema_checked
2611,10,70,0.04,0.04,-5,0,1.34899876427,1.79653920784,0.685207529573,14160.8187582,3084.7186472,synthetic,True,1.0.0,1.0.0,2026-09-16T20:12:09.907988+00:00,42,schema_checked
2612,10,70,0.04,0.04,-5,1,1.34899876427,1.34740440588,0.56187017425,12138.8700216,2529.4692907,synthetic,True,1.0.0,1.0.0,2026-09-16T20:12:09.907988+00:00,42,schema_checked
2613,10,70,0.04,0.04,0,0,1.37969527724,1.83741951889,0.677707529573,14483.0486728,3050.9545847,synthetic,True,1.0.0,1.0.0,2026-09-16T20:12:09.907988+00:00,42,schema_checked
2614,10,70,0.04,0.04,0,1,1.37969527724,1.37806463917,0.55572017425,12415.0904237,2501.78275945,synthetic,True,1.0.0,1.0.0,2026-09-16T20:12:09.907988+00:00,42,schema_checked
2615,10,70,0.04,0.04,5,0,1.34899876427,1.79653920784,0.685207529573,14160.8187582,3084.7186472,synthetic,True,1.0.0,1.0.0,2026-09-16T20:12:09.907988+00:00,42,schema_checked
2616,10,70,0.04,0.04,5,1,1.34899876427,1.34740440588,0.56187017425,12138.8700216,2529.4692907,synthetic,True,1.0.0,1.0.0,2026-09-16T20:12:09.907988+00:00,42,schema_checked
2617,10,70,0.04,0.06,-5,0,1.39019457983,1.85833293118,0.688894187001,14624.4647886,3101.31551811,synthetic,True,1.0.0,1.0.0,2026-09-16T20:12:09.907988+00:00,42,schema_checked
2618,10,70,0.04,0.06,-5,1,1.39019457983,1.39374969838,0.564893233341,12532.9691475,2543.07872485,synthetic,True,1.0.0,1.0.0,2026-09-16T20:12:09.907988+00:00,42,schema_checked
2619,10,70,0.04,0.06,0,0,1.42182850499,1.90061936051,0.681394187001,14957.2449845,3067.55145561,synthetic,True,1.0.0,1.0.0,2026-09-16T20:12:09.907988+00:00,42,schema_checked
2620,10,70,0.04,0.06,0,1,1.42182850499,1.42546452039,0.558743233341,12818.1572886,2515.3921936,synthetic,True,1.0.0,1.0.0,2026-09-16T20:12:09.907988+00:00,42,schema_checked
2621,10,70,0.04,0.06,5,0,1.39019457983,1.85833293118,0.688894187001,14624.4647886,3101.31551811,synthetic,True,1.0.0,1.0.0,2026-09-16T20:12:09.907988+00:00,42,schema_checked
2622,10,70,0.04,0.06,5,1,1.39019457983,1.39374969838,0.564893233341,12532.9691475,2543.07872485,synthetic,True,1.0.0,1.0.0,2026-09-16T20:12:09.907988+00:00,42,schema_checked
2623,10,70,0.04,0.085,-5,0,1.28487826183,1.70035845418,0.67946931749,13439.1625409,3058.88593368,synthetic,True,1.0.0,1.0.0,2026-09-16T20:12:09.907988+00:00,42,schema_checked
2624,10,70,0.04,0.085,-5,1,1.28487826183,1.27526884064,0.557164840342,11525.4622369,2508.28646561,synthetic,True,1.0.0,1.0.0,2026-09-16T20:12:09.907988+00:00,42,schema_checked
2625,10,70,0.04,0.085,0,0,1.31411571058,1.7390501689,0.67196931749,13744.9711437,3025.12187118,synthetic,True,1.0.0,1.0.0,2026-09-16T20:12:09.907988+00:00,42,schema_checked
2626,10,70,0.04,0.085,0,1,1.31411571058,1.30428762668,0.551014840342,11787.7245239,2480.59993436,synthetic,True,1.0.0,1.0.0,2026-09-16T20:12:09.907988+00:00,42,schema_checked
2627,10,70,0.04,0.085,5,0,1.28487826183,1.70035845418,0.67946931749,13439.1625409,3058.88593368,synthetic,True,1.0.0,1.0.0,2026-09-16T20:12:09.907988+00:00,42,schema_checked
2628,10,70,0.04,0.085,5,1,1.28487826183,1.27526884064,0.557164840342,11525.4622369,2508.28646561,synthetic,True,1.0.0,1.0.0,2026-09-16T20:12:09.907988+00:00,42,schema_checked
2629,10,70,0.055,0.04,-5,0,1.20911366221,1.58671155475,0.672689062743,12586.4556486,3028.36207434,synthetic,True,1.0.0,1.0.0,2026-09-16T20:12:09.907988+00:00,42,schema_checked
2630,10,70,0.055,0.04,-5,1,1.20911366221,1.19003366606,0.55160503145,10800.6613784,2483.25690096,synthetic,True,1.0.0,1.0.0,2026-09-16T20:12:09.907988+00:00,42,schema_checked
2631,10,70,0.055,0.04,0,0,1.2366270849,1.62281723038,0.665189062743,12872.8608769,2994.59801184,synthetic,True,1.0.0,1.0.0,2026-09-16T20:12:09.907988+00:00,42,schema_checked
2632,10,70,0.055,0.04,0,1,1.2366270849,1.21711292279,0.54545503145,11046.4307971,2455.57036971,synthetic,True,1.0.0,1.0.0,2026-09-16T20:12:09.907988+00:00,42,schema_checked
2633,10,70,0.055,0.04,5,0,1.20911366221,1.58671155475,0.672689062743,12586.4556486,3028.36207434,synthetic,True,1.0.0,1.0.0,2026-09-16T20:12:09.907988+00:00,42,schema_checked
2634,10,70,0.055,0.04,5,1,1.20911366221,1.19003366606,0.55160503145,10800.6613784,2483.25690096,synthetic,True,1.0.0,1.0.0,2026-09-16T20:12:09.907988+00:00,42,schema_checked
2635,10,70,0.055,0.06,-5,0,1.23674326192,1.62815595431,0.67516166506,12897.418159,3039.49342089,synthetic,True,1.0.0,1.0.0,2026-09-16T20:12:09.907988+00:00,42,schema_checked
2636,10,70,0.055,0.06,-5,1,1.23674326192,1.22111696573,0.553632565349,11064.9795123,2492.38460513,synthetic,True,1.0.0,1.0.0,2026-09-16T20:12:09.907988+00:00,42,schema_checked
2637,10,70,0.055,0.06,0,0,1.26488539709,1.66520469867,0.66766166506,13190.8993499,3005.72935839,synthetic,True,1.0.0,1.0.0,2026-09-16T20:12:09.907988+00:00,42,schema_checked
2638,10,70,0.055,0.06,0,1,1.26488539709,1.248903524,0.547482565349,11316.7634992,2464.69807388,synthetic,True,1.0.0,1.0.0,2026-09-16T20:12:09.907988+00:00,42,schema_checked
2639,10,70,0.055,0.06,5,0,1.23674326192,1.62815595431,0.67516166506,12897.418159,3039.49342089,synthetic,True,1.0.0,1.0.0,2026-09-16T20:12:09.907988+00:00,42,schema_checked
2640,10,70,0.055,0.06,5,1,1.23674326192,1.22111696573,0.553632565349,11064.9795123,2492.38460513,synthetic,True,1.0.0,1.0.0,2026-09-16T20:12:09.907988+00:00,42,schema_checked
2641,10,70,0.055,0.085,-5,0,1.1661087164,1.52220413604,0.668840504322,12102.4484226,3011.03634539,synthetic,True,1.0.0,1.0.0,2026-09-16T20:12:09.907988+00:00,42,schema_checked
2642,10,70,0.055,0.085,-5,1,1.1661087164,1.14165310203,0.548449213544,10389.2552364,2469.04980322,synthetic,True,1.0.0,1.0.0,2026-09-16T20:12:09.907988+00:00,42,schema_checked
2643,10,70,0.055,0.085,0,0,1.19264356008,1.55684194316,0.661340504322,12377.8400499,2977.27228289,synthetic,True,1.0.0,1.0.0,2026-09-16T20:12:09.907988+00:00,42,schema_checked
2644,10,70,0.055,0.085,0,1,1.19264356008,1.16763145737,0.542299213544,10625.6630942,2441.36327197,synthetic,True,1.0.0,1.0.0,2026-09-16T20:12:09.907988+00:00,42,schema_checked
2645,10,70,0.055,0.085,5,0,1.1661087164,1.52220413604,0.668840504322,12102.4484226,3011.03634539,synthetic,True,1.0.0,1.0.0,2026-09-16T20:12:09.907988+00:00,42,schema_checked
2646,10,70,0.055,0.085,5,1,1.1661087164,1.14165310203,0.548449213544,10389.2552364,2469.04980322,synthetic,True,1.0.0,1.0.0,2026-09-16T20:12:09.907988+00:00,42,schema_checked
2647,10,90,0.025,0.04,-5,0,1.34300995082,1.78755598766,0.684671584276,23297.2803934,5095.24034624,synthetic,True,1.0.0,1.0.0,2026-09-16T20:12:09.907988+00:00,42,schema_checked
2648,10,90,0.025,0.04,-5,1,1.34300995082,1.34066699075,0.561430699107,19971.5883395,4178.09708391,synthetic,True,1.0.0,1.0.0,2026-09-16T20:12:09.907988+00:00,42,schema_checked
2649,10,90,0.025,0.04,0,0,1.37357018813,1.82823188523,0.677171584276,23827.4108047,5039.42628374,synthetic,True,1.0.0,1.0.0,2026-09-16T20:12:09.907988+00:00,42,schema_checked
2650,10,90,0.025,0.04,0,1,1.37357018813,1.37117391392,0.555280699107,20426.0425145,4132.32955266,synthetic,True,1.0.0,1.0.0,2026-09-16T20:12:09.907988+00:00,42,schema_checked
2651,10,90,0.025,0.04,5,0,1.34300995082,1.78755598766,0.684671584276,23297.2803934,5095.24034624,synthetic,True,1.0.0,1.0.0,2026-09-16T20:12:09.907988+00:00,42,schema_checked
2652,10,90,0.025,0.04,5,1,1.34300995082,1.34066699075,0.561430699107,19971.5883395,4178.09708391,synthetic,True,1.0.0,1.0.0,2026-09-16T20:12:09.907988+00:00,42,schema_checked
2653,10,90,0.025,0.06,-5,0,1.38362496446,1.84847850811,0.688306265121,24052.9100299,5122.28918675,synthetic,True,1.0.0,1.0.0,2026-09-16T20:12:09.907988+00:00,42,schema_checked
2654,10,90,0.025,0.06,-5,1,1.38362496446,1.38635888109,0.5644111374,20613.8735305,4200.27713314,synthetic,True,1.0.0,1.0.0,2026-09-16T20:12:09.907988+00:00,42,schema_checked
2655,10,90,0.025,0.06,0,0,1.41510939779,1.89054069972,0.680806265121,24600.2348194,5066.47512425,synthetic,True,1.0.0,1.0.0,2026-09-16T20:12:09.907988+00:00,42,schema_checked
2656,10,90,0.025,0.06,0,1,1.41510939779,1.41790552479,0.5582611374,21082.942927,4154.50960189,synthetic,True,1.0.0,1.0.0,2026-09-16T20:12:09.907988+00:00,42,schema_checked
2657,10,90,0.025,0.06,5,0,1.38362496446,1.84847850811,0.688306265121,24052.9100299,5122.28918675,synthetic,True,1.0.0,1.0.0,2026-09-16T20:12:09.907988+00:00,42,schema_checked
2658,10,90,0.025,0.06,5,1,1.38362496446,1.38635888109,0.5644111374,20613.8735305,4200.27713314,synthetic,True,1.0.0,1.0.0,2026-09-16T20:12:09.907988+00:00,42,schema_checked
2659,10,90,0.025,0.085,-5,0,1.27979345551,1.6927312447,0.679014272755,22121.1572534,5053.13934106,synthetic,True,1.0.0,1.0.0,2026-09-16T20:12:09.907988+00:00,42,schema_checked
2660,10,90,0.025,0.085,-5,1,1.27979345551,1.26954843352,0.556791703659,18971.8836705,4143.57425967,synthetic,True,1.0.0,1.0.0,2026-09-16T20:12:09.907988+00:00,42,schema_checked
2661,10,90,0.025,0.085,0,0,1.30891519931,1.731249402,0.671514272755,22624.5249424,4997.32527856,synthetic,True,1.0.0,1.0.0,2026-09-16T20:12:09.907988+00:00,42,schema_checked
2662,10,90,0.025,0.085,0,1,1.30891519931,1.2984370515,0.550641703659,19403.5895315,4097.80672842,synthetic,True,1.0.0,1.0.0,2026-09-16T20:12:09.907988+00:00,42,schema_checked
2663,10,90,0.025,0.085,5,0,1.27979345551,1.6927312447,0.679014272755,22121.1572534,5053.13934106,synthetic,True,1.0.0,1.0.0,2026-09-16T20:12:09.907988+00:00,42,schema_checked
2664,10,90,0.025,0.085,5,1,1.27979345551,1.26954843352,0.556791703659,18971.8836705,4143.57425967,synthetic,True,1.0.0,1.0.0,2026-09-16T20:12:09.907988+00:00,42,schema_checked
2665,10,90,0.04,0.04,-5,0,1.34899876427,1.79653920784,0.685207529573,23408.7003962,5099.22878414,synthetic,True,1.0.0,1.0.0,2026-09-16T20:12:09.907988+00:00,42,schema_checked
2666,10,90,0.04,0.04,-5,1,1.34899876427,1.34740440588,0.56187017425,20066.2953419,4181.367603,synthetic,True,1.0.0,1.0.0,2026-09-16T20:12:09.907988+00:00,42,schema_checked
2667,10,90,0.04,0.04,0,0,1.37969527724,1.83741951889,0.677707529573,23941.3661735,5043.41472164,synthetic,True,1.0.0,1.0.0,2026-09-16T20:12:09.907988+00:00,42,schema_checked
2668,10,90,0.04,0.04,0,1,1.37969527724,1.37806463917,0.55572017425,20522.9045779,4135.60007175,synthetic,True,1.0.0,1.0.0,2026-09-16T20:12:09.907988+00:00,42,schema_checked
2669,10,90,0.04,0.04,5,0,1.34899876427,1.79653920784,0.685207529573,23408.7003962,5099.22878414,synthetic,True,1.0.0,1.0.0,2026-09-16T20:12:09.907988+00:00,42,schema_checked
2670,10,90,0.04,0.04,5,1,1.34899876427,1.34740440588,0.56187017425,20066.2953419,4181.367603,synthetic,True,1.0.0,1.0.0,2026-09-16T20:12:09.907988+00:00,42,schema_checked
2671,10,90,0.04,0.06,-5,0,1.39019457983,1.85833293118,0.688894187001,24175.135671,5126.66442789,synthetic,True,1.0.0,1.0.0,2026-09-16T20:12:09.907988+00:00,42,schema_checked
2672,10,90,0.04,0.06,-5,1,1.39019457983,1.39374969838,0.564893233341,20717.7653254,4203.86483087,synthetic,True,1.0.0,1.0.0,2026-09-16T20:12:09.907988+00:00,42,schema_checked
2673,10,90,0.04,0.06,0,0,1.42182850499,1.90061936051,0.681394187001,24725.2417091,5070.85036539,synthetic,True,1.0.0,1.0.0,2026-09-16T20:12:09.907988+00:00,42,schema_checked
2674,10,90,0.04,0.06,0,1,1.42182850499,1.42546452039,0.558743233341,21189.1987832,4158.09729962,synthetic,True,1.0.0,1.0.0,2026-09-16T20:12:09.907988+00:00,42,schema_checked
2675,10,90,0.04,0.06,5,0,1.39019457983,1.85833293118,0.688894187001,24175.135671,5126.66442789,synthetic,True,1.0.0,1.0.0,2026-09-16T20:12:09.907988+00:00,42,schema_checked
2676,10,90,0.04,0.06,5,1,1.39019457983,1.39374969838,0.564893233341,20717.7653254,4203.86483087,synthetic,True,1.0.0,1.0.0,2026-09-16T20:12:09.907988+00:00,42,schema_checked
2677,10,90,0.04,0.085,-5,0,1.28487826183,1.70035845418,0.67946931749,22215.758486,5056.5257271,synthetic,True,1.0.0,1.0.0,2026-09-16T20:12:09.907988+00:00,42,schema_checked
2678,10,90,0.04,0.085,-5,1,1.28487826183,1.27526884064,0.557164840342,19052.2947182,4146.35109622,synthetic,True,1.0.0,1.0.0,2026-09-16T20:12:09.907988+00:00,42,schema_checked
2679,10,90,0.04,0.085,0,0,1.31411571058,1.7390501689,0.67196931749,22721.2788294,5000.7116646,synthetic,True,1.0.0,1.0.0,2026-09-16T20:12:09.907988+00:00,42,schema_checked
2680,10,90,0.04,0.085,0,1,1.31411571058,1.30428762668,0.551014840342,19485.8303354,4100.58356497,synthetic,True,1.0.0,1.0.0,2026-09-16T20:12:09.907988+00:00,42,schema_checked
2681,10,90,0.04,0.085,5,0,1.28487826183,1.70035845418,0.67946931749,22215.758486,5056.5257271,synthetic,True,1.0.0,1.0.0,2026-09-16T20:12:09.907988+00:00,42,schema_checked
2682,10,90,0.04,0.085,5,1,1.28487826183,1.27526884064,0.557164840342,19052.2947182,4146.35109622,synthetic,True,1.0.0,1.0.0,2026-09-16T20:12:09.907988+00:00,42,schema_checked
2683,10,90,0.055,0.04,-5,0,1.20911366221,1.58671155475,0.672689062743,20806.1817864,5006.0679188,synthetic,True,1.0.0,1.0.0,2026-09-16T20:12:09.907988+00:00,42,schema_checked
2684,10,90,0.055,0.04,-5,1,1.20911366221,1.19003366606,0.55160503145,17854.1545236,4104.97569342,synthetic,True,1.0.0,1.0.0,2026-09-16T20:12:09.907988+00:00,42,schema_checked
2685,10,90,0.055,0.04,0,0,1.2366270849,1.62281723038,0.665189062743,21279.6271638,4950.2538563,synthetic,True,1.0.0,1.0.0,2026-09-16T20:12:09.907988+00:00,42,schema_checked
2686,10,90,0.055,0.04,0,1,1.2366270849,1.21711292279,0.54545503145,18260.4264197,4059.20816217,synthetic,True,1.0.0,1.0.0,2026-09-16T20:12:09.907988+00:00,42,schema_checked
2687,10,90,0.055,0.04,5,0,1.20911366221,1.58671155475,0.672689062743,20806.1817864,5006.0679188,synthetic,True,1.0.0,1.0.0,2026-09-16T20:12:09.907988+00:00,42,schema_checked
2688,10,90,0.055,0.04,5,1,1.20911366221,1.19003366606,0.55160503145,17854.1545236,4104.97569342,synthetic,True,1.0.0,1.0.0,2026-09-16T20:12:09.907988+00:00,42,schema_checked
2689,10,90,0.055,0.06,-5,0,1.23674326192,1.62815595431,0.67516166506,21320.2218547,5024.46871617,synthetic,True,1.0.0,1.0.0,2026-09-16T20:12:09.907988+00:00,42,schema_checked
2690,10,90,0.055,0.06,-5,1,1.23674326192,1.22111696573,0.553632565349,18291.0885816,4120.06434726,synthetic,True,1.0.0,1.0.0,2026-09-16T20:12:09.907988+00:00,42,schema_checked
2691,10,90,0.055,0.06,0,0,1.26488539709,1.66520469867,0.66766166506,21805.3642314,4968.65465367,synthetic,True,1.0.0,1.0.0,2026-09-16T20:12:09.907988+00:00,42,schema_checked
2692,10,90,0.055,0.06,0,1,1.26488539709,1.248903524,0.547482565349,18707.3029272,4074.29681601,synthetic,True,1.0.0,1.0.0,2026-09-16T20:12:09.907988+00:00,42,schema_checked
2693,10,90,0.055,0.06,5,0,1.23674326192,1.62815595431,0.67516166506,21320.2218547,5024.46871617,synthetic,True,1.0.0,1.0.0,2026-09-16T20:12:09.907988+00:00,42,schema_checked
2694,10,90,0.055,0.06,5,1,1.23674326192,1.22111696573,0.553632565349,18291.0885816,4120.06434726,synthetic,True,1.0.0,1.0.0,2026-09-16T20:12:09.907988+00:00,42,schema_checked
2695,10,90,0.055,0.085,-5,0,1.1661087164,1.52220413604,0.668840504322,20006.0882088,4977.4274281,synthetic,True,1.0.0,1.0.0,2026-09-16T20:12:09.907988+00:00,42,schema_checked
2696,10,90,0.055,0.085,-5,1,1.1661087164,1.14165310203,0.548449213544,17174.0749825,4081.49049104,synthetic,True,1.0.0,1.0.0,2026-09-16T20:12:09.907988+00:00,42,schema_checked
2697,10,90,0.055,0.085,0,0,1.19264356008,1.55684194316,0.661340504322,20461.3274294,4921.6133656,synthetic,True,1.0.0,1.0.0,2026-09-16T20:12:09.907988+00:00,42,schema_checked
2698,10,90,0.055,0.085,0,1,1.19264356008,1.16763145737,0.542299213544,17564.8716455,4035.72295979,synthetic,True,1.0.0,1.0.0,2026-09-16T20:12:09.907988+00:00,42,schema_checked
2699,10,90,0.055,0.085,5,0,1.1661087164,1.52220413604,0.668840504322,20006.0882088,4977.4274281,synthetic,True,1.0.0,1.0.0,2026-09-16T20:12:09.907988+00:00,42,schema_checked
2700,10,90,0.055,0.085,5,1,1.1661087164,1.14165310203,0.548449213544,17174.0749825,4081.49049104,synthetic,True,1.0.0,1.0.0,2026-09-16T20:12:09.907988+00:00,42,schema_checked
2701,11,0,0.025,0.04,-5,0,1.28554638049,1.83859619521,0.692482128859,0,0,synthetic,True,1.0.0,1.0.0,2026-09-16T20:12:09.907988+00:00,42,schema_checked
2702,11,0,0.025,0.04,-5,1,1.28554638049,1.37894714641,0.567835345664,0,0,synthetic,True,1.0.0,1.0.0,2026-09-16T20:12:09.907988+00:00,42,schema_checked
2703,11,0,0.025,0.04,0,0,1.31479903229,1.88043351445,0.684982128859,0,0,synthetic,True,1.0.0,1.0.0,2026-09-16T20:12:09.907988+00:00,42,schema_checked
2704,11,0,0.025,0.04,0,1,1.31479903229,1.41032513583,0.561685345664,0,0,synthetic,True,1.0.0,1.0.0,2026-09-16T20:12:09.907988+00:00,42,schema_checked
2705,11,0,0.025,0.04,5,0,1.28554638049,1.83859619521,0.692482128859,0,0,synthetic,True,1.0.0,1.0.0,2026-09-16T20:12:09.907988+00:00,42,schema_checked
2706,11,0,0.025,0.04,5,1,1.28554638049,1.37894714641,0.567835345664,0,0,synthetic,True,1.0.0,1.0.0,2026-09-16T20:12:09.907988+00:00,42,schema_checked
2707,11,0,0.025,0.06,-5,0,1.32616139412,1.89951871566,0.696116809704,0,0,synthetic,True,1.0.0,1.0.0,2026-09-16T20:12:09.907988+00:00,42,schema_checked
2708,11,0,0.025,0.06,-5,1,1.32616139412,1.42463903675,0.570815783957,0,0,synthetic,True,1.0.0,1.0.0,2026-09-16T20:12:09.907988+00:00,42,schema_checked
2709,11,0,0.025,0.06,0,0,1.35633824195,1.94274232893,0.688616809704,0,0,synthetic,True,1.0.0,1.0.0,2026-09-16T20:12:09.907988+00:00,42,schema_checked
2710,11,0,0.025,0.06,0,1,1.35633824195,1.4570567467,0.564665783957,0,0,synthetic,True,1.0.0,1.0.0,2026-09-16T20:12:09.907988+00:00,42,schema_checked
2711,11,0,0.025,0.06,5,0,1.32616139412,1.89951871566,0.696116809704,0,0,synthetic,True,1.0.0,1.0.0,2026-09-16T20:12:09.907988+00:00,42,schema_checked
2712,11,0,0.025,0.06,5,1,1.32616139412,1.42463903675,0.570815783957,0,0,synthetic,True,1.0.0,1.0.0,2026-09-16T20:12:09.907988+00:00,42,schema_checked
2713,11,0,0.025,0.085,-5,0,1.22232988518,1.74377145225,0.686824817337,0,0,synthetic,True,1.0.0,1.0.0,2026-09-16T20:12:09.907988+00:00,42,schema_checked
2714,11,0,0.025,0.085,-5,1,1.22232988518,1.30782858919,0.563196350216,0,0,synthetic,True,1.0.0,1.0.0,2026-09-16T20:12:09.907988+00:00,42,schema_checked
2715,11,0,0.025,0.085,0,0,1.25014404347,1.78345103122,0.679324817337,0,0,synthetic,True,1.0.0,1.0.0,2026-09-16T20:12:09.907988+00:00,42,schema_checked
2716,11,0,0.025,0.085,0,1,1.25014404347,1.33758827341,0.557046350216,0,0,synthetic,True,1.0.0,1.0.0,2026-09-16T20:12:09.907988+00:00,42,schema_checked
2717,11,0,0.025,0.085,5,0,1.22232988518,1.74377145225,0.686824817337,0,0,synthetic,True,1.0.0,1.0.0,2026-09-16T20:12:09.907988+00:00,42,schema_checked
2718,11,0,0.025,0.085,5,1,1.22232988518,1.30782858919,0.563196350216,0,0,synthetic,True,1.0.0,1.0.0,2026-09-16T20:12:09.907988+00:00,42,schema_checked
2719,11,0,0.04,0.04,-5,0,1.29153519394,1.84757941539,0.693018074156,0,0,synthetic,True,1.0.0,1.0.0,2026-09-16T20:12:09.907988+00:00,42,schema_checked
2720,11,0,0.04,0.04,-5,1,1.29153519394,1.38568456154,0.568274820808,0,0,synthetic,True,1.0.0,1.0.0,2026-09-16T20:12:09.907988+00:00,42,schema_checked
2721,11,0,0.04,0.04,0,0,1.3209241214,1.88962114811,0.685518074156,0,0,synthetic,True,1.0.0,1.0.0,2026-09-16T20:12:09.907988+00:00,42,schema_checked
2722,11,0,0.04,0.04,0,1,1.3209241214,1.41721586108,0.562124820808,0,0,synthetic,True,1.0.0,1.0.0,2026-09-16T20:12:09.907988+00:00,42,schema_checked
2723,11,0,0.04,0.04,5,0,1.29153519394,1.84757941539,0.693018074156,0,0,synthetic,True,1.0.0,1.0.0,2026-09-16T20:12:09.907988+00:00,42,schema_checked
2724,11,0,0.04,0.04,5,1,1.29153519394,1.38568456154,0.568274820808,0,0,synthetic,True,1.0.0,1.0.0,2026-09-16T20:12:09.907988+00:00,42,schema_checked
2725,11,0,0.04,0.06,-5,0,1.33273100949,1.90937313872,0.696704731584,0,0,synthetic,True,1.0.0,1.0.0,2026-09-16T20:12:09.907988+00:00,42,schema_checked
2726,11,0,0.04,0.06,-5,1,1.33273100949,1.43202985404,0.571297879899,0,0,synthetic,True,1.0.0,1.0.0,2026-09-16T20:12:09.907988+00:00,42,schema_checked
2727,11,0,0.04,0.06,0,0,1.36305734915,1.95282098973,0.689204731584,0,0,synthetic,True,1.0.0,1.0.0,2026-09-16T20:12:09.907988+00:00,42,schema_checked
2728,11,0,0.04,0.06,0,1,1.36305734915,1.4646157423,0.565147879899,0,0,synthetic,True,1.0.0,1.0.0,2026-09-16T20:12:09.907988+00:00,42,schema_checked
2729,11,0,0.04,0.06,5,0,1.33273100949,1.90937313872,0.696704731584,0,0,synthetic,True,1.0.0,1.0.0,2026-09-16T20:12:09.907988+00:00,42,schema_checked
2730,11,0,0.04,0.06,5,1,1.33273100949,1.43202985404,0.571297879899,0,0,synthetic,True,1.0.0,1.0.0,2026-09-16T20:12:09.907988+00:00,42,schema_checked
2731,11,0,0.04,0.085,-5,0,1.2274146915,1.75139866173,0.687279862073,0,0,synthetic,True,1.0.0,1.0.0,2026-09-16T20:12:09.907988+00:00,42,schema_checked
2732,11,0,0.04,0.085,-5,1,1.2274146915,1.3135489963,0.5635694869,0,0,synthetic,True,1.0.0,1.0.0,2026-09-16T20:12:09.907988+00:00,42,schema_checked
2733,11,0,0.04,0.085,0,0,1.25534455474,1.79125179811,0.679779862073,0,0,synthetic,True,1.0.0,1.0.0,2026-09-16T20:12:09.907988+00:00,42,schema_checked
2734,11,0,0.04,0.085,0,1,1.25534455474,1.34343884859,0.5574194869,0,0,synthetic,True,1.0.0,1.0.0,2026-09-16T20:12:09.907988+00:00,42,schema_checked
2735,11,0,0.04,0.085,5,0,1.2274146915,1.75139866173,0.687279862073,0,0,synthetic,True,1.0.0,1.0.0,2026-09-16T20:12:09.907988+00:00,42,schema_checked
2736,11,0,0.04,0.085,5,1,1.2274146915,1.3135489963,0.5635694869,0,0,synthetic,True,1.0.0,1.0.0,2026-09-16T20:12:09.907988+00:00,42,schema_checked
2737,11,0,0.055,0.04,-5,0,1.15165009187,1.63775176229,0.680499607326,0,0,synthetic,True,1.0.0,1.0.0,2026-09-16T20:12:09.907988+00:00,42,schema_checked
2738,11,0,0.055,0.04,-5,1,1.15165009187,1.22831382172,0.558009678007,0,0,synthetic,True,1.0.0,1.0.0,2026-09-16T20:12:09.907988+00:00,42,schema_checked
2739,11,0,0.055,0.04,0,0,1.17785592906,1.6750188596,0.672999607326,0,0,synthetic,True,1.0.0,1.0.0,2026-09-16T20:12:09.907988+00:00,42,schema_checked
2740,11,0,0.055,0.04,0,1,1.17785592906,1.2562641447,0.551859678007,0,0,synthetic,True,1.0.0,1.0.0,2026-09-16T20:12:09.907988+00:00,42,schema_checked
2741,11,0,0.055,0.04,5,0,1.15165009187,1.63775176229,0.680499607326,0,0,synthetic,True,1.0.0,1.0.0,2026-09-16T20:12:09.907988+00:00,42,schema_checked
2742,11,0,0.055,0.04,5,1,1.15165009187,1.22831382172,0.558009678007,0,0,synthetic,True,1.0.0,1.0.0,2026-09-16T20:12:09.907988+00:00,42,schema_checked
2743,11,0,0.055,0.06,-5,0,1.17927969158,1.67919616185,0.682972209643,0,0,synthetic,True,1.0.0,1.0.0,2026-09-16T20:12:09.907988+00:00,42,schema_checked
2744,11,0,0.055,0.06,-5,1,1.17927969158,1.25939712139,0.560037211907,0,0,synthetic,True,1.0.0,1.0.0,2026-09-16T20:12:09.907988+00:00,42,schema_checked
2745,11,0,0.055,0.06,0,0,1.20611424125,1.71740632789,0.675472209643,0,0,synthetic,True,1.0.0,1.0.0,2026-09-16T20:12:09.907988+00:00,42,schema_checked
2746,11,0,0.055,0.06,0,1,1.20611424125,1.28805474591,0.553887211907,0,0,synthetic,True,1.0.0,1.0.0,2026-09-16T20:12:09.907988+00:00,42,schema_checked
2747,11,0,0.055,0.06,5,0,1.17927969158,1.67919616185,0.682972209643,0,0,synthetic,True,1.0.0,1.0.0,2026-09-16T20:12:09.907988+00:00,42,schema_checked
2748,11,0,0.055,0.06,5,1,1.17927969158,1.25939712139,0.560037211907,0,0,synthetic,True,1.0.0,1.0.0,2026-09-16T20:12:09.907988+00:00,42,schema_checked
2749,11,0,0.055,0.085,-5,0,1.10864514607,1.57324434359,0.676651048905,0,0,synthetic,True,1.0.0,1.0.0,2026-09-16T20:12:09.907988+00:00,42,schema_checked
2750,11,0,0.055,0.085,-5,1,1.10864514607,1.17993325769,0.554853860102,0,0,synthetic,True,1.0.0,1.0.0,2026-09-16T20:12:09.907988+00:00,42,schema_checked
2751,11,0,0.055,0.085,0,0,1.13387240424,1.60904357237,0.669151048905,0,0,synthetic,True,1.0.0,1.0.0,2026-09-16T20:12:09.907988+00:00,42,schema_checked
2752,11,0,0.055,0.085,0,1,1.13387240424,1.20678267928,0.548703860102,0,0,synthetic,True,1.0.0,1.0.0,2026-09-16T20:12:09.907988+00:00,42,schema_checked
2753,11,0,0.055,0.085,5,0,1.10864514607,1.57324434359,0.676651048905,0,0,synthetic,True,1.0.0,1.0.0,2026-09-16T20:12:09.907988+00:00,42,schema_checked
2754,11,0,0.055,0.085,5,1,1.10864514607,1.17993325769,0.554853860102,0,0,synthetic,True,1.0.0,1.0.0,2026-09-16T20:12:09.907988+00:00,42,schema_checked
2755,11,30,0.025,0.04,-5,0,1.28554638049,1.83859619521,0.692482128859,2583.27539228,572.5961603,synthetic,True,1.0.0,1.0.0,2026-09-16T20:12:09.907988+00:00,42,schema_checked
2756,11,30,0.025,0.04,-5,1,1.28554638049,1.37894714641,0.567835345664,2203.20308505,469.528851446,synthetic,True,1.0.0,1.0.0,2026-09-16T20:12:09.907988+00:00,42,schema_checked
2757,11,30,0.025,0.04,0,0,1.31479903229,1.88043351445,0.684982128859,2642.05791209,566.3945978,synthetic,True,1.0.0,1.0.0,2026-09-16T20:12:09.907988+00:00,42,schema_checked
2758,11,30,0.025,0.04,0,1,1.31479903229,1.41032513583,0.561685345664,2253.33704652,464.443570196,synthetic,True,1.0.0,1.0.0,2026-09-16T20:12:09.907988+00:00,42,schema_checked
2759,11,30,0.025,0.04,5,0,1.28554638049,1.83859619521,0.692482128859,2583.27539228,572.5961603,synthetic,True,1.0.0,1.0.0,2026-09-16T20:12:09.907988+00:00,42,schema_checked
2760,11,30,0.025,0.04,5,1,1.28554638049,1.37894714641,0.567835345664,2203.20308505,469.528851446,synthetic,True,1.0.0,1.0.0,2026-09-16T20:12:09.907988+00:00,42,schema_checked
2761,11,30,0.025,0.06,-5,0,1.32616139412,1.89951871566,0.696116809704,2667.23424078,575.601587024,synthetic,True,1.0.0,1.0.0,2026-09-16T20:12:09.907988+00:00,42,schema_checked
2762,11,30,0.025,0.06,-5,1,1.32616139412,1.42463903675,0.570815783957,2274.56810627,471.99330136,synthetic,True,1.0.0,1.0.0,2026-09-16T20:12:09.907988+00:00,42,schema_checked
2763,11,30,0.025,0.06,0,0,1.35633824195,1.94274232893,0.688616809704,2727.92724705,569.400024524,synthetic,True,1.0.0,1.0.0,2026-09-16T20:12:09.907988+00:00,42,schema_checked
2764,11,30,0.025,0.06,0,1,1.35633824195,1.4570567467,0.564665783957,2326.32598124,466.90802011,synthetic,True,1.0.0,1.0.0,2026-09-16T20:12:09.907988+00:00,42,schema_checked
2765,11,30,0.025,0.06,5,0,1.32616139412,1.89951871566,0.696116809704,2667.23424078,575.601587024,synthetic,True,1.0.0,1.0.0,2026-09-16T20:12:09.907988+00:00,42,schema_checked
2766,11,30,0.025,0.06,5,1,1.32616139412,1.42463903675,0.570815783957,2274.56810627,471.99330136,synthetic,True,1.0.0,1.0.0,2026-09-16T20:12:09.907988+00:00,42,schema_checked
2767,11,30,0.025,0.085,-5,0,1.22232988518,1.74377145225,0.686824817337,2452.59504338,567.918270836,synthetic,True,1.0.0,1.0.0,2026-09-16T20:12:09.907988+00:00,42,schema_checked
2768,11,30,0.025,0.085,-5,1,1.22232988518,1.30782858919,0.563196350216,2092.12478849,465.692982085,synthetic,True,1.0.0,1.0.0,2026-09-16T20:12:09.907988+00:00,42,schema_checked
2769,11,30,0.025,0.085,0,0,1.25014404347,1.78345103122,0.679324817337,2508.40392739,561.716708336,synthetic,True,1.0.0,1.0.0,2026-09-16T20:12:09.907988+00:00,42,schema_checked
2770,11,30,0.025,0.085,0,1,1.25014404347,1.33758827341,0.557046350216,2139.73115953,460.607700835,synthetic,True,1.0.0,1.0.0,2026-09-16T20:12:09.907988+00:00,42,schema_checked
2771,11,30,0.025,0.085,5,0,1.22232988518,1.74377145225,0.686824817337,2452.59504338,567.918270836,synthetic,True,1.0.0,1.0.0,2026-09-16T20:12:09.907988+00:00,42,schema_checked
2772,11,30,0.025,0.085,5,1,1.22232988518,1.30782858919,0.563196350216,2092.12478849,465.692982085,synthetic,True,1.0.0,1.0.0,2026-09-16T20:12:09.907988+00:00,42,schema_checked
2773,11,30,0.04,0.04,-5,0,1.29153519394,1.84757941539,0.693018074156,2595.65539259,573.039320068,synthetic,True,1.0.0,1.0.0,2026-09-16T20:12:09.907988+00:00,42,schema_checked
2774,11,30,0.04,0.04,-5,1,1.29153519394,1.38568456154,0.568274820808,2213.72608531,469.892242455,synthetic,True,1.0.0,1.0.0,2026-09-16T20:12:09.907988+00:00,42,schema_checked
2775,11,30,0.04,0.04,0,0,1.3209241214,1.88962114811,0.685518074156,2654.71961973,566.837757568,synthetic,True,1.0.0,1.0.0,2026-09-16T20:12:09.907988+00:00,42,schema_checked
2776,11,30,0.04,0.04,0,1,1.3209241214,1.41721586108,0.562124820808,2264.09949801,464.806961205,synthetic,True,1.0.0,1.0.0,2026-09-16T20:12:09.907988+00:00,42,schema_checked
2777,11,30,0.04,0.04,5,0,1.29153519394,1.84757941539,0.693018074156,2595.65539259,573.039320068,synthetic,True,1.0.0,1.0.0,2026-09-16T20:12:09.907988+00:00,42,schema_checked
2778,11,30,0.04,0.04,5,1,1.29153519394,1.38568456154,0.568274820808,2213.72608531,469.892242455,synthetic,True,1.0.0,1.0.0,2026-09-16T20:12:09.907988+00:00,42,schema_checked
2779,11,30,0.04,0.06,-5,0,1.33273100949,1.90937313872,0.696704731584,2680.81486756,576.087724928,synthetic,True,1.0.0,1.0.0,2026-09-16T20:12:09.907988+00:00,42,schema_checked
2780,11,30,0.04,0.06,-5,1,1.33273100949,1.43202985404,0.571297879899,2286.11163904,472.391934441,synthetic,True,1.0.0,1.0.0,2026-09-16T20:12:09.907988+00:00,42,schema_checked
2781,11,30,0.04,0.06,0,0,1.36305734915,1.95282098973,0.689204731584,2741.81690146,569.886162428,synthetic,True,1.0.0,1.0.0,2026-09-16T20:12:09.907988+00:00,42,schema_checked
2782,11,30,0.04,0.06,0,1,1.36305734915,1.4646157423,0.565147879899,2338.13218749,467.306653191,synthetic,True,1.0.0,1.0.0,2026-09-16T20:12:09.907988+00:00,42,schema_checked
2783,11,30,0.04,0.06,5,0,1.33273100949,1.90937313872,0.696704731584,2680.81486756,576.087724928,synthetic,True,1.0.0,1.0.0,2026-09-16T20:12:09.907988+00:00,42,schema_checked
2784,11,30,0.04,0.06,5,1,1.33273100949,1.43202985404,0.571297879899,2286.11163904,472.391934441,synthetic,True,1.0.0,1.0.0,2026-09-16T20:12:09.907988+00:00,42,schema_checked
2785,11,30,0.04,0.085,-5,0,1.2274146915,1.75139866173,0.687279862073,2463.10629145,568.294535951,synthetic,True,1.0.0,1.0.0,2026-09-16T20:12:09.907988+00:00,42,schema_checked
2786,11,30,0.04,0.085,-5,1,1.2274146915,1.3135489963,0.5635694869,2101.05934935,466.00151948,synthetic,True,1.0.0,1.0.0,2026-09-16T20:12:09.907988+00:00,42,schema_checked
2787,11,30,0.04,0.085,0,0,1.25534455474,1.79125179811,0.679779862073,2519.15435927,562.092973451,synthetic,True,1.0.0,1.0.0,2026-09-16T20:12:09.907988+00:00,42,schema_checked
2788,11,30,0.04,0.085,0,1,1.25534455474,1.34343884859,0.5574194869,2148.86902662,460.91623823,synthetic,True,1.0.0,1.0.0,2026-09-16T20:12:09.907988+00:00,42,schema_checked
2789,11,30,0.04,0.085,5,0,1.2274146915,1.75139866173,0.687279862073,2463.10629145,568.294535951,synthetic,True,1.0.0,1.0.0,2026-09-16T20:12:09.907988+00:00,42,schema_checked
2790,11,30,0.04,0.085,5,1,1.2274146915,1.3135489963,0.5635694869,2101.05934935,466.00151948,synthetic,True,1.0.0,1.0.0,2026-09-16T20:12:09.907988+00:00,42,schema_checked
2791,11,30,0.055,0.04,-5,0,1.15165009187,1.63775176229,0.680499607326,2306.48665817,562.688112808,synthetic,True,1.0.0,1.0.0,2026-09-16T20:12:09.907988+00:00,42,schema_checked
2792,11,30,0.055,0.04,-5,1,1.15165009187,1.22831382172,0.558009678007,1967.93266105,461.404252502,synthetic,True,1.0.0,1.0.0,2026-09-16T20:12:09.907988+00:00,42,schema_checked
2793,11,30,0.055,0.04,0,0,1.17785592906,1.6750188596,0.672999607326,2358.97084087,556.486550308,synthetic,True,1.0.0,1.0.0,2026-09-16T20:12:09.907988+00:00,42,schema_checked
2794,11,30,0.055,0.04,0,1,1.17785592906,1.2562641447,0.551859678007,2012.71303599,456.318971252,synthetic,True,1.0.0,1.0.0,2026-09-16T20:12:09.907988+00:00,42,schema_checked
2795,11,30,0.055,0.04,5,0,1.15165009187,1.63775176229,0.680499607326,2306.48665817,562.688112808,synthetic,True,1.0.0,1.0.0,2026-09-16T20:12:09.907988+00:00,42,schema_checked
2796,11,30,0.055,0.04,5,1,1.15165009187,1.22831382172,0.558009678007,1967.93266105,461.404252502,synthetic,True,1.0.0,1.0.0,2026-09-16T20:12:09.907988+00:00,42,schema_checked
2797,11,30,0.055,0.06,-5,0,1.17927969158,1.67919616185,0.682972209643,2363.60222131,564.732645848,synthetic,True,1.0.0,1.0.0,2026-09-16T20:12:09.907988+00:00,42,schema_checked
2798,11,30,0.055,0.06,-5,1,1.17927969158,1.25939712139,0.560037211907,2016.48088973,463.080769596,synthetic,True,1.0.0,1.0.0,2026-09-16T20:12:09.907988+00:00,42,schema_checked
2799,11,30,0.055,0.06,0,0,1.20611424125,1.71740632789,0.675472209643,2417.38607061,558.531083348,synthetic,True,1.0.0,1.0.0,2026-09-16T20:12:09.907988+00:00,42,schema_checked
2800,11,30,0.055,0.06,0,1,1.20611424125,1.28805474591,0.553887211907,2062.36598126,457.995488346,synthetic,True,1.0.0,1.0.0,2026-09-16T20:12:09.907988+00:00,42,schema_checked
2801,11,30,0.055,0.06,5,0,1.17927969158,1.67919616185,0.682972209643,2363.60222131,564.732645848,synthetic,True,1.0.0,1.0.0,2026-09-16T20:12:09.907988+00:00,42,schema_checked
2802,11,30,0.055,0.06,5,1,1.17927969158,1.25939712139,0.560037211907,2016.48088973,463.080769596,synthetic,True,1.0.0,1.0.0,2026-09-16T20:12:09.907988+00:00,42,schema_checked
2803,11,30,0.055,0.085,-5,0,1.10864514607,1.57324434359,0.676651048905,2217.58737176,559.505836063,synthetic,True,1.0.0,1.0.0,2026-09-16T20:12:09.907988+00:00,42,schema_checked
2804,11,30,0.055,0.085,-5,1,1.10864514607,1.17993325769,0.554853860102,1892.36826761,458.794785572,synthetic,True,1.0.0,1.0.0,2026-09-16T20:12:09.907988+00:00,42,schema_checked
2805,11,30,0.055,0.085,0,0,1.13387240424,1.60904357237,0.669151048905,2268.04864817,553.304273563,synthetic,True,1.0.0,1.0.0,2026-09-16T20:12:09.907988+00:00,42,schema_checked
2806,11,30,0.055,0.085,0,1,1.13387240424,1.20678267928,0.548703860102,1935.42917219,453.709504322,synthetic,True,1.0.0,1.0.0,2026-09-16T20:12:09.907988+00:00,42,schema_checked
2807,11,30,0.055,0.085,5,0,1.10864514607,1.57324434359,0.676651048905,2217.58737176,559.505836063,synthetic,True,1.0.0,1.0.0,2026-09-16T20:12:09.907988+00:00,42,schema_checked
2808,11,30,0.055,0.085,5,1,1.10864514607,1.17993325769,0.554853860102,1892.36826761,458.794785572,synthetic,True,1.0.0,1.0.0,2026-09-16T20:12:09.907988+00:00,42,schema_checked
2809,11,50,0.025,0.04,-5,0,1.28554638049,1.83859619521,0.692482128859,7175.76497855,1590.54488972,synthetic,True,1.0.0,1.0.0,2026-09-16T20:12:09.907988+00:00,42,schema_checked
2810,11,50,0.025,0.04,-5,1,1.28554638049,1.37894714641,0.567835345664,6120.00856958,1304.24680957,synthetic,True,1.0.0,1.0.0,2026-09-16T20:12:09.907988+00:00,42,schema_checked
2811,11,50,0.025,0.04,0,0,1.31479903229,1.88043351445,0.684982128859,7339.04975579,1573.31832722,synthetic,True,1.0.0,1.0.0,2026-09-16T20:12:09.907988+00:00,42,schema_checked
2812,11,50,0.025,0.04,0,1,1.31479903229,1.41032513583,0.561685345664,6259.26957367,1290.12102832,synthetic,True,1.0.0,1.0.0,2026-09-16T20:12:09.907988+00:00,42,schema_checked
2813,11,50,0.025,0.04,5,0,1.28554638049,1.83859619521,0.692482128859,7175.76497855,1590.54488972,synthetic,True,1.0.0,1.0.0,2026-09-16T20:12:09.907988+00:00,42,schema_checked
2814,11,50,0.025,0.04,5,1,1.28554638049,1.37894714641,0.567835345664,6120.00856958,1304.24680957,synthetic,True,1.0.0,1.0.0,2026-09-16T20:12:09.907988+00:00,42,schema_checked
2815,11,50,0.025,0.06,-5,0,1.32616139412,1.89951871566,0.696116809704,7408.98400216,1598.89329729,synthetic,True,1.0.0,1.0.0,2026-09-16T20:12:09.907988+00:00,42,schema_checked
2816,11,50,0.025,0.06,-5,1,1.32616139412,1.42463903675,0.570815783957,6318.24473965,1311.09250378,synthetic,True,1.0.0,1.0.0,2026-09-16T20:12:09.907988+00:00,42,schema_checked
2817,11,50,0.025,0.06,0,0,1.35633824195,1.94274232893,0.688616809704,7577.57568625,1581.66673479,synthetic,True,1.0.0,1.0.0,2026-09-16T20:12:09.907988+00:00,42,schema_checked
2818,11,50,0.025,0.06,0,1,1.35633824195,1.4570567467,0.564665783957,6462.01661456,1296.96672253,synthetic,True,1.0.0,1.0.0,2026-09-16T20:12:09.907988+00:00,42,schema_checked
2819,11,50,0.025,0.06,5,0,1.32616139412,1.89951871566,0.696116809704,7408.98400216,1598.89329729,synthetic,True,1.0.0,1.0.0,2026-09-16T20:12:09.907988+00:00,42,schema_checked
2820,11,50,0.025,0.06,5,1,1.32616139412,1.42463903675,0.570815783957,6318.24473965,1311.09250378,synthetic,True,1.0.0,1.0.0,2026-09-16T20:12:09.907988+00:00,42,schema_checked
2821,11,50,0.025,0.085,-5,0,1.22232988518,1.74377145225,0.686824817337,6812.76400939,1577.55075232,synthetic,True,1.0.0,1.0.0,2026-09-16T20:12:09.907988+00:00,42,schema_checked
2822,11,50,0.025,0.085,-5,1,1.22232988518,1.30782858919,0.563196350216,5811.4577458,1293.5916169,synthetic,True,1.0.0,1.0.0,2026-09-16T20:12:09.907988+00:00,42,schema_checked
2823,11,50,0.025,0.085,0,0,1.25014404347,1.78345103122,0.679324817337,6967.78868718,1560.32418982,synthetic,True,1.0.0,1.0.0,2026-09-16T20:12:09.907988+00:00,42,schema_checked
2824,11,50,0.025,0.085,0,1,1.25014404347,1.33758827341,0.557046350216,5943.69766535,1279.46583565,synthetic,True,1.0.0,1.0.0,2026-09-16T20:12:09.907988+00:00,42,schema_checked
2825,11,50,0.025,0.085,5,0,1.22232988518,1.74377145225,0.686824817337,6812.76400939,1577.55075232,synthetic,True,1.0.0,1.0.0,2026-09-16T20:12:09.907988+00:00,42,schema_checked
2826,11,50,0.025,0.085,5,1,1.22232988518,1.30782858919,0.563196350216,5811.4577458,1293.5916169,synthetic,True,1.0.0,1.0.0,2026-09-16T20:12:09.907988+00:00,42,schema_checked
2827,11,50,0.04,0.04,-5,0,1.29153519394,1.84757941539,0.693018074156,7210.1538683,1591.77588908,synthetic,True,1.0.0,1.0.0,2026-09-16T20:12:09.907988+00:00,42,schema_checked
2828,11,50,0.04,0.04,-5,1,1.29153519394,1.38568456154,0.568274820808,6149.23912587,1305.25622904,synthetic,True,1.0.0,1.0.0,2026-09-16T20:12:09.907988+00:00,42,schema_checked
2829,11,50,0.04,0.04,0,0,1.3209241214,1.88962114811,0.685518074156,7374.2211659,1574.54932658,synthetic,True,1.0.0,1.0.0,2026-09-16T20:12:09.907988+00:00,42,schema_checked
2830,11,50,0.04,0.04,0,1,1.3209241214,1.41721586108,0.562124820808,6289.16527226,1291.13044779,synthetic,True,1.0.0,1.0.0,2026-09-16T20:12:09.907988+00:00,42,schema_checked
2831,11,50,0.04,0.04,5,0,1.29153519394,1.84757941539,0.693018074156,7210.1538683,1591.77588908,synthetic,True,1.0.0,1.0.0,2026-09-16T20:12:09.907988+00:00,42,schema_checked
2832,11,50,0.04,0.04,5,1,1.29153519394,1.38568456154,0.568274820808,6149.23912587,1305.25622904,synthetic,True,1.0.0,1.0.0,2026-09-16T20:12:09.907988+00:00,42,schema_checked
2833,11,50,0.04,0.06,-5,0,1.33273100949,1.90937313872,0.696704731584,7446.70796544,1600.24368036,synthetic,True,1.0.0,1.0.0,2026-09-16T20:12:09.907988+00:00,42,schema_checked
2834,11,50,0.04,0.06,-5,1,1.33273100949,1.43202985404,0.571297879899,6350.31010844,1312.19981789,synthetic,True,1.0.0,1.0.0,2026-09-16T20:12:09.907988+00:00,42,schema_checked
2835,11,50,0.04,0.06,0,0,1.36305734915,1.95282098973,0.689204731584,7616.1580596,1583.01711786,synthetic,True,1.0.0,1.0.0,2026-09-16T20:12:09.907988+00:00,42,schema_checked
2836,11,50,0.04,0.06,0,1,1.36305734915,1.4646157423,0.565147879899,6494.81163191,1298.07403664,synthetic,True,1.0.0,1.0.0,2026-09-16T20:12:09.907988+00:00,42,schema_checked
2837,11,50,0.04,0.06,5,0,1.33273100949,1.90937313872,0.696704731584,7446.70796544,1600.24368036,synthetic,True,1.0.0,1.0.0,2026-09-16T20:12:09.907988+00:00,42,schema_checked
2838,11,50,0.04,0.06,5,1,1.33273100949,1.43202985404,0.571297879899,6350.31010844,1312.19981789,synthetic,True,1.0.0,1.0.0,2026-09-16T20:12:09.907988+00:00,42,schema_checked
2839,11,50,0.04,0.085,-5,0,1.2274146915,1.75139866173,0.687279862073,6841.9619207,1578.5959332,synthetic,True,1.0.0,1.0.0,2026-09-16T20:12:09.907988+00:00,42,schema_checked
2840,11,50,0.04,0.085,-5,1,1.2274146915,1.3135489963,0.5635694869,5836.27597041,1294.44866522,synthetic,True,1.0.0,1.0.0,2026-09-16T20:12:09.907988+00:00,42,schema_checked
2841,11,50,0.04,0.085,0,0,1.25534455474,1.79125179811,0.679779862073,6997.65099796,1561.3693707,synthetic,True,1.0.0,1.0.0,2026-09-16T20:12:09.907988+00:00,42,schema_checked
2842,11,50,0.04,0.085,0,1,1.25534455474,1.34343884859,0.5574194869,5969.08062951,1280.32288397,synthetic,True,1.0.0,1.0.0,2026-09-16T20:12:09.907988+00:00,42,schema_checked
2843,11,50,0.04,0.085,5,0,1.2274146915,1.75139866173,0.687279862073,6841.9619207,1578.5959332,synthetic,True,1.0.0,1.0.0,2026-09-16T20:12:09.907988+00:00,42,schema_checked
2844,11,50,0.04,0.085,5,1,1.2274146915,1.3135489963,0.5635694869,5836.27597041,1294.44866522,synthetic,True,1.0.0,1.0.0,2026-09-16T20:12:09.907988+00:00,42,schema_checked
2845,11,50,0.055,0.04,-5,0,1.15165009187,1.63775176229,0.680499607326,6406.90738379,1563.02253558,synthetic,True,1.0.0,1.0.0,2026-09-16T20:12:09.907988+00:00,42,schema_checked
2846,11,50,0.055,0.04,-5,1,1.15165009187,1.22831382172,0.558009678007,5466.47961404,1281.67847917,synthetic,True,1.0.0,1.0.0,2026-09-16T20:12:09.907988+00:00,42,schema_checked
2847,11,50,0.055,0.04,0,0,1.17785592906,1.6750188596,0.672999607326,6552.6967802,1545.79597308,synthetic,True,1.0.0,1.0.0,2026-09-16T20:12:09.907988+00:00,42,schema_checked
2848,11,50,0.055,0.04,0,1,1.17785592906,1.2562641447,0.551859678007,5590.86954441,1267.55269792,synthetic,True,1.0.0,1.0.0,2026-09-16T20:12:09.907988+00:00,42,schema_checked
2849,11,50,0.055,0.04,5,0,1.15165009187,1.63775176229,0.680499607326,6406.90738379,1563.02253558,synthetic,True,1.0.0,1.0.0,2026-09-16T20:12:09.907988+00:00,42,schema_checked
2850,11,50,0.055,0.04,5,1,1.15165009187,1.22831382172,0.558009678007,5466.47961404,1281.67847917,synthetic,True,1.0.0,1.0.0,2026-09-16T20:12:09.907988+00:00,42,schema_checked
2851,11,50,0.055,0.06,-5,0,1.17927969158,1.67919616185,0.682972209643,6565.56172586,1568.70179402,synthetic,True,1.0.0,1.0.0,2026-09-16T20:12:09.907988+00:00,42,schema_checked
2852,11,50,0.055,0.06,-5,1,1.17927969158,1.25939712139,0.560037211907,5601.3358048,1286.3354711,synthetic,True,1.0.0,1.0.0,2026-09-16T20:12:09.907988+00:00,42,schema_checked
2853,11,50,0.055,0.06,0,0,1.20611424125,1.71740632789,0.675472209643,6714.96130724,1551.47523152,synthetic,True,1.0.0,1.0.0,2026-09-16T20:12:09.907988+00:00,42,schema_checked
2854,11,50,0.055,0.06,0,1,1.20611424125,1.28805474591,0.553887211907,5728.7943924,1272.20968985,synthetic,True,1.0.0,1.0.0,2026-09-16T20:12:09.907988+00:00,42,schema_checked
2855,11,50,0.055,0.06,5,0,1.17927969158,1.67919616185,0.682972209643,6565.56172586,1568.70179402,synthetic,True,1.0.0,1.0.0,2026-09-16T20:12:09.907988+00:00,42,schema_checked
2856,11,50,0.055,0.06,5,1,1.17927969158,1.25939712139,0.560037211907,5601.3358048,1286.3354711,synthetic,True,1.0.0,1.0.0,2026-09-16T20:12:09.907988+00:00,42,schema_checked
2857,11,50,0.055,0.085,-5,0,1.10864514607,1.57324434359,0.676651048905,6159.96492155,1554.18287795,synthetic,True,1.0.0,1.0.0,2026-09-16T20:12:09.907988+00:00,42,schema_checked
2858,11,50,0.055,0.085,-5,1,1.10864514607,1.17993325769,0.554853860102,5256.57852113,1274.42995992,synthetic,True,1.0.0,1.0.0,2026-09-16T20:12:09.907988+00:00,42,schema_checked
2859,11,50,0.055,0.085,0,0,1.13387240424,1.60904357237,0.669151048905,6300.13513379,1536.95631545,synthetic,True,1.0.0,1.0.0,2026-09-16T20:12:09.907988+00:00,42,schema_checked
2860,11,50,0.055,0.085,0,1,1.13387240424,1.20678267928,0.548703860102,5376.19214497,1260.30417867,synthetic,True,1.0.0,1.0.0,2026-09-16T20:12:09.907988+00:00,42,schema_checked
2861,11,50,0.055,0.085,5,0,1.10864514607,1.57324434359,0.676651048905,6159.96492155,1554.18287795,synthetic,True,1.0.0,1.0.0,2026-09-16T20:12:09.907988+00:00,42,schema_checked
2862,11,50,0.055,0.085,5,1,1.10864514607,1.17993325769,0.554853860102,5256.57852113,1274.42995992,synthetic,True,1.0.0,1.0.0,2026-09-16T20:12:09.907988+00:00,42,schema_checked
2863,11,70,0.025,0.04,-5,0,1.28554638049,1.83859619521,0.692482128859,14064.499358,3117.46798386,synthetic,True,1.0.0,1.0.0,2026-09-16T20:12:09.907988+00:00,42,schema_checked
2864,11,70,0.025,0.04,-5,1,1.28554638049,1.37894714641,0.567835345664,11995.2167964,2556.32374676,synthetic,True,1.0.0,1.0.0,2026-09-16T20:12:09.907988+00:00,42,schema_checked
2865,11,70,0.025,0.04,0,0,1.31479903229,1.88043351445,0.684982128859,14384.5375214,3083.70392136,synthetic,True,1.0.0,1.0.0,2026-09-16T20:12:09.907988+00:00,42,schema_checked
2866,11,70,0.025,0.04,0,1,1.31479903229,1.41032513583,0.561685345664,12268.1683644,2528.63721551,synthetic,True,1.0.0,1.0.0,2026-09-16T20:12:09.907988+00:00,42,schema_checked
2867,11,70,0.025,0.04,5,0,1.28554638049,1.83859619521,0.692482128859,14064.499358,3117.46798386,synthetic,True,1.0.0,1.0.0,2026-09-16T20:12:09.907988+00:00,42,schema_checked
2868,11,70,0.025,0.04,5,1,1.28554638049,1.37894714641,0.567835345664,11995.2167964,2556.32374676,synthetic,True,1.0.0,1.0.0,2026-09-16T20:12:09.907988+00:00,42,schema_checked
2869,11,70,0.025,0.06,-5,0,1.32616139412,1.89951871566,0.696116809704,14521.6086442,3133.83086269,synthetic,True,1.0.0,1.0.0,2026-09-16T20:12:09.907988+00:00,42,schema_checked
2870,11,70,0.025,0.06,-5,1,1.32616139412,1.42463903675,0.570815783957,12383.7596897,2569.7413074,synthetic,True,1.0.0,1.0.0,2026-09-16T20:12:09.907988+00:00,42,schema_checked
2871,11,70,0.025,0.06,0,0,1.35633824195,1.94274232893,0.688616809704,14852.0483451,3100.06680019,synthetic,True,1.0.0,1.0.0,2026-09-16T20:12:09.907988+00:00,42,schema_checked
2872,11,70,0.025,0.06,0,1,1.35633824195,1.4570567467,0.564665783957,12665.5525645,2542.05477615,synthetic,True,1.0.0,1.0.0,2026-09-16T20:12:09.907988+00:00,42,schema_checked
2873,11,70,0.025,0.06,5,0,1.32616139412,1.89951871566,0.696116809704,14521.6086442,3133.83086269,synthetic,True,1.0.0,1.0.0,2026-09-16T20:12:09.907988+00:00,42,schema_checked
2874,11,70,0.025,0.06,5,1,1.32616139412,1.42463903675,0.570815783957,12383.7596897,2569.7413074,synthetic,True,1.0.0,1.0.0,2026-09-16T20:12:09.907988+00:00,42,schema_checked
2875,11,70,0.025,0.085,-5,0,1.22232988518,1.74377145225,0.686824817337,13353.0174584,3091.99947455,synthetic,True,1.0.0,1.0.0,2026-09-16T20:12:09.907988+00:00,42,schema_checked
2876,11,70,0.025,0.085,-5,1,1.22232988518,1.30782858919,0.563196350216,11390.4571818,2535.43956913,synthetic,True,1.0.0,1.0.0,2026-09-16T20:12:09.907988+00:00,42,schema_checked
2877,11,70,0.025,0.085,0,0,1.25014404347,1.78345103122,0.679324817337,13656.8658269,3058.23541205,synthetic,True,1.0.0,1.0.0,2026-09-16T20:12:09.907988+00:00,42,schema_checked
2878,11,70,0.025,0.085,0,1,1.25014404347,1.33758827341,0.557046350216,11649.6474241,2507.75303788,synthetic,True,1.0.0,1.0.0,2026-09-16T20:12:09.907988+00:00,42,schema_checked
2879,11,70,0.025,0.085,5,0,1.22232988518,1.74377145225,0.686824817337,13353.0174584,3091.99947455,synthetic,True,1.0.0,1.0.0,2026-09-16T20:12:09.907988+00:00,42,schema_checked
2880,11,70,0.025,0.085,5,1,1.22232988518,1.30782858919,0.563196350216,11390.4571818,2535.43956913,synthetic,True,1.0.0,1.0.0,2026-09-16T20:12:09.907988+00:00,42,schema_checked
2881,11,70,0.04,0.04,-5,0,1.29153519394,1.84757941539,0.693018074156,14131.9015819,3119.88074259,synthetic,True,1.0.0,1.0.0,2026-09-16T20:12:09.907988+00:00,42,schema_checked
2882,11,70,0.04,0.04,-5,1,1.29153519394,1.38568456154,0.568274820808,12052.5086867,2558.30220892,synthetic,True,1.0.0,1.0.0,2026-09-16T20:12:09.907988+00:00,42,schema_checked
2883,11,70,0.04,0.04,0,0,1.3209241214,1.88962114811,0.685518074156,14453.4734852,3086.11668009,synthetic,True,1.0.0,1.0.0,2026-09-16T20:12:09.907988+00:00,42,schema_checked
2884,11,70,0.04,0.04,0,1,1.3209241214,1.41721586108,0.562124820808,12326.7639336,2530.61567767,synthetic,True,1.0.0,1.0.0,2026-09-16T20:12:09.907988+00:00,42,schema_checked
2885,11,70,0.04,0.04,5,0,1.29153519394,1.84757941539,0.693018074156,14131.9015819,3119.88074259,synthetic,True,1.0.0,1.0.0,2026-09-16T20:12:09.907988+00:00,42,schema_checked
2886,11,70,0.04,0.04,5,1,1.29153519394,1.38568456154,0.568274820808,12052.5086867,2558.30220892,synthetic,True,1.0.0,1.0.0,2026-09-16T20:12:09.907988+00:00,42,schema_checked
2887,11,70,0.04,0.06,-5,0,1.33273100949,1.90937313872,0.696704731584,14595.5476123,3136.4776135,synthetic,True,1.0.0,1.0.0,2026-09-16T20:12:09.907988+00:00,42,schema_checked
2888,11,70,0.04,0.06,-5,1,1.33273100949,1.43202985404,0.571297879899,12446.6078125,2571.91164307,synthetic,True,1.0.0,1.0.0,2026-09-16T20:12:09.907988+00:00,42,schema_checked
2889,11,70,0.04,0.06,0,0,1.36305734915,1.95282098973,0.689204731584,14927.6697968,3102.713551,synthetic,True,1.0.0,1.0.0,2026-09-16T20:12:09.907988+00:00,42,schema_checked
2890,11,70,0.04,0.06,0,1,1.36305734915,1.4646157423,0.565147879899,12729.8307985,2544.22511182,synthetic,True,1.0.0,1.0.0,2026-09-16T20:12:09.907988+00:00,42,schema_checked
2891,11,70,0.04,0.06,5,0,1.33273100949,1.90937313872,0.696704731584,14595.5476123,3136.4776135,synthetic,True,1.0.0,1.0.0,2026-09-16T20:12:09.907988+00:00,42,schema_checked
2892,11,70,0.04,0.06,5,1,1.33273100949,1.43202985404,0.571297879899,12446.6078125,2571.91164307,synthetic,True,1.0.0,1.0.0,2026-09-16T20:12:09.907988+00:00,42,schema_checked
2893,11,70,0.04,0.085,-5,0,1.2274146915,1.75139866173,0.687279862073,13410.2453646,3094.04802907,synthetic,True,1.0.0,1.0.0,2026-09-16T20:12:09.907988+00:00,42,schema_checked
2894,11,70,0.04,0.085,-5,1,1.2274146915,1.3135489963,0.5635694869,11439.100902,2537.11938384,synthetic,True,1.0.0,1.0.0,2026-09-16T20:12:09.907988+00:00,42,schema_checked
2895,11,70,0.04,0.085,0,0,1.25534455474,1.79125179811,0.679779862073,13715.395956,3060.28396657,synthetic,True,1.0.0,1.0.0,2026-09-16T20:12:09.907988+00:00,42,schema_checked
2896,11,70,0.04,0.085,0,1,1.25534455474,1.34343884859,0.5574194869,11699.3980338,2509.43285259,synthetic,True,1.0.0,1.0.0,2026-09-16T20:12:09.907988+00:00,42,schema_checked
2897,11,70,0.04,0.085,5,0,1.2274146915,1.75139866173,0.687279862073,13410.2453646,3094.04802907,synthetic,True,1.0.0,1.0.0,2026-09-16T20:12:09.907988+00:00,42,schema_checked
2898,11,70,0.04,0.085,5,1,1.2274146915,1.3135489963,0.5635694869,11439.100902,2537.11938384,synthetic,True,1.0.0,1.0.0,2026-09-16T20:12:09.907988+00:00,42,schema_checked
2899,11,70,0.055,0.04,-5,0,1.15165009187,1.63775176229,0.680499607326,12557.5384722,3063.52416973,synthetic,True,1.0.0,1.0.0,2026-09-16T20:12:09.907988+00:00,42,schema_checked
2900,11,70,0.055,0.04,-5,1,1.15165009187,1.22831382172,0.558009678007,10714.3000435,2512.08981918,synthetic,True,1.0.0,1.0.0,2026-09-16T20:12:09.907988+00:00,42,schema_checked
2901,11,70,0.055,0.04,0,0,1.17785592906,1.6750188596,0.672999607326,12843.2856892,3029.76010723,synthetic,True,1.0.0,1.0.0,2026-09-16T20:12:09.907988+00:00,42,schema_checked
2902,11,70,0.055,0.04,0,1,1.17785592906,1.2562641447,0.551859678007,10958.1043071,2484.40328793,synthetic,True,1.0.0,1.0.0,2026-09-16T20:12:09.907988+00:00,42,schema_checked
2903,11,70,0.055,0.04,5,0,1.15165009187,1.63775176229,0.680499607326,12557.5384722,3063.52416973,synthetic,True,1.0.0,1.0.0,2026-09-16T20:12:09.907988+00:00,42,schema_checked
2904,11,70,0.055,0.04,5,1,1.15165009187,1.22831382172,0.558009678007,10714.3000435,2512.08981918,synthetic,True,1.0.0,1.0.0,2026-09-16T20:12:09.907988+00:00,42,schema_checked
2905,11,70,0.055,0.06,-5,0,1.17927969158,1.67919616185,0.682972209643,12868.5009827,3074.65551629,synthetic,True,1.0.0,1.0.0,2026-09-16T20:12:09.907988+00:00,42,schema_checked
2906,11,70,0.055,0.06,-5,1,1.17927969158,1.25939712139,0.560037211907,10978.6181774,2521.21752335,synthetic,True,1.0.0,1.0.0,2026-09-16T20:12:09.907988+00:00,42,schema_checked
2907,11,70,0.055,0.06,0,0,1.20611424125,1.71740632789,0.675472209643,13161.3241622,3040.89145379,synthetic,True,1.0.0,1.0.0,2026-09-16T20:12:09.907988+00:00,42,schema_checked
2908,11,70,0.055,0.06,0,1,1.20611424125,1.28805474591,0.553887211907,11228.4370091,2493.5309921,synthetic,True,1.0.0,1.0.0,2026-09-16T20:12:09.907988+00:00,42,schema_checked
2909,11,70,0.055,0.06,5,0,1.17927969158,1.67919616185,0.682972209643,12868.5009827,3074.65551629,synthetic,True,1.0.0,1.0.0,2026-09-16T20:12:09.907988+00:00,42,schema_checked
2910,11,70,0.055,0.06,5,1,1.17927969158,1.25939712139,0.560037211907,10978.6181774,2521.21752335,synthetic,True,1.0.0,1.0.0,2026-09-16T20:12:09.907988+00:00,42,schema_checked
2911,11,70,0.055,0.085,-5,0,1.10864514607,1.57324434359,0.676651048905,12073.5312462,3046.19844079,synthetic,True,1.0.0,1.0.0,2026-09-16T20:12:09.907988+00:00,42,schema_checked
2912,11,70,0.055,0.085,-5,1,1.10864514607,1.17993325769,0.554853860102,10302.8939014,2497.88272145,synthetic,True,1.0.0,1.0.0,2026-09-16T20:12:09.907988+00:00,42,schema_checked
2913,11,70,0.055,0.085,0,0,1.13387240424,1.60904357237,0.669151048905,12348.2648622,3012.43437829,synthetic,True,1.0.0,1.0.0,2026-09-16T20:12:09.907988+00:00,42,schema_checked
2914,11,70,0.055,0.085,0,1,1.13387240424,1.20678267928,0.548703860102,10537.3366041,2470.1961902,synthetic,True,1.0.0,1.0.0,2026-09-16T20:12:09.907988+00:00,42,schema_checked
2915,11,70,0.055,0.085,5,0,1.10864514607,1.57324434359,0.676651048905,12073.5312462,3046.19844079,synthetic,True,1.0.0,1.0.0,2026-09-16T20:12:09.907988+00:00,42,schema_checked
2916,11,70,0.055,0.085,5,1,1.10864514607,1.17993325769,0.554853860102,10302.8939014,2497.88272145,synthetic,True,1.0.0,1.0.0,2026-09-16T20:12:09.907988+00:00,42,schema_checked
2917,11,90,0.025,0.04,-5,0,1.28554638049,1.83859619521,0.692482128859,23249.4785305,5153.3654427,synthetic,True,1.0.0,1.0.0,2026-09-16T20:12:09.907988+00:00,42,schema_checked
2918,11,90,0.025,0.04,-5,1,1.28554638049,1.37894714641,0.567835345664,19828.8277654,4225.75966301,synthetic,True,1.0.0,1.0.0,2026-09-16T20:12:09.907988+00:00,42,schema_checked
2919,11,90,0.025,0.04,0,0,1.31479903229,1.88043351445,0.684982128859,23778.5212088,5097.5513802,synthetic,True,1.0.0,1.0.0,2026-09-16T20:12:09.907988+00:00,42,schema_checked
2920,11,90,0.025,0.04,0,1,1.31479903229,1.41032513583,0.561685345664,20280.0334187,4179.99213176,synthetic,True,1.0.0,1.0.0,2026-09-16T20:12:09.907988+00:00,42,schema_checked
2921,11,90,0.025,0.04,5,0,1.28554638049,1.83859619521,0.692482128859,23249.4785305,5153.3654427,synthetic,True,1.0.0,1.0.0,2026-09-16T20:12:09.907988+00:00,42,schema_checked
2922,11,90,0.025,0.04,5,1,1.28554638049,1.37894714641,0.567835345664,19828.8277654,4225.75966301,synthetic,True,1.0.0,1.0.0,2026-09-16T20:12:09.907988+00:00,42,schema_checked
2923,11,90,0.025,0.06,-5,0,1.32616139412,1.89951871566,0.696116809704,24005.108167,5180.41428322,synthetic,True,1.0.0,1.0.0,2026-09-16T20:12:09.907988+00:00,42,schema_checked
2924,11,90,0.025,0.06,-5,1,1.32616139412,1.42463903675,0.570815783957,20471.1129565,4247.93971224,synthetic,True,1.0.0,1.0.0,2026-09-16T20:12:09.907988+00:00,42,schema_checked
2925,11,90,0.025,0.06,0,0,1.35633824195,1.94274232893,0.688616809704,24551.3452235,5124.60022072,synthetic,True,1.0.0,1.0.0,2026-09-16T20:12:09.907988+00:00,42,schema_checked
2926,11,90,0.025,0.06,0,1,1.35633824195,1.4570567467,0.564665783957,20936.9338312,4202.17218099,synthetic,True,1.0.0,1.0.0,2026-09-16T20:12:09.907988+00:00,42,schema_checked
2927,11,90,0.025,0.06,5,0,1.32616139412,1.89951871566,0.696116809704,24005.108167,5180.41428322,synthetic,True,1.0.0,1.0.0,2026-09-16T20:12:09.907988+00:00,42,schema_checked
2928,11,90,0.025,0.06,5,1,1.32616139412,1.42463903675,0.570815783957,20471.1129565,4247.93971224,synthetic,True,1.0.0,1.0.0,2026-09-16T20:12:09.907988+00:00,42,schema_checked
2929,11,90,0.025,0.085,-5,0,1.22232988518,1.74377145225,0.686824817337,22073.3553904,5111.26443752,synthetic,True,1.0.0,1.0.0,2026-09-16T20:12:09.907988+00:00,42,schema_checked
2930,11,90,0.025,0.085,-5,1,1.22232988518,1.30782858919,0.563196350216,18829.1230964,4191.23683877,synthetic,True,1.0.0,1.0.0,2026-09-16T20:12:09.907988+00:00,42,schema_checked
2931,11,90,0.025,0.085,0,0,1.25014404347,1.78345103122,0.679324817337,22575.6353465,5055.45037502,synthetic,True,1.0.0,1.0.0,2026-09-16T20:12:09.907988+00:00,42,schema_checked
2932,11,90,0.025,0.085,0,1,1.25014404347,1.33758827341,0.557046350216,19257.5804357,4145.46930752,synthetic,True,1.0.0,1.0.0,2026-09-16T20:12:09.907988+00:00,42,schema_checked
2933,11,90,0.025,0.085,5,0,1.22232988518,1.74377145225,0.686824817337,22073.3553904,5111.26443752,synthetic,True,1.0.0,1.0.0,2026-09-16T20:12:09.907988+00:00,42,schema_checked
2934,11,90,0.025,0.085,5,1,1.22232988518,1.30782858919,0.563196350216,18829.1230964,4191.23683877,synthetic,True,1.0.0,1.0.0,2026-09-16T20:12:09.907988+00:00,42,schema_checked
2935,11,90,0.04,0.04,-5,0,1.29153519394,1.84757941539,0.693018074156,23360.8985333,5157.35388061,synthetic,True,1.0.0,1.0.0,2026-09-16T20:12:09.907988+00:00,42,schema_checked
2936,11,90,0.04,0.04,-5,1,1.29153519394,1.38568456154,0.568274820808,19923.5347678,4229.0301821,synthetic,True,1.0.0,1.0.0,2026-09-16T20:12:09.907988+00:00,42,schema_checked
2937,11,90,0.04,0.04,0,0,1.3209241214,1.88962114811,0.685518074156,23892.4765775,5101.53981811,synthetic,True,1.0.0,1.0.0,2026-09-16T20:12:09.907988+00:00,42,schema_checked
2938,11,90,0.04,0.04,0,1,1.3209241214,1.41721586108,0.562124820808,20376.8954821,4183.26265085,synthetic,True,1.0.0,1.0.0,2026-09-16T20:12:09.907988+00:00,42,schema_checked
2939,11,90,0.04,0.04,5,0,1.29153519394,1.84757941539,0.693018074156,23360.8985333,5157.35388061,synthetic,True,1.0.0,1.0.0,2026-09-16T20:12:09.907988+00:00,42,schema_checked
2940,11,90,0.04,0.04,5,1,1.29153519394,1.38568456154,0.568274820808,19923.5347678,4229.0301821,synthetic,True,1.0.0,1.0.0,2026-09-16T20:12:09.907988+00:00,42,schema_checked
2941,11,90,0.04,0.06,-5,0,1.33273100949,1.90937313872,0.696704731584,24127.333808,5184.78952435,synthetic,True,1.0.0,1.0.0,2026-09-16T20:12:09.907988+00:00,42,schema_checked
2942,11,90,0.04,0.06,-5,1,1.33273100949,1.43202985404,0.571297879899,20575.0047513,4251.52740997,synthetic,True,1.0.0,1.0.0,2026-09-16T20:12:09.907988+00:00,42,schema_checked
2943,11,90,0.04,0.06,0,0,1.36305734915,1.95282098973,0.689204731584,24676.3521131,5128.97546185,synthetic,True,1.0.0,1.0.0,2026-09-16T20:12:09.907988+00:00,42,schema_checked
2944,11,90,0.04,0.06,0,1,1.36305734915,1.4646157423,0.565147879899,21043.1896874,4205.75987872,synthetic,True,1.0.0,1.0.0,2026-09-16T20:12:09.907988+00:00,42,schema_checked
2945,11,90,0.04,0.06,5,0,1.33273100949,1.90937313872,0.696704731584,24127.333808,5184.78952435,synthetic,True,1.0.0,1.0.0,2026-09-16T20:12:09.907988+00:00,42,schema_checked
2946,11,90,0.04,0.06,5,1,1.33273100949,1.43202985404,0.571297879899,20575.0047513,4251.52740997,synthetic,True,1.0.0,1.0.0,2026-09-16T20:12:09.907988+00:00,42,schema_checked
2947,11,90,0.04,0.085,-5,0,1.2274146915,1.75139866173,0.687279862073,22167.9566231,5114.65082356,synthetic,True,1.0.0,1.0.0,2026-09-16T20:12:09.907988+00:00,42,schema_checked
2948,11,90,0.04,0.085,-5,1,1.2274146915,1.3135489963,0.5635694869,18909.5341441,4194.01367532,synthetic,True,1.0.0,1.0.0,2026-09-16T20:12:09.907988+00:00,42,schema_checked
2949,11,90,0.04,0.085,0,0,1.25534455474,1.79125179811,0.679779862073,22672.3892334,5058.83676106,synthetic,True,1.0.0,1.0.0,2026-09-16T20:12:09.907988+00:00,42,schema_checked
2950,11,90,0.04,0.085,0,1,1.25534455474,1.34343884859,0.5574194869,19339.8212396,4148.24614407,synthetic,True,1.0.0,1.0.0,2026-09-16T20:12:09.907988+00:00,42,schema_checked
2951,11,90,0.04,0.085,5,0,1.2274146915,1.75139866173,0.687279862073,22167.9566231,5114.65082356,synthetic,True,1.0.0,1.0.0,2026-09-16T20:12:09.907988+00:00,42,schema_checked
2952,11,90,0.04,0.085,5,1,1.2274146915,1.3135489963,0.5635694869,18909.5341441,4194.01367532,synthetic,True,1.0.0,1.0.0,2026-09-16T20:12:09.907988+00:00,42,schema_checked
2953,11,90,0.055,0.04,-5,0,1.15165009187,1.63775176229,0.680499607326,20758.3799235,5064.19301527,synthetic,True,1.0.0,1.0.0,2026-09-16T20:12:09.907988+00:00,42,schema_checked
2954,11,90,0.055,0.04,-5,1,1.15165009187,1.22831382172,0.558009678007,17711.3939495,4152.63827252,synthetic,True,1.0.0,1.0.0,2026-09-16T20:12:09.907988+00:00,42,schema_checked
2955,11,90,0.055,0.04,0,0,1.17785592906,1.6750188596,0.672999607326,21230.7375678,5008.37895277,synthetic,True,1.0.0,1.0.0,2026-09-16T20:12:09.907988+00:00,42,schema_checked
2956,11,90,0.055,0.04,0,1,1.17785592906,1.2562641447,0.551859678007,18114.4173239,4106.87074127,synthetic,True,1.0.0,1.0.0,2026-09-16T20:12:09.907988+00:00,42,schema_checked
2957,11,90,0.055,0.04,5,0,1.15165009187,1.63775176229,0.680499607326,20758.3799235,5064.19301527,synthetic,True,1.0.0,1.0.0,2026-09-16T20:12:09.907988+00:00,42,schema_checked
2958,11,90,0.055,0.04,5,1,1.15165009187,1.22831382172,0.558009678007,17711.3939495,4152.63827252,synthetic,True,1.0.0,1.0.0,2026-09-16T20:12:09.907988+00:00,42,schema_checked
2959,11,90,0.055,0.06,-5,0,1.17927969158,1.67919616185,0.682972209643,21272.4199918,5082.59381264,synthetic,True,1.0.0,1.0.0,2026-09-16T20:12:09.907988+00:00,42,schema_checked
2960,11,90,0.055,0.06,-5,1,1.17927969158,1.25939712139,0.560037211907,18148.3280075,4167.72692636,synthetic,True,1.0.0,1.0.0,2026-09-16T20:12:09.907988+00:00,42,schema_checked
2961,11,90,0.055,0.06,0,0,1.20611424125,1.71740632789,0.675472209643,21756.4746355,5026.77975014,synthetic,True,1.0.0,1.0.0,2026-09-16T20:12:09.907988+00:00,42,schema_checked
2962,11,90,0.055,0.06,0,1,1.20611424125,1.28805474591,0.553887211907,18561.2938314,4121.95939511,synthetic,True,1.0.0,1.0.0,2026-09-16T20:12:09.907988+00:00,42,schema_checked
2963,11,90,0.055,0.06,5,0,1.17927969158,1.67919616185,0.682972209643,21272.4199918,5082.59381264,synthetic,True,1.0.0,1.0.0,2026-09-16T20:12:09.907988+00:00,42,schema_checked
2964,11,90,0.055,0.06,5,1,1.17927969158,1.25939712139,0.560037211907,18148.3280075,4167.72692636,synthetic,True,1.0.0,1.0.0,2026-09-16T20:12:09.907988+00:00,42,schema_checked
2965,11,90,0.055,0.085,-5,0,1.10864514607,1.57324434359,0.676651048905,19958.2863458,5035.55252457,synthetic,True,1.0.0,1.0.0,2026-09-16T20:12:09.907988+00:00,42,schema_checked
2966,11,90,0.055,0.085,-5,1,1.10864514607,1.17993325769,0.554853860102,17031.3144085,4129.15307014,synthetic,True,1.0.0,1.0.0,2026-09-16T20:12:09.907988+00:00,42,schema_checked
2967,11,90,0.055,0.085,0,0,1.13387240424,1.60904357237,0.669151048905,20412.4378335,4979.73846207,synthetic,True,1.0.0,1.0.0,2026-09-16T20:12:09.907988+00:00,42,schema_checked
2968,11,90,0.055,0.085,0,1,1.13387240424,1.20678267928,0.548703860102,17418.8625497,4083.38553889,synthetic,True,1.0.0,1.0.0,2026-09-16T20:12:09.907988+00:00,42,schema_checked
2969,11,90,0.055,0.085,5,0,1.10864514607,1.57324434359,0.676651048905,19958.2863458,5035.55252457,synthetic,True,1.0.0,1.0.0,2026-09-16T20:12:09.907988+00:00,42,schema_checked
2970,11,90,0.055,0.085,5,1,1.10864514607,1.17993325769,0.554853860102,17031.3144085,4129.15307014,synthetic,True,1.0.0,1.0.0,2026-09-16T20:12:09.907988+00:00,42,schema_checked
2971,12,0,0.025,0.04,-5,0,1.37566485557,2.0117155991,0.895916464608,0,0,synthetic,True,1.0.0,1.0.0,2026-09-16T20:12:09.907988+00:00,42,schema_checked
2972,12,0,0.025,0.04,-5,1,1.37566485557,1.50878669932,0.734651500978,0,0,synthetic,True,1.0.0,1.0.0,2026-09-16T20:12:09.907988+00:00,42,schema_checked
2973,12,0,0.025,0.04,0,0,1.40696815635,2.05749225628,0.888416464608,0,0,synthetic,True,1.0.0,1.0.0,2026-09-16T20:12:09.907988+00:00,42,schema_checked
2974,12,0,0.025,0.04,0,1,1.40696815635,1.54311919221,0.728501500978,0,0,synthetic,True,1.0.0,1.0.0,2026-09-16T20:12:09.907988+00:00,42,schema_checked
2975,12,0,0.025,0.04,5,0,1.37566485557,2.0117155991,0.895916464608,0,0,synthetic,True,1.0.0,1.0.0,2026-09-16T20:12:09.907988+00:00,42,schema_checked
2976,12,0,0.025,0.04,5,1,1.37566485557,1.50878669932,0.734651500978,0,0,synthetic,True,1.0.0,1.0.0,2026-09-16T20:12:09.907988+00:00,42,schema_checked
2977,12,0,0.025,0.06,-5,0,1.4162798692,2.07263811955,0.899551145453,0,0,synthetic,True,1.0.0,1.0.0,2026-09-16T20:12:09.907988+00:00,42,schema_checked
2978,12,0,0.025,0.06,-5,1,1.4162798692,1.55447858966,0.737631939271,0,0,synthetic,True,1.0.0,1.0.0,2026-09-16T20:12:09.907988+00:00,42,schema_checked
2979,12,0,0.025,0.06,0,0,1.44850736601,2.11980107077,0.892051145453,0,0,synthetic,True,1.0.0,1.0.0,2026-09-16T20:12:09.907988+00:00,42,schema_checked
2980,12,0,0.025,0.06,0,1,1.44850736601,1.58985080308,0.731481939271,0,0,synthetic,True,1.0.0,1.0.0,2026-09-16T20:12:09.907988+00:00,42,schema_checked
2981,12,0,0.025,0.06,5,0,1.4162798692,2.07263811955,0.899551145453,0,0,synthetic,True,1.0.0,1.0.0,2026-09-16T20:12:09.907988+00:00,42,schema_checked
2982,12,0,0.025,0.06,5,1,1.4162798692,1.55447858966,0.737631939271,0,0,synthetic,True,1.0.0,1.0.0,2026-09-16T20:12:09.907988+00:00,42,schema_checked
2983,12,0,0.025,0.085,-5,0,1.31244836026,1.91689085613,0.890259153086,0,0,synthetic,True,1.0.0,1.0.0,2026-09-16T20:12:09.907988+00:00,42,schema_checked
2984,12,0,0.025,0.085,-5,1,1.31244836026,1.4376681421,0.73001250553,0,0,synthetic,True,1.0.0,1.0.0,2026-09-16T20:12:09.907988+00:00,42,schema_checked
2985,12,0,0.025,0.085,0,0,1.34231316753,1.96050977305,0.882759153086,0,0,synthetic,True,1.0.0,1.0.0,2026-09-16T20:12:09.907988+00:00,42,schema_checked
2986,12,0,0.025,0.085,0,1,1.34231316753,1.47038232979,0.72386250553,0,0,synthetic,True,1.0.0,1.0.0,2026-09-16T20:12:09.907988+00:00,42,schema_checked
2987,12,0,0.025,0.085,5,0,1.31244836026,1.91689085613,0.890259153086,0,0,synthetic,True,1.0.0,1.0.0,2026-09-16T20:12:09.907988+00:00,42,schema_checked
2988,12,0,0.025,0.085,5,1,1.31244836026,1.4376681421,0.73001250553,0,0,synthetic,True,1.0.0,1.0.0,2026-09-16T20:12:09.907988+00:00,42,schema_checked
2989,12,0,0.04,0.04,-5,0,1.38165366902,2.02069881928,0.896452409904,0,0,synthetic,True,1.0.0,1.0.0,2026-09-16T20:12:09.907988+00:00,42,schema_checked
2990,12,0,0.04,0.04,-5,1,1.38165366902,1.51552411446,0.735090976122,0,0,synthetic,True,1.0.0,1.0.0,2026-09-16T20:12:09.907988+00:00,42,schema_checked
2991,12,0,0.04,0.04,0,0,1.41309324546,2.06667988994,0.888952409904,0,0,synthetic,True,1.0.0,1.0.0,2026-09-16T20:12:09.907988+00:00,42,schema_checked
2992,12,0,0.04,0.04,0,1,1.41309324546,1.55000991746,0.728940976122,0,0,synthetic,True,1.0.0,1.0.0,2026-09-16T20:12:09.907988+00:00,42,schema_checked
2993,12,0,0.04,0.04,5,0,1.38165366902,2.02069881928,0.896452409904,0,0,synthetic,True,1.0.0,1.0.0,2026-09-16T20:12:09.907988+00:00,42,schema_checked
2994,12,0,0.04,0.04,5,1,1.38165366902,1.51552411446,0.735090976122,0,0,synthetic,True,1.0.0,1.0.0,2026-09-16T20:12:09.907988+00:00,42,schema_checked
2995,12,0,0.04,0.06,-5,0,1.42284948458,2.08249254261,0.900139067332,0,0,synthetic,True,1.0.0,1.0.0,2026-09-16T20:12:09.907988+00:00,42,schema_checked
2996,12,0,0.04,0.06,-5,1,1.42284948458,1.56186940696,0.738114035212,0,0,synthetic,True,1.0.0,1.0.0,2026-09-16T20:12:09.907988+00:00,42,schema_checked
2997,12,0,0.04,0.06,0,0,1.45522647321,2.12987973156,0.892639067332,0,0,synthetic,True,1.0.0,1.0.0,2026-09-16T20:12:09.907988+00:00,42,schema_checked
2998,12,0,0.04,0.06,0,1,1.45522647321,1.59740979867,0.731964035212,0,0,synthetic,True,1.0.0,1.0.0,2026-09-16T20:12:09.907988+00:00,42,schema_checked
2999,12,0,0.04,0.06,5,0,1.42284948458,2.08249254261,0.900139067332,0,0,synthetic,True,1.0.0,1.0.0,2026-09-16T20:12:09.907988+00:00,42,schema_checked
3000,12,0,0.04,0.06,5,1,1.42284948458,1.56186940696,0.738114035212,0,0,synthetic,True,1.0.0,1.0.0,2026-09-16T20:12:09.907988+00:00,42,schema_checked
3001,12,0,0.04,0.085,-5,0,1.31753316658,1.92451806562,0.890714197821,0,0,synthetic,True,1.0.0,1.0.0,2026-09-16T20:12:09.907988+00:00,42,schema_checked
3002,12,0,0.04,0.085,-5,1,1.31753316658,1.44338854921,0.730385642214,0,0,synthetic,True,1.0.0,1.0.0,2026-09-16T20:12:09.907988+00:00,42,schema_checked
3003,12,0,0.04,0.085,0,0,1.3475136788,1.96831053995,0.883214197821,0,0,synthetic,True,1.0.0,1.0.0,2026-09-16T20:12:09.907988+00:00,42,schema_checked
3004,12,0,0.04,0.085,0,1,1.3475136788,1.47623290496,0.724235642214,0,0,synthetic,True,1.0.0,1.0.0,2026-09-16T20:12:09.907988+00:00,42,schema_checked
3005,12,0,0.04,0.085,5,0,1.31753316658,1.92451806562,0.890714197821,0,0,synthetic,True,1.0.0,1.0.0,2026-09-16T20:12:09.907988+00:00,42,schema_checked
3006,12,0,0.04,0.085,5,1,1.31753316658,1.44338854921,0.730385642214,0,0,synthetic,True,1.0.0,1.0.0,2026-09-16T20:12:09.907988+00:00,42,schema_checked
3007,12,0,0.055,0.04,-5,0,1.24176856696,1.81087116618,0.883933943075,0,0,synthetic,True,1.0.0,1.0.0,2026-09-16T20:12:09.907988+00:00,42,schema_checked
3008,12,0,0.055,0.04,-5,1,1.24176856696,1.35815337464,0.724825833321,0,0,synthetic,True,1.0.0,1.0.0,2026-09-16T20:12:09.907988+00:00,42,schema_checked
3009,12,0,0.055,0.04,0,0,1.27002505312,1.85207760143,0.876433943075,0,0,synthetic,True,1.0.0,1.0.0,2026-09-16T20:12:09.907988+00:00,42,schema_checked
3010,12,0,0.055,0.04,0,1,1.27002505312,1.38905820108,0.718675833321,0,0,synthetic,True,1.0.0,1.0.0,2026-09-16T20:12:09.907988+00:00,42,schema_checked
3011,12,0,0.055,0.04,5,0,1.24176856696,1.81087116618,0.883933943075,0,0,synthetic,True,1.0.0,1.0.0,2026-09-16T20:12:09.907988+00:00,42,schema_checked
3012,12,0,0.055,0.04,5,1,1.24176856696,1.35815337464,0.724825833321,0,0,synthetic,True,1.0.0,1.0.0,2026-09-16T20:12:09.907988+00:00,42,schema_checked
3013,12,0,0.055,0.06,-5,0,1.26939816666,1.85231556574,0.886406545392,0,0,synthetic,True,1.0.0,1.0.0,2026-09-16T20:12:09.907988+00:00,42,schema_checked
3014,12,0,0.055,0.06,-5,1,1.26939816666,1.38923667431,0.726853367221,0,0,synthetic,True,1.0.0,1.0.0,2026-09-16T20:12:09.907988+00:00,42,schema_checked
3015,12,0,0.055,0.06,0,0,1.29828336531,1.89446506972,0.878906545392,0,0,synthetic,True,1.0.0,1.0.0,2026-09-16T20:12:09.907988+00:00,42,schema_checked
3016,12,0,0.055,0.06,0,1,1.29828336531,1.42084880229,0.720703367221,0,0,synthetic,True,1.0.0,1.0.0,2026-09-16T20:12:09.907988+00:00,42,schema_checked
3017,12,0,0.055,0.06,5,0,1.26939816666,1.85231556574,0.886406545392,0,0,synthetic,True,1.0.0,1.0.0,2026-09-16T20:12:09.907988+00:00,42,schema_checked
3018,12,0,0.055,0.06,5,1,1.26939816666,1.38923667431,0.726853367221,0,0,synthetic,True,1.0.0,1.0.0,2026-09-16T20:12:09.907988+00:00,42,schema_checked
3019,12,0,0.055,0.085,-5,0,1.19876362115,1.74636374747,0.880085384653,0,0,synthetic,True,1.0.0,1.0.0,2026-09-16T20:12:09.907988+00:00,42,schema_checked
3020,12,0,0.055,0.085,-5,1,1.19876362115,1.3097728106,0.721670015416,0,0,synthetic,True,1.0.0,1.0.0,2026-09-16T20:12:09.907988+00:00,42,schema_checked
3021,12,0,0.055,0.085,0,0,1.22604152831,1.78610231421,0.872585384653,0,0,synthetic,True,1.0.0,1.0.0,2026-09-16T20:12:09.907988+00:00,42,schema_checked
3022,12,0,0.055,0.085,0,1,1.22604152831,1.33957673566,0.715520015416,0,0,synthetic,True,1.0.0,1.0.0,2026-09-16T20:12:09.907988+00:00,42,schema_checked
3023,12,0,0.055,0.085,5,0,1.19876362115,1.74636374747,0.880085384653,0,0,synthetic,True,1.0.0,1.0.0,2026-09-16T20:12:09.907988+00:00,42,schema_checked
3024,12,0,0.055,0.085,5,1,1.19876362115,1.3097728106,0.721670015416,0,0,synthetic,True,1.0.0,1.0.0,2026-09-16T20:12:09.907988+00:00,42,schema_checked
3025,12,30,0.025,0.04,-5,0,1.37566485557,2.0117155991,0.895916464608,2800.94021345,740.810926672,synthetic,True,1.0.0,1.0.0,2026-09-16T20:12:09.907988+00:00,42,schema_checked
3026,12,30,0.025,0.04,-5,1,1.37566485557,1.50878669932,0.734651500978,2385.08087945,607.464959871,synthetic,True,1.0.0,1.0.0,2026-09-16T20:12:09.907988+00:00,42,schema_checked
3027,12,30,0.025,0.04,0,0,1.40696815635,2.05749225628,0.888416464608,2864.6757037,734.609364172,synthetic,True,1.0.0,1.0.0,2026-09-16T20:12:09.907988+00:00,42,schema_checked
3028,12,30,0.025,0.04,0,1,1.40696815635,1.54311919221,0.728501500978,2439.35347635,602.379678621,synthetic,True,1.0.0,1.0.0,2026-09-16T20:12:09.907988+00:00,42,schema_checked
3029,12,30,0.025,0.04,5,0,1.37566485557,2.0117155991,0.895916464608,2800.94021345,740.810926672,synthetic,True,1.0.0,1.0.0,2026-09-16T20:12:09.907988+00:00,42,schema_checked
3030,12,30,0.025,0.04,5,1,1.37566485557,1.50878669932,0.734651500978,2385.08087945,607.464959871,synthetic,True,1.0.0,1.0.0,2026-09-16T20:12:09.907988+00:00,42,schema_checked
3031,12,30,0.025,0.06,-5,0,1.4162798692,2.07263811955,0.899551145453,2884.89906195,743.816353396,synthetic,True,1.0.0,1.0.0,2026-09-16T20:12:09.907988+00:00,42,schema_checked
3032,12,30,0.025,0.06,-5,1,1.4162798692,1.55447858966,0.737631939271,2456.44590067,609.929409785,synthetic,True,1.0.0,1.0.0,2026-09-16T20:12:09.907988+00:00,42,schema_checked
3033,12,30,0.025,0.06,0,0,1.44850736601,2.11980107077,0.892051145453,2950.54503866,737.614790896,synthetic,True,1.0.0,1.0.0,2026-09-16T20:12:09.907988+00:00,42,schema_checked
3034,12,30,0.025,0.06,0,1,1.44850736601,1.58985080308,0.731481939271,2512.34241107,604.844128535,synthetic,True,1.0.0,1.0.0,2026-09-16T20:12:09.907988+00:00,42,schema_checked
3035,12,30,0.025,0.06,5,0,1.4162798692,2.07263811955,0.899551145453,2884.89906195,743.816353396,synthetic,True,1.0.0,1.0.0,2026-09-16T20:12:09.907988+00:00,42,schema_checked
3036,12,30,0.025,0.06,5,1,1.4162798692,1.55447858966,0.737631939271,2456.44590067,609.929409785,synthetic,True,1.0.0,1.0.0,2026-09-16T20:12:09.907988+00:00,42,schema_checked
3037,12,30,0.025,0.085,-5,0,1.31244836026,1.91689085613,0.890259153086,2670.25986455,736.133037208,synthetic,True,1.0.0,1.0.0,2026-09-16T20:12:09.907988+00:00,42,schema_checked
3038,12,30,0.025,0.085,-5,1,1.31244836026,1.4376681421,0.73001250553,2274.00258289,603.62909051,synthetic,True,1.0.0,1.0.0,2026-09-16T20:12:09.907988+00:00,42,schema_checked
3039,12,30,0.025,0.085,0,0,1.34231316753,1.96050977305,0.882759153086,2731.021719,729.931474708,synthetic,True,1.0.0,1.0.0,2026-09-16T20:12:09.907988+00:00,42,schema_checked
3040,12,30,0.025,0.085,0,1,1.34231316753,1.47038232979,0.72386250553,2325.74758935,598.54380926,synthetic,True,1.0.0,1.0.0,2026-09-16T20:12:09.907988+00:00,42,schema_checked
3041,12,30,0.025,0.085,5,0,1.31244836026,1.91689085613,0.890259153086,2670.25986455,736.133037208,synthetic,True,1.0.0,1.0.0,2026-09-16T20:12:09.907988+00:00,42,schema_checked
3042,12,30,0.025,0.085,5,1,1.31244836026,1.4376681421,0.73001250553,2274.00258289,603.62909051,synthetic,True,1.0.0,1.0.0,2026-09-16T20:12:09.907988+00:00,42,schema_checked
3043,12,30,0.04,0.04,-5,0,1.38165366902,2.02069881928,0.896452409904,2813.32021376,741.25408644,synthetic,True,1.0.0,1.0.0,2026-09-16T20:12:09.907988+00:00,42,schema_checked
3044,12,30,0.04,0.04,-5,1,1.38165366902,1.51552411446,0.735090976122,2395.60387971,607.828350881,synthetic,True,1.0.0,1.0.0,2026-09-16T20:12:09.907988+00:00,42,schema_checked
3045,12,30,0.04,0.04,0,0,1.41309324546,2.06667988994,0.888952409904,2877.33741134,735.05252394,synthetic,True,1.0.0,1.0.0,2026-09-16T20:12:09.907988+00:00,42,schema_checked
3046,12,30,0.04,0.04,0,1,1.41309324546,1.55000991746,0.728940976122,2450.11592784,602.743069631,synthetic,True,1.0.0,1.0.0,2026-09-16T20:12:09.907988+00:00,42,schema_checked
3047,12,30,0.04,0.04,5,0,1.38165366902,2.02069881928,0.896452409904,2813.32021376,741.25408644,synthetic,True,1.0.0,1.0.0,2026-09-16T20:12:09.907988+00:00,42,schema_checked
3048,12,30,0.04,0.04,5,1,1.38165366902,1.51552411446,0.735090976122,2395.60387971,607.828350881,synthetic,True,1.0.0,1.0.0,2026-09-16T20:12:09.907988+00:00,42,schema_checked
3049,12,30,0.04,0.06,-5,0,1.42284948458,2.08249254261,0.900139067332,2898.47968873,744.3024913,synthetic,True,1.0.0,1.0.0,2026-09-16T20:12:09.907988+00:00,42,schema_checked
3050,12,30,0.04,0.06,-5,1,1.42284948458,1.56186940696,0.738114035212,2467.98943344,610.328042866,synthetic,True,1.0.0,1.0.0,2026-09-16T20:12:09.907988+00:00,42,schema_checked
3051,12,30,0.04,0.06,0,0,1.45522647321,2.12987973156,0.892639067332,2964.43469307,738.1009288,synthetic,True,1.0.0,1.0.0,2026-09-16T20:12:09.907988+00:00,42,schema_checked
3052,12,30,0.04,0.06,0,1,1.45522647321,1.59740979867,0.731964035212,2524.14861731,605.242761616,synthetic,True,1.0.0,1.0.0,2026-09-16T20:12:09.907988+00:00,42,schema_checked
3053,12,30,0.04,0.06,5,0,1.42284948458,2.08249254261,0.900139067332,2898.47968873,744.3024913,synthetic,True,1.0.0,1.0.0,2026-09-16T20:12:09.907988+00:00,42,schema_checked
3054,12,30,0.04,0.06,5,1,1.42284948458,1.56186940696,0.738114035212,2467.98943344,610.328042866,synthetic,True,1.0.0,1.0.0,2026-09-16T20:12:09.907988+00:00,42,schema_checked
3055,12,30,0.04,0.085,-5,0,1.31753316658,1.92451806562,0.890714197821,2680.77111262,736.509302324,synthetic,True,1.0.0,1.0.0,2026-09-16T20:12:09.907988+00:00,42,schema_checked
3056,12,30,0.04,0.085,-5,1,1.31753316658,1.44338854921,0.730385642214,2282.93714375,603.937627905,synthetic,True,1.0.0,1.0.0,2026-09-16T20:12:09.907988+00:00,42,schema_checked
3057,12,30,0.04,0.085,0,0,1.3475136788,1.96831053995,0.883214197821,2741.77215088,730.307739824,synthetic,True,1.0.0,1.0.0,2026-09-16T20:12:09.907988+00:00,42,schema_checked
3058,12,30,0.04,0.085,0,1,1.3475136788,1.47623290496,0.724235642214,2334.88545645,598.852346655,synthetic,True,1.0.0,1.0.0,2026-09-16T20:12:09.907988+00:00,42,schema_checked
3059,12,30,0.04,0.085,5,0,1.31753316658,1.92451806562,0.890714197821,2680.77111262,736.509302324,synthetic,True,1.0.0,1.0.0,2026-09-16T20:12:09.907988+00:00,42,schema_checked
3060,12,30,0.04,0.085,5,1,1.31753316658,1.44338854921,0.730385642214,2282.93714375,603.937627905,synthetic,True,1.0.0,1.0.0,2026-09-16T20:12:09.907988+00:00,42,schema_checked
3061,12,30,0.055,0.04,-5,0,1.24176856696,1.81087116618,0.883933943075,2524.15147934,730.90287918,synthetic,True,1.0.0,1.0.0,2026-09-16T20:12:09.907988+00:00,42,schema_checked
3062,12,30,0.055,0.04,-5,1,1.24176856696,1.35815337464,0.724825833321,2149.81045545,599.340360927,synthetic,True,1.0.0,1.0.0,2026-09-16T20:12:09.907988+00:00,42,schema_checked
3063,12,30,0.055,0.04,0,0,1.27002505312,1.85207760143,0.876433943075,2581.58863249,724.70131668,synthetic,True,1.0.0,1.0.0,2026-09-16T20:12:09.907988+00:00,42,schema_checked
3064,12,30,0.055,0.04,0,1,1.27002505312,1.38905820108,0.718675833321,2198.72946581,594.255079677,synthetic,True,1.0.0,1.0.0,2026-09-16T20:12:09.907988+00:00,42,schema_checked
3065,12,30,0.055,0.04,5,0,1.24176856696,1.81087116618,0.883933943075,2524.15147934,730.90287918,synthetic,True,1.0.0,1.0.0,2026-09-16T20:12:09.907988+00:00,42,schema_checked
3066,12,30,0.055,0.04,5,1,1.24176856696,1.35815337464,0.724825833321,2149.81045545,599.340360927,synthetic,True,1.0.0,1.0.0,2026-09-16T20:12:09.907988+00:00,42,schema_checked
3067,12,30,0.055,0.06,-5,0,1.26939816666,1.85231556574,0.886406545392,2581.26704248,732.947412221,synthetic,True,1.0.0,1.0.0,2026-09-16T20:12:09.907988+00:00,42,schema_checked
3068,12,30,0.055,0.06,-5,1,1.26939816666,1.38923667431,0.726853367221,2198.35868413,601.016878021,synthetic,True,1.0.0,1.0.0,2026-09-16T20:12:09.907988+00:00,42,schema_checked
3069,12,30,0.055,0.06,0,0,1.29828336531,1.89446506972,0.878906545392,2640.00386222,726.745849721,synthetic,True,1.0.0,1.0.0,2026-09-16T20:12:09.907988+00:00,42,schema_checked
3070,12,30,0.055,0.06,0,1,1.29828336531,1.42084880229,0.720703367221,2248.38241109,595.931596771,synthetic,True,1.0.0,1.0.0,2026-09-16T20:12:09.907988+00:00,42,schema_checked
3071,12,30,0.055,0.06,5,0,1.26939816666,1.85231556574,0.886406545392,2581.26704248,732.947412221,synthetic,True,1.0.0,1.0.0,2026-09-16T20:12:09.907988+00:00,42,schema_checked
3072,12,30,0.055,0.06,5,1,1.26939816666,1.38923667431,0.726853367221,2198.35868413,601.016878021,synthetic,True,1.0.0,1.0.0,2026-09-16T20:12:09.907988+00:00,42,schema_checked
3073,12,30,0.055,0.085,-5,0,1.19876362115,1.74636374747,0.880085384653,2435.25219293,727.720602435,synthetic,True,1.0.0,1.0.0,2026-09-16T20:12:09.907988+00:00,42,schema_checked
3074,12,30,0.055,0.085,-5,1,1.19876362115,1.3097728106,0.721670015416,2074.24606201,596.730893997,synthetic,True,1.0.0,1.0.0,2026-09-16T20:12:09.907988+00:00,42,schema_checked
3075,12,30,0.055,0.085,0,0,1.22604152831,1.78610231421,0.872585384653,2490.66643978,721.519039935,synthetic,True,1.0.0,1.0.0,2026-09-16T20:12:09.907988+00:00,42,schema_checked
3076,12,30,0.055,0.085,0,1,1.22604152831,1.33957673566,0.715520015416,2121.44560201,591.645612747,synthetic,True,1.0.0,1.0.0,2026-09-16T20:12:09.907988+00:00,42,schema_checked
3077,12,30,0.055,0.085,5,0,1.19876362115,1.74636374747,0.880085384653,2435.25219293,727.720602435,synthetic,True,1.0.0,1.0.0,2026-09-16T20:12:09.907988+00:00,42,schema_checked
3078,12,30,0.055,0.085,5,1,1.19876362115,1.3097728106,0.721670015416,2074.24606201,596.730893997,synthetic,True,1.0.0,1.0.0,2026-09-16T20:12:09.907988+00:00,42,schema_checked
3079,12,50,0.025,0.04,-5,0,1.37566485557,2.0117155991,0.895916464608,7780.3894818,2057.80812965,synthetic,True,1.0.0,1.0.0,2026-09-16T20:12:09.907988+00:00,42,schema_checked
3080,12,50,0.025,0.04,-5,1,1.37566485557,1.50878669932,0.734651500978,6625.22466514,1687.40266631,synthetic,True,1.0.0,1.0.0,2026-09-16T20:12:09.907988+00:00,42,schema_checked
3081,12,50,0.025,0.04,0,0,1.40696815635,2.05749225628,0.888416464608,7957.43251028,2040.58156715,synthetic,True,1.0.0,1.0.0,2026-09-16T20:12:09.907988+00:00,42,schema_checked
3082,12,50,0.025,0.04,0,1,1.40696815635,1.54311919221,0.728501500978,6775.98187874,1673.27688506,synthetic,True,1.0.0,1.0.0,2026-09-16T20:12:09.907988+00:00,42,schema_checked
3083,12,50,0.025,0.04,5,0,1.37566485557,2.0117155991,0.895916464608,7780.3894818,2057.80812965,synthetic,True,1.0.0,1.0.0,2026-09-16T20:12:09.907988+00:00,42,schema_checked
3084,12,50,0.025,0.04,5,1,1.37566485557,1.50878669932,0.734651500978,6625.22466514,1687.40266631,synthetic,True,1.0.0,1.0.0,2026-09-16T20:12:09.907988+00:00,42,schema_checked
3085,12,50,0.025,0.06,-5,0,1.4162798692,2.07263811955,0.899551145453,8013.60850541,2066.15653721,synthetic,True,1.0.0,1.0.0,2026-09-16T20:12:09.907988+00:00,42,schema_checked
3086,12,50,0.025,0.06,-5,1,1.4162798692,1.55447858966,0.737631939271,6823.4608352,1694.24836051,synthetic,True,1.0.0,1.0.0,2026-09-16T20:12:09.907988+00:00,42,schema_checked
3087,12,50,0.025,0.06,0,0,1.44850736601,2.11980107077,0.892051145453,8195.95844074,2048.92997471,synthetic,True,1.0.0,1.0.0,2026-09-16T20:12:09.907988+00:00,42,schema_checked
3088,12,50,0.025,0.06,0,1,1.44850736601,1.58985080308,0.731481939271,6978.72891963,1680.12257926,synthetic,True,1.0.0,1.0.0,2026-09-16T20:12:09.907988+00:00,42,schema_checked
3089,12,50,0.025,0.06,5,0,1.4162798692,2.07263811955,0.899551145453,8013.60850541,2066.15653721,synthetic,True,1.0.0,1.0.0,2026-09-16T20:12:09.907988+00:00,42,schema_checked
3090,12,50,0.025,0.06,5,1,1.4162798692,1.55447858966,0.737631939271,6823.4608352,1694.24836051,synthetic,True,1.0.0,1.0.0,2026-09-16T20:12:09.907988+00:00,42,schema_checked
3091,12,50,0.025,0.085,-5,0,1.31244836026,1.91689085613,0.890259153086,7417.38851265,2044.81399224,synthetic,True,1.0.0,1.0.0,2026-09-16T20:12:09.907988+00:00,42,schema_checked
3092,12,50,0.025,0.085,-5,1,1.31244836026,1.4376681421,0.73001250553,6316.67384135,1676.74747364,synthetic,True,1.0.0,1.0.0,2026-09-16T20:12:09.907988+00:00,42,schema_checked
3093,12,50,0.025,0.085,0,0,1.34231316753,1.96050977305,0.882759153086,7586.17144167,2027.58742974,synthetic,True,1.0.0,1.0.0,2026-09-16T20:12:09.907988+00:00,42,schema_checked
3094,12,50,0.025,0.085,0,1,1.34231316753,1.47038232979,0.72386250553,6460.40997042,1662.62169239,synthetic,True,1.0.0,1.0.0,2026-09-16T20:12:09.907988+00:00,42,schema_checked
3095,12,50,0.025,0.085,5,0,1.31244836026,1.91689085613,0.890259153086,7417.38851265,2044.81399224,synthetic,True,1.0.0,1.0.0,2026-09-16T20:12:09.907988+00:00,42,schema_checked
3096,12,50,0.025,0.085,5,1,1.31244836026,1.4376681421,0.73001250553,6316.67384135,1676.74747364,synthetic,True,1.0.0,1.0.0,2026-09-16T20:12:09.907988+00:00,42,schema_checked
3097,12,50,0.04,0.04,-5,0,1.38165366902,2.02069881928,0.896452409904,7814.77837155,2059.039129,synthetic,True,1.0.0,1.0.0,2026-09-16T20:12:09.907988+00:00,42,schema_checked
3098,12,50,0.04,0.04,-5,1,1.38165366902,1.51552411446,0.735090976122,6654.45522142,1688.41208578,synthetic,True,1.0.0,1.0.0,2026-09-16T20:12:09.907988+00:00,42,schema_checked
3099,12,50,0.04,0.04,0,0,1.41309324546,2.06667988994,0.888952409904,7992.60392039,2041.8125665,synthetic,True,1.0.0,1.0.0,2026-09-16T20:12:09.907988+00:00,42,schema_checked
3100,12,50,0.04,0.04,0,1,1.41309324546,1.55000991746,0.728940976122,6805.87757733,1674.28630453,synthetic,True,1.0.0,1.0.0,2026-09-16T20:12:09.907988+00:00,42,schema_checked
3101,12,50,0.04,0.04,5,0,1.38165366902,2.02069881928,0.896452409904,7814.77837155,2059.039129,synthetic,True,1.0.0,1.0.0,2026-09-16T20:12:09.907988+00:00,42,schema_checked
3102,12,50,0.04,0.04,5,1,1.38165366902,1.51552411446,0.735090976122,6654.45522142,1688.41208578,synthetic,True,1.0.0,1.0.0,2026-09-16T20:12:09.907988+00:00,42,schema_checked
3103,12,50,0.04,0.06,-5,0,1.42284948458,2.08249254261,0.900139067332,8051.33246869,2067.50692028,synthetic,True,1.0.0,1.0.0,2026-09-16T20:12:09.907988+00:00,42,schema_checked
3104,12,50,0.04,0.06,-5,1,1.42284948458,1.56186940696,0.738114035212,6855.52620399,1695.35567463,synthetic,True,1.0.0,1.0.0,2026-09-16T20:12:09.907988+00:00,42,schema_checked
3105,12,50,0.04,0.06,0,0,1.45522647321,2.12987973156,0.892639067332,8234.54081409,2050.28035778,synthetic,True,1.0.0,1.0.0,2026-09-16T20:12:09.907988+00:00,42,schema_checked
3106,12,50,0.04,0.06,0,1,1.45522647321,1.59740979867,0.731964035212,7011.52393698,1681.22989338,synthetic,True,1.0.0,1.0.0,2026-09-16T20:12:09.907988+00:00,42,schema_checked
3107,12,50,0.04,0.06,5,0,1.42284948458,2.08249254261,0.900139067332,8051.33246869,2067.50692028,synthetic,True,1.0.0,1.0.0,2026-09-16T20:12:09.907988+00:00,42,schema_checked
3108,12,50,0.04,0.06,5,1,1.42284948458,1.56186940696,0.738114035212,6855.52620399,1695.35567463,synthetic,True,1.0.0,1.0.0,2026-09-16T20:12:09.907988+00:00,42,schema_checked
3109,12,50,0.04,0.085,-5,0,1.31753316658,1.92451806562,0.890714197821,7446.58642396,2045.85917312,synthetic,True,1.0.0,1.0.0,2026-09-16T20:12:09.907988+00:00,42,schema_checked
3110,12,50,0.04,0.085,-5,1,1.31753316658,1.44338854921,0.730385642214,6341.49206597,1677.60452196,synthetic,True,1.0.0,1.0.0,2026-09-16T20:12:09.907988+00:00,42,schema_checked
3111,12,50,0.04,0.085,0,0,1.3475136788,1.96831053995,0.883214197821,7616.03375244,2028.63261062,synthetic,True,1.0.0,1.0.0,2026-09-16T20:12:09.907988+00:00,42,schema_checked
3112,12,50,0.04,0.085,0,1,1.3475136788,1.47623290496,0.724235642214,6485.79293458,1663.47874071,synthetic,True,1.0.0,1.0.0,2026-09-16T20:12:09.907988+00:00,42,schema_checked
3113,12,50,0.04,0.085,5,0,1.31753316658,1.92451806562,0.890714197821,7446.58642396,2045.85917312,synthetic,True,1.0.0,1.0.0,2026-09-16T20:12:09.907988+00:00,42,schema_checked
3114,12,50,0.04,0.085,5,1,1.31753316658,1.44338854921,0.730385642214,6341.49206597,1677.60452196,synthetic,True,1.0.0,1.0.0,2026-09-16T20:12:09.907988+00:00,42,schema_checked
3115,12,50,0.055,0.04,-5,0,1.24176856696,1.81087116618,0.883933943075,7011.53188705,2030.2857755,synthetic,True,1.0.0,1.0.0,2026-09-16T20:12:09.907988+00:00,42,schema_checked
3116,12,50,0.055,0.04,-5,1,1.24176856696,1.35815337464,0.724825833321,5971.69570959,1664.83433591,synthetic,True,1.0.0,1.0.0,2026-09-16T20:12:09.907988+00:00,42,schema_checked
3117,12,50,0.055,0.04,0,0,1.27002505312,1.85207760143,0.876433943075,7171.07953468,2013.059213,synthetic,True,1.0.0,1.0.0,2026-09-16T20:12:09.907988+00:00,42,schema_checked
3118,12,50,0.055,0.04,0,1,1.27002505312,1.38905820108,0.718675833321,6107.58184948,1650.70855466,synthetic,True,1.0.0,1.0.0,2026-09-16T20:12:09.907988+00:00,42,schema_checked
3119,12,50,0.055,0.04,5,0,1.24176856696,1.81087116618,0.883933943075,7011.53188705,2030.2857755,synthetic,True,1.0.0,1.0.0,2026-09-16T20:12:09.907988+00:00,42,schema_checked
3120,12,50,0.055,0.04,5,1,1.24176856696,1.35815337464,0.724825833321,5971.69570959,1664.83433591,synthetic,True,1.0.0,1.0.0,2026-09-16T20:12:09.907988+00:00,42,schema_checked
3121,12,50,0.055,0.06,-5,0,1.26939816666,1.85231556574,0.886406545392,7170.18622912,2035.96503395,synthetic,True,1.0.0,1.0.0,2026-09-16T20:12:09.907988+00:00,42,schema_checked
3122,12,50,0.055,0.06,-5,1,1.26939816666,1.38923667431,0.726853367221,6106.55190035,1669.49132784,synthetic,True,1.0.0,1.0.0,2026-09-16T20:12:09.907988+00:00,42,schema_checked
3123,12,50,0.055,0.06,0,0,1.29828336531,1.89446506972,0.878906545392,7333.34406173,2018.73847145,synthetic,True,1.0.0,1.0.0,2026-09-16T20:12:09.907988+00:00,42,schema_checked
3124,12,50,0.055,0.06,0,1,1.29828336531,1.42084880229,0.720703367221,6245.50669747,1655.36554659,synthetic,True,1.0.0,1.0.0,2026-09-16T20:12:09.907988+00:00,42,schema_checked
3125,12,50,0.055,0.06,5,0,1.26939816666,1.85231556574,0.886406545392,7170.18622912,2035.96503395,synthetic,True,1.0.0,1.0.0,2026-09-16T20:12:09.907988+00:00,42,schema_checked
3126,12,50,0.055,0.06,5,1,1.26939816666,1.38923667431,0.726853367221,6106.55190035,1669.49132784,synthetic,True,1.0.0,1.0.0,2026-09-16T20:12:09.907988+00:00,42,schema_checked
3127,12,50,0.055,0.085,-5,0,1.19876362115,1.74636374747,0.880085384653,6764.58942481,2021.44611788,synthetic,True,1.0.0,1.0.0,2026-09-16T20:12:09.907988+00:00,42,schema_checked
3128,12,50,0.055,0.085,-5,1,1.19876362115,1.3097728106,0.721670015416,5761.79461669,1657.58581666,synthetic,True,1.0.0,1.0.0,2026-09-16T20:12:09.907988+00:00,42,schema_checked
3129,12,50,0.055,0.085,0,0,1.22604152831,1.78610231421,0.872585384653,6918.51788828,2004.21955538,synthetic,True,1.0.0,1.0.0,2026-09-16T20:12:09.907988+00:00,42,schema_checked
3130,12,50,0.055,0.085,0,1,1.22604152831,1.33957673566,0.715520015416,5892.90445004,1643.46003541,synthetic,True,1.0.0,1.0.0,2026-09-16T20:12:09.907988+00:00,42,schema_checked
3131,12,50,0.055,0.085,5,0,1.19876362115,1.74636374747,0.880085384653,6764.58942481,2021.44611788,synthetic,True,1.0.0,1.0.0,2026-09-16T20:12:09.907988+00:00,42,schema_checked
3132,12,50,0.055,0.085,5,1,1.19876362115,1.3097728106,0.721670015416,5761.79461669,1657.58581666,synthetic,True,1.0.0,1.0.0,2026-09-16T20:12:09.907988+00:00,42,schema_checked
3133,12,70,0.025,0.04,-5,0,1.37566485557,2.0117155991,0.895916464608,15249.5633843,4033.3039341,synthetic,True,1.0.0,1.0.0,2026-09-16T20:12:09.907988+00:00,42,schema_checked
3134,12,70,0.025,0.04,-5,1,1.37566485557,1.50878669932,0.734651500978,12985.4403437,3307.30922597,synthetic,True,1.0.0,1.0.0,2026-09-16T20:12:09.907988+00:00,42,schema_checked
3135,12,70,0.025,0.04,0,0,1.40696815635,2.05749225628,0.888416464608,15596.5677201,3999.5398716,synthetic,True,1.0.0,1.0.0,2026-09-16T20:12:09.907988+00:00,42,schema_checked
3136,12,70,0.025,0.04,0,1,1.40696815635,1.54311919221,0.728501500978,13280.9244823,3279.62269472,synthetic,True,1.0.0,1.0.0,2026-09-16T20:12:09.907988+00:00,42,schema_checked
3137,12,70,0.025,0.04,5,0,1.37566485557,2.0117155991,0.895916464608,15249.5633843,4033.3039341,synthetic,True,1.0.0,1.0.0,2026-09-16T20:12:09.907988+00:00,42,schema_checked
3138,12,70,0.025,0.04,5,1,1.37566485557,1.50878669932,0.734651500978,12985.4403437,3307.30922597,synthetic,True,1.0.0,1.0.0,2026-09-16T20:12:09.907988+00:00,42,schema_checked
3139,12,70,0.025,0.06,-5,0,1.4162798692,2.07263811955,0.899551145453,15706.6726706,4049.66681293,synthetic,True,1.0.0,1.0.0,2026-09-16T20:12:09.907988+00:00,42,schema_checked
3140,12,70,0.025,0.06,-5,1,1.4162798692,1.55447858966,0.737631939271,13373.983237,3320.72678661,synthetic,True,1.0.0,1.0.0,2026-09-16T20:12:09.907988+00:00,42,schema_checked
3141,12,70,0.025,0.06,0,0,1.44850736601,2.11980107077,0.892051145453,16064.0785438,4015.90275043,synthetic,True,1.0.0,1.0.0,2026-09-16T20:12:09.907988+00:00,42,schema_checked
3142,12,70,0.025,0.06,0,1,1.44850736601,1.58985080308,0.731481939271,13678.3086825,3293.04025536,synthetic,True,1.0.0,1.0.0,2026-09-16T20:12:09.907988+00:00,42,schema_checked
3143,12,70,0.025,0.06,5,0,1.4162798692,2.07263811955,0.899551145453,15706.6726706,4049.66681293,synthetic,True,1.0.0,1.0.0,2026-09-16T20:12:09.907988+00:00,42,schema_checked
3144,12,70,0.025,0.06,5,1,1.4162798692,1.55447858966,0.737631939271,13373.983237,3320.72678661,synthetic,True,1.0.0,1.0.0,2026-09-16T20:12:09.907988+00:00,42,schema_checked
3145,12,70,0.025,0.085,-5,0,1.31244836026,1.91689085613,0.890259153086,14538.0814848,4007.8354248,synthetic,True,1.0.0,1.0.0,2026-09-16T20:12:09.907988+00:00,42,schema_checked
3146,12,70,0.025,0.085,-5,1,1.31244836026,1.4376681421,0.73001250553,12380.6807291,3286.42504833,synthetic,True,1.0.0,1.0.0,2026-09-16T20:12:09.907988+00:00,42,schema_checked
3147,12,70,0.025,0.085,0,0,1.34231316753,1.96050977305,0.882759153086,14868.8960257,3974.0713623,synthetic,True,1.0.0,1.0.0,2026-09-16T20:12:09.907988+00:00,42,schema_checked
3148,12,70,0.025,0.085,0,1,1.34231316753,1.47038232979,0.72386250553,12662.403542,3258.73851708,synthetic,True,1.0.0,1.0.0,2026-09-16T20:12:09.907988+00:00,42,schema_checked
3149,12,70,0.025,0.085,5,0,1.31244836026,1.91689085613,0.890259153086,14538.0814848,4007.8354248,synthetic,True,1.0.0,1.0.0,2026-09-16T20:12:09.907988+00:00,42,schema_checked
3150,12,70,0.025,0.085,5,1,1.31244836026,1.4376681421,0.73001250553,12380.6807291,3286.42504833,synthetic,True,1.0.0,1.0.0,2026-09-16T20:12:09.907988+00:00,42,schema_checked
3151,12,70,0.04,0.04,-5,0,1.38165366902,2.02069881928,0.896452409904,15316.9656082,4035.71669284,synthetic,True,1.0.0,1.0.0,2026-09-16T20:12:09.907988+00:00,42,schema_checked
3152,12,70,0.04,0.04,-5,1,1.38165366902,1.51552411446,0.735090976122,13042.732234,3309.28768813,synthetic,True,1.0.0,1.0.0,2026-09-16T20:12:09.907988+00:00,42,schema_checked
3153,12,70,0.04,0.04,0,0,1.41309324546,2.06667988994,0.888952409904,15665.503684,4001.95263034,synthetic,True,1.0.0,1.0.0,2026-09-16T20:12:09.907988+00:00,42,schema_checked
3154,12,70,0.04,0.04,0,1,1.41309324546,1.55000991746,0.728940976122,13339.5200516,3281.60115688,synthetic,True,1.0.0,1.0.0,2026-09-16T20:12:09.907988+00:00,42,schema_checked
3155,12,70,0.04,0.04,5,0,1.38165366902,2.02069881928,0.896452409904,15316.9656082,4035.71669284,synthetic,True,1.0.0,1.0.0,2026-09-16T20:12:09.907988+00:00,42,schema_checked
3156,12,70,0.04,0.04,5,1,1.38165366902,1.51552411446,0.735090976122,13042.732234,3309.28768813,synthetic,True,1.0.0,1.0.0,2026-09-16T20:12:09.907988+00:00,42,schema_checked
3157,12,70,0.04,0.06,-5,0,1.42284948458,2.08249254261,0.900139067332,15780.6116386,4052.31356375,synthetic,True,1.0.0,1.0.0,2026-09-16T20:12:09.907988+00:00,42,schema_checked
3158,12,70,0.04,0.06,-5,1,1.42284948458,1.56186940696,0.738114035212,13436.8313598,3322.89712227,synthetic,True,1.0.0,1.0.0,2026-09-16T20:12:09.907988+00:00,42,schema_checked
3159,12,70,0.04,0.06,0,0,1.45522647321,2.12987973156,0.892639067332,16139.6999956,4018.54950125,synthetic,True,1.0.0,1.0.0,2026-09-16T20:12:09.907988+00:00,42,schema_checked
3160,12,70,0.04,0.06,0,1,1.45522647321,1.59740979867,0.731964035212,13742.5869165,3295.21059102,synthetic,True,1.0.0,1.0.0,2026-09-16T20:12:09.907988+00:00,42,schema_checked
3161,12,70,0.04,0.06,5,0,1.42284948458,2.08249254261,0.900139067332,15780.6116386,4052.31356375,synthetic,True,1.0.0,1.0.0,2026-09-16T20:12:09.907988+00:00,42,schema_checked
3162,12,70,0.04,0.06,5,1,1.42284948458,1.56186940696,0.738114035212,13436.8313598,3322.89712227,synthetic,True,1.0.0,1.0.0,2026-09-16T20:12:09.907988+00:00,42,schema_checked
3163,12,70,0.04,0.085,-5,0,1.31753316658,1.92451806562,0.890714197821,14595.309391,4009.88397932,synthetic,True,1.0.0,1.0.0,2026-09-16T20:12:09.907988+00:00,42,schema_checked
3164,12,70,0.04,0.085,-5,1,1.31753316658,1.44338854921,0.730385642214,12429.3244493,3288.10486304,synthetic,True,1.0.0,1.0.0,2026-09-16T20:12:09.907988+00:00,42,schema_checked
3165,12,70,0.04,0.085,0,0,1.3475136788,1.96831053995,0.883214197821,14927.4261548,3976.11991682,synthetic,True,1.0.0,1.0.0,2026-09-16T20:12:09.907988+00:00,42,schema_checked
3166,12,70,0.04,0.085,0,1,1.3475136788,1.47623290496,0.724235642214,12712.1541518,3260.41833179,synthetic,True,1.0.0,1.0.0,2026-09-16T20:12:09.907988+00:00,42,schema_checked
3167,12,70,0.04,0.085,5,0,1.31753316658,1.92451806562,0.890714197821,14595.309391,4009.88397932,synthetic,True,1.0.0,1.0.0,2026-09-16T20:12:09.907988+00:00,42,schema_checked
3168,12,70,0.04,0.085,5,1,1.31753316658,1.44338854921,0.730385642214,12429.3244493,3288.10486304,synthetic,True,1.0.0,1.0.0,2026-09-16T20:12:09.907988+00:00,42,schema_checked
3169,12,70,0.055,0.04,-5,0,1.24176856696,1.81087116618,0.883933943075,13742.6024986,3979.36011998,synthetic,True,1.0.0,1.0.0,2026-09-16T20:12:09.907988+00:00,42,schema_checked
3170,12,70,0.055,0.04,-5,1,1.24176856696,1.35815337464,0.724825833321,11704.5235908,3263.07529838,synthetic,True,1.0.0,1.0.0,2026-09-16T20:12:09.907988+00:00,42,schema_checked
3171,12,70,0.055,0.04,0,0,1.27002505312,1.85207760143,0.876433943075,14055.315888,3945.59605748,synthetic,True,1.0.0,1.0.0,2026-09-16T20:12:09.907988+00:00,42,schema_checked
3172,12,70,0.055,0.04,0,1,1.27002505312,1.38905820108,0.718675833321,11970.860425,3235.38876713,synthetic,True,1.0.0,1.0.0,2026-09-16T20:12:09.907988+00:00,42,schema_checked
3173,12,70,0.055,0.04,5,0,1.24176856696,1.81087116618,0.883933943075,13742.6024986,3979.36011998,synthetic,True,1.0.0,1.0.0,2026-09-16T20:12:09.907988+00:00,42,schema_checked
3174,12,70,0.055,0.04,5,1,1.24176856696,1.35815337464,0.724825833321,11704.5235908,3263.07529838,synthetic,True,1.0.0,1.0.0,2026-09-16T20:12:09.907988+00:00,42,schema_checked
3175,12,70,0.055,0.06,-5,0,1.26939816666,1.85231556574,0.886406545392,14053.5650091,3990.49146653,synthetic,True,1.0.0,1.0.0,2026-09-16T20:12:09.907988+00:00,42,schema_checked
3176,12,70,0.055,0.06,-5,1,1.26939816666,1.38923667431,0.726853367221,11968.8417247,3272.20300256,synthetic,True,1.0.0,1.0.0,2026-09-16T20:12:09.907988+00:00,42,schema_checked
3177,12,70,0.055,0.06,0,0,1.29828336531,1.89446506972,0.878906545392,14373.354361,3956.72740403,synthetic,True,1.0.0,1.0.0,2026-09-16T20:12:09.907988+00:00,42,schema_checked
3178,12,70,0.055,0.06,0,1,1.29828336531,1.42084880229,0.720703367221,12241.193127,3244.51647131,synthetic,True,1.0.0,1.0.0,2026-09-16T20:12:09.907988+00:00,42,schema_checked
3179,12,70,0.055,0.06,5,0,1.26939816666,1.85231556574,0.886406545392,14053.5650091,3990.49146653,synthetic,True,1.0.0,1.0.0,2026-09-16T20:12:09.907988+00:00,42,schema_checked
3180,12,70,0.055,0.06,5,1,1.26939816666,1.38923667431,0.726853367221,11968.8417247,3272.20300256,synthetic,True,1.0.0,1.0.0,2026-09-16T20:12:09.907988+00:00,42,schema_checked
3181,12,70,0.055,0.085,-5,0,1.19876362115,1.74636374747,0.880085384653,13258.5952726,3962.03439104,synthetic,True,1.0.0,1.0.0,2026-09-16T20:12:09.907988+00:00,42,schema_checked
3182,12,70,0.055,0.085,-5,1,1.19876362115,1.3097728106,0.721670015416,11293.1174487,3248.86820065,synthetic,True,1.0.0,1.0.0,2026-09-16T20:12:09.907988+00:00,42,schema_checked
3183,12,70,0.055,0.085,0,0,1.22604152831,1.78610231421,0.872585384653,13560.295061,3928.27032854,synthetic,True,1.0.0,1.0.0,2026-09-16T20:12:09.907988+00:00,42,schema_checked
3184,12,70,0.055,0.085,0,1,1.22604152831,1.33957673566,0.715520015416,11550.0927221,3221.1816694,synthetic,True,1.0.0,1.0.0,2026-09-16T20:12:09.907988+00:00,42,schema_checked
3185,12,70,0.055,0.085,5,0,1.19876362115,1.74636374747,0.880085384653,13258.5952726,3962.03439104,synthetic,True,1.0.0,1.0.0,2026-09-16T20:12:09.907988+00:00,42,schema_checked
3186,12,70,0.055,0.085,5,1,1.19876362115,1.3097728106,0.721670015416,11293.1174487,3248.86820065,synthetic,True,1.0.0,1.0.0,2026-09-16T20:12:09.907988+00:00,42,schema_checked
3187,12,90,0.025,0.04,-5,0,1.37566485557,2.0117155991,0.895916464608,25208.461921,6667.29834005,synthetic,True,1.0.0,1.0.0,2026-09-16T20:12:09.907988+00:00,42,schema_checked
3188,12,90,0.025,0.04,-5,1,1.37566485557,1.50878669932,0.734651500978,21465.727915,5467.18463884,synthetic,True,1.0.0,1.0.0,2026-09-16T20:12:09.907988+00:00,42,schema_checked
3189,12,90,0.025,0.04,0,0,1.40696815635,2.05749225628,0.888416464608,25782.0813333,6611.48427755,synthetic,True,1.0.0,1.0.0,2026-09-16T20:12:09.907988+00:00,42,schema_checked
3190,12,90,0.025,0.04,0,1,1.40696815635,1.54311919221,0.728501500978,21954.1812871,5421.41710759,synthetic,True,1.0.0,1.0.0,2026-09-16T20:12:09.907988+00:00,42,schema_checked
3191,12,90,0.025,0.04,5,0,1.37566485557,2.0117155991,0.895916464608,25208.461921,6667.29834005,synthetic,True,1.0.0,1.0.0,2026-09-16T20:12:09.907988+00:00,42,schema_checked
3192,12,90,0.025,0.04,5,1,1.37566485557,1.50878669932,0.734651500978,21465.727915,5467.18463884,synthetic,True,1.0.0,1.0.0,2026-09-16T20:12:09.907988+00:00,42,schema_checked
3193,12,90,0.025,0.06,-5,0,1.4162798692,2.07263811955,0.899551145453,25964.0915575,6694.34718057,synthetic,True,1.0.0,1.0.0,2026-09-16T20:12:09.907988+00:00,42,schema_checked
3194,12,90,0.025,0.06,-5,1,1.4162798692,1.55447858966,0.737631939271,22108.0131061,5489.36468806,synthetic,True,1.0.0,1.0.0,2026-09-16T20:12:09.907988+00:00,42,schema_checked
3195,12,90,0.025,0.06,0,0,1.44850736601,2.11980107077,0.892051145453,26554.905348,6638.53311807,synthetic,True,1.0.0,1.0.0,2026-09-16T20:12:09.907988+00:00,42,schema_checked
3196,12,90,0.025,0.06,0,1,1.44850736601,1.58985080308,0.731481939271,22611.0816996,5443.59715681,synthetic,True,1.0.0,1.0.0,2026-09-16T20:12:09.907988+00:00,42,schema_checked
3197,12,90,0.025,0.06,5,0,1.4162798692,2.07263811955,0.899551145453,25964.0915575,6694.34718057,synthetic,True,1.0.0,1.0.0,2026-09-16T20:12:09.907988+00:00,42,schema_checked
3198,12,90,0.025,0.06,5,1,1.4162798692,1.55447858966,0.737631939271,22108.0131061,5489.36468806,synthetic,True,1.0.0,1.0.0,2026-09-16T20:12:09.907988+00:00,42,schema_checked
3199,12,90,0.025,0.085,-5,0,1.31244836026,1.91689085613,0.890259153086,24032.338781,6625.19733487,synthetic,True,1.0.0,1.0.0,2026-09-16T20:12:09.907988+00:00,42,schema_checked
3200,12,90,0.025,0.085,-5,1,1.31244836026,1.4376681421,0.73001250553,20466.023246,5432.66181459,synthetic,True,1.0.0,1.0.0,2026-09-16T20:12:09.907988+00:00,42,schema_checked
3201,12,90,0.025,0.085,0,0,1.34231316753,1.96050977305,0.882759153086,24579.195471,6569.38327237,synthetic,True,1.0.0,1.0.0,2026-09-16T20:12:09.907988+00:00,42,schema_checked
3202,12,90,0.025,0.085,0,1,1.34231316753,1.47038232979,0.72386250553,20931.7283042,5386.89428334,synthetic,True,1.0.0,1.0.0,2026-09-16T20:12:09.907988+00:00,42,schema_checked
3203,12,90,0.025,0.085,5,0,1.31244836026,1.91689085613,0.890259153086,24032.338781,6625.19733487,synthetic,True,1.0.0,1.0.0,2026-09-16T20:12:09.907988+00:00,42,schema_checked
3204,12,90,0.025,0.085,5,1,1.31244836026,1.4376681421,0.73001250553,20466.023246,5432.66181459,synthetic,True,1.0.0,1.0.0,2026-09-16T20:12:09.907988+00:00,42,schema_checked
3205,12,90,0.04,0.04,-5,0,1.38165366902,2.02069881928,0.896452409904,25319.8819238,6671.28677796,synthetic,True,1.0.0,1.0.0,2026-09-16T20:12:09.907988+00:00,42,schema_checked
3206,12,90,0.04,0.04,-5,1,1.38165366902,1.51552411446,0.735090976122,21560.4349174,5470.45515793,synthetic,True,1.0.0,1.0.0,2026-09-16T20:12:09.907988+00:00,42,schema_checked
3207,12,90,0.04,0.04,0,0,1.41309324546,2.06667988994,0.888952409904,25896.0367021,6615.47271546,synthetic,True,1.0.0,1.0.0,2026-09-16T20:12:09.907988+00:00,42,schema_checked
3208,12,90,0.04,0.04,0,1,1.41309324546,1.55000991746,0.728940976122,22051.0433506,5424.68762668,synthetic,True,1.0.0,1.0.0,2026-09-16T20:12:09.907988+00:00,42,schema_checked
3209,12,90,0.04,0.04,5,0,1.38165366902,2.02069881928,0.896452409904,25319.8819238,6671.28677796,synthetic,True,1.0.0,1.0.0,2026-09-16T20:12:09.907988+00:00,42,schema_checked
3210,12,90,0.04,0.04,5,1,1.38165366902,1.51552411446,0.735090976122,21560.4349174,5470.45515793,synthetic,True,1.0.0,1.0.0,2026-09-16T20:12:09.907988+00:00,42,schema_checked
3211,12,90,0.04,0.06,-5,0,1.42284948458,2.08249254261,0.900139067332,26086.3171986,6698.7224217,synthetic,True,1.0.0,1.0.0,2026-09-16T20:12:09.907988+00:00,42,schema_checked
3212,12,90,0.04,0.06,-5,1,1.42284948458,1.56186940696,0.738114035212,22211.9049009,5492.9523858,synthetic,True,1.0.0,1.0.0,2026-09-16T20:12:09.907988+00:00,42,schema_checked
3213,12,90,0.04,0.06,0,0,1.45522647321,2.12987973156,0.892639067332,26679.9122376,6642.9083592,synthetic,True,1.0.0,1.0.0,2026-09-16T20:12:09.907988+00:00,42,schema_checked
3214,12,90,0.04,0.06,0,1,1.45522647321,1.59740979867,0.731964035212,22717.3375558,5447.18485455,synthetic,True,1.0.0,1.0.0,2026-09-16T20:12:09.907988+00:00,42,schema_checked
3215,12,90,0.04,0.06,5,0,1.42284948458,2.08249254261,0.900139067332,26086.3171986,6698.7224217,synthetic,True,1.0.0,1.0.0,2026-09-16T20:12:09.907988+00:00,42,schema_checked
3216,12,90,0.04,0.06,5,1,1.42284948458,1.56186940696,0.738114035212,22211.9049009,5492.9523858,synthetic,True,1.0.0,1.0.0,2026-09-16T20:12:09.907988+00:00,42,schema_checked
3217,12,90,0.04,0.085,-5,0,1.31753316658,1.92451806562,0.890714197821,24126.9400136,6628.58372091,synthetic,True,1.0.0,1.0.0,2026-09-16T20:12:09.907988+00:00,42,schema_checked
3218,12,90,0.04,0.085,-5,1,1.31753316658,1.44338854921,0.730385642214,20546.4342937,5435.43865115,synthetic,True,1.0.0,1.0.0,2026-09-16T20:12:09.907988+00:00,42,schema_checked
3219,12,90,0.04,0.085,0,0,1.3475136788,1.96831053995,0.883214197821,24675.9493579,6572.76965841,synthetic,True,1.0.0,1.0.0,2026-09-16T20:12:09.907988+00:00,42,schema_checked
3220,12,90,0.04,0.085,0,1,1.3475136788,1.47623290496,0.724235642214,21013.969108,5389.6711199,synthetic,True,1.0.0,1.0.0,2026-09-16T20:12:09.907988+00:00,42,schema_checked
3221,12,90,0.04,0.085,5,0,1.31753316658,1.92451806562,0.890714197821,24126.9400136,6628.58372091,synthetic,True,1.0.0,1.0.0,2026-09-16T20:12:09.907988+00:00,42,schema_checked
3222,12,90,0.04,0.085,5,1,1.31753316658,1.44338854921,0.730385642214,20546.4342937,5435.43865115,synthetic,True,1.0.0,1.0.0,2026-09-16T20:12:09.907988+00:00,42,schema_checked
3223,12,90,0.055,0.04,-5,0,1.24176856696,1.81087116618,0.883933943075,22717.363314,6578.12591262,synthetic,True,1.0.0,1.0.0,2026-09-16T20:12:09.907988+00:00,42,schema_checked
3224,12,90,0.055,0.04,-5,1,1.24176856696,1.35815337464,0.724825833321,19348.2940991,5394.06324835,synthetic,True,1.0.0,1.0.0,2026-09-16T20:12:09.907988+00:00,42,schema_checked
3225,12,90,0.055,0.04,0,0,1.27002505312,1.85207760143,0.876433943075,23234.2976924,6522.31185012,synthetic,True,1.0.0,1.0.0,2026-09-16T20:12:09.907988+00:00,42,schema_checked
3226,12,90,0.055,0.04,0,1,1.27002505312,1.38905820108,0.718675833321,19788.5651923,5348.2957171,synthetic,True,1.0.0,1.0.0,2026-09-16T20:12:09.907988+00:00,42,schema_checked
3227,12,90,0.055,0.04,5,0,1.24176856696,1.81087116618,0.883933943075,22717.363314,6578.12591262,synthetic,True,1.0.0,1.0.0,2026-09-16T20:12:09.907988+00:00,42,schema_checked
3228,12,90,0.055,0.04,5,1,1.24176856696,1.35815337464,0.724825833321,19348.2940991,5394.06324835,synthetic,True,1.0.0,1.0.0,2026-09-16T20:12:09.907988+00:00,42,schema_checked
3229,12,90,0.055,0.06,-5,0,1.26939816666,1.85231556574,0.886406545392,23231.4033823,6596.52670999,synthetic,True,1.0.0,1.0.0,2026-09-16T20:12:09.907988+00:00,42,schema_checked
3230,12,90,0.055,0.06,-5,1,1.26939816666,1.38923667431,0.726853367221,19785.2281571,5409.15190219,synthetic,True,1.0.0,1.0.0,2026-09-16T20:12:09.907988+00:00,42,schema_checked
3231,12,90,0.055,0.06,0,0,1.29828336531,1.89446506972,0.878906545392,23760.03476,6540.71264749,synthetic,True,1.0.0,1.0.0,2026-09-16T20:12:09.907988+00:00,42,schema_checked
3232,12,90,0.055,0.06,0,1,1.29828336531,1.42084880229,0.720703367221,20235.4416998,5363.38437094,synthetic,True,1.0.0,1.0.0,2026-09-16T20:12:09.907988+00:00,42,schema_checked
3233,12,90,0.055,0.06,5,0,1.26939816666,1.85231556574,0.886406545392,23231.4033823,6596.52670999,synthetic,True,1.0.0,1.0.0,2026-09-16T20:12:09.907988+00:00,42,schema_checked
3234,12,90,0.055,0.06,5,1,1.26939816666,1.38923667431,0.726853367221,19785.2281571,5409.15190219,synthetic,True,1.0.0,1.0.0,2026-09-16T20:12:09.907988+00:00,42,schema_checked
3235,12,90,0.055,0.085,-5,0,1.19876362115,1.74636374747,0.880085384653,21917.2697364,6549.48542192,synthetic,True,1.0.0,1.0.0,2026-09-16T20:12:09.907988+00:00,42,schema_checked
3236,12,90,0.055,0.085,-5,1,1.19876362115,1.3097728106,0.721670015416,18668.2145581,5370.57804597,synthetic,True,1.0.0,1.0.0,2026-09-16T20:12:09.907988+00:00,42,schema_checked
3237,12,90,0.055,0.085,0,0,1.22604152831,1.78610231421,0.872585384653,22415.997958,6493.67135942,synthetic,True,1.0.0,1.0.0,2026-09-16T20:12:09.907988+00:00,42,schema_checked
3238,12,90,0.055,0.085,0,1,1.22604152831,1.33957673566,0.715520015416,19093.0104181,5324.81051472,synthetic,True,1.0.0,1.0.0,2026-09-16T20:12:09.907988+00:00,42,schema_checked
3239,12,90,0.055,0.085,5,0,1.19876362115,1.74636374747,0.880085384653,21917.2697364,6549.48542192,synthetic,True,1.0.0,1.0.0,2026-09-16T20:12:09.907988+00:00,42,schema_checked
3240,12,90,0.055,0.085,5,1,1.19876362115,1.3097728106,0.721670015416,18668.2145581,5370.57804597,synthetic,True,1.0.0,1.0.0,2026-09-16T20:12:09.907988+00:00,42,schema_checked
