sample_index,distance_m,step_m,time_s,dt_s,shift_loss_s,speed_mps,exit_speed_mps,acceleration_mps2,lateral_acceleration_mps2,gear,drs,drs_zone,fuel_kg,mass_kg,tyre_wear,tyre_temperature_c,engine_force_n,available_engine_force_n,brake_force_n,rolling_force_n,front_tyre_load_n,rear_tyre_load_n,max_wheel_load_n,tyre_mu,segment_id,sector_id,radius_m,front_downforce_n,rear_downforce_n,downforce_n,drag_n,drag_longitudinal_n,front_height_m,rear_height_m,yaw_deg,roll_deg,cl_down,cd,front_aero_fraction
0,0.0,10.0,0.0,0.17226354580190303,0.0,57.56151046603918,58.539664085419844,5.678239205092791,0.0,3,0,0,10.0,810.0,0.0,85.0,7192.307184060152,7192.306050485881,0.0,277.58502383925213,7716.004266845245,10789.663989104894,5394.831994552447,1.5031394358097223,101,11,0,4524.7614881890095,6037.520267761131,10562.281755950142,2315.348404095739,2315.348404095739,0.03794797881015894,0.05681767776456989,0.0,0.0,3.4696980684923124,0.7605894323972309,0.42838863729800014
1,10.0,10.0,0.172263545801903,0.16949319694946413,0.0,58.539664085419844,59.4591722098397,5.425044432278992,0.0,3,0,0,9.995,809.995,5.740148088028609e-05,85.07887094353262,7072.126239724506,7072.128042892421,0.0,283.05827091047087,7889.325338993361,10981.226055038029,5490.613027519014,1.50073812333144,101,11,0,4681.011717699512,6246.202209581877,10927.213927281387,2394.8091038902126,2394.8091038902126,0.037862531651577144,0.05672371703687587,0.0,0.0,3.470621819503047,0.7606217636826066,0.4283810812939867
2,20.0,10.0,0.34175674275136714,0.16696598678092434,0.0,59.4591722098397,60.32570365378125,5.189868072223112,0.0,3,0,0,9.99,809.99,0.00011590143004693785,85.15930715416958,6962.760420839593,6962.7609099389465,0.0,288.2889695028779,8054.503741562269,11164.760891962922,5582.380445981461,1.4984986031974634,101,11,0,4830.335716472269,6445.640483552924,11275.976200025194,2470.730211516717,2470.730211516717,0.0377811216955087,0.056633718970246966,0.0,0.0,3.4714805195536402,0.7606518181843773,0.4283740609936261
3,30.0,10.0,0.5087227295322914,0.16464996268834037,0.0,60.32570365378125,61.14410826386393,4.970572702963841,0.0,3,0,0,9.985,809.985,0.00017545179777941317,85.24122347349584,6862.746740977163,6862.7463075443175,0.0,293.29420352069565,8212.17195369235,11340.77494768736,5670.38747384368,1.4964047164574672,101,11,0,4973.22166781403,6636.485833315679,11609.70750112971,2543.363206646301,2543.363206646301,0.037703432776024386,0.05654743042642668,0.0,0.0,3.4722803672603733,0.760679812854113,0.4283675249639235
4,40.0,10.0,0.6733726922206318,0.16251880452402118,0.0,61.14410826386393,61.91857398127828,4.765391424595919,0.0,3,0,0,9.98,809.98,0.00023600774892627776,85.32454037518089,6770.890560055555,6770.889489685686,0.0,298.089044196033,8362.879901445109,11509.723044957089,5754.861522478544,1.4944425006372906,101,11,0,5110.100215136292,6819.312364265906,11929.412579402197,2612.9297697653196,2612.9297697653196,0.03762919017996257,0.056464624347712836,0.0,0.0,3.4730267403709494,0.7607059359129832,0.42836142862219356
5,50.0,10.0,0.8358914967446529,0.16055059791234486,0.0,61.91857398127828,62.65274658720267,4.5728425522602265,0.0,3,0,0,9.975,809.975,0.0002975272943879117,85.40918333306344,6686.201991800197,6686.200494946431,0.0,302.6868985907964,8507.11068063332,11672.015892086443,5836.007946043222,1.4925997969789586,101,11,0,5241.3544259680675,6994.630813001696,12235.985238969763,2679.6269469424233,2679.6269469424233,0.03755815274974341,0.056385095947243356,0.0,0.0,3.4737243439846397,0.7607303520394624,0.4283557329960767
6,60.0,10.0,0.9964420946569976,0.15872692174697153,0.0,62.65274658720267,63.34982298245254,4.391670849391789,0.0,3,0,0,9.97,809.97,0.0003599710026121192,85.49508232447181,6607.8525404569755,6607.850773529582,0.0,307.0997776293144,8645.292187787287,11828.026320833675,5914.013160416837,1.4908659446789396,101,11,0,5367.32745571911,7162.898752401852,12530.226208120963,2743.6311249457935,2743.6311249457935,0.03749010703725114,0.05630865954354768,0.0,0.0,3.474377323158919,0.7607532063105621,0.42835040378125755
7,70.0,10.0,1.1551690164039692,0.1570321578057029,0.0,63.34982298245254,64.01262480831242,4.220803147085189,0.0,3,0,0,9.965,809.965,0.0004233017537368153,85.58217140615723,6535.142517181859,6535.140597230637,0.0,311.3385088852756,8777.80620036973,11978.094391981977,5989.047195990988,1.4892315385249837,101,11,0,5488.328631859635,7324.528693242072,12812.857325101708,2805.1011872677286,2805.1011872677286,0.03742486273914098,0.056235145970449846,0.0,0.0,3.4749893517329546,0.7607746273106534,0.4283454105984177
8,80.0,10.0,1.312201174209672,0.1554529610329151,0.0,64.01262480831242,64.64365724066873,4.059314329964354,0.0,3,0,0,9.96,809.96,0.0004874845282321651,85.67038834904181,6467.476193956336,6467.4742090288355,0.0,315.41290765931365,8904.995564598803,12122.531612688776,6061.265806344388,1.4876882345981095,101,11,0,5604.638345523632,7479.894597763947,13084.532943287579,2864.1810515990937,2864.1810515990937,0.03736224908307366,0.05616440043828049,0.0,0.0,3.475563703348267,0.7607947296171893,0.42834072639931986
9,90.0,10.0,1.4676541352425871,0.15397784791588429,0.0,64.64365724066873,65.2451564471657,3.9064009183032793,0.0,3,0,0,9.955,809.955,0.0005524862237570492,85.75967432112749,6404.34260513823,6404.340621674227,0.0,319.33191609832744,9027.169956683187,12261.624449871977,6130.8122249359885,1.4862285929014931,101,11,0,5716.512029327714,7629.337176477449,13345.849205805163,2921.0017332555703,2921.0017332555703,0.03730211193098548,0.05609628075275344,0.0,0.0,3.476103308929072,0.7608136158125175,0.4283363269863076
10,100.0,10.0,1.6216319831584713,0.15259687292844323,0.0,65.2451564471657,65.8191282670993,3.7613603012870955,0.0,3,0,0,9.95,809.95,0.0006182754953197565,85.84997361023596,6345.300533964241,6345.298602130711,0.0,323.10371749964105,9144.610553009901,12395.637280299503,6197.818640149751,1.4848459487024241,101,11,0,5824.18342563719,7773.168240172213,13597.351665809403,2975.683040437117,2975.683040437117,0.037244311430868406,0.05603065582002329,0.0,0.0,3.476610803715471,0.7608313781300414,0.42833219061930444
11,110.0,10.0,1.7742288560869146,0.15130137151986747,0.0,65.8191282670993,66.36738001827858,3.6235742324866806,0.0,3,0,0,9.945,809.945,0.0006848226148624889,85.94123337999036,6289.96664293003,6289.9648005053305,0.0,326.7358311124501,9257.573854941096,12524.814885888913,6262.407442944456,1.483534306446489,101,11,0,5927.867297172881,7911.674309407127,13839.54160658001,3028.334980086155,3028.334980086155,0.03718872009364903,0.05596740438278357,0.0,0.0,3.477088566130673,0.7608480998145736,0.428328297691195
12,120.0,10.0,1.9255302276067823,0.15008375399418736,0.0,66.36738001827858,66.89154686580369,3.492495580470404,0.0,3,0,0,9.94,809.94,0.0007520993471704391,86.03340345377137,6238.005995636832,6238.004270862856,0.0,330.2351914421661,9366.294850735578,12649.384578742167,6324.6922893710835,1.4822882515952838,101,11,0,6027.761694489426,8045.119633988317,14072.881328477742,3079.058933748467,3079.058933748467,0.037135221203453445,0.05590641394445088,0.0,0.0,3.4775387501895305,0.7608638562566336,0.428324630457283
13,130.0,10.0,2.0756139816009695,0.14893733873885,0.0,66.89154686580369,67.3931138469034,3.3676375940835896,0.0,3,0,0,9.935,809.935,0.0008200788396059586,86.12643612239562,6189.1244186829135,6189.122832374582,0.0,333.60821511597675,9470.989652029046,12769.558022369403,6384.779011184702,1.4811028768280077,101,11,0,6124.049867771888,8173.748738876561,14297.798606648448,3127.948648802845,3127.948648802845,0.037083707492181976,0.055847579847662795,0.0,0.0,3.4779633127433494,0.7608787159460172,0.42832117280797455
14,140.0,10.0,2.2245513203398195,0.14785621618881445,0.0,67.3931138469034,67.87343439520582,3.2485651309312287,0.0,3,0,0,9.93,809.93,0.0008887355236338814,86.22028597205342,6143.062294271084,6143.060861388327,0.0,336.8608576716223,9571.85770963915,12885.532801802334,6442.766400901167,1.4799737198523857,101,11,0,6216.901890488744,8297.78858645274,14514.690476941483,3175.091080104332,3175.091080104332,0.03703408002572503,0.05579080448030541,0.0,0.0,3.478364036555334,0.7608927412794366,0.4283179100763547
15,150.0,10.0,2.372407536528634,0.186835137023452,0.04,67.87343439520582,68.33374602105702,3.134887433500944,0.0,4,0,0,9.925,809.925,0.0009580450264691316,86.31490972966141,6099.589476090696,6099.588206917706,0.0,339.9986621129399,9669.083689463609,12997.493784732385,6498.746892366193,1.478896710672601,101,11,0,6306.476047615963,8417.450425330031,14723.926472945994,3220.5671093995034,3220.5671093995034,0.03698624726120672,0.0557359965876554,0.0,0.0,3.4787425499788105,0.7609059892492583,0.42831482887418615
16,160.0,10.0,2.559242673552086,0.1457512847205429,0.0,68.33374602105702,68.88631374271876,3.7911687894978057,0.0,4,1,1,9.92,809.92,0.0010279840914667053,86.4102661232762,6058.5009904305,6058.499996069673,0.0,311.05244899724863,9711.969661169194,11024.860271980715,5512.4301359903575,1.4920059432472716,101,11,0,6393.6773944016995,6400.550570748212,12794.227965149912,2676.9051154431886,2676.9051154431886,0.03696594018065544,0.056710953065592415,0.0,0.0,2.98223543080014,0.6239658463105459,0.4997313954243572
17,170.0,10.0,2.704993958272629,0.14460912528111644,0.0,68.88631374271876,69.41754475252151,3.6735649204021685,0.0,4,1,1,9.915,809.915,0.001091714543838209,86.49497473070485,6009.902962489636,6009.902076430379,0.0,314.1947387831915,9824.545889929886,11121.770028949548,5560.885014474774,1.4907843612301197,101,11,0,6498.336680334679,6505.426303794755,13003.762984129433,2720.4328911989223,2720.4328911989223,0.036910626288753245,0.056663592321503184,0.0,0.0,2.982644230140059,0.623979649300023,0.49972740108118213
18,180.0,10.0,2.8496030835537454,0.1435274308889862,0.0,69.41754475252151,69.92864068480687,3.5609634278249813,0.0,4,1,1,9.91,809.91,0.001156078786397035,86.58045600459475,5963.910908368578,5963.910153779416,0.0,317.2398606558133,9933.548176974482,11215.775866746404,5607.887933373202,1.4896132894718102,101,11,0,6599.759745451958,6607.060396768927,13206.820142220884,2762.611157883035,2762.611157883035,0.03685707396611195,0.05661765502446888,0.0,0.0,2.983033048579645,0.6239927776402774,0.49972360298548973
19,190.0,10.0,2.9931305144427314,0.1425015560691324,0.0,69.92864068480687,70.42070392373418,3.453037654470245,0.0,4,1,1,9.905,809.905,0.0012210572054058148,86.66667473853869,5920.321610264361,5920.32100074767,0.0,320.19191174987554,10039.135101792222,11306.992348199483,5653.496174099741,1.4884893512980386,101,11,0,6698.083116208368,6705.589465533339,13403.672581741706,2803.497236970762,2803.497236970762,0.036805204439592745,0.056573084470360836,0.0,0.0,2.9834031050219805,0.6240052724872126,0.4997199890821268
20,200.0,10.0,3.1356320705118637,0.14152733924490335,0.0,70.42070392373418,70.89474867155113,3.3494924044084655,0.0,4,1,1,9.9,809.9,0.0012866309964012757,86.75359718983343,5878.953336066315,5878.9528779542325,0.0,323.05472450374475,10141.45429406911,11395.527339513876,5697.763669756938,1.4874094419465023,101,11,0,6793.434493179979,6801.141305403007,13594.575798582986,2843.144713232155,2843.144713232155,0.03675494442188063,0.05652982731594927,0.0,0.0,2.983755523226294,0.6240171717842289,0.4997165482639101
21,210.0,10.0,3.277159409756767,0.1406010393484741,0.0,70.89474867155113,71.3517104775224,3.2500599432889885,0.0,4,1,1,9.895,809.895,0.0013527821147096743,86.84119099227189,5839.642984024462,5839.642678162582,0.0,325.831891991839,10240.643548691954,11481.48258409731,5740.741292048655,1.4863706998105186,101,11,0,6885.933596051957,6893.835734987308,13779.769331039264,2881.603794262588,2881.603794262588,0.036706225550402295,0.056487833287930396,0.0,0.0,2.984091341426484,0.6240285105869883,0.49971327027523055
22,220.0,10.0,3.417760449105241,0.13971928234570935,0.0,71.3517104775224,71.79245448113896,3.154496617911491,0.0,4,1,1,9.89,809.89,0.0014194932303837095,86.92942507658232,5802.24368023912,5802.243523375946,0.0,328.5267900418075,10336.831791682513,11564.954211104656,5782.477105552328,1.485370481481326,101,11,0,6975.692901347541,6983.785332939627,13959.478234287168,2918.9216243169753,2918.9216243169753,0.03665898390131754,0.05644705492520457,0.0,0.0,2.9844115207150024,0.6240393213464948,0.4997101456280719
23,230.0,10.0,3.5574797314509503,0.13887901588660692,0.0,71.79245448113896,72.21778257533445,3.0625799835935594,0.0,4,1,1,9.885,809.885,0.0014867476870343602,87.01826959761298,5766.622746171412,5766.622732041631,0.0,331.142596634558,10430.139921209191,11646.033187761343,5823.016593880671,1.4844063399939378,101,11,0,7062.818289514414,7071.09608420612,14133.914373720534,2955.1425595241844,2955.1425595241844,0.036613159566430784,0.056407447349785075,0.0,0.0,2.9847169523851704,0.6240496341570052,0.4997071655285001
24,240.0,10.0,3.696358747337557,0.13807747065592843,0.0,72.21778257533445,72.62843965767172,2.974106350489046,0.0,4,1,1,9.88,809.88,0.001554529464108194,87.10769586749211,5732.659970412838,5732.66009058272,0.0,333.6823089954391,10520.681543294584,11724.80572306802,5862.40286153401,1.4834760057883472,101,11,0,7147.409614989091,7155.867949373514,14303.277564362605,2990.3084102833304,2990.3084102833304,0.036568696283146976,0.05636896806246081,0.0,0.0,2.985008464389719,0.6240594769740999,0.4997043218120336
25,250.0,10.0,3.8344362179934857,0.13731212728038372,0.0,72.62843965767172,73.02511910747006,2.8888886776063374,0.0,4,1,1,9.875,809.875,0.0016228231422245924,87.1976762941016,5700.24613211816,5700.24637664468,0.0,336.14875871337375,10608.56361826398,11801.35362929427,5900.676814647135,1.4825773699833014,101,11,0,7229.561210474516,7238.195368333733,14467.75657880825,3024.4586556283534,3024.4586556283534,0.036525541109393184,0.056331576759945295,0.0,0.0,2.9852868270452957,0.6240688758072941,0.49970160688659
26,260.0,10.0,3.9717483452738698,0.13658068786885122,0.0,73.02511910747006,73.40846760286036,2.806754757000499,0.0,4,1,1,9.87,809.87,0.0016916138712406157,87.28818432429392,5669.281733752572,5669.28209169672,0.0,338.54462516741023,10693.887031141066,11875.754646686284,5937.877323343142,1.4817084696284832,101,11,0,7309.362334753732,7318.167707573618,14627.530042327351,3057.6306335331683,3057.6306335331683,0.036483644136855446,0.05629523517074591,0.0,0.0,2.985552758090395,0.6240778548908168,0.49969901368192693
27,270.0,10.0,4.108329033142721,0.13588105143530946,0.0,73.40846760286036,73.7790893724523,2.727545641405277,0.0,4,1,1,9.865,809.865,0.001760887340755861,87.37919439135801,5639.675908842921,5639.676368668245,0.0,340.8724474938744,10776.747096924733,11948.08273600023,5974.041368000115,1.4808674746564383,101,11,0,7386.897571818625,7395.869658856338,14782.767230674963,3089.8597104723617,3089.8597104723617,0.03644295823702362,0.056259906907401847,0.0,0.0,2.9858069271861245,0.6240864368355785,0.4996965356046771
28,280.0,10.0,4.244210084578031,0.13521129259135195,0.0,73.7790893724523,74.13754996066797,2.651114277111765,0.0,4,1,1,9.86,809.86,0.0018306297528072708,87.47068186630365,5611.3454767699095,5611.346026650468,0.0,343.1346352897224,10857.234009850465,12018.408342797697,6009.204171398848,1.480052676300742,101,11,0,7462.247187838942,7471.381595809218,14933.62878364816,3121.1794330184534,3121.1794330184534,0.0364034388354583,0.05622555733308378,0.0,0.0,2.9860499599347294,0.6240946427648549,0.4996941664982232
29,290.0,10.0,4.379421377169383,0.1345696430045363,0.0,74.13754996066797,74.48437957306653,2.5773243107055803,0.0,4,1,1,9.855,809.855,0.00190082779653566,87.5626230125888,5584.214121683801,5584.214749740699,0.0,345.3334782169775,10935.433244255837,12086.798636875996,6043.399318437998,1.4792624767838178,101,11,0,7535.487451472209,7544.779893909623,15080.267345381832,3151.6216638203555,3151.6216638203555,0.036365043710440734,0.05619215344083571,0.0,0.0,2.986282441478906,0.6241024924358171,0.49969190060678004
30,300.0,10.0,4.513991020173919,0.13395447520654738,0.0,74.48437957306653,74.82007605756135,2.506049043730718,0.0,4,1,1,9.85,809.85,0.0019714686246327874,87.65499494396022,5558.211676662302,5558.212371143948,0.0,347.4711546479027,11011.42591345963,12153.317729733886,6076.658864866943,1.47849538010816,101,11,0,7606.690922173407,7616.13721852011,15222.828140693517,3181.216703949077,3181.216703949077,0.0363277328127759,0.0561596637439803,0.0,0.0,2.986504919735245,0.6241100043487076,0.49968973254314514
31,310.0,10.0,4.647945495380466,0.13336428840592232,0.0,74.82007605756135,75.14510756885134,2.437170513748697,0.0,4,1,1,9.845,809.845,0.0020425398314008803,87.74777558511727,5533.27349747697,5533.274246894607,0.0,349.5497394697156,11085.289092071522,12218.026872576182,6109.013436288091,1.4777499838098296,101,11,0,7675.926710467923,7685.522784929781,15361.449495397705,3209.9934033004406,3209.9934033004406,0.03629146810401873,0.05612805817641147,0.0,0.0,2.98671790830713,0.6241171958451935,0.49968765725966374
32,320.0,10.0,4.781309783786389,0.13279769601748195,0.0,75.14510756885134,75.45991495629193,2.3705786838285348,0.0,4,1,1,9.84,809.84,0.0021140294322763314,87.84094363494289,5509.339912960673,5509.340706188683,0.0,351.5712111503474,11157.096106331388,12280.984637025102,6140.492318512551,1.4770249715538777,101,11,0,7743.260713574031,7753.002593782458,15496.263307356488,3237.9792604986246,3237.9792604986246,0.03625621341080531,0.0560973080016693,0.0,0.0,2.986921889115803,0.6241240831972041,0.4996856700220174
33,330.0,10.0,4.914107479803871,0.13225341466753218,0.0,75.45991495629193,75.76491390939285,2.3061707243449745,0.0,4,1,1,9.835,809.835,0.0021859258446863183,87.9344785320748,5486.355740241387,5486.356567454364,0.0,353.537458152338,11226.916796471987,12342.247080350548,6171.123540175274,1.4763191064687646,101,11,0,7808.755829280314,7818.63964479222,15627.395474072535,3265.200513539137,3265.200513539137,0.03622193429327634,0.05606738572987333,0.0,0.0,2.987117314783019,0.6241306816873795,0.49968376638550216
34,340.0,10.0,5.046360894471403,0.1317302544377027,0.0,75.76491390939285,76.06049693013692,2.2438506780829357,0.0,4,1,1,9.83,809.83,0.0022582178701831997,88.0283604227173,5464.270101608421,5464.270711045775,0.0,355.4502847634157,11294.817733765012,12401.867917129372,6200.933958564686,1.4756312251240156,101,11,0,7872.472150376005,7882.4941310183785,15754.966281394383,3291.682222213102,3291.682222213102,0.036188597936164114,0.05603826503144318,0.0,0.0,2.9873046107237577,0.6241370056797315,0.49968194217418893
35,350.0,10.0,5.178091148909106,0.13122711029683998,0.0,76.06049693013692,76.34703497968987,2.1835278465309784,0.0,4,1,1,9.825,809.825,0.0023308946755893653,88.12257012691367,5443.035201783472,5443.035698021632,0.0,357.3114166896083,11360.862515882618,12459.898596757937,6229.949298378969,1.4749602320224289,101,11,0,7934.46715109653,7944.623625294024,15879.090776390554,3317.448346776914,3317.448346776914,0.036156173001255086,0.05600992069851336,0.0,0.0,2.9874841773772833,0.624143068694974,0.4996801934587906
36,360.0,10.0,5.309318259205946,0.13074295446703707,0.0,76.34703497968987,76.6248791209847,2.125117505776461,0.0,4,1,1,9.82,809.82,0.0024039457820111717,88.21708911802422,5422.606971842111,5422.607441273049,0.0,359.12250528263974,11425.111859618648,12516.388492557335,6258.194246278667,1.4743050948709278,101,11,0,7994.795828145973,8005.083221030009,15999.879049175983,3342.521808031577,3342.521808031577,0.036124629580331385,0.0559823285495725,0.0,0.0,2.9876563916610754,0.6241488834596151,0.4996785165421433
37,370.0,10.0,5.4400612136729825,0.13027682953722522,0.0,76.6248791209847,76.89436195238828,2.0685399879690523,0.0,4,1,1,9.815,809.815,0.0024773610469985517,88.31189949086767,5402.944398479503,5402.944901829161,0.0,360.885132403907,11487.623825025043,12571.38500190209,6285.692500951045,1.473664839960784,101,11,0,8053.510862833972,8063.925694343158,16117.43655717713,3366.9245557184386,3366.9245557184386,0.03609393908325469,0.0559554653795719,0.0,0.0,2.9878216087535283,0.6241544619661484,0.49967690794152536
38,380.0,10.0,5.570338043210207,0.12982784236108885,0.0,76.89436195238828,77.1557989089022,2.0137202603027617,0.0,4,1,1,9.81,809.81,0.0025511306504906383,88.40698393626812,5384.009244899456,5384.0098218949,0.0,362.60081452936305,11548.453980689677,12624.933654601193,6312.466827300596,1.4730385480864072,101,11,0,8110.6627579309925,8121.201640859879,16231.864398790873,3390.677626374313,3390.677626374313,0.036064074155281366,0.05592930890567919,0.0,0.0,2.987980163596336,0.6241598155237821,0.49967536437374155
39,390.0,10.0,5.700165885571296,0.1293951585941315,0.0,77.1557989089022,77.40948944731196,1.960587561127386,0.0,4,1,1,9.805,809.805,0.0026252450816545234,88.50232571717278,5365.765812826707,5365.766486182192,0.0,364.27100651454117,11607.65555382326,12677.078213812822,6338.539106906411,1.4724253508266463,101,11,0,8166.299963188991,8176.959601197091,16343.25956438608,3413.8011963734034,3413.8011963734034,0.03603500860200761,0.05590383771680422,0.0,0.0,2.9881323722672253,0.6241649548047874,0.49967388274150254
40,400.0,10.0,5.829561044165428,0.12897799779052777,0.0,77.40948944731196,77.65571812771844,1.9090750719079097,0.0,4,1,1,9.8,809.8,0.002699695126453738,88.59790864606339,5348.180729107579,5348.181507924623,0.0,365.89710506631826,11665.279568144688,12727.860769609864,6363.930384804932,1.4718244271459526,101,11,0,8220.468991080608,8231.246176673943,16451.71516775455,3436.314630810236,3436.314630810236,0.03600671732045276,0.055879031226841826,0.0,0.0,2.9882785332405613,0.6241698898870636,0.49967246012092226
41,410.0,10.0,5.958539041955955,0.12857562899298997,0.0,77.65571812771844,77.89475560234135,1.8591196208414658,0.0,4,1,1,9.795,809.795,0.0027744718558924447,88.69371706356704,5331.222753942608,5331.22363660464,0.0,367.48045195020217,11721.37497080807,12777.321825872075,6388.660912936038,1.4712350002821992,101,11,0,8273.214523717179,8284.106136212966,16557.320659930145,3458.2365286330905,3458.2365286330905,0.035979176235653734,0.055854869631287656,0.0,0.0,2.988418928546862,0.6241746302932881,0.4996710937500249
42,420.0,10.0,6.087114670948945,0.12818736675792747,0.0,77.89475560234135,78.1268595211563,1.8106614145001458,0.0,4,1,1,9.79,809.79,0.0028495666148863814,88.78973581818111,5314.862608196154,5314.863584828502,0.0,369.02233695856205,11775.988749464579,12825.500381106225,6412.750190553113,1.4706563348919448,101,11,0,8324.579511793585,8335.582515277221,16660.162027070808,3479.5847643895186,3479.5847643895186,0.03595236224221937,0.055831333866920886,0.0,0.0,2.988553824840932,0.624179185026982,0.499669781018163
43,430.0,10.0,6.215302037706873,0.12781256756585405,0.0,78.1268595211563,78.35227536278393,1.7636437943513101,0.0,4,1,1,9.785,809.785,0.00292497101171606,88.88595024703447,5299.072817575208,5299.073872128332,0.0,370.5240006623113,11829.166040422657,12872.43400373143,6436.217001865715,1.4700877344273837,101,11,0,8374.605266310888,8385.7167075932,16760.321973904087,3500.376526904122,3500.376526904122,0.03592625315035881,0.055808405574280795,0.0,0.0,2.9886834743872592,0.6241835626057816,0.4996685194562607
44,440.0,10.0,6.343114605272727,0.12745062657353864,0.0,78.35227536278393,78.57123719805908,1.7180130154072686,0.0,4,1,1,9.78,809.78,0.0030006769080217328,88.98234615761406,5283.827571755265,5283.828683763322,0.0,371.9866369660228,11880.950228758602,12918.158902309586,6459.079451154793,1.4695285387222208,101,11,0,8423.33154374331,8434.548550324878,16857.88009406819,3520.6283551727447,3520.6283551727447,0.035900827635954195,0.0557860670626929,0.0,0.0,2.9888081159703264,0.6241877710921745,0.4996673067278039
45,450.0,10.0,6.470565231846265,0.127100974669981,0.0,78.57123719805908,78.7839683928517,1.6737180446096773,0.0,4,1,1,9.775,809.775,0.0030766764093031777,89.07890981039235,5269.102596783947,5269.103742841749,0.0,373.41139548425656,11931.383041132347,12962.709991151421,6481.354995575711,1.4689781217663167,101,11,0,8470.796625242663,8482.116403291104,16952.913028533767,3540.3561717258885,3540.3561717258885,0.03587606519429733,0.05576430127762609,0.0,0.0,2.9889279757366687,0.6241918181219321,0.499666140620512
46,460.0,10.0,6.597666206516246,0.1267630758030773,0.0,78.7839683928517,78.99068225596505,1.6307103768488105,0.0,4,1,1,9.77,809.77,0.0031529618558905547,89.17562790229638,5254.875039302611,5254.876194298984,0.0,374.79938375495476,11980.504631979149,13006.120951684505,6503.060475842252,1.468435889651199,101,11,0,8517.037390409221,8528.457222754432,17045.494613163653,3559.5753136867957,3559.5753136867957,0.035851946097151935,0.055743091770184265,0.0,0.0,2.9890432679747745,0.6241957109304423,0.4996650190386264
47,470.0,10.0,6.724429282319323,0.12643642454795267,0.0,78.99068225596505,79.1915826372876,1.5889438667758895,0.0,4,1,1,9.765,809.765,0.003229525814355427,89.27248755096423,5241.123361309524,5241.124499449888,0.0,376.1516693040801,12028.353663674356,13048.424289930985,6524.212144965492,1.4679012786705141,101,11,0,8562.089386101838,8573.606630253504,17135.69601635534,3578.300561725665,3578.300561725665,0.035828451352840664,0.05572242266855594,0.0,0.0,2.98915419583827,0.6241994563771274,0.4996639399957646
48,480.0,10.0,6.850865706867276,0.12612054389147706,0.0,79.1915826372876,79.3868644808076,1.5483745747880675,0.0,4,1,1,9.76,809.76,0.0033063610693336125,89.369476279739,5227.827244345008,5227.8283399916145,0.0,377.4692815741883,12074.967381204096,13089.651390408457,6544.825695204228,1.4673737535612372,101,11,0,8605.986890710794,8617.59897690176,17223.585867612554,3596.546167090434,3596.546167090434,0.035805562669088284,0.05570227865126268,0.0,0.0,2.9892609520172915,0.6242030609681132,0.4996629016082882
49,490.0,10.0,6.976986250758753,0.1258149832105411,0.0,79.3868644808076,79.57671433660268,1.5089606257577088,0.0,4,1,1,9.755,809.755,0.003383460615733838,89.46658200335487,5214.967502114822,5214.968530468762,0.0,378.75321372833633,12120.381681818573,13129.832566737186,6564.916283368593,1.4668528058729555,101,11,0,8648.76297427361,8660.46740353215,17309.23037780576,3614.3258768760525,3614.3258768760525,0.0357832624183808,0.055682644922062666,0.0,0.0,2.9893637193624203,0.6242065308772957,0.49966190208914346
50,500.0,10.0,7.102801233969294,0.12551931642431402,0.0,79.57671433660268,79.76131083548034,1.4706620792424019,0.0,4,1,1,9.75,809.75,0.0034608176513082414,89.56379301427266,5202.526000683962,5202.52693833042,0.0,380.0044243395728,12164.631180095119,13168.997109209733,6584.4985546048665,1.4663379524538782,101,11,0,8690.449554775663,8702.243897029188,17392.69345180485,3631.6529576778535,3631.6529576778535,0.03576153360562531,0.055663507186379524,0.0,0.0,2.9894626714651547,0.624209871965941,0.4996609397421335
51,510.0,10.0,7.228320550393608,0.12523314030300658,0.0,79.76131083548034,79.94082512956214,1.4334408100559812,0.0,4,1,1,9.745,809.745,0.003538425569562662,89.66109796962637,5190.485585474245,5190.486410810588,0.0,381.22383897524827,12207.749268794725,13207.173329555162,6603.586664777581,1.4658287340434104,101,11,0,8731.07745094379,8742.959343156095,17474.036794099884,3648.540217760217,3648.540217760217,0.035740359837917374,0.055644851629138674,0.0,0.0,2.9895579731984707,0.6242130898009365,0.49966001295658496
52,520.0,10.0,7.353553690696614,0.12495607291766002,0.0,79.94082512956214,80.11542130176599,1.3972603982113014,0.0,4,1,1,9.74,809.74,0.0036162779529863506,89.7584858787446,5178.830014391006,5178.830707952034,0.0,382.4123516844859,12249.76817585704,13244.388603108686,6622.194301554343,1.4653247139621415,101,11,0,8770.676431811009,8782.643576154716,17553.320007965725,3665.0000278589014,3665.0000278589014,0.03571972529624209,0.055626664893904464,0.0,0.0,2.989649781220698,0.6242161896718047,0.4996591202023812
53,530.0,10.0,7.478509763614275,0.12468775221722649,0.0,80.11542130176599,80.28525674684238,1.3620860273470043,0.0,4,1,1,9.735,809.735,0.003694368566582278,89.85594609121362,5167.5438964743435,5167.54444117083,0.0,383.57082639635513,12290.719017845398,13280.669408578278,6640.334704289139,1.4648254768910398,101,11,0,8809.27526330405,8821.325425369625,17630.600688673676,3681.044340724162,3681.044340724162,0.03569961470895205,0.055608934063220976,0.0,0.0,2.9897382444456406,0.6242191766065762,0.4996582600253287
54,540.0,10.0,7.603197515831501,0.12442783472073082,0.0,80.28525674684238,80.45048252635593,1.3278843908550244,0.0,4,1,1,9.73,809.73,0.0037726913516806264,89.95346828545145,5156.612635544204,5156.613016826189,0.0,384.7000982355826,12330.631850122647,13316.041365582858,6658.020682791429,1.4643306277324413,101,11,0,8846.901752081567,8859.032759123938,17705.934511205505,3696.6847095015823,3696.6847095015823,0.03568001332688085,0.05559164664006823,0.0,0.0,2.989823504481573,0.624222055386613,0.49965743104283217
55,550.0,10.0,7.727625350552231,0.12417599431363767,0.0,80.45048252635593,80.61124369976935,1.2946236050051538,0.0,4,1,1,9.725,809.725,0.003851240420019318,90.05104245776414,5146.022378363462,5146.022584319141,0.0,385.8009747620045,12369.535714012298,13350.529270121337,6675.264635060668,1.4638397905461409,101,11,0,8883.582786830031,8895.792526053605,17779.375312883636,3711.932305038659,3711.932305038659,0.03566090689996407,0.0555747905303532,0.0,0.0,2.9899056960415233,0.6242248305604607,0.4996566319398543
56,560.0,10.0,7.851801344865869,0.12393192113871998,0.0,80.61124369976935,80.76767963357847,1.2622731284381188,0.0,4,1,1,9.72,809.72,0.003930010048076608,90.14865891185799,5135.759966895406,5135.759988295337,0.0,386.87423713940063,12407.458681175485,13384.157128117893,6692.0785640589465,1.4633526075545447,101,11,0,8919.344377205394,8931.630794087983,17850.97517129338,3726.797932197092,3726.797932197092,0.03564228165525173,0.05555835402636206,0.0,0.0,2.989984947327039,0.624227506456807,0.49965586146513863
57,570.0,10.0,7.97573326600459,0.1236953205727549,0.0,80.76767963357847,80.91992429026145,1.2308036874639583,0.0,4,1,1,9.715,809.715,0.004008994671641818,90.24630824878291,5125.812894277306,5125.812724572604,0.0,387.9206412388437,12444.427895413026,13416.948187176555,6708.474093588277,1.4628687382114054,101,11,0,8954.211690591766,8966.572787247815,17920.78447783958,3741.2920452435837,3741.2920452435837,0.035624124276207106,0.05554232579110664,0.0,0.0,2.9900613803874077,0.62423008719661,0.49965511842767446
58,580.0,10.0,8.099428586577345,0.12346591228128109,0.0,80.91992429026145,81.06810649864025,1.2001872066616215,0.0,4,1,1,9.71,809.71,0.004088188880611268,90.34398135728384,5116.169264172737,5116.168899453902,0.0,388.9409186812493,12480.469612082858,13448.924966667097,6724.462483333548,1.4623878583291738,101,11,0,8988.209086833356,9000.642920416598,17988.852007249952,3755.424762385506,3755.424762385506,0.03560642188319604,0.05552669484350325,0.0,0.0,2.9901351114561745,0.6242325767044614,0.4996544016933869
59,590.0,10.0,8.222894498858626,0.12324342934445304,0.0,81.06810649864025,81.21235020710432,1.1703967443239889,0.0,4,1,1,9.705,809.705,0.004167587413997352,90.44166940453906,5106.817753198294,5106.81719212159,0.0,389.9357778234035,12515.609235306254,13480.109286253979,6740.0546431269895,1.4619096592604552,101,11,0,9021.360151082326,9033.864832227906,18055.224983310232,3769.2058795120347,3769.2058795120347,0.03558916201507979,0.05551145054432763,0.0,0.0,2.9902062512665957,0.6242349787192367,0.49965371018203486
60,600.0,10.0,8.34613792820308,0.12302761744773587,0.0,81.21235020710432,81.35277472101455,1.1414064323393631,0.0,4,1,1,9.7,809.7,0.004247185155139506,90.53936382726519,5097.747576152722,5097.746819840019,0.0,390.9059046913806,12549.87135312096,13510.522292971082,6755.261146485541,1.4614338471294734,101,11,0,9053.687724893058,9066.261416198982,18119.94914109204,3782.644883196159,3782.644883196159,0.03557233261183182,0.05549658258289431,0.0,0.0,2.990274905347569,0.6242372968040885,0.4996530428643034
61,610.0,10.0,8.469165545650815,0.16281823413181384,0.04,81.35277472101455,81.48949492548707,1.1131914201419022,0.0,5,1,1,9.695,809.695,0.004326977127106581,90.63705632317026,5088.948453805006,5088.947505721129,0.0,391.8519638649363,12583.279770725549,13540.184486936874,6770.092243468437,1.4609601421097989,101,11,0,9085.213935682365,9097.854850230058,18183.068785912423,3795.7509630082723,3795.7509630082723,0.03555592199810619,0.05548208096441246,0.0,0.0,2.990341174301418,0.6242395343558244,0.49965239875907286
62,620.0,10.0,8.63198377978263,0.12261504809664102,0.0,81.48949492548707,81.62262149464988,1.0857278223948925,0.0,5,1,1,9.69,809.69,0.004406958488280817,90.73473884273737,5080.410583018976,5080.409448832101,0.0,392.7745993161633,12615.857541947385,13569.115745796838,6784.557872898419,1.4604882777449377,101,11,0,9115.960224665296,9128.666624578927,18244.626849244225,3808.533023187892,3808.533023187892,0.03553991886769096,0.055467935997974706,0.0,0.0,2.9904051540648227,0.624241694613718,0.4996517769308568
63,630.0,10.0,8.75459882787927,0.1224178385550598,0.0,81.62262149464988,81.75226108837016,1.0589926701080912,0.0,5,1,1,9.685,809.685,0.004487124528114226,90.83240358132267,5072.124609018079,5072.123296445906,0.0,393.6744352054285,12647.62699905501,13597.335347973556,6798.667673986778,1.4600180003086711,101,11,0,9145.947373367215,9158.717568411352,18304.664941778567,3820.9996937161814,3820.9996937161814,0.03552431226878604,0.05545413828513836,0.0,0.0,2.9904669361540517,0.6242437806677897,0.49965117648739393
64,640.0,10.0,8.877016666434331,0.12222639463185359,0.0,81.75226108837016,81.8785165373635,1.0329638649132449,0.0,5,1,1,9.68,809.68,0.0045674706630488265,90.93004297155206,5064.081599608874,5064.080118254912,0.0,394.5520766373712,12678.609781026234,13624.861994798517,6812.430997399259,1.459549068202292,101,11,0,9175.195528804814,9188.027875019938,18363.22340382475,3833.1593408285466,3833.1593408285466,0.035509091590049724,0.05544067870906193,0.0,0.0,2.9905266078956014,0.6242457954665926,0.4996505965773838
65,650.0,10.0,8.999243061066185,0.1220405148044929,0.0,81.8785165373635,82.00148701751911,1.0076201362523989,0.0,5,1,1,9.675,809.675,0.004647992432592638,91.0276496760026,5056.273021203122,5056.271382384903,0.0,395.408110379518,12708.826860373756,13651.713831594112,6825.856915797056,1.4590812513861453,101,11,0,9203.724227421271,9216.617125796598,18420.341353217867,3845.020077003442,3845.020077003442,0.035494246547362704,0.05542754842416235,0.0,0.0,2.990584252643208,0.6242477418245411,0.49965003638835737
66,660.0,10.0,9.121283575870677,0.12186000638218704,0.0,82.00148701751911,82.12126821420485,0.9829410012508106,0.0,5,1,1,9.67,809.67,0.0047286854955439165,91.12521658015476,5048.690716489306,5048.688933062293,0.0,396.2431055458731,12738.298568622391,13677.908467769148,6838.954233884574,1.458614330843073,101,11,0,9231.552417854286,9244.504313037252,18476.056730891538,3856.5897704606896,3856.5897704606896,0.03547976717126255,0.055414738846261316,0.0,0.0,2.990639949982171,0.6242496224288097,0.4996494951446725
67,670.0,10.0,9.243143582252864,0.12168468502016652,0.0,82.12126821420485,82.23795247725232,0.958906727072008,0.0,5,1,1,9.665,809.665,0.0048095456263565145,91.22273678560302,5041.326883622446,5041.324969801048,0.0,397.0576142476612,12767.044620524071,13703.46299598668,6851.73149799334,1.4581480980715826,101,11,0,9258.698482609469,9271.707861651283,18530.40634426075,3867.8760542000273,3867.8760542000273,0.03546564379500539,0.055402241643191054,0.0,0.0,2.9906937759218266,0.624251439845831,0.4996489721056267
68,680.0,10.0,9.364828267273031,0.12151437426640452,0.0,82.23795247725232,82.35162896726543,0.9354982955669129,0.0,5,1,1,9.66,809.66,0.004890568711639708,91.32020360351278,5034.174056810227,5034.17202798812,0.0,397.85217221323524,12795.084137090511,13728.394010458502,6864.197005229251,1.4576823546067144,101,11,0,9285.180258706236,9298.245649842776,18583.425908549012,3878.886334608285,3878.886334608285,0.03545186704321488,0.05539004872583242,0.0,0.0,2.9907458030769387,0.6242531965274213,0.49964846656367784
69,690.0,10.0,9.486342641539435,0.12134890513823729,0.0,82.35162896726543,82.46238379384319,0.9126973700470898,0.0,5,1,1,9.655,809.655,0.0049717507467862115,91.41761054831231,5027.225088185915,5027.222960757267,0.0,398.6272993790081,12822.435667516971,13752.717624416902,6876.358812208451,1.457216911566772,101,11,0,9311.015057358261,9324.135028825613,18635.150086183872,3889.627799661431,3889.627799661431,0.03543842782108157,0.055378152239559914,0.0,0.0,2.9907961008387574,0.6242548948165556,0.4996479778427683
70,700.0,10.0,9.607691546677673,0.12118811572657129,0.0,82.46238379384319,82.57030014626092,0.8904862640262309,0.0,5,1,1,9.65,809.65,0.005053087832722487,91.51495133160923,5020.473130867777,5020.470922051008,0.0,399.38350045313723,12849.117210065217,13776.4494868106,6888.2247434053,1.4567515892241891,101,11,0,9336.219682745954,9349.392841629862,18685.612524375814,3900.1074267458025,3900.1074267458025,0.035425317304078774,0.05536654455607016,0.0,0.0,2.9908447355363803,0.6242565369528166,0.4996475052967431
71,710.0,10.0,9.728879662404244,0.12103185082556916,0.0,82.57030014626092,82.67545841711058,0.8688479117881798,0.0,5,1,1,9.645,809.645,0.005134576172775761,91.61221985632136,5013.911623114331,5013.909350779409,0.0,400.12126545355585,12875.146231968472,13799.604798268585,6899.8023991342925,1.4562862165989827,101,11,0,9360.810449934284,9374.035441052773,18734.845890987057,3910.331990121034,3910.331990121034,0.03541252692816338,0.05535521826557188,0.0,0.0,2.9908917705890676,0.6242581250775366,0.49964704830785794
72,720.0,10.0,9.849911513229813,0.12087996158589041,0.0,82.67545841711058,82.77793631936227,0.8477658406507544,0.0,5,1,1,9.64,809.64,0.005216212069652525,91.7094102110127,5007.534273491914,5007.5319559923755,0.0,400.84107022183946,12900.539688416757,13822.198326372541,6911.099163186271,1.4558206310733308,101,11,0,9384.803201985464,9398.078706803835,18782.8819087893,3920.3080680455982,3920.3080680455982,0.03540004838043247,0.055344166169317255,0.0,0.0,2.9909372666500573,0.6242596612386548,0.49964660628537094
73,730.0,10.0,9.970791474815703,0.12073230518972862,0.0,82.77793631936227,82.87780899727328,0.827224144805814,0.0,5,1,1,9.635,809.635,0.005297991922523546,91.8065166644253,5001.335046978496,5001.3327029893935,0.0,401.54337691428435,12925.314040676589,13844.244420275705,6922.122210137853,1.4553546780259312,101,11,0,9408.213326312409,9421.538061889885,18829.751388202294,3930.042049584357,3930.042049584357,0.03538787359020887,0.05533338127245546,0.0,0.0,2.99098128174243,0.6242611473953031,0.49964617866421157
74,740.0,10.0,10.091523780005431,0.12058874454603782,0.0,82.87780899727328,82.97514913153856,0.8072074606276601,0.0,5,1,1,9.63,809.63,0.005379912224210723,91.90353366019902,4995.3081519356365,4995.3058002971675,0.0,402.2286344714817,12949.485273395127,13865.757024703656,6932.878512351828,1.454888210484914,101,11,0,9431.055770315792,9444.42848828299,18875.484258598783,3939.540141116182,3939.540141116182,0.03537599472053044,0.05532285677719099,0.0,0.0,2.9910238713875152,0.6242625854221432,0.4996457649037241
75,750.0,10.0,10.212112524551468,0.12044914800447515,0.0,82.97514913153856,83.0700270390469,0.7877009433459989,0.0,5,1,1,9.625,809.625,0.0054619695584713504,92.00045581177073,4989.448027882523,4989.445687451498,0.0,402.89727906758304,12973.068911135644,13886.749693369891,6943.374846684946,1.454421088798153,101,11,0,9453.34505634452,9466.764541911016,18920.109598255534,3948.8083725584356,3948.8083725584356,0.035364404160019916,0.05531258607623009,0.0,0.0,2.991065088726294,0.6242639771134643,0.4996453644864792
76,760.0,10.0,10.332561672555943,0.12031338908671031,0.0,83.0700270390469,83.16251076758013,0.7686902449948321,0.0,5,1,1,9.62,809.62,0.00554416059737563,92.09727789744578,4983.749334017039,4983.747023525105,0.0,403.5497345403683,12996.080034187302,13907.235601837254,6953.617800918627,1.4539531803199146,101,11,0,9475.095296016694,9488.560367007862,18963.655663024554,3957.852603323954,3957.852603323954,0.035353094515113655,0.05530256274650009,0.0,0.0,2.9911049846342266,0.6242653241870615,0.49964497691715054
77,770.0,10.0,10.452875061642654,0.1201813462338638,0.0,83.16251076758013,83.25266618576764,0.7501614935488761,0.0,5,1,1,9.615,809.615,0.0056264820987734455,92.19399485563429,4978.206938427859,4978.2046763479,0.0,404.18641280315757,13018.533293689916,13927.22755985392,6963.61377992696,1.4534843591128634,101,11,0,9496.320203935715,9509.82970985812,19006.149913793837,3966.678528025129,3966.678528025129,0.03534205860262915,0.05529278054312712,0.0,0.0,2.9911436078299074,0.6242666282879038,0.49964460172145114
78,780.0,10.0,10.573056407876518,0.12005290256893636,0.0,83.25266618576764,83.34055706858618,0.7321012731705651,0.0,5,1,1,9.61,809.61,0.005708930903846664,92.29060178024568,4972.815907949848,4972.81371237063,0.0,404.8077142395338,13040.442926111227,13946.738023191028,6973.369011595514,1.453014505664504,101,11,0,9517.033110833861,9530.585931968393,19047.619042802253,3975.291681938693,3975.291681938693,0.035331289442652625,0.05528323339365885,0.0,0.0,2.9911810049779195,0.6242678909916074,0.4996442384451286
79,790.0,10.0,10.693109310445454,0.11992794567318403,0.0,83.34055706858618,83.42624517867365,0.7144966054949691,0.0,5,1,1,9.605,809.605,0.0057915039347434085,92.3870939162349,4967.571498617461,4967.569387126767,0.0,405.41402808178526,13061.822767111686,13965.779105007334,6982.889552503667,1.4525435066172143,101,11,0,9537.2469761735,9550.84202269552,19088.088998869018,3983.697446243921,3983.697446243921,0.03532078025172906,0.055273915392519676,0.0,0.0,2.9912172207862215,0.624269113807723,0.49964388665301107
80,800.0,10.0,10.813037256118639,0.11980636737547694,0.0,83.42624517867365,83.50979034370697,0.6973349318862347,0.0,5,1,1,9.6,809.6,0.0058741981922909225,92.48346665529421,4962.469146675159,4962.467136251163,0.0,406.00573277391265,13082.686264829628,13984.362586764553,6992.181293382277,1.4520712545110817,101,11,0,9556.97440023422,9570.610611359962,19127.58501159418,3991.9010530461505,3991.9010530461505,0.03531052443633859,0.05526482079568647,0.0,0.0,2.9912522980984075,0.6242702981828521,0.49964354592810656
81,810.0,10.0,10.932843623494115,0.11968806355375529,0.0,83.50979034370697,83.59125053007605,0.6806040966022919,0.0,5,1,1,9.595,809.595,0.005957010753783839,92.5797155316848,4957.504460105466,4957.5025670172545,0.0,406.583196319998,13103.046492617466,14002.499928715737,7001.2499643578685,1.4515976475387968,101,11,0,9576.227635712361,9589.903978870841,19166.131614583202,3999.907590196736,3999.907590196736,0.035300515586643835,0.055255944015573905,0.0,0.0,2.9912862779811302,0.624271445503598,0.4996432158707479
82,820.0,10.0,11.052531687047871,0.11957293394776572,0.0,83.59125053007605,83.67068191307038,0.6642923308131685,0.0,5,1,1,9.59,809.59,0.006039938770844799,92.67583621820263,4952.67321064155,4952.671450357633,0.0,407.1467766186749,13122.91616125738,14020.202279987618,7010.101139993809,1.451122589311938,101,11,0,9595.018598857632,9608.734068887365,19203.752667744997,4007.7220059198416,4007.7220059198416,0.035290747470493974,0.055247279616118944,0.0,0.0,2.991319199806967,0.6242725570993646,0.4996428960977828
83,830.0,10.0,11.172104620995636,0.11946088198232435,0.0,83.67068191307038,83.74813894377913,0.6483882374165205,0.0,5,1,1,9.585,809.585,0.006122979467354554,92.77182452227339,4947.971326229113,4947.969713335492,0.0,407.6968217844012,13142.307630683576,14037.480488276506,7018.740244138253,1.450645988637987,101,11,0,9613.358880170146,9627.112498539933,19240.471378710077,4015.3491132558584,4015.3491132558584,0.03528121402767225,0.055238822308054804,0.0,0.0,2.9913511013330027,0.6242736342450084,0.4996425862418058
84,840.0,10.0,11.29156550297796,0.11935181460040997,0.0,83.74813894377913,83.8236744128927,0.6328807766054524,0.0,5,1,1,9.58,809.58,0.0062061301374487805,92.86767638217133,4943.394883911015,4943.393432037002,0.0,408.23367045618556,13161.232921235951,14054.345109176424,7027.172554588212,1.4501677593075015,101,11,0,9631.259754679639,9645.050568732737,19276.310323412377,4022.793594330588,4022.793594330588,0.03527190936437448,0.055230566944365046,0.0,0.0,2.9913820187753664,0.6242746781633565,0.4996422859504303
85,850.0,10.0,11.41091731757837,0.11924564210544442,0.0,83.8236744128927,83.89733951158058,0.6177592521388761,0.0,5,1,1,9.575,809.575,0.006289388143579019,92.96338786335745,4938.940103103509,4938.938824856904,0.0,408.7576520943848,13179.703724468973,14070.806415156681,7035.403207578341,1.44968781989087,101,11,0,9648.732191827336,9662.55927404832,19311.291465875656,4030.0600044587927,4030.0600044587927,0.03526282774790673,0.05522250851590946,0.0,0.0,2.9914119868799522,0.6242756900275936,0.4996419948855979
86,860.0,10.0,11.530162959683814,0.1192399131381233,0.0,83.89733951158058,83.8317326895431,-0.5502085695205097,0.0,5,0,0,9.57,809.57,0.006372750914635241,93.05895515493246,4934.60348953068,4934.602246151732,0.0,457.3707728227534,13267.624272370018,17223.760582480212,8611.880291240106,1.4338550162550736,101,11,0,9657.878571509458,12894.336642840772,22552.21521435023,4922.665068334645,4922.665068334645,0.035215042363553245,0.05366522800059487,0.0,0.0,3.487314604552167,0.7612060111593258,0.4282452291145235
87,870.0,10.0,11.649402872821938,0.11933203429866947,0.0,83.8317326895431,83.76785712339112,-0.5352759343070375,0.0,5,0,0,9.565,809.565,0.006467518953171014,93.17318155221501,4938.464982279279,4938.464072228833,0.0,456.8397760104981,13251.458411797363,17204.52665556918,8602.26332778459,1.4336258202873629,101,11,0,9642.742416721756,12874.122043394787,22516.864460116543,4914.965868026057,4914.965868026057,0.03522299795432146,0.05367465662928327,0.0,0.0,3.4873001449590513,0.7612055050735668,0.42824534622934113
88,880.0,10.0,11.768734907120606,0.11942185957893689,0.0,83.76785712339112,83.70566967075631,-0.5207376007548191,0.0,5,0,0,9.56,809.56,0.0065621401260626865,93.28678346016025,4942.230408086868,4942.229802896506,0.0,456.32315427459633,13235.729527349476,17185.81409095695,8592.907045478474,1.433385527887572,101,11,0,9628.016624710554,12854.455419595872,22482.472044306425,4907.475585879343,4907.475585879343,0.035230738000939205,0.05368382899520747,0.0,0.0,3.487285866847232,0.7612050053396531,0.4282454618752123
89,890.0,10.0,11.888156766699543,0.11950943922758737,0.0,83.70566967075631,83.64512813453732,-0.5065837193303195,0.0,5,0,0,9.555,809.555,0.006656618486304409,93.39976970067819,4945.901853690667,4945.901533652462,0.0,455.820529002742,13220.426144058547,17167.60912279092,8583.80456139546,1.4331343562762435,101,11,0,9613.690385479176,12835.322340620292,22449.01272609947,4900.188707590382,4900.188707590382,0.03523826817595572,0.05369275188405131,0.0,0.0,3.487271776872607,0.7612045121905412,0.42824557599819046
90,900.0,10.0,12.00766620592713,0.11959482275058525,0.0,83.64512813453732,83.58619124882728,-0.4928046578818339,0.0,5,0,0,9.55,809.55,0.006750957976998184,93.51214888347279,4949.481376653067,4949.481329433916,0.0,455.3315309803644,13205.5370700718,17149.898328619158,8574.949164309579,1.432872518079789,101,11,0,9599.753157464447,12816.708733726507,22416.461891190957,4893.099856460941,4893.099856460941,0.03524559401118889,0.05370143191102719,0.0,0.0,3.487257880899727,0.7612040258314904,0.4282456885507379
91,910.0,10.0,12.127261028677715,0.1196780588961081,0.0,83.58619124882728,83.52881867426896,-0.47939091833131897,0.0,5,0,0,9.545,809.545,0.00684516243426346,93.62392941158934,4952.97106957064,4952.971224248819,0.0,454.85580018510245,13191.051385156767,17132.668627183397,8566.334313591698,1.4326002214310083,101,11,0,9586.194661662556,12798.600876427607,22384.795538090162,4886.203790366065,4886.203790366065,0.03525272090348094,0.05370987552198872,0.0,0.0,3.4872441840330763,0.7612035464411576,0.42824579949147196
92,920.0,10.0,12.246939087573823,0.11975919557528987,0.0,83.52881867426896,83.47297107494873,-0.46633245198377155,0.0,5,0,0,9.54,809.54,0.0069392355894207485,93.73511948573554,4956.373612317519,4956.373220294718,0.0,454.392985645864,13176.958390509526,17115.90731921474,8557.95365960737,1.432317670012433,101,11,0,9573.00487762795,12780.98539109632,22353.99026872427,4879.495399850596,4879.495399850596,0.035259654139622516,0.0537180889727427,0.0,0.0,3.4872306904879724,0.761203074167079,0.4282459087862113
93,930.0,10.0,12.366698283149113,0.1198382799854937,0.0,83.47297107494873,83.41860983242893,-0.45362168521096463,0.0,5,0,0,9.535,809.535,0.007033181063620225,93.84572709601731,4959.689831143386,4959.68928227411,0.0,453.94274605540323,13163.247830204276,17099.60190682261,8549.800953411304,1.4320250631813987,101,11,0,9560.174060805339,12763.849268471546,22324.023329276883,4872.969716025241,4872.969716025241,0.03526639878677876,0.05372607842122604,0.0,0.0,3.4872174044544977,0.7612026091559074,0.4282460164009787
94,940.0,10.0,12.486536563134607,0.11991535866242599,0.0,83.41860983242893,83.36569722453487,-0.44124963210938406,0.0,5,0,0,9.53,809.53,0.007127002393609083,93.95576006551383,4962.9218083271435,4962.921353300445,0.0,453.5047472923773,13149.909558386576,17083.740261105246,8541.870130552623,1.43172259632165,101,11,0,9547.692671971452,12747.17977302037,22294.872444991823,4866.621875716276,4866.621875716276,0.035272959857207506,0.05373384984098889,0.0,0.0,3.4872043290676324,0.7612021515173671,0.4282461223103425
95,950.0,10.0,12.606451921797033,0.11999047709251154,0.0,83.36569722453487,83.3141967522195,-0.4292046632639085,0.0,5,0,0,9.525,809.525,0.007220703018727375,94.06522602919578,4966.073899890127,4966.071343288161,0.0,453.07866375498935,13136.933494336548,17068.310755996074,8534.155377998037,1.4314104605080662,101,11,0,9535.55141535499,12730.964493727635,22266.515909082627,4860.447141163853,4860.447141163853,0.03527934233068676,0.053741408954145455,0.0,0.0,3.4871914661541705,0.761201701315396,0.42824622649946725
96,960.0,10.0,12.726442398889544,0.12006368009855217,0.0,83.3141967522195,83.264072242895,-0.4174826998752906,0.0,5,0,0,9.52,809.52,0.007314286253522964,94.1741323889856,4969.144523593076,4969.141108462658,0.0,452.66418117091223,13124.310389886161,17053.301688174655,8526.650844087328,1.4310888426309414,101,11,0,9523.741318352573,12715.191451708242,22238.932770060816,4854.440937625209,4854.440937625209,0.03528555077466111,0.05374876152770395,0.0,0.0,3.4871788190401074,0.7612012586664038,0.4282463289413743
97,970.0,10.0,12.846506078988096,0.12155847873948049,0.0,83.264072242895,81.26579196232626,-16.438839160297267,0.0,5,0,0,9.515,809.515,0.0074077553646879945,94.28248644254695,0.0,4972.132503828228,8005.4123211345495,452.62543672321164,14203.312985095248,15971.71612978553,7985.858064892765,1.4314503083400483,101,11,0,9521.972121220411,12714.426718910365,22236.398840130776,4849.44912499028,4849.44912499028,0.034750484068306005,0.05429701888806922,0.0,0.0,3.4909807956211845,0.7613343278467415,0.4282155662739683
98,980.0,10.0,12.968064557727576,0.16659223564434963,0.04,81.26579196232626,76.72178048396768,-35.894867131698405,0.0,4,0,0,9.51,809.51,0.007523536648379488,94.42760496198957,0.0,5094.394455565324,23999.979631982435,437.10460956948907,15072.14882403745,14068.158480595159,7536.074412018725,1.4354878370461002,101,11,0,9078.34944104735,12123.376622085258,21201.726063132606,4620.169650229253,4620.169650229253,0.034316478496087155,0.055250420928110666,0.0,0.0,3.494250002140522,0.7614487500749183,0.4281891679014554
99,990.0,10.0,13.134656793371926,0.1344943709455641,0.0,76.72178048396768,71.98332783684745,-35.2316057081533,0.0,4,0,0,9.505,809.505,0.007660804291295695,94.60799153899038,0.0,5396.120858880646,23999.984704563303,402.44486673906243,14038.16070421146,12791.497078392706,7019.08035210573,1.4453855773887017,101,11,0,8089.141128934073,10801.984445420092,18891.125574354166,4117.731407476275,4117.731407476275,0.03482499686675844,0.0558760256557536,0.0,0.0,3.4931624923476967,0.7614106872321693,0.42819794390205984
100,1000.0,10.0,13.26915116431749,0.1438944951786719,0.0,71.98332783684745,67.00739571492056,-34.58042029855515,0.0,4,0,0,9.5,809.5,0.007784824656833409,94.76573578994554,0.0,5751.3317658547885,23999.98884654897,368.38315095123136,13022.135626423107,11536.741103658984,6511.067813211554,1.4561541319876288,101,11,0,7117.08067836641,9503.312876715683,16620.393555082093,3624.4782341801856,3624.4782341801856,0.03532412495412826,0.056490064464299945,0.0,0.0,3.4912083012812136,0.7613422905448425,0.42821372759793574
101,1010.0,10.0,13.413045659496163,0.19534940299382525,0.04,67.00739571492056,61.73465037324464,-33.94120118946,0.0,3,0,0,9.495,809.495,0.007896137282670492,94.90181079603536,0.0,6178.422479831051,23999.992172847906,334.93527766567144,12024.46606307902,10304.552447965743,6012.23303153951,1.4679232832836702,101,11,0,6162.567977886361,8228.016391408402,14390.584369294764,3140.305206348348,3140.305206348348,0.03581403000954778,0.05709275165239293,0.0,0.0,3.488439947055128,0.7612453981469295,0.4282361174321352
102,1020.0,10.0,13.608395062489988,0.1697591499980174,0.0,61.73465037324464,56.079323131179606,-33.313828692774926,0.0,3,0,0,9.49,809.49,0.00799527923095485,95.01718228122176,0.0,6706.120428268023,23999.994788214288,302.11425717420434,11045.469208004157,9095.481270276134,5522.734604002078,1.4808532077262528,101,11,0,5225.928310136293,6976.637059643998,12202.565369780292,2665.102143125884,2665.102143125884,0.036294878135135544,0.05768429920143641,0.0,0.0,3.4849091150148426,0.7611218190255195,0.42826472563534285
103,1030.0,10.0,13.778154212488005,0.1886996983662626,0.0,56.079323131179606,49.90918757210923,-32.698173937163666,0.0,3,0,0,9.485,809.485,0.008082784851356186,95.1128082424753,0.0,7382.400087668313,23999.996787003456,269.9304517941223,10085.391239724158,7909.9722132173265,5042.695619862079,1.495144602378073,101,11,0,4307.416561734582,5749.610815956904,10057.027377691486,2198.7540907273515,2198.7540907273515,0.03676683412197833,0.05826491662223815,0.0,0.0,3.48066643666081,0.7609733252831283,0.42829917827302527
104,1040.0,10.0,13.966853910854267,0.2548855605532597,0.04,49.90918757210923,43.16360870376229,-31.391494388823936,0.0,2,0,0,9.48,809.48,0.008159185918127657,95.18963920354462,0.0,8295.065901480548,23431.275272034512,238.3851557701393,9096.840779337694,6795.502938671593,4548.420389668847,1.511165525219884,101,11,0,3407.0460372822595,4547.010638727026,7954.056676009286,1741.1264500605498,1741.1264500605498,0.03725377422693392,0.05881109788805607,0.0,0.0,3.4755695180838964,0.7607949331329363,0.4283406789844053
105,1050.0,10.0,14.221739471407528,0.23168590920056747,0.0,43.16360870376229,43.16015638411045,-0.01490086153169159,24.841294884420055,2,0,0,9.475,809.475,0.008224541860876232,95.24783659457557,1503.0344805429559,9591.413054486204,0.0,213.7747576862678,6286.955308618075,7964.69520379978,5942.917301615067,1.5074393935813306,102,11,75,2533.493866260184,3379.364899230572,5912.858765490756,1301.321597745054,1301.321597745054,0.03873979125904373,0.05832138209883718,0.0,0.6160900103188589,3.4543020571959584,0.7602342708402544,0.4284719061862978
106,1060.0,10.0,14.453425380608095,0.23170444406881988,0.0,43.16015638411045,43.15670335665345,-0.014902724334342565,24.837321321344938,2,0,0,9.47,809.47,0.008268620138894425,95.2704365817195,1502.8087644183752,9592.180258003315,0.0,213.75880240087744,6286.4973136239905,7964.089513101172,5942.288739324522,1.5073014121578387,102,11,75,2533.0878765423604,3378.8230359767563,5911.910912519117,1301.1132702844181,1301.1132702844181,0.03873999209416385,0.05832164994802988,0.0,0.6159930274851269,3.4543008628423446,0.7602341711005202,0.4284719296392424
107,1070.0,10.0,14.685129824676915,0.23172298570348587,0.0,43.15670335665345,43.153249621391296,-0.014904586403758913,24.833347261522444,2,0,0,9.465,809.465,0.008312694169039946,95.29295429298779,1502.5830210218235,9592.947741597454,0.0,213.74284522907294,6286.039264518001,7963.483750753529,5941.66010587897,1.507163395565968,102,11,75,2532.681836024703,3378.2811050086316,5910.962941033335,1300.9049168260694,1300.9049168260694,0.03874019295470614,0.058321917831051236,0.0,0.6158960317853058,3.454299667945376,0.7602340713432425,0.42847195309635083
108,1080.0,10.0,14.916852810380401,0.23174153315680068,0.0,43.153249621391296,43.14979553222656,-0.01490492065743183,24.82937270514811,2,0,0,9.46,809.46,0.008356763950885757,95.31539000146624,1502.358486424881,9593.71550537362,0.0,213.72688615613197,6285.581057899636,7962.878019175829,5941.03145250406,1.5070253464743588,102,11,75,2532.275744314601,3377.739105734001,5910.014850048602,1300.6965373441137,1300.6965373441137,0.038740393892199805,0.05832218569634912,0.0,0.6157990232240013,3.4542984719019163,0.7602339715472859,0.428471976562593
109,1090.0,10.0,15.148594343537201,0.23176008643084625,0.0,43.14979553222656,43.14634073525667,-0.014906781504510035,24.82539805963946,2,0,0,9.455,809.455,0.00840082948310459,95.33774397783401,1502.1327112181398,9594.483470745598,0.0,213.71092676972933,6285.12294522531,7962.272172756645,5940.402738548954,1.5068872669947915,102,11,75,2531.869643864716,3377.197094949758,5909.066738814474,1300.4881532711438,1300.4881532711438,0.03874059478296002,0.05832245361955313,0.0,0.6157020117451603,3.454297276040653,0.7602338717651593,0.4284720000256218
110,1100.0,10.0,15.380354429968047,0.23177864552770552,0.0,43.14634073525667,43.1428855843842,-0.014907114780146457,24.821422917904925,2,0,0,9.45,809.45,0.0084448907666076,95.36001649559395,1501.9081446163718,9595.251716484578,0.0,213.69496548345498,6284.664675092559,7961.666357137774,5939.774004706456,1.506749160808976,102,11,75,2531.4634922561113,3376.6550159041135,5908.118508160225,1300.2797431917063,1300.2797431917063,0.03874079575064696,0.05832272152502004,0.0,0.6156049874126098,3.4542960790328436,0.7602337719443619,0.4284720234977824
111,1110.0,10.0,15.612133075495754,0.23179720949870425,0.0,43.1428855843842,43.139430079609156,-0.01490744768894956,24.817447687296884,2,0,0,9.445,809.445,0.008488947800072172,95.38220782362202,1501.6835733734667,9596.020163979238,0.0,213.67900386925402,6284.206395519625,7961.06052909731,5939.145261514947,1.5066110296968298,102,11,75,2531.057331522007,3376.1129247658837,5907.170256287891,1300.0713284987944,1300.0713284987944,0.038740996723122194,0.058322989436840604,0.0,0.6155079601688596,3.4542948816041594,0.7602336721162624,0.4284720469716988
112,1120.0,10.0,15.843930284994457,0.2318157783454706,0.0,43.139430079609156,43.13597422093153,-0.014907780230885237,24.813472367913164,2,0,0,9.44,809.44,0.008533000583518172,95.40431823213318,1501.458997494962,9596.788813296971,0.0,213.66304192750525,6283.748106517356,7960.454688649661,5938.5165089894845,1.506472876481032,102,11,75,2530.6511616725275,3375.570821548591,5906.2219832211185,1299.8629091975445,1299.8629091975445,0.038741197700380745,0.05832325735500819,0.0,0.6154109300163586,3.4542936837545977,0.7602335722808629,0.4284720704473705
113,1130.0,10.0,16.075746063339928,0.23183435206963346,0.0,43.13597422093153,43.132518008351326,-0.014908112405908013,24.809496959851597,2,0,0,9.435,809.435,0.00857704911696181,95.42634799043704,1501.2344169864032,9597.557664505197,0.0,213.64707965858742,6283.28980809659,7959.848835809238,5937.887747145123,1.5063347039556596,102,11,75,2530.2449827177925,3375.0287062657603,5905.273688983552,1299.654485293092,1299.654485293092,0.03874139868241766,0.058323525279516196,0.0,0.6153138969575564,3.454292485484153,0.7602334724381655,0.4284720939247969
114,1140.0,10.0,16.30758041540956,0.23185293067282253,0.0,43.132518008351326,43.129061441868544,-0.014908444213972416,24.80552146321002,2,0,0,9.43,809.43,0.008621093400425462,95.4482973669573,1501.0098318533383,9598.326717671369,0.0,213.63111706287958,6282.831500268179,7959.2429705904615,5937.258975996924,1.5061965148863352,102,11,75,2529.8387946679286,3374.4865789309183,5904.325373598847,1299.4460567905744,1299.4460567905744,0.03874159966922796,0.05832379321035797,0.0,0.6152168609949028,3.454291286792823,0.7602333725881725,0.4284721174039775
115,1150.0,10.0,16.539433346082383,0.23187151225393232,0.0,43.129061441868544,43.12560522928834,-0.01490572320251431,24.801545878086294,2,0,0,9.425,809.425,0.008665133433926466,95.47016662921604,1500.787712729572,9599.095972862971,0.0,213.61515410985626,6282.372976324569,7958.6372976658495,5936.630297888999,1.5060583114637083,102,11,75,2529.432596708943,3373.944438321417,5903.37703503036,1299.2376236229106,1299.2376236229106,0.03874180076382695,0.058324061044506645,0.0,0.6151198221308481,3.454290086475046,0.7602332726886275,0.42847214089484875
116,1160.0,10.0,16.771304858336315,0.23189009681367884,0.0,43.12560522928834,43.12214866280556,-0.014906054765924636,24.797571018565623,2,0,0,9.42,809.42,0.008709169215694298,95.49195604087024,1500.5631637388976,9599.865272588357,0.0,213.59919397188895,6281.91473884476,7958.031525947838,5936.001631524039,1.5059200947960443,102,11,75,2529.0264736669405,3373.402397924697,5902.428871591637,1299.0292286156434,1299.0292286156434,0.03874200171899791,0.058324328933155596,0.0,0.6150228002364434,3.4542888871877664,0.7602331728445035,0.42847216437272684
117,1170.0,10.0,17.003194955149993,0.2319086853044514,0.0,43.12214866280556,43.118692096322775,-0.014904859980754281,24.793596070628045,2,0,0,9.415,809.415,0.008753200748435823,95.51366587214939,1500.3398452337722,9600.634774423712,0.0,213.58323349232236,6281.456388634276,7957.425844187214,5935.373007035579,1.505781869433318,102,11,75,2528.620341134999,3372.8603448809354,5901.480686015934,1298.8208289827721,1298.8208289827721,0.03874220273043571,0.058324596776625215,0.0,0.6149257754426575,3.4542876868770094,0.7602330729719626,0.4284721878573257
118,1180.0,10.0,17.235103640454444,0.2319272767755987,0.0,43.118692096322775,43.11523552983999,-0.014903665195561189,24.789621441299843,2,0,0,9.41,809.41,0.00879722803127884,95.53529638642854,1500.1165446959747,9601.404399631743,0.0,213.5672742418254,6280.998073612688,7956.820209175673,5934.744434941081,1.5056436369559798,102,11,75,2528.2142411124223,3372.318335313484,5900.532576425907,1298.6124461000886,1298.6124461000886,0.038742403726047,0.05832486459899895,0.0,0.6148287576847999,3.4542864862684883,0.7602329731023612,0.42847221134127217
119,1190.0,10.0,17.467030917230044,0.2319458702758593,0.0,43.11523552983999,43.11177931725979,-0.014900944673399863,24.785647130581026,2,0,0,9.405,809.405,0.008841251064689781,95.55684784843362,1499.8944970130992,9602.174148242126,0.0,213.55131620496314,6280.539690456813,7956.214723207398,5934.115966387172,1.505505399714618,102,11,75,2527.8081731876623,3371.7763686049843,5899.584541792647,1298.4040799315094,1298.4040799315094,0.03874260475732531,0.05832513234878303,0.0,0.6147317469631607,3.4542852847596643,0.7602328732145763,0.4284722348295331
120,1200.0,10.0,17.698976787505902,0.2319644658054923,0.0,43.11177931725979,43.108323104679585,-0.014899750132860845,24.781673545334787,2,0,0,9.4,809.4,0.008885269848241452,95.57832052052271,1499.6712550899754,9602.943941454423,0.0,213.5353609672067,6280.081490364655,7955.609240782458,5933.487560731642,1.5053671595055949,102,11,75,2527.402179754802,3371.234501473662,5898.636681228464,1298.1957518803063,1298.1957518803063,0.038742805700704146,0.058325400101552946,0.0,0.6146347532094477,3.4542840836789206,0.7602327733610832,0.4284722583097692
121,1210.0,10.0,17.930941253311396,0.23198306336475685,0.0,43.108323104679585,43.10486724600196,-0.014897030099962193,24.77770027863269,2,0,0,9.395,809.395,0.00892928438374778,95.59971466790981,1499.449265804869,9603.713858103161,0.0,213.5194069428479,6279.623222149189,7955.0039073740045,5932.859258596833,1.5052289196957687,102,11,75,2526.996218413565,3370.6926771930116,5897.688895606577,1297.98744053978,1297.98744053978,0.03874300667974476,0.058325667781745485,0.0,0.6145377664910906,3.4542828816981848,0.7602326734894115,0.4284722817943187
122,1220.0,10.0,18.162924316676154,0.23200166295391209,0.0,43.10486724600196,43.10141138732433,-0.014895835804031777,24.7737277372727,2,0,0,9.39,809.39,0.008973294670781926,95.62103055119795,1499.226082485409,9604.48381936263,0.0,213.50345571709371,6279.16513696534,7954.398577507575,5932.231019347725,1.5050906820280485,102,11,75,2526.590331551013,3370.1509524718094,5896.741284022823,1297.7791673097406,1297.7791673097406,0.038743207570900426,0.05832593546492395,0.0,0.6144407967383566,3.454281680145752,0.7602325736520299,0.4284723052708436
123,1230.0,10.0,18.394925979630067,0.23201096386697198,0.0,43.10141138732433,43.10141138732433,0.0,24.769755514391626,2,0,0,9.385,809.385,0.009017300711153312,95.64226843384382,1511.0579138852063,9605.25390409264,0.0,213.48735508192044,6277.698444991669,7954.791893803027,5932.102132185561,1.5049497821095956,102,11,75,2526.1804601717636,3369.603245689809,5895.783705861572,1297.5705588032858,1297.5705588032858,0.038743911140386424,0.05832570043286355,0.0,0.614343834020116,3.454274594486509,0.7602322675731298,0.4284723772448168
124,1240.0,10.0,18.62693694349704,0.2260769929872529,0.0,43.10141138732433,45.36402569997662,10.008158206438384,0.0,2,0,0,9.38,809.38,0.009061293723882882,95.66341396481614,9605.253903512576,9605.25390409264,0.0,207.5250505566691,5423.953669793398,8411.049700651207,4205.524850325603,1.5252616133464334,103,12,0,2527.1993909039893,3370.4976025406145,5897.696993444604,1297.3257638288073,1297.3257638288073,0.03907978876382715,0.057985395538980175,0.0,0.0,3.4553955685621762,0.7600888448996761,0.42850614294240896
125,1250.0,10.0,18.85301393648429,0.21570472190683695,0.0,45.36402569997662,47.35531684940909,9.231560309989458,0.0,2,0,0,9.375,809.375,0.009104872606612567,95.6838000604475,9126.171956958868,9126.174179030442,0.0,217.1203999550549,5750.325604578598,8724.367725758395,4362.1838628791975,1.5191984933253944,103,12,0,2801.209310382575,3736.2266762044196,6537.435986586995,1437.2574311060941,1437.2574311060941,0.03891803555761942,0.057830934079958485,0.0,0.0,3.4576622868663422,0.7601681800403219,0.42848745534638955
126,1260.0,10.0,19.068718658391127,0.20727427973435011,0.0,47.35531684940909,49.13518851205058,8.587035810340945,0.0,2,0,0,9.37,809.37,0.00915031201992021,95.7072140374508,8742.418404500317,8742.418540172137,0.0,225.97929016764974,6046.744352417606,9018.541658759043,4509.270829379521,1.5137838042066747,103,12,0,3054.1747105105765,4073.9029901660706,7128.0777006766475,1566.3499405170155,1566.3499405170155,0.038771257491007925,0.05768603462781426,0.0,0.0,3.4596584908164747,0.7602380471785766,0.4284710182410964
127,1270.0,10.0,19.275992938125476,0.20024076835334914,0.0,49.13518851205058,50.74457206051959,8.037242174525886,0.0,2,0,0,9.365,809.365,0.009197486288502234,95.73343670956224,8425.733678480396,8425.733421140025,0.0,234.22622622928432,6319.28790458441,9295.793844034544,4647.896922017272,1.5088910886383673,103,12,0,3289.65477253734,4388.267698831616,7677.922471368956,1686.4449396659672,1686.4449396659672,0.03863640554996479,0.057549573246458756,0.0,0.0,3.461439685546301,0.7603003889941204,0.42845636756616035
128,1280.0,10.0,19.476233706478826,0.19425499457609346,0.0,50.74457206051959,52.21288364683218,7.558681255618512,0.0,2,0,0,9.36,809.36,0.00924628693914904,95.76227824234861,8158.508161279252,8158.508056906076,0.0,241.9505172453184,6572.09428597817,9557.940197043057,4778.970098521529,1.5044286028485183,103,12,0,3510.2025312654537,4682.7217077557725,8192.924239021226,1798.8633829865346,1798.8633829865346,0.03851140370789454,0.0574206328754702,0.0,0.0,3.463044318490561,0.7603565511471696,0.42844318205056453
129,1290.0,10.0,19.67048870105492,0.1890806365036507,0.0,52.21288364683218,53.56209347312186,7.135631925290409,0.0,2,0,0,9.355,809.355,0.009296618721255564,95.79357143409025,7929.077314651771,7929.0774821075765,0.0,249.2193366664367,6808.1441368660735,9806.478307563044,4903.239153781522,1.5003273612779815,103,12,0,3717.7382067696917,4959.8230269094265,8677.561233679118,1904.5986010919146,1904.5986010919146,0.0383947566539483,0.05729845817884862,0.0,0.0,3.4645004936747053,0.7604075172786147,0.42843122700655867
130,1300.0,10.0,19.859569337558572,0.1845508591186616,0.0,53.56209347312186,54.80911701872689,6.757072557452671,0.0,2,0,0,9.35,809.35,0.00934839686886245,95.82716708479651,7729.346475667589,7729.346878641897,0.0,256.0850546017753,7029.677899149372,10042.659074302315,5021.329537151158,1.4965340021870535,103,12,0,3913.758808805566,5221.565987146122,9135.324795951688,2004.4247466914953,2004.4247466914953,0.03828534060070958,0.05718241901706041,0.0,0.0,3.465829595961538,0.7604540358586538,0.4284203239867229
131,1310.0,10.0,20.044120196677234,0.22054383793882928,0.04,54.80911701872689,55.96730287091937,6.414984113636114,0.0,3,0,0,9.345,809.345,0.009401545133312945,95.8629306628535,7553.48730479426,7553.487859666608,0.0,262.5896663094297,7238.436874238336,10267.540879723643,5133.770439861822,1.4930062903495471,103,12,0,4099.46473578007,5469.549873931907,9569.014609711978,2098.9623210340096,2098.9623210340096,0.038182282366774074,0.057071982880442164,0.0,0.0,3.4670484106133292,0.7604966943714665,0.4284103330367328
132,1320.0,10.0,20.264664034616064,0.1769681215655349,0.0,55.96730287091937,57.04740182883975,6.103353238794488,0.0,3,0,0,9.34,809.34,0.009455994325202438,95.90073983017247,7397.175567203181,7397.176186153408,0.0,268.76762027438156,7435.8113154729,10482.030036152539,5241.015018076269,1.4897101551148209,103,12,0,4275.8406247133935,5705.086615912043,9980.927240625437,2188.7200366428683,2188.7200366428683,0.03808488506642667,0.05696669433069574,0.0,0.0,3.4681704410958596,0.760535965438355,0.42840114166040705
133,1330.0,10.0,20.441632156181598,0.17375345603391795,0.0,57.04740182883975,58.05822229236249,5.817556016413368,0.0,3,0,0,9.335,809.335,0.009511681204974615,95.94048255568418,7257.122184077035,7257.122791360962,0.0,274.64770648704285,7622.935978973589,10686.911120162604,5343.455560081302,1.4866176681459058,103,12,0,4443.7093355314155,5929.272685854778,10372.982021386193,2274.1227790460784,2274.1227790460784,0.03799258014789658,0.05686615959168116,0.0,0.0,3.4692067694610134,0.7605722369311354,0.4283926576147271
134,1340.0,10.0,20.615385612215515,0.17084480460493656,0.0,58.05822229236249,59.007087631742166,5.553960751536147,0.0,3,0,0,9.33,809.33,0.009568547619593238,95.98205564455456,7130.772395116503,7130.772931958362,0.0,280.25436402236124,7800.7543001022095,10882.86996805521,5441.434984027605,1.4837056204985744,103,12,0,4603.769334663939,6143.038888993482,10746.808223657421,2355.5309760533905,2355.5309760533905,0.03790489516976578,0.05677003487273902,0.0,0.0,3.47016664101597,0.7606058324355589,0.4283848040136661
135,1350.0,10.0,20.78623041682045,0.16819832033976614,0.0,59.007087631742166,59.90016399597529,5.309662798231761,0.0,3,0,0,9.325,809.325,0.009626539817554467,96.02536356903404,7016.10588754261,7016.106312240592,0.0,285.60861446660897,7970.062967016971,11070.51133075696,5535.25566537848,1.4809544954730585,103,12,0,4756.621382302714,6347.185904221216,11103.80728652393,2433.25442889708,2433.25442889708,0.03782143141348755,0.05667801740624695,0.0,0.0,3.4710578751139214,0.7606370256289872,0.4283775158882268
136,1360.0,10.0,20.954428737160217,0.1657785567984792,0.0,59.90016399597529,60.74270071608785,5.082302176974258,0.0,3,0,0,9.32,809.32,0.009685607896163911,96.07031752327191,6911.499990011588,6911.500276156452,0.0,290.72874566748413,8131.54377194155,11250.372605890725,5625.1863029453625,1.478347710664649,103,12,0,4902.788081663952,6542.410318168324,11445.198399832276,2507.5624464752973,2507.5624464752973,0.03774184788136357,0.05658983847802694,0.0,0.0,3.4718871620494185,0.7606660506717297,0.42837073770043166
137,1370.0,10.0,21.120207293958696,0.1635564889035256,0.0,60.74270071608785,61.53921016423848,4.86993486770466,0.0,3,0,0,9.315,809.315,0.009745705348908793,96.11683464782348,6815.633598344617,6815.633732438753,0.0,295.6308238245347,8285.78693423777,11422.93465406454,5711.46732703227,1.4758710478575772,103,12,0,5042.7285205549715,6729.324122997338,11772.05264355231,2578.6914370636846,2578.6914370636846,0.037665849576129305,0.05650525793864893,0.0,0.0,3.472660282901199,0.7606931099015419,0.42836442150273024
138,1380.0,10.0,21.283763782862223,0.161508078633519,0.0,61.53921016423848,62.29360469688297,4.670939924660365,0.0,3,0,0,9.31,809.31,0.00980678868994241,96.16483738504442,6727.418180782134,6727.41815982199,0.0,300.3290844837292,8433.308545070371,11588.630420511574,5794.315210255787,1.473512216946342,103,12,0,5176.849450764278,6908.469603317668,12085.319054081945,2646.8507058715254,2646.8507058715254,0.037593178732634916,0.05642405982922352,0.0,0.0,3.4733822757765584,0.7607183796521795,0.4283585255463936
139,1390.0,10.0,21.445271861495744,0.15961321599645034,0.0,62.29360469688297,63.00930255388492,4.483951109774421,0.0,3,0,0,9.305,809.305,0.009868817138923125,96.21425293705364,6645.947246928572,6645.947076180608,0.0,304.8362361697621,8574.563860477665,11747.851884173144,5873.925942086572,1.4712605173798414,103,12,0,5305.513969673163,7080.330896727646,12385.84486640081,2712.2269578628225,2712.2269578628225,0.037523608134995216,0.056346048856496654,0.0,0.0,3.4740575638572837,0.7607420147350049,0.4283530132099004
140,1400.0,10.0,21.604885077492195,0.15785492402687626,0.0,63.00930255388492,63.689310893199035,4.30780568617763,0.0,3,0,0,9.3,809.3,0.00993175235376492,96.26501280521964,6570.4586892190255,6570.458380267761,0.0,309.1636997377173,8709.957599074405,11900.955716773418,5950.477858386709,1.4691065718111338,103,12,0,5429.048363976368,7245.343106871455,12674.391470847822,2774.987847657753,2774.987847657753,0.03745693593879942,0.05627104752297443,0.0,0.0,3.4746900556359948,0.7607641519472598,0.42834785216029037
141,1410.0,10.0,21.76274000151907,0.1562187530695065,0.0,63.689310893199035,64.33629171227936,4.141505461847214,0.0,3,0,0,9.295,809.295,0.009995558201908459,96.31705239527325,6500.3062780715345,6500.305847149751,0.0,313.32179959324117,8839.852037273526,12048.267935609218,6024.133967804609,1.4670421140450187,103,12,0,5547.74757721483,7403.899583917913,12951.647161132743,2835.284815732652,2835.284815732652,0.037392981600265884,0.05619889376800763,0.0,0.0,3.475283224520236,0.7607849128582083,0.4283430136873515
142,1420.0,10.0,21.918958754588576,0.15469231308042583,0.0,64.33629171227936,64.95261477399077,3.984186734546938,0.0,3,0,0,9.29,809.29,0.010060200562920011,96.37031067586074,6434.937782389012,6434.937248970834,0.0,317.3199183060035,8964.573457411729,12190.087762988505,6095.043881494253,1.4650598183910657,103,12,0,5661.879630620187,7556.357811280047,13218.237441900234,2893.255381681517,2893.255381681517,0.037331582633411235,0.05612943901171456,0.0,0.0,3.4758401728690878,0.760804406050418,0.4283384721682109
143,1430.0,10.0,22.073651067669,0.15326490810871066,0.0,64.95261477399077,65.54040053394924,3.835096808602475,0.0,3,0,0,9.285,809.285,0.010125647156835612,96.42472988107038,6373.877962351909,6373.877347979833,0.0,321.16662298806057,9084.417345258335,12326.690853945704,6163.345426972852,1.4631531609919162,103,12,0,5771.689236624989,7703.044217329049,13474.733453954039,2949.0250186139947,2949.0250186139947,0.037272591996062185,0.05606254651967166,0.0,0.0,3.4763636841046686,0.7608227289436633,0.42833420463180577
144,1440.0,10.0,22.22691597577771,0.15192724747881795,0.0,65.54040053394924,66.10155528301802,3.6935754341696336,0.0,3,0,0,9.28,809.28,0.01019186739386455,96.48025524948864,6316.715197271029,6316.714524586287,0.0,324.8697696160204,9199.652624823668,12458.33201624436,6229.16600812218,1.4613163061291876,103,12,0,5877.400781704069,7844.25814736396,13721.65892906803,3002.708700290207,3002.708700290207,0.03721587596004082,0.05599809002539923,0.0,0.0,3.4768562655629975,0.7608399692947049,0.42833019040091097
145,1450.0,10.0,22.378843223256528,0.15067121527668445,0.0,66.10155528301802,66.6378001623674,3.5590399822862766,0.0,3,0,0,9.275,809.275,0.010258832241968207,96.53683479386734,6263.090861189086,6263.090153135318,0.0,328.4365899238293,9310.5251428038,12585.247518784821,6292.623759392411,1.4595440122459784,103,12,0,5979.220810838361,7980.275172000261,13959.495982838622,3054.4121896005313,3054.4121896005313,0.03716131235880523,0.05593595256183108,0.0,0.0,3.4773201840637027,0.7608562064422295,0.42832641079513417
146,1460.0,10.0,22.529514438533212,0.14948968466815513,0.0,66.6378001623674,67.15069530738376,3.430973489273947,0.0,3,0,0,9.27,809.27,0.0103265141095184,96.59441909664802,6212.690800497472,6212.6900796734235,0.0,331.8737643765759,9417.2605614763,12707.65706362876,6353.82853181438,1.4578315536830826,103,12,0,6077.340113973361,8111.349865631699,14188.68997960506,3104.233120456169,3104.233120456169,0.03710878913270879,0.05587602546356986,0.0,0.0,3.477757495689897,0.7608715123491464,0.4283228488823831
147,1470.0,10.0,22.679004123201366,0.14837636705732396,0.0,67.15069530738376,67.64166008350652,3.3089149293774427,0.0,3,0,0,9.265,809.265,0.010394886740770604,96.65296112748923,6165.238437322554,6165.237725460713,0.0,335.1874839208201,9520.066780364767,12825.765481023242,6412.882740511621,1.4561746550496808,103,12,0,6171.93549154582,8237.718157592188,14409.653649138007,3152.261913079097,3152.261913079097,0.037058203111380084,0.055818207509767175,0.0,0.0,3.4781700709163155,0.760885952482071,0.42831948926926694
148,1480.0,10.0,22.82738049025869,0.14732568858458345,0.0,67.64166008350652,68.1119901600319,3.1924512353820775,0.0,3,0,0,9.26,809.26,0.010463925122301715,96.712416079645,6120.489143093342,6120.488460645396,0.0,338.3835026041456,9619.135978904851,12939.764194704854,6469.882097352427,1.4545694358357606,103,12,0,6263.171258916959,8359.599335692747,14622.770594609705,3198.582553743896,3198.582553743896,0.037009458986837294,0.055762404183611926,0.0,0.0,3.478559615964487,0.760899586558757,0.4283163179230693
149,1490.0,10.0,22.974706178843274,0.1863326882729443,0.04,68.1119901600319,68.56287200538787,3.0812107033459144,0.0,4,0,0,9.255,809.255,0.01053360539888848,96.77274122259593,6078.225613771565,6078.2249795856815,0.0,341.46718270518926,9714.646351585578,13049.832495427041,6524.9162477135205,1.4530123633895355,103,12,0,6351.200536642762,8477.197764619857,14828.39830126262,3243.273263330177,3243.273263330177,0.036962468441383206,0.05570852702915214,0.0,0.0,3.4789276910708846,0.7609124691874809,0.4283133220195444
150,1500.0,10.0,23.16103886711622,0.14539293345983512,0.0,68.56287200538787,68.99539526435542,2.974857502871964,0.0,4,0,0,9.25,809.25,0.010603904797562106,96.83389576877512,6038.254041845666,6038.2534729214185,0.0,344.4435336734597,9806.763591509882,13156.13865338743,6578.069326693715,1.4515002127750742,103,12,0,6436.166363734809,8590.7043686625,15026.87073239731,3286.407073973069,3286.407073973069,0.03691714940213359,0.05565649308986541,0.0,0.0,3.4792757262088405,0.7609246504173094,0.4283104898120073
151,1510.0,10.0,23.306431800576053,0.14450244913850893,0.0,68.99539526435542,69.41056338365017,2.873087077553964,0.0,4,0,0,9.245,809.245,0.010674801558782613,96.89584075258391,6000.400927208499,6000.400438518565,0.0,347.31724591653096,9895.642166571233,13258.840894530831,6629.4204472654155,1.4500300323259734,103,12,0,6518.202663581663,8700.297918270402,15218.500581852066,3328.05232921681,3328.05232921681,0.036873425399937695,0.05560622441628897,0.0,0.0,3.479605034694555,0.7609361762143094,0.4283078105181114
152,1520.0,10.0,23.450934249714564,0.14365765857391238,0.0,69.41056338365017,69.80930277969767,2.7756222675893696,0.0,4,0,0,9.24,809.24,0.010746274873844502,96.95853892017861,5964.510404169059,5964.510008537385,0.0,350.09272026991357,9981.426423464589,13358.088261196319,6679.044130598159,1.448599113943545,103,12,0,6597.435086416591,8806.146152244317,15403.581238660907,3368.2731200751246,3368.2731200751246,0.03683122501496491,0.055557647632309796,0.0,0.0,3.479916825022591,0.7609470888757907,0.4283052742214207
153,1530.0,10.0,23.594591908288475,0.1428553331192134,0.0,69.80930277969767,70.19247078594101,2.6822100223838334,0.0,4,0,0,9.235,809.235,0.010818304827762118,97.02195462874154,5930.441988351715,5930.441696380926,0.0,352.7740938271346,10064.251547821887,13454.021373987087,6727.0106869935435,1.447204967369563,103,12,0,6673.981747706368,8908.406761352606,15582.388509058974,3407.1296670607994,3407.1296670607994,0.03679048139471595,0.05551069355153876,0.0,0.0,3.480212211210272,0.7609574273923595,0.428302871785438
154,1540.0,10.0,23.73744724140769,0.14209254958844333,0.0,70.19247078594101,70.5608625726902,2.5926185983445067,0.0,4,0,0,9.23,809.23,0.0108908723469952,97.08605375414083,5898.068667426756,5898.068487466905,0.0,355.3652626834733,10144.244403367624,13546.773108863932,6773.386554431966,1.4458452978064584,103,12,0,6747.953878287484,9007.22825444407,15755.182132731554,3444.6786564049576,3444.6786564049576,0.03675113183293125,0.05546529683665514,0.0,0.0,3.4804922218787873,0.7609672277657575,0.42830059477818033
155,1550.0,10.0,23.879539790996134,0.14136665387174385,0.0,70.5608625726902,70.91521719747384,2.5066351581408073,0.0,4,0,0,9.225,809.225,0.010963959151467549,97.1508036060409,5867.275275121144,5867.275213274308,0.0,357.86990204843056,10221.52426875534,13636.46920114003,6818.234600570015,1.4445179863709974,103,12,0,6819.456399263381,9102.750724381987,15922.207123645368,3480.9735372262185,3480.9735372262185,0.03671311739999993,0.05542139569578831,0.0,0.0,3.4807578082579482,0.7609765232890282,0.42829843540573637
156,1560.0,10.0,24.020906444867876,0.1406752297370336,0.0,70.91521719747384,71.25622291594422,2.4240637040923048,0.0,4,0,0,9.22,809.22,0.011037547710408576,97.21617284965605,5837.957099972284,5837.957160127652,0.0,360.2914841034434,10296.203487394218,13723.228786168676,6861.614393084338,1.4432210729578328,103,12,0,6888.588432429681,9195.106528133212,16083.694960562894,3516.0647852432653,3516.0647852432653,0.03667638261715928,0.05537893161096179,0.0,0.0,3.481009851269109,0.7609853447944188,0.42829638645351403
157,1570.0,10.0,24.16158167460491,0.14001607196342652,0.0,71.25622291594422,71.58452186101384,2.3447232911616993,0.0,4,0,0,9.215,809.215,0.01111162120161143,97.28213143344955,5810.018689661723,5810.018873556709,0.0,362.63329391818166,10368.38804290382,13807.164884974962,6903.582442487481,1.4419527411618125,103,12,0,6955.443755187772,9284.42089294101,16239.864648128783,3550.0001376861273,3550.0001376861273,0.036640875168119647,0.055337849094408025,0.0,0.0,3.481249167814656,0.7609937208735129,0.4282944412341025
158,1580.0,10.0,24.301597746568337,0.13938716311066218,0.0,71.58452186101384,71.9007141798518,2.2684464751386715,0.0,4,0,0,9.21,809.21,0.011186163473755317,97.3486505221716,5783.372819136339,5783.373126439384,0.0,364.8984436876177,10438.178070690703,13888.384841817144,6944.192420908572,1.44071130496657,103,12,0,7020.111207444616,9370.812458563229,16390.923666007846,3582.824803301757,3582.824803301757,0.036606545642828864,0.05529809546920531,0.0,0.0,3.4814765163814876,0.7610016780733521,0.42829259354085114
159,1590.0,10.0,24.440984909679,0.13878665335498103,0.0,71.9007141798518,72.20536170372094,2.195077959621403,0.0,4,0,0,9.205,809.205,0.011261159011484858,97.41570243470761,5757.939596556549,5757.940024968655,0.0,367.08988551040824,10505.668314408398,13966.990719618818,6983.495359809409,1.4394951969545473,103,12,0,7082.6750568055195,9454.393763971697,16537.06882077722,3614.5816507307027,3614.5816507307027,0.03657334730896273,0.05525962067121933,0.0,0.0,3.4816926020487493,0.7610092410717062,0.42829083760640985
160,1600.0,10.0,24.57977156303398,0.13821284292267322,0.0,72.20536170372094,72.49899121368139,2.1244734118140967,0.0,4,0,0,9.2,809.2,0.011336592902977838,97.48326058627377,5733.645685759591,5733.646231131136,0.0,369.2104228950043,10570.948534654026,14043.079658346258,7021.539829173129,1.438302957832538,103,12,0,7143.21532739069,9535.271685609594,16678.487013000282,3645.3113780246204,3645.3113780246204,0.03654123590743737,0.055222377069772455,0.0,0.0,3.4818980809761424,0.761016432834165,0.4282891680655931
161,1610.0,10.0,24.717984405956653,0.1376641667335324,0.0,72.49899121368139,72.7820973553774,2.056498422309096,0.0,4,0,0,9.195,809.195,0.01141245080976544,97.55129943455282,5710.423627648862,5710.424284108844,0.0,371.26272115179177,10634.103876103452,14116.744200682664,7058.372100341332,1.437133227098836,103,12,0,7201.8080968026525,9613.547833233464,16815.355930036116,3675.052665656661,3675.052665656661,0.03651016946881892,0.055186319304831304,0.0,0.0,3.4820935644376005,0.761023274755316,0.42828757992202576
162,1620.0,10.0,24.855648572690185,0.13713918093190922,0.0,72.7820973553774,73.0551452480342,1.991027588186944,0.0,4,0,0,9.19,809.19,0.011488718938597035,97.61979442941093,5688.211245922113,5688.212006017606,0.0,373.2493168062934,10695.215198340431,14188.072588745796,7094.036294372898,1.4359847347044472,103,12,0,7258.525765105848,9689.318908480378,16947.844673586227,3703.8423150308267,3703.8423150308267,0.03648010814798325,0.05515140413881079,0.0,0.0,3.4822796224556107,0.7610297867859463,0.4282860685181107
163,1630.0,10.0,24.992787753622096,0.13663655103624628,0.0,73.0551452480342,73.31857282608857,1.9279437021540162,0.0,4,0,0,9.185,809.185,0.011565384015165665,97.68872196587805,5666.951124985062,5666.951979828418,0.0,375.17262614908884,10754.359374852722,14257.149035086533,7128.574517543267,1.4348562935827718,103,12,0,7313.437299125849,9762.677030563407,17076.114329689255,3731.7153742084765,3731.7153742084765,0.036451014074772144,0.055117590321351655,0.0,0.0,3.4824567870835446,0.761035987547924,0.4282846295079201
164,1640.0,10.0,25.129424304658343,0.13615504148141036,0.0,73.31857282608857,73.57279294629569,1.867137033202198,0.0,4,0,0,9.18,809.18,0.011642433259531095,97.75805934010918,5646.59014987789,5646.5910893002065,0.0,377.0349530219173,10811.609564018605,14324.053970775883,7162.026985387942,1.433746792940363,103,12,0,7366.608454912486,9833.710032882003,17200.318487794488,3758.7052523294187,3758.7052523294187,0.03642285121872018,0.0550848384656472,0.0,0.0,3.4826255553767593,0.7610418944381866,0.4282832588326724
165,1650.0,10.0,25.265579346139752,0.13569350636377617,0.0,73.57279294629569,73.81819528848887,1.808504686549122,0.0,4,0,0,9.175,809.175,0.011719854363095264,97.82778470807531,5627.079099667016,5627.080112375215,0.0,378.8384959258234,10867.035455364776,14388.864273023453,7194.432136511727,1.432655192216675,103,12,0,7418.101980822141,9902.501733816089,17320.60371463823,3784.8438240028063,3784.8438240028063,0.036395585266199446,0.05505311093508014,0.0,0.0,3.4827863920876605,0.761047523723068,0.4282819526984993
166,1660.0,10.0,25.401272852503528,0.13525088122839773,0.0,73.81819528848887,74.05514807425098,1.7519500324879573,0.0,4,0,0,9.17,809.17,0.011797635467000555,97.8978770467591,5608.372287086554,5608.373360823124,0.0,380.58535452573557,10920.703493922418,14451.653474459954,7225.826737229977,1.4315805156335077,103,12,0,7467.977803346441,9969.13218453593,17437.109987882373,3810.161524772538,3810.161524772538,0.03636918350855847,0.055022371739088395,0.0,0.0,3.4829397321152475,0.7610528906240337,0.42828070755625136
167,1670.0,10.0,25.536523733731926,0.1348261757620491,0.0,74.05514807425098,74.28399962431932,1.6973821943317033,0.0,4,0,0,9.165,809.165,0.011875765141834893,97.9683161176543,5590.427237510001,5590.428360023063,0.0,382.2775356161755,10972.677085193489,14512.491955884878,7256.245977942439,1.4305218472657701,103,12,0,7516.293197537358,10033.67789629101,17549.971093828368,3834.6874386174127,3834.6874386174127,0.03634361473999088,0.054992586437347085,0.0,0.0,3.4830859827360063,0.7610580093957602,0.4282795200831152
168,1680.0,10.0,25.671349909493976,0.13441846724681658,0.0,74.28399962431932,74.50507980534258,1.6447158307296377,0.0,4,0,0,9.16,809.16,0.011954232368595734,98.03908243248112,5573.204598487116,5573.205563698046,0.0,383.91695859781584,11023.016766295346,14571.447140225711,7285.723570112856,1.429478326554986,103,12,0,7563.102943461447,10096.212049059612,17659.31499252106,3858.4493782961067,3858.4493782961067,0.036318849172273904,0.05496372204325932,0.0,0.0,3.4832255255638893,0.7610628933947361,0.42827838716646227
169,1690.0,10.0,25.805768376740794,0.134026894768361,0.0,74.50507980534258,74.71870124670707,1.5938699597099457,0.0,4,0,0,9.155,809.155,0.012033026519067666,98.11015721804017,5556.6672707489,5556.668096747855,0.0,385.5054607771008,11071.780436608522,14628.583615198197,7314.291807599098,1.4284491442523364,103,12,0,7608.459477541779,10156.804693514938,17765.26417105672,3881.4739627226977,3881.4739627226977,0.036294858320113435,0.05493574696371849,0.0,0.0,3.4833587186640522,0.7610675551532418,0.42827730588647983
170,1700.0,10.0,25.939795271509155,0.133650654036119,0.0,74.71870124670707,74.9251605378751,1.5447682815845838,0.0,4,0,0,9.15,809.15,0.012112137342234885,98.18152239122458,5540.780734369899,5540.781532498137,0.0,387.04480150447483,11119.02345425565,14683.963312709342,7341.981656354671,1.4274335388065484,103,12,0,7652.413010800998,10215.522908663994,17867.93591946499,3903.7866778212583,3903.7866778212583,0.036271614953001796,0.05490863090951275,0.0,0.0,3.4834858979997754,0.7610720064299921,0.4282762735042386
171,1710.0,10.0,26.073445925545276,0.13328899265180888,0.0,74.9251605378751,75.12473932329381,1.4973388383245492,0.0,4,0,0,9.145,809.145,0.012191554947230065,98.25316052835232,5525.512842939806,5525.5136862966165,0.0,388.5366666480952,11164.798786852853,14737.645656353494,7368.822828176747,1.426430792953325,103,12,0,7695.011656635029,10272.430972321317,17967.442628956345,3925.411941955593,3925.411941955593,0.03624909302030839,0.05488234482229456,0.0,0.0,3.4836073790078648,0.7610762582652753,0.4282752874487403
172,1720.0,10.0,26.206734918197085,0.132941205870438,0.0,75.12473932329381,75.31770528256921,1.4515135319553338,0.0,4,0,0,9.14,809.14,0.01227126978713762,98.32505483602216,5510.833498611083,5510.834429899069,0.0,389.98267274915224,11209.15716265932,14789.687687284166,7394.843843642083,1.4254402306135776,103,12,0,7736.301549479848,10327.590519463638,18063.892068943485,3946.3731666155923,3946.3731666155923,0.036227267576225276,0.05485686081245725,0.0,0.0,3.48372345809725,0.7610803210334037,0.4282743453046067
173,1730.0,10.0,26.339676124067523,0.1326066327820168,0.0,75.31770528256921,75.50431304645862,1.4072279792833797,0.0,4,0,0,9.135,809.135,0.01235127264477204,98.39718912535291,5496.714592086308,5496.715525875323,0.0,391.38437071047076,11252.147185730077,14840.144194967972,7420.072097483986,1.4244612140748667,103,12,0,7776.326950160699,10381.06068278735,18157.387632948048,3966.692810358379,3966.692810358379,0.03620611472258655,0.05483215209435463,0.0,0.0,3.4838344139237307,0.7610842044873305,0.4282734448016038
174,1740.0,10.0,26.47228275684954,0.13228465279194748,0.0,75.50431304645862,75.68480510056692,1.3644217246589505,0.0,4,0,0,9.13,809.13,0.012431554618461103,98.46954778631648,5483.130230123688,5483.130476867743,0.0,392.74324934171005,11293.815422839922,14889.067866607416,7444.533933303708,1.423493141350074,103,12,0,7815.130347154363,10432.898227792977,18248.02857494734,3986.392430708682,3986.392430708682,0.03618561156573884,0.054808192912059434,0.0,0.0,3.4839405084677977,0.7610879177963729,0.4282725838057778
175,1750.0,10.0,26.60456740964149,0.1319746826896628,0.0,75.68480510056692,75.85941226292398,1.3230352882730585,0.0,4,0,0,9.125,809.125,0.01251210710494988,98.54211575736575,5470.054406039588,5470.05438475918,0.0,394.06073919048987,11334.206711788354,14936.509234244306,7468.254617122153,1.422535443882302,103,12,0,7852.752565861183,10483.157698921477,18335.91026478266,4005.49273922516,4005.49273922516,0.036165736063729595,0.0547849585680815,0.0,0.0,3.4840419890169794,0.7610914696155943,0.4282717603032654
176,1760.0,10.0,26.736542092331153,0.13167617388817063,0.0,75.85941226292398,76.02835459295015,1.2830136617551489,0.0,4,0,0,9.12,809.12,0.012592921801428196,98.61487852698278,5457.463842274793,5457.463848587462,0.0,395.33821337396364,11373.363949646644,14982.516941950933,7491.2584709754665,1.421587584608186,103,12,0,7889.232792546589,10531.89145105099,18421.12424359758,4024.0136149015034,4024.0136149015034,0.0361464671310675,0.0547624252877751,0.0,0.0,3.4841390879241496,0.7610948680773452,0.42827097240216266
177,1770.0,10.0,26.868218266219323,0.13138860968000596,0.0,76.02835459295015,76.19184203375558,1.2443045192699174,0.0,4,0,0,9.115,809.115,0.01267399068380975,98.68782209570722,5445.336609823157,5445.3368380326465,0.0,396.5769919150256,11411.328337111465,15027.137790556908,7513.568895278454,1.4206490556918567,103,12,0,7924.608698066388,10579.149814851984,18503.75851291837,4041.9741667990525,4041.9741667990525,0.03612778451778909,0.05474057019899403,0.0,0.0,3.4842320241524147,0.7610981208453345,0.4282702183199069
178,1780.0,10.0,26.999606875899328,0.13111150291085719,0.0,76.19184203375558,76.35007500610948,1.2068580470890082,0.0,4,0,0,9.11,809.11,0.012755305995927441,98.76093295645454,5433.652030353468,5433.652592577876,0.0,397.7783443160519,11448.139463490119,15070.416824246675,7535.208412123337,1.4197193766884881,103,12,0,7958.916511355134,10624.981194881659,18583.897706236792,4059.3927715572286,4059.3927715572286,0.03610966876737661,0.0547193712894173,0.0,0.0,3.484321004149492,0.7611012351452322,0.42826949637610773
179,1790.0,10.0,27.130718378810187,0.1308443938588729,0.0,76.35007500610948,76.50324495784517,1.1706267820759422,0.0,4,0,0,9.105,809.105,0.012836860239240673,98.83419807575152,5422.390583006845,5422.3915296333635,0.0,398.9434919707277,11483.835386458188,15112.397411590327,7556.198705795164,1.418798092848288,103,12,0,7992.191088288317,10669.432161510198,18661.623249798515,4076.2871085245624,4076.2871085245624,0.03609210117728473,0.05469880736665057,0.0,0.0,3.4844062226587447,0.761104217793056,0.42826880498590103
180,1800.0,10.0,27.26156277266906,0.13215650588505798,0.0,76.50324495784517,74.83247526310888,-12.64235675381301,0.0,4,0,0,9.1,809.1,0.0129186461632981,98.90760487629124,0.0,5411.535160738898,5735.160558322568,400.38035686152784,12455.609017078816,14236.414773689707,7118.207386844853,1.41861098378916,103,12,0,8032.645881202973,10724.817394565549,18757.46327576852,4093.3899343260105,4093.3899343260105,0.03561005888727033,0.055143862895627914,0.0,0.0,3.4882908681293947,0.7612401803845288,0.4282373241577819
181,1810.0,10.0,27.393719278554116,0.13808917147933542,0.0,74.83247526310888,70.00147359574814,-34.984652421378904,0.0,4,0,0,9.095,809.095,0.013014659417876814,99.0044401359065,0.0,5532.357422955577,24000.056456498336,388.54746626531875,13623.595419936644,12279.568997751274,6811.797709968322,1.4218267738459656,103,12,0,7694.23964057618,10274.413295361737,17968.652935937916,3917.303428111911,3917.303428111911,0.035027225055321964,0.05612614071378806,0.0,0.0,3.492477349043186,0.7613867072165115,0.4282034756866743
182,1820.0,10.0,27.531808450033452,0.14824413249954033,0.0,70.00147359574814,64.9111172959151,-34.33765784860875,0.0,4,0,0,9.09,809.09,0.013133549734830335,99.13901810914474,0.0,5914.161213102609,24000.055109034074,354.7149900209852,12614.43528654437,11033.230714854644,6307.217643272185,1.4324270396980319,103,12,0,6728.739218991799,8984.464333907215,15713.203552899015,3427.4854896757965,3427.4854896757965,0.035522867150895934,0.056735862854610505,0.0,0.0,3.490186794609548,0.7613065378113342,0.4282219851820336
183,1830.0,10.0,27.680052582532994,0.20076655615148642,0.04,64.9111172959151,59.4928662114164,-33.70260092772789,0.0,3,0,0,9.085,809.085,0.013239934056309046,99.2523396104826,0.0,6377.952148207026,24000.053291807046,321.5025801086574,11623.786707222669,9809.718633354492,5811.8933536113345,1.444129085032287,103,12,0,5780.944931059276,7718.146994267886,13499.091925327162,2946.71299969502,2946.71299969502,0.03600934393897733,0.05733430806290355,0.0,0.0,3.487102272889362,0.7611985795511277,0.428246948982768
184,1840.0,10.0,27.88081913868448,0.1767750676474809,0.0,59.4928662114164,53.64526048348241,-33.07935788544057,0.0,3,0,0,9.08,809.08,0.013334349381841056,99.34536888607015,0.0,6958.817524924616,24000.051093458867,288.92217398863363,10651.938047495756,8609.540218413156,5325.969023747878,1.4571024706910105,103,12,0,4851.153502433068,6475.960381475843,11327.11388390891,2474.873610504759,2474.873610504759,0.03648682127156486,0.057921687665018214,0.0,0.0,3.4832751466295484,0.7610646301320342,0.42827798432613334
185,1850.0,10.0,28.05759420633196,0.23831077458388653,0.04,53.64526048348241,47.206546696262606,-32.46779606771288,0.0,2,0,0,9.075,809.075,0.013417329996803408,99.41906245720051,0.0,7717.363962236184,24000.048591707182,256.9831214894777,9699.108294840118,7433.099804458398,4849.554147420059,1.4715615985510015,103,12,0,3939.592879278884,5258.299871269629,9197.892750548514,2011.850390288142,2011.850390288142,0.03695546362408895,0.058498210453171044,0.0,0.0,3.4787556425652086,0.7609064474897823,0.428314722308971
186,1860.0,10.0,28.295904980915846,0.22784087448194223,0.0,47.206546696262606,40.57401526600777,-29.11036680900951,0.0,2,0,0,9.07,809.07,0.013489407788054566,99.47436967119474,0.0,8769.970035380216,21769.189922654135,225.66831660615156,8578.899307119751,6465.655133290356,4289.4496535598755,1.4882581829340085,103,12,0,3045.785758964307,4064.5023659458006,7110.288124910108,1557.4662349050398,1557.4662349050398,0.037508496465800956,0.05897102003446194,0.0,0.0,3.4728100988862396,0.7606983534610183,0.4283631978701023
187,1870.0,10.0,28.523745855397788,0.3093415429926491,0.04,40.57401526600777,33.681147074641046,-25.591552327131524,0.0,1,0,0,9.065,809.065,0.01354937897409884,99.50934875150932,0.0,10203.57480731867,19357.33289755341,197.66235293113573,7542.124752812011,5635.36544259704,3771.0623764060056,1.5057094138957645,103,12,0,2246.291202170289,2996.981710988762,5243.272913159051,1150.2340330661211,1150.2340330661211,0.03802150554204704,0.05937777308680561,0.0,0.0,3.4666084091044524,0.7604812943186557,0.4284139390365831
188,1880.0,10.0,28.833087398390436,0.3341476427163231,0.0,33.681147074641046,26.172634437680244,-22.470643742757762,0.0,1,0,0,9.06,809.06,0.013598981980588865,99.52695989826978,0.0,12291.742887572429,17214.58608430084,173.1147919878555,6630.773580539959,4910.212551983743,3315.3867902699794,1.523508312123153,103,12,0,1545.3896162803267,2061.428267243375,3606.8178835237018,792.398150226895,792.398150226895,0.03847342909645852,0.059734432289071514,0.0,0.0,3.4605789846872503,0.7602702644640538,0.428463445115934
189,1890.0,10.0,29.16723504110676,0.38207846534558976,0.0,26.172634437680244,26.172634437680244,0.0,17.12516983521115,1,0,0,9.055,809.055,0.013640128692256346,99.53044207786445,627.6314278025798,13633.377482734699,0.0,149.44625131544183,4436.938512637744,5526.144908391712,4113.9548715959645,1.526011727752784,104,12,40,929.1107618744513,1238.7998796810211,2167.9106415554725,478.18517648713794,478.18517648713794,0.03953647634486225,0.059382147648858706,0.0,0.4265018320303777,3.444647594883108,0.7598004209773728,0.4285742890250383
190,1900.0,10.0,29.54931350645235,0.38207218309461727,0.0,26.172634437680244,26.1734951287508,0.0022526923148006974,17.12516983521115,1,0,0,9.05,809.05,0.013668341054405158,99.51239130918107,629.4532159738013,13633.377482734699,0.0,149.44551972337527,4436.764716395154,5526.2699318298655,4114.009034794746,1.5260924111056933,104,12,40,929.110522574332,1238.7995207308418,2167.9100433051735,478.1851555331366,478.1851555331366,0.039536552373227875,0.05938207162049308,0.0,0.4265018320303777,3.444646644308203,0.7598003876830345,0.42857429691031806
191,1910.0,10.0,29.931385689546968,0.3820596682884773,0.0,26.1734951287508,26.17434909567237,0.0022351663691495107,17.12629618136855,1,0,0,9.045,809.045,0.013696554336353618,99.49440214000316,629.4717691729488,13633.407115259166,0.0,149.44680105442674,4436.801271838823,5526.318798456296,4114.113967898541,1.5261690826446102,104,12,40,929.1716746451078,1238.8810777796932,2168.052752424801,478.2166179433935,478.2166179433935,0.039536521339166214,0.0593820316336809,0.0,0.4265296705280095,3.444646839210605,0.7598004059699798,0.42857429257932056
192,1920.0,10.0,30.313445357835445,0.38204725244788035,0.0,26.17434909567237,26.175196338444948,0.0022176387008471465,17.127413764553122,1,0,0,9.04,809.04,0.013724768236526394,99.47647386355212,629.4900607903472,13633.43648945649,0.0,149.4480667969987,4436.837383588145,5526.367069545103,4114.217910899772,1.526245135401731,104,12,40,929.2323509666696,1238.9620003383852,2168.1943513050546,478.2478355788151,478.2478355788151,0.03953649054189802,0.05938199196263745,0.0,0.42655729240082874,3.4446470326309737,0.7598004241165789,0.4285742882815633
193,1930.0,10.0,30.695492610283324,0.38203493555360996,0.0,26.175196338444948,26.17603685706854,0.002200109323439392,17.128522583903546,1,0,0,9.035,809.035,0.013752982750411447,99.45860626968255,629.5080908113363,13633.465605957112,0.0,149.44931694953877,4436.873051598009,5526.41474503791,4114.320863714124,1.5263205730978782,104,12,40,929.2925514922738,1239.042288344514,2168.334839836788,478.2788084153088,478.2788084153088,0.039536459981446836,0.05938195260739304,0.0,0.4265846976285127,3.444647224569721,0.7598004421228206,0.4285742840170489
194,1940.0,10.0,31.077527545836933,0.3820227175866048,0.0,26.17603685706854,26.17687065154314,0.0021825782505004556,17.129622638565266,1,0,0,9.03,809.03,0.013781197873496097,99.44079914894732,629.5258592214802,13633.494465386537,0.0,149.45055151050656,4436.908275823637,5526.461824876801,4114.42282625805,1.5263953994317279,104,12,40,929.3522761755444,1239.1219417361667,2168.474217911711,478.3095364289713,478.3095364289713,0.03953642965783603,0.05938191356797773,0.0,0.4266118861908984,3.4446474150272555,0.7598004599886936,0.4285742797857801
195,1950.0,10.0,31.459550263423537,0.38201059594567116,0.0,26.17687065154314,26.177698075771332,0.0021659719310719084,17.13071392769052,1,0,0,9.025,809.025,0.013809413601266807,99.42305229259487,629.5441155036867,13633.523068365332,0.0,149.45177047468215,4436.942993663039,5526.508371315772,4114.523829604494,1.5264696178578838,104,12,40,929.411524872029,1239.2009603042547,2168.612485176284,478.34001958746904,478.34001958746904,0.03953639960235596,0.05938187481315414,0.0,0.4266388580679834,3.444647603613054,0.7598004777004943,0.42857427559100225
196,1960.0,10.0,31.84156085936921,0.3819985706125451,0.0,26.177698075771332,26.178518775850534,0.002148437565841732,17.131796913656054,1,0,0,9.02,809.02,0.013837629929639647,99.40536549328314,629.5613744551509,13633.551427633478,0.0,149.4529746720435,4436.977353645807,5526.554291157094,4114.623863639434,1.5265432308654938,104,12,40,929.4703228814153,1239.2793778229268,2168.749700704342,478.37027082359015,478.37027082359015,0.03953636973997749,0.05938183638879621,0.0,0.4266656246886099,3.444647791186412,0.7598004952930096,0.4285742714244767
197,1970.0,10.0,32.223559429981755,0.3819866415691095,0.0,26.178518775850534,26.179333105683327,0.0021318280384036827,17.132871132438975,1,0,0,9.015,809.015,0.013865846853849836,99.38773854322719,629.5791212886323,13633.579531656034,0.0,149.45416326964394,4437.011207152907,5526.599677490022,4114.722938317997,1.526616243250579,104,12,40,929.5286448146625,1239.357160398743,2168.8858052134055,478.4002771584993,478.4002771584993,0.03953634014577672,0.05938179824908597,0.0,0.4266921745850965,3.4446479768888003,0.7598005127314301,0.42857426729444725
198,1980.0,10.0,32.60554607155086,0.38197480879739387,0.0,26.179333105683327,26.18014071136713,0.002114290432780308,17.133937046458176,1,0,0,9.01,809.01,0.01389406436986161,99.37017123654654,629.5958707267289,13633.60739314216,0.0,149.45533709753852,4437.044702722452,5526.64443711345,4114.82104352735,1.5266886574580985,104,12,40,929.5865159737816,1239.4343418089588,2169.0208577827407,478.4300515261668,478.4300515261668,0.03953631074471945,0.05938176043989976,0.0,0.4267185191872798,3.444648161579538,0.759800530050545,0.42857426319267483
199,1990.0,10.0,32.98752088034826,0.3819630696979298,0.0,26.18014071136713,26.180942300707102,0.002098604298595319,17.134994191674565,1,0,0,9.005,809.005,0.01392228247297809,99.35266336694583,629.6138576283195,13633.635000568842,0.0,149.4564953190567,4437.07762916447,5526.68872543931,4114.918220383133,1.5267604780181554,104,12,40,929.643910870336,1239.5108880111857,2169.154798881522,478.4595809386777,478.4595809386777,0.03953628164315717,0.05938172288414522,0.0,0.42674464702709725,3.444648344009085,0.759800547201849,0.42857425913064706
200,2000.0,10.0,33.36948395004619,0.3819514242535124,0.0,26.180942300707102,26.181737165898085,0.002081063560729035,17.136043493823863,1,0,0,9.0,809.0,0.013950501159548975,99.33521473055761,629.6301113056551,13633.662378697041,0.0,149.45763959593006,4437.110283614654,5526.732356114018,4115.014448741101,1.5268317061672279,104,12,40,929.7008801571494,1239.5868666251001,2169.2877467822495,478.4888912890952,478.4888912890952,0.03953625269098922,0.059381685673551204,0.0,0.4267705809854075,3.444648525895743,0.7598005642549351,0.42857425509188185
201,2010.0,10.0,33.7514353742997,0.38193987502840665,0.0,26.181737165898085,26.182525660842657,0.0020644478257565877,17.137084025604228,1,0,0,8.995,808.995,0.013978720424466509,99.31782512176778,629.6468528852637,13633.689503912417,0.0,149.45876826729457,4437.142431415918,5526.775453070388,4115.1097174363285,1.5269023480028212,104,12,40,929.7573731948698,1239.6622100652544,2169.4195832601245,478.51795664917114,478.51795664917114,0.03953622400708992,0.0593816487477131,0.0,0.42679629814440223,3.4446487059129103,0.7598005811538832,0.428574251089623
202,2020.0,10.0,34.13337524932811,0.3819284194240444,0.0,26.182525660842657,26.18330778554082,0.0020478305839105814,17.138116249517108,1,0,0,8.99,808.99,0.014006940263836176,99.30049433766519,629.6633465703048,13633.716388863764,0.0,149.45988215966204,4437.174158554621,5526.817985422849,4115.204047519367,1.5269724056603233,104,12,40,929.813415191552,1239.7369519672316,2169.5503671587835,478.546789946565,478.546789946565,0.03953619554768907,0.05938161212123813,0.0,0.4268218099358665,3.4446488845289522,0.759800597919791,0.4285742471188739
203,2030.0,10.0,34.51530366875215,0.3819170548426179,0.0,26.18330778554082,26.18408389389515,0.002032138508849357,17.13914016480906,1,0,0,8.985,808.985,0.014035160673464076,99.28322217551579,629.6803419911358,13633.743034102743,0.0,149.46098126797875,4437.2054024214485,5526.860015443804,4115.297470079137,1.5270418824182752,104,12,40,929.8690060077921,1239.811092128671,2169.680098136463,478.5753911515756,478.5753911515756,0.039536167344082086,0.05938157576287795,0.0,0.42684711634202466,3.444649061353212,0.7598006145389533,0.4285742431828803
204,2040.0,10.0,34.89722072359477,0.35517928928475356,0.0,26.18408389389515,30.125505666563832,11.096992115181507,0.0,1,0,0,8.98,808.98,0.014063381649323935,99.26600843353911,9607.266398308484,13633.769452218135,0.0,151.52551704094256,3751.2917611401,6350.409374922738,3175.204687461369,1.5401169332789666,105,13,0,929.3728119350613,1238.9446071277762,2168.3174190628374,478.49619992800535,478.49619992800535,0.039910256509930936,0.059006633360565365,0.0,0.0,3.4422815605640866,0.759629854619743,0.42861474236403224
205,2050.0,10.0,35.25240001287953,0.31302040397389014,0.0,30.125505666563832,33.768092789299935,11.636899948030031,0.0,1,0,0,8.975,808.975,0.014094183328318887,99.25314598640713,10209.50282353054,13483.966923786911,0.0,162.08241019204442,4016.4984856077517,6788.99552719521,3394.497763597605,1.5308717425075802,105,13,0,1230.9946392083846,1641.1646898445777,2872.159329052962,633.4592778809008,633.4592778809008,0.03977818901805584,0.05878808372845272,0.0,0.0,3.444594760034149,0.7597108166011952,0.4285955262844979
206,2060.0,10.0,35.565420416853414,0.28179466692490257,0.0,33.768092789299935,37.20557118472388,12.198521827739285,0.0,1,0,0,8.97,808.97,0.014127696838130064,99.24483853624675,10837.399761726156,12260.094242905652,0.0,173.16698913590332,4295.290655982673,7249.175286410881,3624.5876432054406,1.5218115842554698,105,13,0,1547.665296839861,2063.514995053693,3611.1802918935537,795.9945696040027,795.9945696040027,0.03963954226642417,0.058559054595523796,0.0,0.0,3.4469454131305035,0.7597930894595676,0.4285760254934071
207,2070.0,10.0,35.847215083778316,0.25776549481523964,0.0,37.20557118472388,40.384332826034175,12.331990531117276,0.0,1,0,0,8.965,808.965,0.0141641189749347,99.24139837259175,11127.370948293315,11127.365790045524,0.0,184.80501748848204,4618.721867145106,7701.61263208703,3850.806316043515,1.5130776272909434,105,13,0,1880.1111160497142,2506.986765932422,4387.097881982136,966.4172107995466,966.4172107995466,0.03947883915740435,0.058334336989114575,0.0,0.0,3.449527972106539,0.7598834790237289,0.42855463147320083
208,2080.0,10.0,36.104980578593555,0.23977536751872316,0.0,40.384332826034175,43.02707096813695,11.021724914659591,0.0,1,0,0,8.96,808.96,0.014203436731622587,99.24278765573797,10251.508923326495,10251.500297984634,0.0,196.60022048937196,5043.913028864455,8062.768337093677,4031.3841685468383,1.5052106454579666,105,13,0,2216.9898316447056,2956.5039503134235,5173.493781958129,1138.7741158740992,1138.7741158740992,0.03926760241455864,0.05815593598074038,0.0,0.0,3.452680610033859,0.759993821351185,0.4285285582783848
209,2090.0,10.0,36.34475594611228,0.26643008959318365,0.04,43.02707096813695,45.30041252106302,10.039926924069505,0.0,2,0,0,8.955,808.955,0.01424495401089613,99.24783208362417,9621.854615141068,9621.84947022263,0.0,207.15567314928637,5411.528606292664,8398.84960365976,4199.42480182988,1.4984388455194864,105,13,0,2518.4370155268853,3358.8026436755404,5877.239659202425,1292.8498571311347,1292.8498571311347,0.03908519671394606,0.05799010267650811,0.0,0.0,3.45531888764769,0.7600861610676691,0.4285067755546745
210,2100.0,10.0,36.611186035705465,0.21598199079898064,0.0,45.30041252106302,47.299900708823145,9.25766162430225,0.0,2,0,0,8.95,808.95,0.014288487992164882,99.25621529900548,9138.991593015811,9138.989624156407,0.0,216.78119277151814,5739.117142903865,8712.962375197345,4356.4811875986725,1.492482645930708,105,13,0,2793.308974277141,3725.681026324071,6518.990000601212,1433.2250292649885,1433.2250292649885,0.03892282198106883,0.05783525898959855,0.0,0.0,3.4575964247520883,0.760165874866323,0.4284879979904139
211,2110.0,10.0,36.827168026504445,0.20749861748412593,0.0,47.299900708823145,49.086283654694554,8.609131798230283,0.0,2,0,0,8.945,808.945,0.014333888773267307,99.26767677011517,8752.661033447575,8752.66107953529,0.0,225.66490570780323,6036.492263626707,9007.834783560173,4503.917391780086,1.487160963061232,105,13,0,3046.9835559241565,4064.3030070127224,7111.286562936879,1562.682005220375,1562.682005220375,0.03877555523796487,0.05769002352490839,0.0,0.0,3.4596010551181413,0.7602360369291349,0.42847149091201686
212,2120.0,10.0,37.03466664398857,0.20042636026959804,0.0,49.086283654694554,50.70098970145254,8.056355683883135,0.0,2,0,0,8.94,808.94,0.01438102987046556,99.2819957979072,8434.126859469645,8434.128012467807,0.0,233.93288380128706,6309.818520597724,9285.707066154748,4642.853533077374,1.4823487651031355,105,13,0,3283.06473155776,4379.469404194713,7662.534135752473,1683.0856087479347,1683.0856087479347,0.03864030338669813,0.05755326391579052,0.0,0.0,3.461389055569011,0.7602986169449154,0.4284567837994183
213,2130.0,10.0,37.23509300425817,0.19441118778021005,0.0,50.70098970145254,52.17374826172905,7.575482548573928,0.0,2,0,0,8.935,808.935,0.014429802168051828,99.29898131629997,8165.519431830876,8165.521076369427,0.0,241.67540009505916,6563.284432330904,9548.408907339708,4774.204453669854,1.4779555601136756,105,13,0,3504.1330922959582,4674.617829624654,8178.750921920613,1795.7710563051676,1795.7710563051676,0.03851496464821506,0.0574240565366963,0.0,0.0,3.462999330415398,0.7603549765645389,0.42844355155800296
214,2140.0,10.0,37.42950419203838,0.1890649033894335,0.0,52.17374826172905,53.61003096674178,7.596770628836884,0.0,2,1,1,8.93,808.93,0.014480109904628884,99.31846511516873,7935.023425591771,7935.025061323435,0.0,230.37397928510464,6769.352406107087,8588.912879566555,4294.456439783277,1.4853829418211209,105,13,0,3711.655021814172,3713.71687935947,7425.371901173642,1559.3937815216461,1559.3937815216461,0.03841308643770069,0.057900838858967116,0.0,0.0,2.969015280699955,0.6235194718306926,0.49986116132816377
215,2150.0,10.0,37.618569095427816,0.18424679932870638,0.0,53.61003096674178,54.94002294393106,7.21853504123294,0.0,2,1,1,8.925,808.925,0.014527735838159526,99.33342184560303,7722.433940688852,7722.435382602827,0.0,236.63870925849668,7003.526339782293,8772.387610784153,4386.193805392077,1.4817203473940876,105,13,0,3920.3508365722387,3922.7187627442067,7843.069599316445,1646.5417732009996,1646.5417732009996,0.03829743599352074,0.057810749146922184,0.0,0.0,2.9702448537442674,0.6235609880028946,0.4998490434043723
216,2160.0,10.0,37.80281589475652,0.21998890307915858,0.04,54.94002294393106,56.17793854063924,6.8777328798084,0.0,3,1,1,8.92,808.92,0.014576604361603891,99.35039633865276,7535.488933573156,7535.490118424357,0.0,242.59487485805016,7224.892070386171,8948.099586817174,4474.049793408587,1.4782989770752113,105,13,0,4118.762150714056,4121.434188489292,8240.196339203347,1729.3583775804948,1729.3583775804948,0.03818817146805396,0.05772451711211895,0.0,0.0,2.971379933767742,0.6235993136460402,0.49983786564875143
217,2170.0,10.0,38.022804797835676,0.17619113691773985,0.0,56.17793854063924,57.335149290433684,6.567928274023916,0.0,3,1,1,8.915,808.915,0.014626658460364678,99.36928701350911,7369.440042245751,7369.440936329686,0.0,248.27272586091448,7434.892278596222,9116.622778798077,4558.3113893990385,1.4750881767318769,105,13,0,4307.897758773895,4310.8710138704055,8618.7687726443,1808.2716166027803,1808.2716166027803,0.038084568680276244,0.05764185314178323,0.0,0.0,2.9724320232063057,0.6236348371364953,0.4998275127703885
218,2180.0,10.0,38.19899593475341,0.17277711977062302,0.0,57.335149290433684,58.42091856479956,6.2842190899311845,0.0,3,1,1,8.91,808.91,0.014677845957854733,99.39000067732849,7220.700934917559,7220.70152643826,0.0,253.69732249560306,7634.693158877218,9278.461674162987,4639.2308370814935,1.4720628142056673,105,13,0,4488.593367705237,4491.864213834969,8980.457581540206,1883.6359483857207,1883.6359483857207,0.037986042375401964,0.05756250299688792,0.0,0.0,2.9734104938976627,0.6236678749116034,0.4998178908980955
219,2190.0,10.0,38.371773054524034,0.16968734470610294,0.0,58.42091856479956,59.442909374990705,6.02278745042081,0.0,3,1,1,8.905,808.905,0.014730118805402809,99.4124513157991,7086.502456043956,7086.502748853525,0.0,258.8897730982224,7825.255999382921,9434.06220716524,4717.03110358262,1.4692020006921935,105,13,0,4661.552874718975,4665.1171135791865,9326.669988298161,1955.7498003630883,1955.7498003630883,0.037892110283158274,0.057486242216333014,0.0,0.0,2.9743231203687603,0.6236986894759804,0.49980892221636
220,2200.0,10.0,38.54146039923014,0.16687462760735958,0.0,59.442909374990705,60.40754534517282,5.780602983287622,0.0,3,1,1,8.9,808.9,0.014783432518779538,99.43655913169245,6964.6658252163215,6964.665834041114,0.0,263.8681087039517,8007.386357511866,9583.820889418246,4791.910444709123,1.466488167711557,105,13,0,4827.377537026979,4831.230524903133,9658.608061930112,2024.8679633310123,2024.8679633310123,0.03780236841804171,0.05741287145221537,0.0,0.0,2.9751764496685658,0.6237275018888091,0.4998005412451023
221,2210.0,10.0,38.708335026837496,0.16430098051352224,0.0,60.40754534517282,61.320273548482334,5.5552206715795815,0.0,3,1,1,8.895,808.895,0.014837745723931824,99.46224976832528,6853.448735972469,6853.448482873718,0.0,268.64791802913976,8181.768866702602,9728.092335240046,4864.046167620023,1.4639063859425172,105,13,0,4986.587150509884,4990.723899682766,9977.31105019265,2091.2105928059636,2091.2105928059636,0.037716473591388675,0.05734221263009283,0.0,0.0,2.9759760655872487,0.6237545006851223,0.4997926921816875
222,2220.0,10.0,38.87263600735102,0.16193540865502393,0.0,61.320273548482334,62.18575991333222,5.344639396894718,0.0,3,1,1,8.89,808.89,0.014893019785568873,99.48945367346192,6751.438080436735,6751.437592212868,0.0,273.24281928968225,8348.992509864922,9867.19544278056,4933.59772139028,1.4614438528166351,105,13,0,5139.635786686103,5144.051047459379,10283.686834145483,2154.969899392884,2154.969899392884,0.03763413070959687,0.057274105797831674,0.0,0.0,2.976726782282581,0.6237798484135412,0.4997853269530429
223,2230.0,10.0,39.034571416006045,0.1597523237217115,0.0,62.18575991333222,63.00803717246163,5.147200616385499,0.0,3,1,1,8.885,808.885,0.014949218499653439,99.51810557166479,6657.473410571332,6657.472716856534,0.0,277.66481788449636,8509.56938054931,10001.418478417114,5000.709239208557,1.4590895005189084,105,13,0,5286.923723068891,5291.612050647533,10578.535773716423,2216.3152221018513,2216.3152221018513,0.037555083342643486,0.05720840653517001,0.0,0.0,2.9774327893285184,0.6238036865337981,0.4997784037564873
224,2240.0,10.0,39.19432373972776,0.15773037862643782,0.0,63.00803717246163,63.7906186994499,4.961514286615056,0.0,3,1,1,8.879999999999999,808.88,0.015006307835925247,99.54814402164891,6570.591201974748,6570.590333846225,0.0,281.92458235466313,8663.94888152819,10131.023275449352,5065.511637724676,1.4568336915998479,105,13,0,5428.8066478079545,5433.762457169587,10862.569104977541,2275.396943462899,2275.396943462899,0.037479106584427636,0.05714498381554509,0.0,0.0,2.9780977624800298,0.6238261391566786,0.4997718859455006
225,2250.0,10.0,39.3520541183542,0.15585159697397047,0.0,63.7906186994499,64.5365873627395,4.78640371849499,0.0,3,1,1,8.875,808.875,0.015064255720126303,99.57951104116911,6489.983526350301,6489.982515306285,0.0,286.03166061504834,8812.528655013124,10256.248719323434,5128.124359661717,1.4546679794575677,105,13,0,5565.602872225428,5570.820483361133,11136.423355586561,2332.349557937618,2332.349557937618,0.03740600155526882,0.05708371823193784,0.0,0.0,2.9787249497002426,0.6238473159487022,0.49976574116441574
226,2260.0,10.0,39.507905715328164,0.1541007126485307,0.0,64.5365873627395,65.24866577632632,4.620863858111534,0.0,3,1,1,8.87,808.87,0.015123031848117327,99.61215178621893,6414.966910693742,6414.965787903202,0.0,289.9946517371121,8955.663125210674,10377.313657263468,5188.656828631734,1.4525849176056547,105,13,0,5697.599060811564,5703.072736162578,11400.671796974142,2387.294110045953,2387.294110045953,0.03733559110437271,0.05702450051622057,0.0,0.0,2.9793172389849536,0.6238673144221978,0.4997599406662831
227,2270.0,10.0,39.66200642797669,0.15246466185181481,0.0,65.24866577632632,65.92927248872967,4.464029265121416,0.0,3,1,1,8.865,808.865,0.015182607525896771,99.64601427439617,6344.958531332104,6344.957327084663,0.0,293.82134411528017,9093.670265845556,10494.41934183979,5247.209670919895,1.4505779061480577,105,13,0,5825.054839960759,5830.778815474587,11655.833655435345,2440.3401556843887,2440.3401556843887,0.03726771640460329,0.0569672302960614,0.0,0.0,2.979877212557507,0.6238862217651769,0.49975445876789953
228,2280.0,10.0,39.81447108982851,0.15093218750390197,0.0,65.92927248872967,66.58056739868964,4.315149211914377,0.0,3,1,1,8.86,808.86,0.015242955530872137,99.68104914455051,6279.457776874664,6279.456520178826,0.0,297.51882783882274,9226.837027250342,10607.75149533784,5303.87574766892,1.448641066991803,105,13,0,5948.20654632943,5954.175057258752,11902.381603588183,2491.5873574867787,2491.5873574867787,0.03720223422125752,0.05691181504505365,0.0,0.0,2.9804071906973992,0.6239041163211945,0.49974927240916545
229,2290.0,10.0,39.96540327733241,0.14949352764788446,0.0,66.58056739868964,67.2044888153011,4.173568089723858,0.0,3,1,1,8.855,808.855,0.0153040499907303,99.71720944651392,6218.031799844901,6218.030518138057,0.0,301.0935870110808,9355.42373681034,10717.482063928383,5358.741031964191,1.4467691415128152,105,13,0,6067.270306323974,6073.477608664749,12140.747914988722,2541.1267956202287,2541.1267956202287,0.03713901469718797,0.05685816919087644,0.0,0.0,2.9809092675726996,0.6239210687992193,0.4997443607929166
230,2300.0,10.0,40.1148968049803,0.1481401674749234,0.0,67.2044888153011,67.8027839649563,4.038709823630233,0.0,3,1,1,8.85,808.85,0.015365866277005879,99.75445045598664,6160.304071810635,6160.302790752581,0.0,304.55157629407177,9479.667702961528,10823.77071664326,5411.88535832163,1.4449574059495012,105,13,0,6182.444589406804,6188.884977697981,12371.329567104785,2589.0420546732485,2589.0420546732485,0.03707793953859048,0.056806213353443144,0.0,0.0,2.981385340825219,0.6239371432725691,0.4997397050876285
231,2310.0,10.0,40.26303697245522,0.1868646401056619,0.04,67.8027839649563,68.37703430587446,3.9100653534098457,0.0,4,1,1,8.845,808.845,0.015428380911021323,99.79272951062447,6105.945228142788,6105.94397147431,0.0,307.8982849091978,9599.78619407645,10926.7661332034,5463.3830666017,1.4432016009284159,105,13,0,6293.912342978849,6300.580165051001,12594.492508029849,2635.410132454804,2635.410132454804,0.03701890051533575,0.05675587369058795,0.0,0.0,2.9818371362177483,0.6239523980111168,0.4997352881798175
232,2320.0,10.0,40.44990161256088,0.14566036514431216,0.0,68.37703430587446,68.92867668959859,3.7871824856239527,0.0,4,1,1,8.84,808.84,0.01549157148031617,99.83200586412431,6054.665677979217,6054.664467429704,0.0,311.13879056409894,9715.978921453505,11026.607116153094,5513.303558076547,1.4414978723555878,105,13,0,6401.842791226179,6408.732460380422,12810.5752516066,2680.3022057430408,2680.3022057430408,0.03696179821088031,0.05670708133322402,0.0,0.0,2.982266228336554,0.6239668861803047,0.4997310944661373
233,2330.0,10.0,40.59556197770519,0.14452151678987532,0.0,68.92867668959859,69.4590211718809,3.669657598829417,0.0,4,1,1,8.835,808.835,0.015555416564029168,99.87224055569195,6006.209589247542,6006.208444481468,0.0,314.27780521555195,9828.430125044544,11123.423555992254,5561.711777996127,1.4398427215234944,105,13,0,6506.392961636142,6513.498966650655,13019.891928286797,2723.7842800827984,2723.7842800827984,0.036906540972156086,0.05665977189535455,0.0,0.0,2.982674058111681,0.6239806564327119,0.4997271096774976
234,2340.0,10.0,40.74008349449506,0.14344291529023612,0.0,69.4590211718809,69.96926609858397,3.557128810932636,0.0,4,1,1,8.83,808.83,0.015619895665969658,99.91339629273823,5960.349955116195,5960.348893710003,0.0,317.3197141605953,9937.310338052184,11217.33727265417,5608.668636327085,1.4382329627469883,105,13,0,6607.708988956071,6615.025902250281,13222.734891206353,2765.917744808955,2765.917744808955,0.036853044021145705,0.05661388504704249,0.0,0.0,2.9830619477470153,0.6239937534121639,0.49972332072924347
235,2350.0,10.0,40.8835264097853,0.1424199369897078,0.0,69.96926609858397,70.46051095886081,3.44927031046459,0.0,4,1,1,8.825,808.825,0.015684989154331357,99.95543734501791,5916.884518498375,5916.883555941406,0.0,320.2686096329344,10042.777889764062,11308.462752431562,5654.231376215781,1.4366656871934507,105,13,0,6705.927235856689,6713.4497200889355,13419.376955945623,2806.759850003919,2806.759850003919,0.03680122869827643,0.056569364140607266,0.0,0.0,2.983431113524404,0.6240062181860593,0.49971971559272305
236,2360.0,10.0,41.02594634677501,0.14144843930509676,0.0,70.46051095886081,70.93376739624398,3.3457876220350498,0.0,4,1,1,8.82,808.82,0.015750678207175305,99.99832944872003,5875.632382984956,5875.631532699483,0.0,323.12831984136056,10144.980193358968,11396.907796065072,5698.453898032536,1.4351382318424246,105,13,0,6801.175261546833,6808.898074877206,13610.07333642404,2846.3641186892064,2846.3641186892064,0.03675102181411563,0.056526155882043745,0.0,0.0,2.9837826768494073,0.624018088618327,0.49971628318454003
237,2370.0,10.0,41.1673947860801,0.1405246977768261,0.0,70.93376739624398,71.38996869008399,3.2464136273363238,0.0,4,1,1,8.815,808.815,0.01581694476294896,100.04203971925703,5836.431177121257,5836.430450498274,0.0,325.90243420184066,10244.054855800758,11482.77409098862,5741.38704549431,1.4336481527189455,105,13,0,6893.5726634127595,6901.490663626617,13795.063327039377,2884.7807049253875,2884.7807049253875,0.03670235509068715,0.056484210041043884,0.0,0.0,2.984117673832312,0.6240293996929263,0.4997130132705394
238,2380.0,10.0,41.30791948385693,0.13964535295485908,0.0,71.38996869008399,71.82997795909009,3.150905201609794,0.0,4,1,1,8.81,808.81,0.01588377147542244,100.0865365716938,5799.134667938337,5799.13407438578,0.0,328.59432537105556,10340.13063953838,11566.15771853199,5783.078859265995,1.4321932017079229,105,13,0,6983.231811956214,6991.339959614154,13974.571771570369,2922.056706453264,2922.056706453264,0.0366551646774482,0.05644347919411956,0.0,0.0,2.9844370636408355,0.6240401837958729,0.4997098963821405
239,2390.0,10.0,41.447564836811786,0.13880736534683216,0.0,71.82997795909009,72.25459529123303,3.059040354825311,0.0,4,1,1,8.805,808.805,0.01595114167251624,100.13178964791646,5763.610741669147,5763.610288670683,0.0,331.2071685763703,10433.328299990153,11647.149605101198,5823.574802550599,1.4307713063852416,105,13,0,7070.2584955430275,7078.551856298325,14148.810351841352,2958.236438908291,2958.236438908291,0.036609390729853364,0.0564039184962312,0.0,0.0,2.9847417358163995,0.6240504709622713,0.4997069237430899
240,2400.0,10.0,41.58637220215862,0.13800797701556897,0.0,72.25459529123303,72.66456396681305,2.9706157893595444,0.0,4,1,1,8.8,808.8,0.01601903931857174,100.177769749772,5729.739686456699,5729.7393796382175,0.0,333.74395864805604,10523.761318297087,11725.835924906653,5862.917962453326,1.4293805524029886,105,13,0,7154.75248849992,7163.226234703821,14317.978723203742,2993.361677374644,2993.361677374644,0.036564977040693315,0.05636548547706614,0.0,0.0,2.985032516710767,0.6240602890936457,0.4997040872050547
241,2410.0,10.0,41.72438017917419,0.13724467869214543,0.0,72.66456396681305,73.06057591174029,2.8854448034050164,0.0,4,1,1,8.795,808.795,0.016087448979679522,100.22444877751818,5697.412724895901,5697.412568099628,0.0,336.207525088589,10611.536545285617,11802.298460620317,5901.149230310159,1.4280191680473857,105,13,0,7236.808053728947,7245.457465426987,14482.265519155935,3027.4718700373523,3027.4718700373523,0.03652187071617882,0.05632813985871601,0.0,0.0,2.985310175172069,0.6240696641499275,0.49970137919075575
242,2420.0,10.0,41.86162485786634,0.13651518148869388,0.0,73.06057591174029,73.44327649427503,2.8033554829682545,0.0,4,1,1,8.79,808.79,0.016156355791733683,100.27179967301414,5666.530754409052,5666.530749772988,0.0,338.6005454569036,10696.754769762016,11876.614927364892,5938.307463682446,1.426685510653232,105,13,0,7316.514389109507,7325.3348545174,14641.849243626908,3060.6043278822535,3060.6043278822535,0.03648002189015934,0.05629184339200053,0.0,0.0,2.985575427587028,0.6240786203197031,0.4996987926435681
243,2430.0,10.0,41.998140039355036,0.13581739246671848,0.0,73.44327649427503,73.81326875931552,2.7241891360206862,0.0,4,1,1,8.785,808.785,0.016225745430924927,100.31979636715789,5637.003261416678,5637.00340945807,0.0,340.92555729951346,10779.511222005553,11948.85926462868,5974.42963231434,1.4253780546113715,105,13,0,7393.956025424428,7402.943040959805,14796.899066384234,3092.794393740673,3092.794393740673,0.036439383471000515,0.05625655970909793,0.0,0.0,2.9858289423683435,0.624087180171731,0.49969632098269173
244,2440.0,10.0,42.133957431821756,0.13514939345265217,0.0,73.81326875931552,74.17111717880368,2.6477989308441465,0.0,4,1,1,8.78,808.78,0.016295604086422662,100.36841373114089,5608.747381556278,5608.747681259565,0.0,343.1849688230592,10859.896021510061,12019.10190002722,6009.55095001361,1.4240953807485555,105,13,0,7469.2131823007385,7478.362352236543,14947.575534537282,3124.0755934450904,3124.0755934450904,0.036399910916559884,0.05622225419048428,0.0,0.0,2.986071343961749,0.6240953647902379,0.49969395806314326
245,2450.0,10.0,42.269106825274406,0.13450942260079835,0.0,74.17111717880368,74.51735098417907,2.5740487073753684,0.0,4,1,1,8.775,808.775,0.016365918435028177,100.41762753114462,5581.687083208291,5581.687532115415,0.0,345.38106847232297,10937.994576549427,12087.409988272102,6043.704994136051,1.4228361668941152,105,13,0,7542.362087637553,7551.669123433975,15094.031211071528,3154.4797714284546,3154.4797714284546,0.03636156203344257,0.05618889384446994,0.0,0.0,2.9863032164354584,0.6241031938961148,0.49969169813993775
246,2460.0,10.0,42.403616247875206,0.1338958582907764,0.0,74.51735098417907,74.85246713645897,2.5028119357667946,0.0,4,1,1,8.77,808.77,0.016436675617607872,100.46741438614968,5555.752455586122,5555.753049888974,0.0,347.51603355266946,11013.887941941026,12153.847628236936,6076.923814118468,1.4215991794766303,105,13,0,7613.475265156869,7622.935984521093,15236.411249677962,3184.0372127433425,3184.0372127433425,0.03632429679732377,0.056156447197861156,0.0,0.0,2.9865251067050904,0.6241106859558071,0.49968953583592646
247,2470.0,10.0,42.537512106165984,0.13330720501676263,0.0,74.85246713645897,75.1769329809999,2.4339708007539684,0.0,4,1,1,8.765,808.765,0.016507863217138676,100.51775172856786,5530.879085869556,5530.87982050427,0.0,349.59193801514846,11087.653140394896,12218.476060615005,6109.238030307502,1.4203832660175721,105,13,0,7682.621794021712,7692.232119738189,15374.8539137599,3212.7767531826235,3212.7767531826235,0.03628807719162173,0.05612488419647598,0.0,0.0,2.9867375274391783,0.6241178582794169,0.49968746611283654
248,2480.0,10.0,42.67081931118275,0.13274208098274537,0.0,75.1769329809999,75.4911886269454,2.367415393965075,0.0,4,1,1,8.76,808.76,0.01657946923821747,100.568617767441,5507.007512467197,5507.008381209615,0.0,351.6107595052894,11159.363452023554,12281.353848329076,6140.676924164538,1.4191873484086062,105,13,0,7749.867543892155,7759.623502460475,15509.491046352628,3240.725878938713,3240.725878938713,0.036252867062214325,0.05609417611441428,0.0,0.0,2.9869409596838015,0.6241247271093235,0.4996854842451257
249,2490.0,10.0,42.80356139216549,0.13219920716443176,0.0,75.4911886269454,75.79564908550502,2.303042999198351,0.0,4,1,1,8.754999999999999,808.755,0.016651482087903385,100.61999145398026,5484.082743613335,5484.083739174683,0.0,353.5743857622642,11229.088675913612,12342.537041570675,6171.268520785337,1.4180104168756933,105,13,0,7815.2753883108335,7825.173108423451,15640.448496734283,3267.910817034408,3267.910817034408,0.03621863198623219,0.05606429547112557,0.0,0.0,2.987135855239373,0.6241313077004352,0.499683585796319
250,2500.0,10.0,42.935760599329925,0.1316773976364791,0.0,75.79564908550502,76.09070619631689,2.240757458059943,0.0,4,1,1,8.75,808.75,0.016723890557776545,100.67185244924406,5462.053832236271,5462.054946359347,0.0,355.48462044306734,11296.895367099523,12402.07932910497,6201.039664552485,1.416851524546861,105,13,0,7878.905398908355,7888.941109796139,15767.846508704493,3294.3566175872247,3294.3566175872247,0.03618533915324353,0.056035215955441614,0.0,0.0,2.987322638818036,0.6241376143930324,0.49968176659754254
251,2510.0,10.0,43.067437996966405,0.13117555099503755,0.0,76.09070619631689,76.37673036704552,2.1804686053078512,0.0,4,1,1,8.745,808.745,0.01679668380710957,100.72418109377496,5440.87349946112,5440.874723016296,0.0,357.34318843623385,11362.847051810317,12460.032177271942,6230.016088635971,1.4157097825521068,105,13,0,7940.815022581124,7950.985052251134,15891.80007483226,3320.0872288251885,3320.0872288251885,0.036152957257382996,0.05600691235584526,0.0,0.0,2.987501710006249,0.6241436606790344,0.4996800227280068
252,2520.0,10.0,43.19861354796144,0.13069264273158496,0.0,76.37673036704552,76.65407214779665,2.122091763962044,0.0,4,1,1,8.74,808.74,0.016869851347059203,100.77695837903515,5420.497799558041,5420.499123364277,0.0,359.1517407210779,11427.004423527009,12516.444957878184,6258.222478939092,1.4145843555936366,105,13,0,8001.05924350923,8011.360016895963,16012.419260405193,3345.1255656503,3345.1255656503,0.036121456399144825,0.05597936049636723,0.0,0.0,2.9876734450541007,0.6241494592624149,0.499678350497223
253,2530.0,10.0,43.329306190693025,0.1302277184077108,0.0,76.65407214779665,76.92306369194021,2.065547545733807,0.0,4,1,1,8.735,808.735,0.01694338302584678,100.83016592058219,5400.886025636672,5400.8872379508675,0.0,360.9118588157726,11489.425504756484,12571.365082961687,6285.682541480844,1.4134744579267036,105,13,0,8059.690731468903,8070.118768499268,16129.80949996817,3369.4935724218685,3369.4935724218685,0.03609080800431842,0.055952537169014244,0.0,0.0,2.98783819845253,0.6241550221124559,0.4996767464293244
254,2540.0,10.0,43.459533909100735,0.12977988761750409,0.0,76.92306369194021,77.18401997995608,2.010760625598368,0.0,4,1,1,8.73,808.73,0.017017269013034138,100.88378592982896,5381.99978334735,5382.00092572987,0.0,362.62505909033445,11550.165873384634,12624.838065970995,6312.419032985497,1.4123793496861958,105,13,0,8116.759985587981,8127.311899267647,16244.071884855628,3393.212283516847,3393.212283516847,0.03606098471100409,0.05592642010352189,0.0,0.0,2.987996304632692,0.6241603605211273,0.4996752072462353
255,2550.0,10.0,43.58931379671824,0.12934831858066995,0.0,77.18401997995608,77.43724003686206,1.957660213016743,0.0,4,1,1,8.725,808.725,0.017091499790015695,100.93780119624064,5363.803421587721,5363.804581667445,0.0,364.2927960426112,11609.278740192607,12676.90766264814,6338.45383132407,1.4112983336705018,105,13,0,8172.315443611105,8182.987937979642,16355.303381590747,3416.3018697731436,3416.3018697731436,0.036031960330487,0.055900987896437,0.0,0.0,2.9881480791058044,0.6241654851415723,0.49967372985631836
256,2560.0,10.0,43.718662115298905,0.12893223321984004,0.0,77.43724003686206,77.68300802320495,1.9061795503365375,0.0,4,1,1,8.72,808.72,0.01716606613587383,100.99219506187599,5346.263682344183,5346.264921153254,0.0,365.91646599195604,11666.81510579235,12727.615960338055,6363.807980169027,1.4102307522707302,105,13,0,8226.403605021364,8237.19347310904,16463.597078130406,3438.7816904040615,3438.7816904040615,0.03600370976889643,0.055876219966652776,0.0,0.0,2.9882938197821636,0.6241704060326447,0.4996723113413043
257,2570.0,10.0,43.84759434851875,0.12853090275983334,0.0,77.68300802320495,77.92159422074754,1.8562555184756093,0.0,4,1,1,8.715,808.715,0.01724095911499103,101.04695139893634,5329.349431154367,5329.350787708075,0.0,367.49741036309786,11722.8238966731,12777.003460866757,6388.501730433379,1.4091759846988372,105,13,0,8279.069140504267,8289.973262285592,16569.04240278986,3460.670339167267,3460.670339167267,0.03597620895927927,0.05585209651411436,0.0,0.0,2.988433808157774,0.6241751326989742,0.49967094894453623
258,2580.0,10.0,43.97612525127858,0.12814364377091622,0.0,77.92159422074754,78.15325593533369,1.8078283695467234,0.0,4,1,1,8.71,808.71,0.017316170065922048,101.10205458948587,5313.031485401318,5313.032980654388,0.0,369.03691864790153,11777.352081956915,12825.109161236522,6412.554580618261,1.4081334444695217,105,13,0,8330.354990676591,8341.370331016846,16671.725321693437,3481.9856860172854,3481.9856860172854,0.035949434803297986,0.05582859847957896,0.0,0.0,2.988568310380197,0.6241796741269547,0.4996696400604105
259,2590.0,10.0,44.1042688950495,0.1277698145952538,0.0,78.15325593533369,78.37823832530626,1.7608414842367892,0.0,4,1,1,8.705,808.705,0.017391690590847112,101.1574895062062,5297.282459362516,5297.284099622872,0.0,370.5362311513671,11830.444781289254,12871.970628801884,6435.985314400942,1.4071025770937298,105,13,0,8380.30245761923,8391.426064221909,16771.728521841138,3502.744915701436,3502.744915701436,0.03592336511738521,0.055805707507160615,0.0,0.0,2.9886975782318945,0.6241840388179474,0.4996683822246409
260,2600.0,10.0,44.232038709644755,0.12740881211331417,0.0,78.37823832530626,78.59677516286995,1.715241151211194,0.0,4,1,1,8.7,808.7,0.017467512545565885,101.21324149411475,5282.076624108258,5282.078403978753,0.0,371.9965415417531,11882.145364712087,12917.624071404785,6458.812035702393,1.4060828579626026,105,13,0,8428.951289877463,8440.180291239409,16869.13158111687,3522.9645635820125,3522.9645635820125,0.03589797858292761,0.0557834059094165,0.0,0.0,2.9888218500387116,0.6241882348189541,0.49966717310526776
261,2610.0,10.0,44.35944752175807,0.12716404021301136,0.0,78.59677516286995,78.68039192381724,0.6575503641377509,0.0,4,0,0,8.695,808.695,0.01754362802999536,101.26929635318241,5267.389538795945,5267.3916854998215,0.0,415.6943805722062,11996.445577667702,15716.51312714605,7858.256563573025,1.3906437356961743,105,13,0,8471.9937488574,11310.376134206352,19782.36988306375,4319.937466497359,4319.937466497359,0.035839051572531894,0.05440190379136359,0.0,0.0,3.485516658396989,0.7611430830438946,0.4282597989490892
262,2620.0,10.0,44.48661156197108,0.1270309962907108,0.0,78.68039192381724,78.76149693793698,0.6384663309585449,0.0,4,0,0,8.69,808.69,0.017628776481038392,101.34019455442831,5261.791451788474,5261.793820255217,0.0,416.32856613583215,12015.831240892827,15739.406501495982,7869.703250747991,1.3898062512248308,105,13,0,8490.1151141664,11334.582839722409,19824.697953888808,4329.141548469775,4329.141548469775,0.035829502114908665,0.05439067749145197,0.0,0.0,3.4855542723896678,0.7611443995336383,0.4282594939864383
263,2630.0,10.0,44.613642558261795,0.12690221033587024,0.0,78.76149693793698,78.84017089011968,0.6199573039309143,0.0,4,0,0,8.685,808.685,0.01771405076709088,101.41106619764047,5256.372955236696,5256.375463841508,0.0,416.9443116508623,12034.65186242807,15761.635580962753,7880.8177904813765,1.3889717550167096,105,13,0,8507.71020359302,11358.086484547805,19865.796688140825,4338.078471256463,4338.078471256463,0.035820230523648966,0.05437977629837514,0.0,0.0,3.485590492573846,0.7611456672400846,0.4282592003305773
264,2640.0,10.0,44.740544768597665,0.12677752986518437,0.0,78.84017089011968,78.91649167672529,0.6020056289688455,0.0,4,0,0,8.68,808.68,0.017799447225248503,101.48190527652118,5251.128370992472,5251.130170392399,0.0,417.54217326453954,12052.924504029806,15783.220380272829,7891.6101901364145,1.3881401062312009,105,13,0,8524.794888466016,11380.90827383662,19905.703162302634,4346.756285693406,4346.756285693406,0.03581122841547311,0.05436919042769662,0.0,0.0,3.485625377622682,0.7611468882167939,0.42825891750512235
265,2650.0,10.0,44.86732229846285,0.12665680886877342,0.0,78.91649167672529,78.99053423549076,0.5845920122792905,0.0,4,0,0,8.675,808.675,0.017884962297485273,101.55270597926662,5246.050431132524,5246.051759319406,0.0,418.1226900841862,12070.665851573161,15804.180154039253,7902.090077019627,1.3873111708502526,105,13,0,8541.384553763159,11403.068763099256,19944.453316862415,4355.182795518382,4355.182795518382,0.03580248759085507,0.05435891046901927,0.0,0.0,3.48565898407735,0.7611480644427072,0.428258645051037
266,2660.0,10.0,44.993979107331626,0.12653990757765138,0.0,78.99053423549076,79.06237083500626,0.5676991621905927,0.0,4,0,0,8.67,808.67,0.017970592543001228,101.62346270846484,5241.13319821155,5241.134320800532,0.0,418.6863825068808,12087.891922119077,15824.533578339644,7912.266789169822,1.386484821548556,105,13,0,8557.494050601466,11424.587794357254,19982.08184495872,4363.365534216002,4363.365534216002,0.03579400017914115,0.05434892729267436,0.0,0.0,3.4856913653300747,0.7611491977865525,0.4282583825348727
267,2670.0,10.0,45.12051901490928,0.1264266920017886,0.0,79.06237083500626,79.13207120352351,0.5513105453732805,0.0,4,0,0,8.665,808.665,0.018056334625575987,101.69417005934001,5236.371089472216,5236.372191063795,0.0,419.23375418351316,12104.618203733751,15844.29874183379,7922.149370916895,1.3856609371974276,105,13,0,8573.137752235776,11445.484571081766,20018.62232331754,4371.311793114419,4371.311793114419,0.03578575856945721,0.054339232055555894,0.0,0.0,3.4857225721866882,0.761150290026534,0.42825812954420195
268,2680.0,10.0,45.24694570691106,0.12631703362876961,0.0,79.13207120352351,79.19970263133051,0.5354101965833251,0.0,4,0,0,8.66,808.66,0.01814218530924328,101.7648228119142,5231.7587343395235,5231.7599388396375,0.0,419.7652927567817,12120.859689363802,15863.493161088314,7931.746580544157,1.3848394025547022,105,13,0,8588.329575111224,11465.777686340893,20054.107261452118,4379.02863201367,4379.02863201367,0.03577775539401708,0.05432981619385186,0.0,0.0,3.485752653056531,0.7611513428569785,0.4282578856860738
269,2690.0,10.0,45.373262740539836,0.12713586988005937,0.0,79.19970263133051,78.1123133942656,-8.552969654360822,0.0,4,0,0,8.655,808.655,0.018228141455601716,101.8354159259179,0.0,5227.2923539516705,2108.8890221380707,420.49395925829265,12753.704620222195,15279.225996997317,7639.612998498658,1.3845130665396812,105,13,0,8608.7493638141,11493.984697655413,20102.734061469513,4387.018694450788,4387.018694450788,0.035463771377839265,0.05462688355537846,0.0,0.0,3.4882397344447096,0.7612383907055648,0.42823773808530397
270,2700.0,10.0,45.50039861041989,0.13197509575955133,0.0,78.1123133942656,73.43142964978944,-35.4679321695995,0.0,4,0,0,8.65,808.65,0.018324545379135606,101.92315809386534,0.0,5300.060669185003,23999.99294190957,412.71987308108885,14344.641181073282,13170.017024332647,7172.320590536641,1.386378107483818,105,13,0,8385.979516869396,11198.531166036533,19584.51068290593,4268.430533955976,4268.430533955976,0.034671226432186064,0.05568966547972283,0.0,0.0,3.493590711013054,0.7614256748854569,0.42819448760540046
271,2710.0,10.0,45.63237370617944,0.14088638261090425,0.0,73.43142964978944,68.52693161522646,-34.81172519070255,0.0,4,0,0,8.645,808.645,0.018452665952280956,102.06338135352561,0.0,5637.912838881888,23999.995820042335,378.4396717015137,13322.069990012937,11907.241456754644,6661.034995006468,1.3958701327429808,105,13,0,7407.665043447465,9891.547914070117,17299.212957517582,3771.8920250918172,3771.8920250918172,0.03517372462677955,0.05630780107868538,0.0,0.0,3.491890986602482,0.7613661845310868,0.42820821164747697
272,2720.0,10.0,45.773260088790344,0.15166229483913557,0.0,68.52693161522646,63.34500149256084,-34.167557125269425,0.0,4,0,0,8.64,808.64,0.018567882620463196,102.18166727658851,0.0,6041.420361918124,23999.998002176362,344.77014520537364,12317.782977109933,10666.893369914977,6158.891488554967,1.4063887729064495,105,13,0,6446.82293909511,8607.8039519298,15054.62689102491,3284.4852463961342,3284.4852463961342,0.03566692933034754,0.05691449685632234,0.0,0.0,3.4893595608929386,0.7612775846312528,0.4282286758590146
273,2730.0,10.0,45.92492238362948,0.2050791237318165,0.04,63.34500149256084,57.809021789580584,-33.53531069121664,0.0,3,0,0,8.635,808.635,0.018670735367917156,102.27898734120431,0.0,6535.63801792032,23999.999585906375,311.72517592145584,11332.120629651034,9449.557765112688,5666.060314825517,1.4180744509050351,105,13,0,5503.801609347537,7347.876362666186,12851.677972013724,2806.1011989641333,2806.1011989641333,0.036151007547221524,0.05750996618608125,0.0,0.0,3.4860485617088948,0.7611616996598113,0.42825548705257116
274,2740.0,10.0,46.13000150736129,0.1730032916150946,0.0,57.809021789580584,57.79571505263448,-0.07691609114415314,30.38075454789275,3,0,0,8.629999999999999,808.63,0.018761761486250396,102.35630531241299,2551.8457234057205,7161.511943705278,0.0,278.49417268195594,8129.944240049916,10436.333938747146,7613.428950504668,1.4159680739749483,106,13,110,4556.283059876424,6080.043729420637,10636.326789297062,2335.548209505661,2335.548209505661,0.03773949866916929,0.05699292822914122,0.0,0.7505206360892859,3.46416628231858,0.7606693098448648,0.4283699767913526
275,2750.0,10.0,46.30300479897639,0.17304308193645004,0.0,57.79571505263448,57.78243910521269,-0.07672047488533736,30.366769804048356,3,0,0,8.625,808.625,0.018823102842517397,102.38397374880371,2550.853643484641,7163.160791815981,0.0,278.41980950468155,8127.80726591959,10433.513367725847,7610.901284060787,1.4156907612280294,106,13,110,4554.181364440076,6077.236912955361,10631.418277395438,2334.4719279841156,2334.4719279841156,0.03774054005113354,0.05699430093362112,0.0,0.7501833203115892,3.4641622282750326,0.7606689215761131,0.4283700674371165
276,2760.0,10.0,46.47604788091284,0.17308279832711948,0.0,57.78243910521269,57.769193947315216,-0.07652498125457896,30.35282062679648,3,0,0,8.62,808.62,0.01888442192422878,102.41151304816172,2549.8643874542463,7164.806581566615,0.0,278.34563343038707,8125.675640522482,10430.699921503323,7608.3799977375775,1.415413999006441,106,13,110,4552.085009310642,6074.437229715163,10626.522239025806,2333.398384365937,2333.398384365937,0.03774157880334327,0.05699567014243366,0.0,0.7498468513928095,3.464158177559446,0.7606685341531173,0.4283701578860063
277,2770.0,10.0,46.64913067923996,0.17312244067267535,0.0,57.769193947315216,57.75597957894206,-0.0763296099674335,30.3389069938411,3,0,0,8.615,808.615,0.018945718791138697,102.43892373965163,2548.8779537100527,7166.449308217158,0.0,278.2716443432086,8123.549360535607,10427.8935956783,7605.865087524571,1.4151377896525725,106,13,110,4549.993991184455,6071.644675279452,10621.638666463907,2332.32757693066,2332.32757693066,0.037742614927409115,0.056997035857703285,0.0,0.7495112288838371,3.464154130217259,0.7606681475763054,0.42837024813791863
278,2780.0,10.0,46.82225311991264,0.173162008858822,0.0,57.75597957894206,57.74279600009322,-0.0761343607395247,30.32502888293793,3,0,0,8.61,808.61,0.019006993502943895,102.46620635058156,2547.8943406517637,7168.088967033037,0.0,278.1978421275444,8121.428422643454,10425.094385859504,7603.356549420415,1.4148621354508233,106,13,110,4547.908306765322,6068.859245237636,10616.767552002959,2331.2595039618063,2331.2595039618063,0.03774364842493805,0.056998398081549634,0.0,0.749176452336457,3.4641500862937518,0.7606677618461031,0.42837033819275
279,2790.0,10.0,46.99541512877146,0.17320150224056444,0.0,57.74279600009322,57.72964356467128,-0.0759371902194971,30.31118627189438,3,0,0,8.605,808.605,0.019068246119281606,102.49336140640587,2546.9151986048937,7169.725553285151,0.0,278.12422663432454,8119.312684969008,10422.302423985962,7600.854447593034,1.414587038364121,106,13,110,4545.827951865055,6066.080933839914,10611.908885704968,2330.1941636680053,2330.1941636680053,0.03774467936648692,0.056999756747133985,0.0,0.7488425213033487,3.464146045099989,0.7606673769371842,0.42837042805640974
280,2800.0,10.0,47.16861663101203,0.17324092017207454,0.0,57.72964356467128,57.71652227267623,-0.07574014258302668,30.29737951003629,3,0,0,8.6,808.6,0.019129476698248528,102.52038942826701,2545.9389034532082,7171.359018287009,0.0,278.050799737903,8117.202338701738,10419.51764382513,7598.35877641456,1.414312499782756,106,13,110,4543.752979927352,6063.309812599515,10607.062792526867,2329.1315830079407,2329.1315830079407,0.03774570765716793,0.057001111888928084,0.0,0.7485094442995679,3.4641420075221596,0.7606669928860003,0.4283705177203836
281,2810.0,10.0,47.341857551184106,0.17328026253801063,0.0,57.71652227267623,57.703432124108076,-0.07554321753918884,30.283608575021194,3,0,0,8.595,808.595,0.019190685299817684,102.5472909386952,2544.965453593593,7172.989357260583,0.0,277.9775613221422,8115.097380510426,10416.740040965726,7595.869531865491,1.4140385218145881,106,13,110,4541.683387640751,6060.545877085399,10602.22926472615,2328.071760257551,2328.071760257551,0.03774673329859562,0.05700246350906116,0.0,0.7481772208743422,3.4641379736055407,0.7606666096929744,0.4283706071845694
282,2820.0,10.0,47.51513781372211,0.17331952922317082,0.0,57.703432124108076,57.69037311896682,-0.07534641479692254,30.269873444559522,3,0,0,8.59,808.59,0.019251871984050217,102.57406645862841,2543.994847427385,7174.616565433615,0.0,277.90451127117353,8112.997807071506,10413.969611006729,7593.386709935662,1.4137651065097183,106,13,110,4539.619171701453,6057.78912287678,10597.408294578232,2327.0146936968554,2327.0146936968554,0.037747756292380835,0.057003811609657444,0.0,0.7478458505778204,3.4641339433952556,0.7606662273585274,0.42837069644886466
283,2830.0,10.0,47.688457342945284,0.17335872011249376,0.0,57.69037311896682,57.677345257252455,-0.07514973406534864,30.25617409641463,3,0,0,8.585,808.585,0.01931303681095247,102.60071650717985,2543.02708336012,7176.2406380396515,0.0,277.8316494693964,8110.9036150690845,10411.206349557342,7590.91030662424,1.413492255863304,106,13,110,4537.560328813314,6055.039545563111,10592.599874376425,2325.9603816099534,2325.9603816099534,0.0377487766401307,0.05700515619283625,0.0,0.7475153329610743,3.4641299169362663,0.7606658458830785,0.42837078551316804
284,2840.0,10.0,47.86181606305778,0.1733978345590235,0.0,57.677345257252455,57.664348892867565,-0.07495113429727099,30.242510508402745,3,0,0,8.58,808.58,0.019374179840471798,102.62724160163711,2542.0638098041295,7177.861570318077,0.0,277.75897576784564,8108.814662788469,10408.450388401243,7588.44038602184,1.4132199715524953,106,13,110,4535.5068547909605,6052.297139398751,10587.803994189711,2324.908822206371,2324.908822206371,0.03774979441232413,0.05700649719183637,0.0,0.7471856675760983,3.4641258935397614,0.7606654652413102,0.42837087438338667
285,2850.0,10.0,48.035213897616806,0.1734368724472635,0.0,57.664348892867565,57.65138367190957,-0.07475469763176079,30.228883029439608,3,0,0,8.575,808.575,0.019435301130990314,102.65364225496192,2541.1017549261237,7179.4793134516285,0.0,277.6864920722133,8106.731279567055,10405.701525247165,7585.976874437672,1.4129482549490868,106,13,110,4533.458803909756,6049.561977154464,10583.02078106422,2323.8600424915116,2323.8600424915116,0.037750809445322074,0.05700783470995087,0.0,0.7468568629285892,3.4641218748254676,0.7606650854953884,0.42837096304500266
286,2860.0,10.0,48.20865077006407,0.17347583312934775,0.0,57.65138367190957,57.63845030218363,-0.07455430242148395,30.21529126623383,3,0,0,8.57,808.57,0.019496400744318666,102.67991898411375,2540.1458358608043,7181.093906714333,0.0,277.6141962125219,8104.652991171416,10402.960089663378,7583.519905597712,1.4126771081322018,106,13,110,4531.416114420671,6046.833975914123,10578.250090334794,2322.8140119572213,2322.8140119572213,0.03775182197478499,0.05700916857930273,0.0,0.7465289096161568,3.464117858529839,0.7606647065582554,0.42837105151833815
287,2870.0,10.0,48.38212660319341,0.17351471648935518,0.0,57.63845030218363,57.62554807588458,-0.07435810956035312,30.201735938520834,3,0,0,8.565,808.565,0.019557478737560575,102.70607229649988,2539.189513561372,7182.705257159138,0.0,277.5420921138654,8102.580459284185,10400.225681640177,7581.069336185274,1.4124065318474313,106,13,110,4529.378898116963,6044.113285557397,10573.49218367436,2321.7707863041737,2321.7707863041737,0.03775283167197569,0.05701049900426672,0.0,0.7462018250922309,3.464113847847276,0.7606643285538035,0.42837113977446317
288,2880.0,10.0,48.55564131968277,0.173553522944506,0.0,57.62554807588458,57.61267734691501,-0.07415999831757744,30.188216282237136,3,0,0,8.56,808.56,0.019618535173822824,102.73210270782752,2538.2376739043493,7184.313448174435,0.0,277.4701756542735,8100.513154016331,10397.498556268569,7578.625233457936,1.4121365291136676,106,13,110,4527.347037529694,6041.399748755206,10568.7467862849,2320.730306489736,2320.730306489736,0.03775383879996081,0.057011825853568926,0.0,0.7458755910069924,3.4641098404061195,0.7606639513846983,0.42837122783609954
289,2890.0,10.0,48.72919484262728,0.17359225184666277,0.0,57.61267734691501,57.599838115274906,-0.07396200869286532,30.174732646179393,3,0,0,8.555,808.555,0.019679570111738237,102.75801072464353,2537.288696197761,7185.9184308879985,0.0,277.3984487050955,8098.45126618295,10394.778647490084,7576.187591831371,1.4118671008231651,106,13,110,4525.32058601723,6038.693436905806,10564.014022923036,2319.692599431325,2319.692599431325,0.03775484326403245,0.05701314916159215,0.0,0.7455502158629899,3.4641058370921964,0.7606635750873584,0.4283713156947406
290,2900.0,10.0,48.90278709447394,0.17363090254688684,0.0,57.599838115274906,57.58703073486686,-0.0737621023688007,30.161285008235236,3,0,0,8.55,808.55,0.019740583611656877,102.78379685466636,2536.3442265917442,7187.520200516176,0.0,277.3269111178083,8096.394654270789,10392.066086916435,7573.756475315556,1.411598248329078,106,13,110,4523.299539406599,6035.994344280626,10559.293883687225,2318.6576633442296,2318.6576633442296,0.03775584513457279,0.05701446886166118,0.0,0.7452256992126775,3.46410183721673,0.760663199636476,0.4283714033562912
291,2910.0,10.0,49.07641799702083,0.1736694749291475,0.0,57.58703073486686,57.57425485178828,-0.07356435599167525,30.147873716895454,3,0,0,8.545,808.545,0.019801575732069733,102.80946160083165,2535.4009977808337,7189.118708100677,0.0,277.2555647956118,8094.343647166316,10389.360672541137,7571.331810327223,1.4113299726870456,106,13,110,4521.283951902542,6033.302543554912,10554.586495457454,2317.6255252005108,2317.6255252005108,0.037756844248159345,0.05701578505692526,0.0,0.7449020495519251,3.464097842398822,0.7606628250941779,0.4283714908062423
292,2920.0,10.0,49.25008747194998,0.1737079694115103,0.0,57.57425485178828,57.56151046603918,-0.07336673033642001,30.134498379442423,3,0,0,8.54,808.54,0.019862546535039275,102.83500547034387,2534.4606261862496,7190.713993012121,0.0,277.1844076387851,8092.298047597181,10386.66246165516,7568.913594499731,1.4110622761873246,106,13,110,4519.2737636349975,6030.617954617345,10549.891718252344,2316.5961546936733,2316.5961546936733,0.037757840702630004,0.057017097717234705,0.0,0.7445792574892256,3.4640938518409348,0.7606624514248645,0.42837157805290194
293,2930.0,10.0,49.42379544136149,0.1737271992870986,0.0,57.56151046603918,57.56151046603918,0.0,30.121158973926708,3,0,0,8.535,808.535,0.019923496080830654,102.86042896572911,2592.67897476367,7192.306050485881,0.0,277.1122369305926,8085.295792934356,10388.853335771815,7568.942766806831,1.4107856876576321,106,13,110,4517.236901946857,6027.8924690093145,10545.129370956172,2315.5667378330772,2315.5667378330772,0.03776130396091958,0.05701593738333486,0.0,0.7442573225799123,3.464063528678026,0.7606611547924701,0.4283718808029436
