sample_index,distance_m,step_m,time_s,dt_s,shift_loss_s,speed_mps,exit_speed_mps,acceleration_mps2,lateral_acceleration_mps2,gear,drs,drs_zone,fuel_kg,mass_kg,tyre_wear,tyre_temperature_c,engine_force_n,available_engine_force_n,brake_force_n,rolling_force_n,front_tyre_load_n,rear_tyre_load_n,max_wheel_load_n,tyre_mu,segment_id,sector_id,radius_m,front_downforce_n,rear_downforce_n,downforce_n,drag_n,drag_longitudinal_n,front_height_m,rear_height_m,yaw_deg,roll_deg,cl_down,cd,front_aero_fraction
0,0.0,10.0,0.0,0.12506192192115237,0.0,79.93846193335392,79.98231725161156,0.35066883335834975,0.0,4,0,0,10.0,810.0,0.0,85.0,5178.996060497238,5178.9838081343,0.0,426.1538544417427,12315.897056572905,16094.35990620994,8047.17995310497,1.4468439032784357,301,31,0,8765.043277824594,11701.827184958252,20466.87046278285,4468.800451035233,4468.800451035233,0.03568465868068445,0.05422026920410138,0.0,0.0,3.4860865429996,0.761163029004986,0.4282551792059774
1,10.0,10.0,0.1250619219211524,0.12499436087355686,0.0,79.98231725161156,80.02490115587975,0.3406866035441453,0.0,4,0,0,9.995,809.995,8.705579712421448e-05,85.12821252228794,5176.154698653872,5176.144105673036,0.0,426.49159500163535,12326.209657332834,16106.56334277619,8053.281671388095,1.4470488452365742,301,31,0,8774.704001081815,11714.731532277212,20489.43553335903,4473.708658214497,4473.708658214497,0.0356795725833993,0.054214275677597665,0.0,0.0,3.486103915849143,0.76116363705472,0.4282550383975021
2,20.0,10.0,0.25005628279470926,0.12492882720649841,0.0,80.02490115587975,80.06625192075508,0.3309945814746243,0.0,4,0,0,9.99,809.99,0.00017417859877337651,85.2561098692938,5173.399133979519,5173.389707705772,0.0,426.8196960401713,12336.227539697486,16118.418862980603,8059.2094314903015,1.4472444264007516,301,31,0,8784.089603043205,11727.268366134884,20511.35796917809,4478.477136890718,4478.477136890718,0.035674631472497935,0.054208452560149945,0.0,0.0,3.4861207081529644,0.7611642247853537,0.4282549022957348
3,30.0,10.0,0.37498511000120766,0.12486525595732474,0.0,80.06625192075508,80.10640657149526,0.32158385799411915,0.0,4,0,0,9.985,809.985,0.0002613665000326232,85.38368992028026,5170.7264890750985,5170.717875113639,0.0,427.1384380249398,12345.95930978534,16129.936558543981,8064.9682792719905,1.447430630060374,301,31,0,8793.20808810762,11739.4483799717,20532.65646807932,4483.109949832792,4483.109949832792,0.0356698311169392,0.05420279491348541,0.0,0.0,3.4861369415988444,0.7611647929559595,0.4282547707247624
4,40.0,10.0,0.4998503659585324,0.12480358450625649,0.0,80.10640657149526,80.14540093165691,0.3124458349166616,0.0,4,0,0,9.98,809.98,0.00034861765277459573,85.51095065605567,5168.134005229703,5168.125967933707,0.0,427.4480928028277,12355.413306699524,16141.126213488991,8070.563106744496,1.4476074435150101,301,31,0,8802.06721466334,11751.281938525173,20553.349153188516,4487.611035061077,4487.611035061077,0.03566516741683612,0.054197297949667995,0.0,0.0,3.4861526369434506,0.7611653422930207,0.42825464351622927
5,50.0,10.0,0.6246539504647889,0.1247437524756211,0.0,80.14540093165691,80.18326966776759,0.303572205895307,0.0,4,0,0,9.975,809.975,0.00043593026377173574,85.6378901554951,5165.619031574452,5165.611441048674,0.0,427.74892390146147,12364.597612421026,16151.99731434307,8075.998657171535,1.4477748579009406,301,31,0,8810.674503689364,11762.779089324733,20573.4535930141,4491.984210202939,4491.984210202939,0.03566063639859869,0.05419195702613027,0.0,0.0,3.4861678140601438,0.761165873492105,0.42825452050894885
6,60.0,10.0,0.74939770294041,0.12458382968445822,0.0,80.18326966776759,80.35120780539515,1.3479930585928286,0.0,4,1,1,9.97,809.97,0.0005233025932073151,85.7645065927366,5163.179124430089,5163.171840152852,0.0,384.05655027081565,12307.702992635373,13296.067025419004,6648.033512709502,1.4631025720191546,301,31,0,8824.297618882743,8836.380098671636,17660.67771755438,3687.288636490841,3687.288636490841,0.035691774246929715,0.055602047011910696,0.0,0.0,2.9897724886994173,0.6242203328537331,0.49965792706310236
7,70.0,10.0,0.8739815326248682,0.12432723030976023,0.0,80.35120780539515,80.51459729755913,1.3141891101161036,0.0,4,1,1,9.965,809.965,0.0006016969594371863,85.87576331692148,5152.388465431155,5152.380546695431,0.0,385.1741217455453,12347.200069034463,13331.074714001888,6665.537357000944,1.4629286048020185,301,31,0,8861.534530653229,8873.696985133121,17735.23151578635,3702.7671611104197,3702.7671611104197,0.03567237715148243,0.05558493697610248,0.0,0.0,2.989856488223454,0.6242231690729565,0.49965711035491517
8,80.0,10.0,0.9983087629346286,0.1240785785216017,0.0,80.51459729755913,80.67358069658238,1.2813122209935954,0.0,4,1,1,9.96,809.96,0.0006803151806338946,85.98702227324817,5141.932754234944,5141.924742788855,0.0,386.2636281056183,12385.700084091533,13365.208456283022,6682.604228141511,1.4627563782559427,301,31,0,8897.836982667863,8910.077323706691,17807.914306374554,3717.8574796133526,3717.8574796133526,0.03565346915974385,0.055568253334759767,0.0,0.0,2.9899374729294195,0.6242259034977344,0.4996563230025639
9,90.0,10.0,1.1223873414562302,0.12383757101098244,0.0,80.67358069658238,80.82829500014226,1.2493325111016929,0.0,4,1,1,9.955,809.955,0.0007591516068177781,86.09827405333279,5131.799191656832,5131.791553384447,0.0,387.3258390897834,12423.230684960334,13398.491921025225,6699.245960512612,1.4625855279172066,301,31,0,8933.230604125281,8945.546801110277,17878.77740523556,3732.5702385376767,3732.5702385376767,0.03563503670785961,0.05555198454457683,0.0,0.0,2.9900155683572707,0.6242285403668866,0.4996555637808492
10,100.0,10.0,1.2462249124672127,0.12360391927864896,0.0,80.82829500014226,80.97887193048395,1.2182213251849134,0.0,4,1,1,9.95,809.95,0.0008382007443082492,86.20950954016527,5121.97560343372,5121.968736310364,0.0,388.36149968907574,12459.818611953347,13430.948033985038,6715.474016992519,1.4624157069692676,301,31,0,8967.740200106142,8980.130278332243,17947.870478438384,3746.9157414111232,3746.9157414111232,0.03561706667798879,0.055536119425465366,0.0,0.0,2.9900908940491724,0.6242310837167191,0.49965483152330004
11,110.0,10.0,1.3698288317458616,0.1233773487232557,0.0,80.97887193048395,81.1254381958541,1.1879511667811584,0.0,4,1,1,9.945,809.945,0.0009174572506910571,86.32071989876586,5112.450401729104,5112.444643034753,0.0,389.37133115428054,12495.489736566873,13462.59900705183,6731.299503525915,1.4622465853767286,301,31,0,9001.38978513592,9013.851824232783,18015.241609368702,3760.903962796258,3760.903962796258,0.03559954637948511,0.055520647146200724,0.0,0.0,2.9901635638754973,0.6242335373920315,0.49965412511896645
12,120.0,10.0,1.4932061804691172,0.12315759779757456,0.0,81.1254381958541,81.2681157355289,1.1584956366987627,0.0,4,1,1,9.94,809.94,0.0009969159299869663,86.43189656720774,5103.212549516573,5103.208182376972,0.0,390.35603194958816,12530.269097405166,13493.466365900713,6746.733182950356,1.4620778490715867,301,31,0,9034.202614954149,9046.73474735173,18080.93736230588,3774.544561579189,3774.544561579189,0.03558246353112675,0.055505557210808944,0.0,0.0,2.99023368634061,0.6242359050564417,0.49965344350941376
13,130.0,10.0,1.6163637782666918,0.12294441722681101,0.0,81.2681157355289,81.4070219496861,1.1298293756677595,0.0,4,1,1,9.935,809.935,0.0010765717280114902,86.5430312479875,5094.251527591446,5094.24878690779,0.0,391.3162786561167,12564.180934151616,13523.570976256164,6761.785488128082,1.4619091991878599,301,31,0,9066.201216612573,9078.801626045208,18145.00284265778,3787.8468935538626,3787.8468935538626,0.03556580624432018,0.05549083944564599,0.0,0.0,2.9903013648698753,0.6242381902020768,0.49965278568590216
14,140.0,10.0,1.7393081954935028,0.1627375692836774,0.04,81.4070219496861,81.54226991526002,1.1019280108222573,0.0,5,1,1,9.93,809.93,0.0011564197279159939,86.65411589972601,5085.557303983618,5085.55638180542,0.0,392.2527268286709,12597.248719722533,13552.933068855531,6776.4665344277655,1.4617403513410527,301,31,0,9097.407417014638,9110.074337063426,18207.481754078064,3800.8200233496764,3800.8200233496764,0.035549563007210065,0.05547648398712418,0.0,0.0,2.990366698079213,0.6242403961586745,0.4996521506867376
15,150.0,10.0,1.9020457647771802,0.1225368271153998,0.0,81.54226991526002,81.67396858881743,1.0747681057008323,0.0,5,1,1,9.925,809.925,0.0012364551459010976,86.76514272918374,5077.120305564793,5077.121355957286,0.0,393.16601180883333,12629.495190727888,13581.572263194339,6790.7861315971695,1.4615710349492126,301,31,0,9127.842369999535,9140.574082672694,18268.41645267223,3813.472735746213,3813.472735746213,0.035533722669632624,0.055462481270044356,0.0,0.0,2.990429780028423,0.624242526102136,0.49965153759478426
16,160.0,10.0,2.02458259189258,0.12234197411830214,0.0,81.67396858881743,81.80222299740316,1.0483271134869483,0.0,5,1,1,9.92,809.92,0.0013166733270938919,86.87610418357507,5068.931391667911,5068.934535118007,0.0,394.0567494972314,12660.942376352705,13609.50759012939,6804.753795064695,1.4614009925926126,301,31,0,9157.526582065651,9170.321416416444,18327.847998482095,3825.813546415331,3825.813546415331,0.03551827442885552,0.05544882201649577,0.0,0.0,2.990490700459392,0.62424458306257,0.49965094553512635
17,170.0,10.0,2.146924566010882,0.12215280335602947,0.0,81.80222299740316,81.9271344182226,1.022583333231887,0.0,5,1,1,9.915,809.915,0.0013970697415809962,86.98699294316758,5060.981829549744,5060.987156952233,0.0,394.92553708759976,12691.611625763715,13636.757513409602,6818.378756704801,1.4612299794093517,301,31,0,9186.479936820757,9199.33626760256,18385.816204423318,3837.8507121276407,3837.8507121276407,0.03550320781605174,0.05543549722528837,0.0,0.0,2.9905495450202224,0.6242465699318592,0.49965037367286663
18,180.0,10.0,2.2690773693669115,0.12196911701784335,0.0,81.9271344182226,82.0488005479551,0.997515868830169,0.0,5,1,1,9.91,809.91,0.001477639980589987,87.09780191415281,5053.263271546801,5053.270847807369,0.0,395.77295376505344,12721.523634137453,13663.339950199445,6831.669975099722,1.4610577625243786,301,31,0,9214.721718239474,9227.637964597425,18442.359682836897,3849.592240457506,3849.592240457506,0.03548851268345917,0.055422498161884895,0.0,0.0,2.9906063954762194,0.6242484894707853,0.49964982121105767
19,190.0,10.0,2.391046486384755,0.12179072591375545,0.0,82.0488005479551,82.16731566242652,0.9731045905362862,0.0,5,1,1,9.905,809.905,0.0015583797528121715,87.20852422177593,5045.767733787117,5045.777601075707,0.0,396.5995613707982,12750.698467398264,13689.272290654952,6844.636145327476,1.4608841205096579,301,31,0,9242.270632802289,9255.245257000926,18497.515889803217,3861.0458990180286,3861.0458990180286,0.03547417919218161,0.05540981634880261,0.0,0.0,2.9906613299086233,0.6242503443157381,0.4996492873887517
20,200.0,10.0,2.5128372122985105,0.12161744900356405,0.0,82.16731566242652,82.2827707673085,0.949330098829887,0.0,5,1,1,9.9,809.9,0.001639284880860102,87.31915320371245,5038.4875763327655,5038.49975701852,0.0,397.405905035338,12779.15558574792,13714.571416607945,6857.285708303973,1.4607088428733854,301,31,0,9269.14483058478,9282.176336771085,18551.321167355865,3872.2192242551023,3872.2192242551023,0.03546019780059022,0.055397443556456934,0.0,0.0,2.9907144229018927,0.6242521369850403,0.49964877147916464
21,210.0,10.0,2.6344546613020747,0.12144911295712495,0.0,82.2827707673085,82.39525374045864,0.9261736904561986,0.0,5,1,1,9.895,809.895,0.001720351297853616,87.42968240368081,5031.415484641494,5031.429983936381,0.0,398.1925137820836,12806.913866062037,13739.253719410202,6869.626859705101,1.460531729576318,301,31,0,9295.361925360541,9308.4488583617,18603.81078372224,3883.1195298273874,3883.1195298273874,0.03544655925328774,0.055385371794420754,0.0,0.0,2.990765745720282,0.6242538698849083,0.4996482727879438
22,220.0,10.0,2.7559037742592,0.12128555174342771,0.0,82.39525374045864,82.50484946646576,0.9036173264805711,0.0,5,1,1,9.89,809.89,0.0018015750441285445,87.54010556528044,5024.544452243585,5024.561260580391,0.0,398.9599011031259,12833.991623222986,13763.335116985409,6881.667558492704,1.4603525905734407,301,31,0,9320.939013776599,9334.079957931795,18655.018971708392,3893.753914597109,3893.753914597109,0.03543325457060065,0.05537359330307564,0.0,0.0,2.990815366474413,0.6242555453150772,0.49964779065153664
23,230.0,10.0,2.8771893260026276,0.1211266062462653,0.0,82.50484946646576,82.61163996392034,0.8816436022112611,0.0,5,1,1,9.885,809.885,0.0018829522640625702,87.65041662604509,5017.867764540391,5017.886859708423,0.0,399.70856550880916,12860.406630453632,13786.831070133641,6893.415535066821,1.4601712453793392,301,31,0,9345.89269365587,9359.086271681404,18704.97896533727,3904.129270254715,3904.129270254715,0.035420275038567,0.05536210054563251,0.0,0.0,2.990863350278474,0.6242571654741085,0.4996473244356494
24,240.0,10.0,2.998315932248893,0.1209721239044774,0.0,82.61163996392034,82.7157045058891,0.86023571885803,0.0,5,1,1,9.88,809.88,0.0019644792030130277,87.76060971170232,5011.378983640131,5011.400332698995,0.0,400.438991052621,12886.176138711471,13809.75659812993,6904.878299064965,1.4599875226557573,301,31,0,9370.239081477199,9383.483953364203,18753.7230348414,3914.252288598769,3914.252288598769,0.03540761219939017,0.05535088620050091,0.0,0.0,2.990909759398645,0.6242587324644013,0.4996468735337939
25,250.0,10.0,3.1192880561533705,0.12082195837492521,0.0,82.7157045058891,82.81711973403567,0.8393774568020035,0.0,5,1,1,9.875,809.875,0.0020461522043617253,87.87067913063015,5005.071934151288,5005.095495142939,0.0,401.1516478328103,12911.31689519855,13832.126293655474,6916.063146827737,1.4598012598199512,301,31,0,9393.993829080011,9407.288691024014,18801.282520104025,3924.129468490955,3924.129468490955,0.03539525784233085,0.055339943153987686,0.0,0.0,2.9909546533933025,0.6242602482969267,0.4996464373659141
26,260.0,10.0,3.2401100145282955,0.12067596921651141,0.0,82.81711973403567,82.91595976679599,0.8190531503665625,0.0,5,1,1,9.87,809.87,0.0021279677066621447,87.98061936850246,4998.940689864038,4998.96641333998,0.0,401.8469924720421,12935.845161038318,13853.954337097824,6926.977168548912,1.4596123026725427,301,31,0,9417.172139637265,9430.515722998876,18847.687862636143,3933.7671225046274,3933.7671225046274,0.035383203995011714,0.05532926449330684,0.0,0.0,2.9909980892455046,0.624261714895701,0.49964601537708864
27,270.0,10.0,3.360785983744807,0.12053402159370309,0.0,82.91595976679599,83.01229630198546,0.7992476639848064,0.0,5,1,1,9.865,809.865,0.0022099222408846213,88.09042508311529,4992.979561253453,4993.0073916335205,0.0,402.52546857631125,12959.776728167157,13875.254510253593,6937.627255126797,1.4594205050436828,301,31,0,9439.788782937412,9453.179853233338,18892.96863617075,3943.171383284086,3943.171383284086,0.035371442915110844,0.05531884349988392,0.0,0.0,2.9910401214882505,0.6242631341020151,0.49964560703630534
28,280.0,10.0,3.48132000533851,0.12039598599814458,0.0,83.01229630198546,83.10619871418743,0.7799463696690054,0.0,5,1,1,9.86,809.86,0.002292012427755348,88.20009109938641,4987.183083744965,4987.21296052255,0.0,403.187507174253,12983.126935484926,13896.040209465276,6948.020104732638,1.4592257284564047,301,31,0,9461.858110013272,9475.295465936932,18937.153575950204,3952.3482096305715,3952.3482096305715,0.03535996708242198,0.05530867364293903,0.0,0.0,2.9910808023229376,0.6242645076784332,0.49964521183530125
29,290.0,10.0,3.6017159913366545,0.1202617379870637,0.0,83.10619871418743,83.1977341472465,0.7611351256949547,0.0,5,1,1,9.855,809.855,0.0023742349751852652,88.30961240452116,4981.546006687481,4981.577865494698,0.0,403.83352713790913,13005.910684305676,13916.3244582216,6958.1622291108,1.459027841806158,301,31,0,9483.39406715315,9496.876539624125,18980.270606777274,3961.3033923298844,3961.3033923298844,0.03534876919126079,0.05529874857333403,0.0,0.0,2.991120181731445,0.6242658373125793,0.49964482928746656
30,300.0,10.0,3.7219777293237186,0.12013115793728191,0.0,83.1977341472465,83.28696760216644,0.7428002564207418,0.0,5,1,1,9.85,809.85,0.0024565866757851012,88.41898414333768,4976.063282983816,4976.097056529053,0.0,404.4639355859409,13028.142453147044,13936.119919249018,6968.059959624509,1.4588267210555521,301,31,0,9504.41020932724,9517.936660568823,19022.346869896064,3970.042559735537,3970.042559735537,0.035337842143198156,0.055289062117669915,0.0,0.0,2.991158307582215,0.6242671246207171,0.4996444589268059
31,310.0,10.0,3.8421088872610003,0.12000413081373455,0.0,83.28696760216644,83.37396202069108,0.7249285331658484,0.0,5,1,1,9.845,809.845,0.0025390644044630275,88.52820161374515,4970.730059332338,4970.76567822156,0.0,405.0791282702148,13049.836311894162,13955.438906120162,6977.719453060081,1.4586222489434364,301,31,0,9524.919713060135,9538.489035704188,19063.408748764323,3978.571183120426,3978.571183120426,0.03532717904010265,0.055279608272621725,0.0,0.0,2.991195225730694,0.6242683711511422,0.49964410030695766
32,320.0,10.0,3.9621130180747355,0.11988054595149551,0.0,83.37396202069108,83.45877836482681,0.707507156082238,0.0,5,1,1,9.84,809.84,0.0026216651161015707,88.637260262369,4965.541667037447,4965.579060489615,0.0,405.67948994662567,13071.005935371504,13974.29339440354,6987.14669720177,1.4584143147074828,301,31,0,9544.935388778307,9558.546504996737,19103.481893775046,3986.8945818091815,3986.8945818091815,0.03531677317747527,0.05527038119949884,0.0,0.0,2.9912309801144765,0.6242695783873946,0.49964375300026154
33,330.0,10.0,4.081993564026231,0.1197602968503805,0.0,83.45877836482681,83.5414756925466,0.6905237369534916,0.0,5,1,1,9.835,809.835,0.0027043858433105903,88.74615568031714,4960.493613349229,4960.532709815912,0.0,406.2653947309667,13091.66461635404,13992.695032377076,6996.347516188538,1.4582028138195082,301,31,0,9564.469692659517,9578.1215533216,19142.591245981115,3995.0179281025316,3995.0179281025316,0.03530661803806121,0.0552613752190194,0.0,0.0,2.9912656128434434,0.6242707477513021,0.4996434165968793
34,340.0,10.0,4.201753860876611,0.11974128167306701,0.0,83.5414756925466,83.48529837027465,-0.4691558457285282,0.0,5,0,0,9.83,809.83,0.002787223694253295,88.85488359908202,4955.576025431028,4955.622300994813,0.0,454.5375566070582,13181.348989020118,17121.154784783765,8560.577392391882,1.4425745141648434,301,31,0,9575.913899532923,12784.870504770959,22360.784404303882,4880.974947370304,4880.974947370304,0.035258126913883796,0.053716275567573246,0.0,0.0,3.487233665679991,0.7612031782987997,0.42824588468773944
35,350.0,10.0,4.321495142549678,0.11982081048647522,0.0,83.48529837027465,83.43061480707364,-0.4563778443744013,0.0,5,0,0,9.825,809.825,0.0028811692760619336,88.98173175904755,4958.908171201531,4958.956943099418,0.0,454.0845983581173,13167.555975231002,17104.75058197682,8552.37529098841,1.4426610788526892,301,31,0,9563.00547493346,12767.630746024362,22330.636220957822,4874.409760663913,4874.409760663913,0.035264912068145374,0.053724313716025054,0.0,0.0,3.4872203368148575,0.76120271178852,0.4282459926492536
36,360.0,10.0,4.4413159530361535,0.11989832477080137,0.0,83.43061480707364,83.3773872082353,-0.4439394707147585,0.0,5,0,0,9.82,809.82,0.0029749900359306823,89.10795010551904,4962.156241094126,4962.207230011915,0.0,453.6439455030203,13154.137163316418,17088.792536884936,8544.396268442468,1.4427330671568657,301,31,0,9550.448321785232,12750.86007541612,22301.308397201352,4868.023357765332,4868.023357765332,0.03527151270425617,0.05373213265285667,0.0,0.0,3.4872072174994817,0.7612022526124819,0.42824609891425663
37,370.0,10.0,4.561214277806955,0.11997387028477224,0.0,83.3773872082353,83.3255786336403,-0.4318321520513109,0.0,5,0,0,9.815,809.815,0.003068689423280336,89.23354647384328,4965.322105778045,4965.375071852919,0.0,453.2152716514328,13141.08265587356,17073.26878755529,8536.634393777646,1.4427907221020446,301,31,0,9538.23312163494,12734.54605204391,22272.77917367885,4861.810988340044,4861.810988340044,0.03527793371120884,0.05373973821984684,0.0,0.0,3.48719431051536,0.7612018008680376,0.42824620346018033
38,380.0,10.0,4.681188148091727,0.12004749202370313,0.0,83.3255786336403,83.27515298390186,-0.42004750693572535,0.0,5,0,0,9.81,809.81,0.003162270794077569,89.35852851779518,4968.407608880652,4968.462347201264,0.0,452.79825861012114,13128.382802525803,17058.167771482276,8529.083885741138,1.442834281994946,301,31,0,9526.350790134833,12718.676547373245,22245.02733750808,4855.768021862152,4855.768021862152,0.03528417985543912,0.053747136110470876,0.0,0.0,3.4871816181159296,0.7612013566340575,0.42824630626873345
39,390.0,10.0,4.80123564011543,0.12011923421707674,0.0,83.27515298390186,83.2260749864368,-0.4085773422129023,0.0,5,0,0,9.805,809.805,0.003255737413267466,89.48290371422944,4971.414566539873,4971.47090297188,0.0,452.39259620277454,13116.028194571878,17043.478218946424,8521.739109473212,1.44286398052913,301,31,0,9514.792471891818,12703.239738376487,22218.032210268306,4849.889944947818,4849.889944947818,0.03529025578351576,0.05375433187325347,0.0,0.0,3.487169142064145,0.761200919972245,0.42824640732559804
40,400.0,10.0,4.921354874332507,0.12018914033034955,0.0,83.2260749864368,83.17831017705123,-0.3974136869128415,0.0,5,0,0,9.8,809.8,0.0033490924571482816,89.60667936762064,4974.34473716301,4974.402554337314,0.0,451.99798209335444,13104.009662221148,17029.189144002485,8514.594572001242,1.4428800468900567,301,31,0,9503.54953541598,12688.224100807653,22191.773636223632,4844.172358731675,4844.172358731675,0.03529616602354679,0.05376133091631161,0.0,0.0,3.4871568836777103,0.7612004909287198,0.4282465066200628
41,410.0,10.0,5.041544014662857,0.12025725235686531,0.0,83.17831017705123,83.13182586904504,-0.3865405794259004,0.0,5,0,0,9.795,809.795,0.003442339017865746,89.72986261811498,4977.206468130901,4977.259084955804,0.0,451.6141213671832,13092.317708794642,17015.290382350904,8507.645191175452,1.442882705353275,301,31,0,9492.61356154746,12673.618392848086,22166.231954395545,4838.610975279915,4838.610975279915,0.035301915265371464,0.053768138234182805,0.0,0.0,3.4871448416756117,0.7612000694586464,0.4282466041624671
42,420.0,10.0,5.161801267019722,0.12032457744399434,0.0,83.13182586904504,83.08525483758861,-0.3870450447092935,43.19312795200767,5,0,0,9.79,809.79,0.0035354800224525747,89.85246030736754,4980.001736541617,4980.042188080425,0.0,460.23271440325766,13353.599507269853,17328.581452947325,12074.583627188651,1.429003281836971,302,31,160,9439.82295732073,12603.118485741941,22042.94144306267,4833.194228893498,4833.194228893498,0.03532789593621001,0.05380280880508194,0.0,1.054339478728051,3.4716282022980782,0.7611984741488149,0.4282469733771225
43,430.0,10.0,5.2821258444637165,0.12039113533411262,0.0,83.08525483758861,83.03993323789118,-0.376452963680822,43.144747321419004,5,0,0,9.785,809.785,0.0036511083839378044,90.0120665506294,4982.7836707940105,4982.833606387427,0.0,459.8517823985365,13341.99301635264,17314.79247688312,12063.848236384902,1.4289576478578478,302,31,160,9429.307985151954,12589.074839340481,22018.382824492437,4827.777851589748,4827.777851589748,0.03533342785250015,0.05380934856675451,0.0,1.053213906793585,3.47164896501011,0.7611980459857701,0.4282470724717866
44,440.0,10.0,5.402516979797829,0.12045597720578083,0.0,83.03993323789118,82.99582907079878,-0.36614345020884687,43.09769070095891,5,0,0,9.78,809.78,0.0037665897644087744,90.17089709826756,4985.495278503101,4985.553141209554,0.0,459.4812367538927,13330.702551412734,17301.37989884678,12053.405627066084,1.428892081257463,302,31,160,9419.080308881112,12575.414869661852,21994.495178542966,4822.509684859328,4822.509684859328,0.035338808758907506,0.05381570928880253,0.0,1.0521189659055823,3.471669028776045,0.7611976259510471,0.42824716968589605
45,450.0,10.0,5.52297295700361,0.12051914333935346,0.0,82.99582907079878,82.95291106988343,-0.35610940906294675,43.0519227696828,5,0,0,9.775,809.775,0.0038819282472397592,90.32896132592315,4988.138080460728,4988.202475173076,0.0,459.12080133687937,13319.719737752777,17288.33368470585,12043.247991532862,1.4288069014516849,302,31,160,9409.132290538797,12562.12837824505,21971.26066878385,4817.385775847796,4817.385775847796,0.03534404266163851,0.053821895752629016,0.0,1.0510538484656093,3.471688419376444,0.7611972140242845,0.42824726502412436
46,460.0,10.0,5.6434921003429634,0.12058067328768998,0.0,82.95291106988343,82.91114868936647,-0.34634389888765327,43.00740909354993,5,0,0,9.77,809.77,0.003997127805263818,90.48626839410852,4990.7135787867,4990.783260773416,0.0,458.77020689331874,13309.036407794863,17275.644051759722,12033.367717894043,1.4287024220109352,302,31,160,9399.45648241001,12549.205420549024,21948.661902959037,4812.402270895636,4812.402270895636,0.035349133467539796,0.05382791261931134,0.0,1.050017766613039,3.471707161551913,0.761196810174777,0.4282473584935404
47,470.0,10.0,5.764072773630653,0.1206406058772433,0.0,82.91114868936647,82.87051209200271,-0.3368401299733705,42.964116106188975,5,0,0,9.765,809.765,0.004112192303616411,90.64282725365469,4993.22325644457,4993.297120403982,0.0,458.42919090153003,13298.644596757282,17263.30146334472,12023.757385848352,1.428578950795687,302,31,160,9390.045623001995,12536.636300578608,21926.681923580603,4807.555413390926,4807.555413390926,0.03535408498619125,0.05383376443221556,0.0,1.049009951828895,3.4717252790478383,0.7611964143623158,0.42824745010341314
48,480.0,10.0,5.884713379507897,0.1206989792099077,0.0,82.87051209200271,82.83097213693996,-0.32759146201215117,42.9220110899423,5,0,0,9.76,809.76,0.004227125502511543,90.79864665102825,4995.6685768023035,4995.745646417363,0.0,458.0974974284406,13288.536538384393,17251.296623511647,12014.409762524512,1.428436790088865,302,31,160,9380.892633064212,12524.411565579381,21905.304198643593,4802.841541652822,4802.841541652822,0.035358900931971804,0.05383945561957345,0.0,1.0480296545434116,3.4717427946571537,0.7611960265379805,0.4282475398650291
49,490.0,10.0,6.0054123587178045,0.12075583066558218,0.0,82.83097213693996,82.79250036756743,-0.3185914018436051,42.88106215719078,5,0,0,9.755,809.755,0.004341931059951907,90.95373513352085,4998.0509832338585,4998.130401217026,0.0,457.7748769876162,13278.704660730973,17239.620471776772,12005.317798380249,1.4282762367251858,302,31,160,9371.990611661371,12512.522000802788,21884.51261246416,4798.257086846111,4798.257086846111,0.035363584926097716,0.05384499049702175,0.0,1.0470761437474922,3.471759730261202,0.761195646644883,0.4282476277915197
50,500.0,10.0,6.126168189383387,0.12081119690540629,0.0,82.79250036756743,82.75506899936602,-0.30983360119112147,42.84123823196033,5,0,0,9.75,809.75,0.0044566125343745025,91.10810105431408,5000.371898761709,5000.452917377738,0.0,457.46108639923284,13269.141582001728,17228.26417794713,11996.474623160728,1.4280975822175053,302,31,160,9363.33283230025,12500.958624342455,21864.291456642706,4793.798570926987,4793.798570926987,0.03536814049863275,0.053850373270103585,0.0,1.0461487066082322,3.4717761068688002,0.7611952746188679,0.4282477138976999
51,510.0,10.0,6.2469793862887935,0.12086511387562722,0.0,82.75506899936602,82.71865090777298,-0.30131185439090585,42.80250903181144,5,0,0,9.745,809.745,0.0045711733872331245,91.26175257742231,5002.6327257384655,5002.714697792973,0.0,457.15588865201727,13259.840106446803,17217.219137021013,11987.873541917012,1.4279011128802146,302,31,160,9354.912739110889,12489.712682042627,21844.625421153516,4789.462604620213,4789.462604620213,0.03537257109047033,0.053855608036731575,0.0,1.0452466480886597,3.471791944653563,0.7611949103891696,0.4282477981999152
52,520.0,10.0,6.367844500164421,0.12091761681205819,0.0,82.71865090777298,82.68321961607239,-0.2930200961176979,42.76484505001258,5,0,0,9.74,809.74,0.004685616985519137,91.41469768251663,5004.834845564608,5004.917215847591,0.0,456.8590527671744,13250.793220314188,17206.476964164107,11979.508031084779,1.427687109949742,302,31,160,9346.723943082858,12478.775642479583,21825.49958556244,4785.245885427779,4785.245885427779,0.03537688005528697,0.053860698789612735,0.0,1.044369290571844,3.471807262989577,0.7611945538790299,0.4282478807158995
53,530.0,10.0,6.488762116976479,0.12096874024508862,0.0,82.68321961607239,82.64874928332272,-0.2849523991060778,42.728217537997864,5,0,0,9.735,809.735,0.004799946604221874,91.56694416963201,5006.979618443268,5007.0619156141875,0.0,456.5703536643215,13241.994087859339,17196.029489762095,11971.37173462379,1.4274558497022092,302,31,160,9338.760218356927,12468.139192016582,21806.89941037351,4781.145195669106,4781.145195669106,0.03538107066146722,0.05386564941863481,0.0,1.043515973489486,3.4718220804854885,0.761194205006277,0.42824796146464056
54,540.0,10.0,6.609730857221567,0.12101851800520917,0.0,82.64874928332272,82.61521469233192,-0.2771029718720456,42.69259848810961,5,0,0,9.73,809.73,0.004914165428730003,91.71849966376077,5009.068383168408,5009.150212071498,0.0,456.2895720294441,13233.436047412924,17185.86875455002,11963.458460218268,1.4272076035682957,302,31,160,9331.015498572777,12457.795229933165,21788.81072850594,4777.157400552916,4777.157400552916,0.0353851460939996,0.05387046371321409,0.0,1.0426860529551298,3.4718364150170853,0.761193863683869,0.4282480404662547
55,550.0,10.0,6.730749375226776,0.12106698322901478,0.0,82.61521469233192,82.58259123768998,-0.26946615643528277,42.6579606166256,5,0,0,9.725,809.725,0.005028276557175143,91.86937161933461,5011.10245694605,5011.183491343347,0.0,456.01649418488597,13225.112607506882,17175.98700481885,11955.762175538399,1.4269426382453592,302,31,160,9323.483873272879,12447.73586362906,21771.219736901938,4773.279446280723,4773.279446280723,0.03538910945634349,0.053875145364604596,0.0,1.0418789014020813,3.4718502837584273,0.7611935298204024,0.4282481177418688
56,560.0,10.0,6.851816358455791,0.1211141683656512,0.0,82.58259123768998,82.55085491386808,-0.2620364260446422,42.62427734707119,5,0,0,9.72,809.72,0.005142283002719021,92.01956732459779,5013.0831352465175,5013.163110956659,0.0,455.7509119613831,13217.017443059403,17166.376687699474,11948.27700456311,1.4266612158068643,302,31,160,9316.159584362997,12437.953403903286,21754.112988266283,4769.508358182002,4769.508358182002,0.035392963772266965,0.05387969796816856,0.0,1.0410939072261485,3.4718637032116,0.761193203320589,0.42824819331350994
57,570.0,10.0,6.972930526821442,0.1211601051836709,0.0,82.55085491386808,82.51998230339326,-0.2548083829080042,42.591522793815614,5,0,0,9.715,809.715,0.005256187695785398,92.16909390587378,5015.01169168676,5015.090400117108,0.0,455.49262257215156,13209.144391619035,17157.0304465244,11940.997223964156,1.4263635938091666,302,31,160,9309.037022629445,12428.440360308672,21737.477382938116,4765.841238880963,4765.841238880963,0.03539671198765519,0.053884125025608395,0.0,1.040330474433278,3.4718766892351467,0.7611928840857013,0.4282482672040026
58,580.0,10.0,7.094090632005114,0.12120482477826607,0.0,82.51998230339326,82.48995056510684,-0.24777675592836204,42.55967174595211,5,0,0,9.71,809.71,0.005369993486237979,92.31795833172801,5016.889377941187,5016.966660001042,0.0,455.24142848903114,13201.48744966821,17147.9411162672,11933.917259551552,1.426050025395704,302,31,160,9302.110724313261,12419.189436582034,21721.300160895295,4762.27526649491,4762.27526649491,0.03540035697228971,0.05388842994715994,0.0,1.0395880222921687,3.471889257071242,0.761192572013989,0.4282483394368716
59,590.0,10.0,7.215295456783379,0.12124835757884773,0.0,82.48995056510684,82.46073742251404,-0.2409363984480933,42.52869965146107,5,0,0,9.705,809.705,0.005483703145505513,92.4661674170287,5018.717423679366,5018.793164062357,0.0,454.9971373206929,13194.040768986435,17139.101719059756,11927.03168278029,1.4257207593986443,302,31,160,9295.375367741413,12410.193526150175,21705.56889389159,4758.807692864087,4758.807692864087,0.035403901521598204,0.05389261605374733,0.0,1.0388659849919324,3.4719014213716606,0.7611922670010687,0.4282484100362525
60,600.0,10.0,7.336543814362227,0.1212907333569409,0.0,82.46073742251404,82.43232115223232,-0.23428228600200782,42.49858260165505,5,0,0,9.7,809.7,0.005597319368655229,92.61372782690835,5020.497036530014,5020.571158353074,0.0,454.75956169290737,13186.798653073198,17130.505459787295,11920.335207318258,1.4253760404380356,302,31,160,9288.825770015077,12401.445707711779,21690.271477726856,4755.435841812932,4755.435841812932,0.03540734835837502,0.053896686579099365,0.0,1.0381638113048532,3.471913196222596,0.7611919689402861,0.4282484790268078
61,610.0,10.0,7.457834547719168,0.12133198123436718,0.0,82.43232115223232,82.40468057254472,-0.22780951408194597,42.469297315904804,5,0,0,9.695,809.695,0.005710844776415749,92.76064608062792,5022.229402068895,5022.3018618563865,0.0,454.5285191308759,13179.755553630706,17122.14572176102,11913.822685675159,1.4250161090185094,302,31,160,9282.456883754905,12392.939240895146,21675.39612465005,4752.1571074426,4752.1571074426,0.03541070013447228,0.053900644671827674,0.0,1.0374809642543044,3.47192459516838,0.7611916777230555,0.4282485464336477
62,620.0,10.0,7.579166528953535,0.12137212969168754,0.0,82.40468057254472,82.37779503206477,-0.22151329591270041,42.44082112664456,5,0,0,9.69,809.69,0.00582428191715061,92.90692855534603,5023.9156838306935,5023.986466831047,0.0,454.30383194362184,13172.90606710648,17114.016062468312,11907.489105892357,1.4246412016235863,302,31,160,9276.263793903343,12384.667561991804,21660.931355895147,4748.968952454626,4748.968952454626,0.0354139594324617,0.053904493397466786,0.0,1.0368169207878553,3.471935631234153,0.7611913932391744,0.42824861228225786
63,630.0,10.0,7.700538658645223,0.12141120657687894,0.0,82.37779503206477,82.3516443985184,-0.21538896024239876,42.41313196465547,5,0,0,9.685,809.685,0.005937633268783462,93.05258148979507,5025.557023342122,5025.626139165955,0.0,454.08532711043614,13166.244931295727,17106.11020940002,11901.32958829321,1.424251550807625,302,31,160,9270.241714583713,12376.624279765681,21646.865994349395,4745.868906505552,4745.868906505552,0.03541712876726724,0.053908235740476255,0.0,1.0361711714556125,3.4719463169475375,0.7611911153771165,0.4282486765984313
64,640.0,10.0,7.821949865222102,0.12144923911422005,0.0,82.3516443985184,82.32620904764842,-0.20943194914593732,42.386208344625175,5,0,0,9.68,809.68,0.006050901240676022,93.1976109878667,5027.154540177259,5027.222018743906,0.0,453.87283616937316,13159.767022003374,17098.422055954838,11895.33938229384,1.4238473852854712,302,31,160,9264.385986016045,12368.803171337817,21633.18915735386,4742.854564592369,4742.854564592369,0.03542021058776855,0.053911874606205126,0.0,1.0355432200938126,3.4719566643593467,0.7611908440243047,0.42824873940820524
65,650.0,10.0,7.943399104336323,0.12148625391336185,0.0,82.32620904764842,82.3014698522462,-0.2036378158459229,42.36002935098193,5,0,0,9.675,809.675,0.006164088175459834,93.34202302210826,5028.709332031285,5028.775219813496,0.0,453.66619510778776,13153.467349765722,17090.94565742013,11889.513863273804,1.4234289300198433,302,31,160,9258.692071489359,12361.198178146245,21619.890249635602,4739.923585468545,4739.923585468545,0.035423207278375356,0.05391541282281893,0.0,1.034932583513694,3.471966685063385,0.7611905790673639,0.42824880073780264
66,660.0,10.0,8.064885358249684,0.12152227697856083,0.0,82.3014698522462,82.27740817131514,-0.19800222254966685,42.33457462400119,5,0,0,9.67,809.67,0.0062771963508228435,93.48582343713271,5030.222474813553,5030.286831368188,0.0,453.46524425490594,13147.34105663143,17083.675227028965,11883.84852950645,1.4229964063065135,302,31,160,9253.155554390176,12353.803401980726,21606.9589563709,4737.073690090436,4737.073690090436,0.03542612116057304,0.053918853143189456,0.0,1.034338791195659,3.471976390215378,0.7611903203923549,0.4282488606135777
67,670.0,10.0,8.186407635228246,0.121557333718053,0.0,82.27740817131514,82.25400583937002,-0.1925209383039146,42.30982434618248,5,0,0,9.665,809.665,0.006390227981251801,93.62901795294336,5031.695022758436,5031.757917531671,0.0,453.2698281764165,13141.383413001588,17076.60513209285,11878.338999148478,1.4225500318573139,302,31,160,9247.772135286965,12346.613101091982,21594.38523637895,4734.302660093857,4734.302660093857,0.03542895449443936,0.05392219824674766,0.0,1.0337613849887315,3.4719857905510607,0.7611900678849921,0.42824891906196616
68,680.0,10.0,8.3079649689463,0.12159144895354825,0.0,82.25400583937002,82.23124515587575,-0.1871898368689017,42.28575922889449,5,0,0,9.66,809.66,0.0065031852197314655,93.77161216817595,5033.128008552373,5033.189517948598,0.0,453.0797955710748,13135.589814528688,17069.72989020963,11872.98100728832,1.422090020881027,302,31,160,9242.537629070202,12339.621686375049,21582.15931544525,4731.608336300573,4731.608336300573,0.035431709480132634,0.05392545074129988,0.0,1.0331999188153156,3.4719948964034875,0.7611898214308435,0.42824897610943824
69,690.0,10.0,8.429556417899848,0.12162464692982558,0.0,82.23124515587575,82.20910887482911,-0.1820048946116458,42.262360499285876,5,0,0,9.655,809.655,0.006616070159401574,93.91361156325951,5034.522443476937,5034.582648179906,0.0,452.8949991693021,13129.955779074075,17063.044165546064,11867.770403052838,1.421616584162203,302,31,160,9237.447962147673,12332.823717626163,21570.271679773836,4728.9886172544275,4728.9886172544275,0.0354343882593515,0.05392861316480778,0.0,1.0326539583812464,3.472003717719563,0.7611895809155158,0.4282490317824559
70,700.0,10.0,8.551181064829674,0.12165695132441087,0.0,82.20910887482911,82.18758019448617,-0.17696218842056624,42.23960988745942,5,0,0,9.65,809.65,0.006728884835172517,94.05502150349804,5035.8793175659275,5035.938300101913,0.0,452.7152956337694,13124.476943723605,17056.54276519436,11862.703146771879,1.4211299291379418,302,31,160,9232.499169694625,12326.213899872775,21558.7130695674,4726.441457786869,4726.441457786869,0.03543699291676649,0.05393168798713229,0.0,1.0321230808911315,3.472012264075863,0.7611893462248255,0.42824908610743373
71,710.0,10.0,8.672838016154085,0.12168838525731983,0.0,82.18758019448617,82.16664274723828,-0.1720578936405218,42.21748961390685,5,0,0,9.645,809.645,0.0068416312253006305,94.19584724207476,5037.199599776948,5037.257442308473,0.0,452.5405454619493,13119.149061861046,17050.220635602243,11857.775307200154,1.4206302599726872,302,31,160,9227.687392958358,12319.7870797761,21547.47447273446,4723.964867611579,4723.964867611579,0.035439525481423546,0.05393467761174195,0.0,1.0316068747689566,3.47202054469376,0.7611891172449549,0.42824913911070195
72,720.0,10.0,8.794526401411405,0.12171798719951989,0.0,82.16664274723828,82.14760907501736,-0.15637518052058114,0.0,5,0,0,9.64,809.64,0.006954311252924021,94.33609392298064,5038.484294352192,5038.541020515469,0.0,443.5264584485934,12845.898508598973,16722.53205464059,8361.266027320295,1.433755841503352,303,32,0,9262.41262746925,12366.161829770313,21628.574457239563,4721.5654370602815,4721.5654370602815,0.035422955129969964,0.05391135540652815,0.0,0.0,3.4868648161889184,0.7611902685666121,0.4282488726097672
73,730.0,10.0,8.916244388610927,0.12174580518839395,0.0,82.14760907501736,82.12909819264793,-0.15204534021340804,0.0,5,0,0,9.635,809.635,0.00704524356385982,94.43968804201153,5039.650647888095,5039.708454836883,0.0,443.3749024585417,12841.279334053399,16717.047496516054,8358.523748258027,1.4333599520135285,303,32,0,9258.107715563925,12360.412042255528,21618.519757819453,4719.376974453236,4719.376974453236,0.035425219090846616,0.05391403222739561,0.0,0.0,3.4868590963713038,0.7611900683729956,0.4282489189490068
74,740.0,10.0,9.03799019379932,0.12177287104560147,0.0,82.12909819264793,82.11109609915295,-0.1478333666637809,0.0,5,0,0,9.63,809.63,0.007136134909705759,94.54286926071207,5040.786297795637,5040.844342755253,0.0,443.2275213670278,12836.787282934416,16711.714141534107,8355.857070767053,1.4329570183758573,303,32,0,9253.921971105083,12354.82141386344,21608.743384968522,4717.249105080607,4717.249105080607,0.03542742043359377,0.05391663486210001,0.0,0.0,3.4868535175885453,0.761189873115599,0.4282489641457956
75,750.0,10.0,9.159763064844922,0.12179920427826357,0.0,82.11109609915295,82.09358913268007,-0.1437362959521579,0.0,5,0,0,9.625,809.625,0.007226986432146301,94.64564085276498,5041.891882617632,5041.949500955095,0.0,443.0842015932865,12832.41891296874,16706.527859917027,8353.263929958513,1.4325471530215614,303,32,0,9249.85215193872,12349.385614697047,21599.237766635764,4715.180179634612,4715.180179634612,0.035429560854543136,0.05391916533839118,0.0,0.0,3.486848076992897,0.7611896826947514,0.4282490082231939
76,760.0,10.0,9.281562269123185,0.12182482395559266,0.0,82.09358913268007,82.07656396592287,-0.13975121165290147,0.0,5,0,0,9.62,809.62,0.00731779924339136,94.74800603191639,5042.968046701187,5043.024727922312,0.0,442.9448324083045,12828.170866503646,16701.48462738332,8350.74231369166,1.4321304665867873,303,32,0,9245.89509732211,12344.100423564854,21589.995520886965,4713.168590271304,4713.168590271304,0.035431642008282374,0.05392162563211593,0.0,0.0,3.486842771748093,0.7611894970111832,0.42824905120416945
77,770.0,10.0,9.403387093078777,0.12184974871304849,0.0,82.07656396592287,82.0600076005827,-0.13587525222696967,0.0,5,0,0,9.615,809.615,0.007408574426697727,94.8499679530429,5044.015433505106,5044.070804083459,0.0,442.8093058895924,12824.039869713582,16696.580522925917,8348.290261462958,1.4317070679451618,303,32,0,9242.047726631772,12338.961726257727,21581.0094528895,4711.212769947252,4711.212769947252,0.03543366550804884,0.05392401766832488,0.0,0.0,3.4868375990349203,0.7611893159662222,0.4282490931115526
78,780.0,10.0,9.525236841791825,0.12187399663927238,0.0,82.0600076005827,82.0439075208424,-0.1321043059575004,0.0,5,0,0,9.61,809.61,0.007499313037246157,94.95152971380689,5045.035741264808,5045.088492010575,0.0,442.6775168356714,12820.022642170936,16691.81181354049,8345.905906770246,1.4312770641562857,303,32,0,9238.307036983748,12333.965512227676,21572.272549211426,4709.311191575388,4709.311191575388,0.03543563297051885,0.05392634327821741,0.0,0.0,3.4868325556992144,0.7611891394494725,0.4282491339708877
79,790.0,10.0,9.647110838431098,0.1218975854208484,0.0,82.0439075208424,82.02825134063542,-0.12843716430411406,0.0,5,0,0,9.605,809.605,0.007590016089367772,95.052694333593,5046.028379434545,5046.07852685256,0.0,442.5493640762271,12816.116214263548,16687.174724151595,8343.587362075798,1.43084056049061,303,32,0,9234.670140433846,12329.107924731301,21563.77806516515,4707.46238576475,4707.46238576475,0.035437545858700466,0.05392860431674859,0.0,0.0,3.4868276394234243,0.7611889673798198,0.4282491738009418
80,800.0,10.0,9.769008423851947,0.1219205324989852,0.0,82.02825134063542,82.0130269417283,-0.12487149289027002,0.0,5,0,0,9.6,809.6,0.007680684585177413,95.15346480141142,5046.993686887042,5047.041637896178,0.0,442.42474757253933,12812.317572788097,16682.665598714524,8341.332799357262,1.43039766081018,303,32,0,9231.1341814011,12324.385150101518,21555.51933150262,4705.664899958465,4705.664899958465,0.035439405657231166,0.053930802579059425,0.0,0.0,3.486822847549178,0.7611887996642211,0.42824921262324345
81,810.0,10.0,9.890928956350932,0.12194285491997166,0.0,82.0130269417283,81.99822253349144,-0.12140447463339114,0.0,5,0,0,9.595,809.595,0.007771319503742447,95.25384405797709,5047.932428104814,5047.978539972123,0.0,442.30356951908965,12808.623735755968,16678.280898850007,8339.140449425004,1.4299484673856193,303,32,0,9227.696368081733,12319.79345977424,21547.489827855974,4703.9173142265445,4703.9173142265445,0.0354412138354247,0.05393293980185841,0.0,0.0,3.486818177288926,0.7611886362051123,0.4282492504603684
82,820.0,10.0,10.012871811270903,0.12196456929434629,0.0,81.99822253349144,81.98382664451606,-0.11803336869616032,0.0,5,0,0,9.59,809.59,0.007861921796410772,95.35383498809666,5048.845347914634,5048.889929667748,0.0,442.18573482319186,12805.03180376817,16674.017184444623,8337.008592222312,1.4294930808494815,303,32,0,9224.353986112941,12315.32922859985,21539.683214712793,4702.218248054167,4702.218248054167,0.03544297182186907,0.053935017673572117,0.0,0.0,3.48681362589616,0.7611884769063656,0.42824928733456014
83,830.0,10.0,10.13483638056525,0.12198569180668395,0.0,81.98382664451606,81.9698281143951,-0.11475550872919485,0.0,5,0,0,9.585,809.585,0.007952492387590996,95.45344042215272,5049.733171772437,5049.776485734369,0.0,442.0711510317202,12801.5389578047,16669.87111097665,8334.935555488324,1.429031600232671,303,32,0,9221.104396480989,12310.988932050359,21532.093328531348,4700.566359275242,4700.566359275242,0.03544468100551847,0.053937037835662296,0.0,0.0,3.4868091906663845,0.7611883216733234,0.42824932326772236
84,840.0,10.0,10.256822072371934,0.12200623822527573,0.0,81.9698281143951,81.95621608566817,-0.11156830113709475,0.0,5,0,0,9.58,809.58,0.008043032175512822,95.55266313755007,5050.596606055499,5050.638869490267,0.0,441.9597282595184,12798.142457063526,16665.839426904367,8332.919713452184,1.4285641229999424,303,32,0,9217.945033477312,12306.769143490581,21524.714176967893,4698.96034303055,4698.96034303055,0.03544634273676059,0.05393900188391202,0.0,0.0,3.4868048689379485,0.7611881704128282,0.42824935828141203
85,850.0,10.0,10.378828310597209,0.12202622391169532,0.0,81.95621608566817,81.94297999593037,-0.10846922336450007,0.0,5,0,0,9.575,809.575,0.008133542032967988,95.65150586012487,5051.436338364245,5051.477725219148,0.0,441.8513791194646,12794.83963684816,16661.918971116145,8330.959485558073,1.4280907450844855,303,32,0,9214.873402701885,12302.66653151242,21517.539934214306,4697.398930750095,4697.398930750095,0.035447958328459796,0.05394091136968127,0.0,0.0,3.486800658092725,0.7611880230332453,0.42824939239683385
86,860.0,10.0,10.500854534508903,0.12204566383024547,0.0,81.94297999593037,81.9301095701045,-0.10545582220574942,0.0,5,0,0,9.57,809.57,0.008224022808032156,95.74997126551743,5052.253037830484,5052.29368056374,0.0,441.7460186541752,12791.627906503676,16658.10667044134,8329.05333522067,1.4276115609216309,303,32,0,9211.887079113418,12298.677857331595,21510.564936445015,4695.880889159417,4695.880889159417,0.03544952905697629,0.053942767801132316,0.0,0.0,3.4867965555566673,0.7611878794444833,0.42824942563483587
87,870.0,10.0,10.62290019833915,0.12206457255727925,0.0,81.9301095701045,81.9175948128763,-0.10252571213759439,0.0,5,0,0,9.565,809.565,0.008314475324768087,95.84806198050921,5053.04735543219,5053.0873469143335,0.0,441.6435642693261,12788.50474740045,16654.39953722129,8327.199768610644,1.4271266634816753,303,32,0,9208.983705125727,12294.79997224601,21503.783677371735,4694.405019309535,4694.405019309535,0.03545105616316163,0.05394457264442534,0.0,0.0,3.486792558800241,0.7611877395580084,0.4282494580159058
88,880.0,10.0,10.744964770896429,0.12208296429039064,0.0,81.9175948128763,81.90542600129176,-0.09967657367492393,0.0,5,0,0,9.56,809.56,0.008404900383910487,95.945780584325,5053.819924314481,5053.859319792004,0.0,441.54393566856817,12785.467710965022,16650.794666939524,8325.397333469762,1.4266361443018623,303,32,0,9206.160988749665,12291.029815154881,21497.190803904545,4692.970155630184,4692.970155630184,0.035452540853330806,0.05394632732488483,0.0,0.0,3.4867886653387483,0.7611876032868562,0.4282494895601683
89,890.0,10.0,10.86704773518682,0.12210085285747056,0.0,81.90542600129176,81.89359367751572,-0.09690615175181846,0.0,5,0,0,9.555,809.555,0.008495298763532862,96.0431296099006,5054.571360114615,5054.610179226352,0.0,441.44705479001783,12782.514416757605,16647.28923591025,8323.644617955126,1.426140093517524,303,32,0,9203.416701779986,12287.364410137872,21490.78111191786,4691.57516500604,4691.57516500604,0.0354539843002113,0.053948033228137064,0.0,0.0,3.486784872732544,0.761187470545639,0.42824952028738356
90,900.0,10.0,10.98914858804429,0.12211825172562393,0.0,81.89359367751572,81.88208864175076,-0.0942122541257504,0.0,5,0,0,9.55,809.55,0.00858567121969676,96.14011154511734,5055.302261292375,5055.340490127565,0.0,441.35284574429676,12779.642550595447,16643.880499024337,8321.940249512169,1.4256385998924088,303,32,0,9200.74867802649,12283.800864093295,21484.549542119785,4690.218945875579,4690.218945875579,0.035455387643869386,0.05394969170121916,0.0,0.0,3.486781178587163,0.7611873412505507,0.42824955021694594
91,910.0,10.0,11.111266839769915,0.12213517400994399,0.0,81.88208864175076,81.87090194531504,-0.09159274980688678,0.0,5,0,0,9.545,809.545,0.00867601848708373,96.23672883400332,5056.013209463926,5056.050802652658,0.0,441.2612347541005,12776.849862721516,16640.565787551855,8320.282893775928,1.4251317508482146,303,32,0,9198.154811588814,12280.336364434557,21478.491176023374,4688.900427352241,4688.900427352241,0.03545675199261395,0.05395130405366021,0.0,0.0,3.486777580553354,0.7611872153193674,0.4282495793678838
92,920.0,10.0,11.233402013779859,0.1221516324821416,0.0,81.87090194531504,81.86002488387794,-0.08904556751372183,0.0,5,0,0,9.54,809.54,0.008766341279610367,96.33298387790285,5056.704769737762,5056.74165256574,0.0,441.1721500952728,12774.134166017955,16637.34250700023,8318.671253500115,1.4246196324933345,303,32,0,9195.633055174201,12276.968176843986,21472.601232018187,4687.618568367548,4687.618568367548,0.03545807842387818,0.0539528715585349,0.0,0.0,3.486774076327041,0.7611870926714464,0.42824960775885995
93,930.0,10.0,11.355553646262,0.12216763957935114,0.0,81.86002488387794,81.84944899041645,-0.08656869771657512,0.0,5,0,0,9.535,809.535,0.008856640291026792,96.42887903661423,5057.377488169495,5057.413561592209,0.0,441.0855220394484,12771.493334506258,16634.2081347903,8317.10406739515,1.4241023296510753,303,32,0,9193.181418459926,12273.693643086635,21466.87506154656,4686.372356836035,4686.372356836035,0.035459367984959266,0.05395439545361035,0.0,0.0,3.4867706636501774,0.7611869732277562,0.42824963540816413
94,940.0,10.0,11.477721285841351,0.12218320734204006,0.0,81.84944899041645,81.83916612354054,-0.08415941191597084,0.0,5,0,0,9.53,809.53,0.008946916195707462,96.52441662984387,5058.032522792126,5058.067037793672,0.0,441.00128277497555,12768.92524845847,16631.16026987323,8315.580134936616,1.4235799258366597,303,32,0,9190.797965872776,12270.51017795893,21461.308143831706,4685.160808745486,4685.160808745486,0.03546062172020403,0.053955876916111575,0.0,0.0,3.48676734009758,0.7611868569034153,0.42824966233544093
95,950.0,10.0,11.599904493183391,0.12219834712658888,0.0,81.83916612354054,81.82916876221213,-0.08181257409355566,0.0,5,0,0,9.525,809.525,0.009037169642200304,96.61959892660612,5058.673021133242,5058.70257005118,0.0,440.9193670574771,12766.427699138078,16628.19677136039,8314.098385680196,1.4230525030213343,303,32,0,9188.480835238655,12267.415294009816,21455.89612924847,4683.982978118851,4683.982978118851,0.035461840718260335,0.05395731699275373,0.0,0.0,3.4867641026394436,0.7611867435923805,0.42824968856523343
96,960.0,10.0,11.722102840309981,0.12221307003877986,0.0,81.82916876221213,81.81944912827804,-0.07953023298582593,0.0,5,0,0,9.52,809.52,0.009127401228317273,96.71442810394537,5059.296391834784,5059.320609782131,0.0,440.839714772531,12763.999108595473,16625.315209573262,8312.657604786631,1.422520141807759,303,32,0,9186.22831047825,12264.406699690486,21450.635010168735,4682.837991268939,4682.837991268939,0.03546302575573214,0.053958716880019825,0.0,0.0,3.486760950338738,0.7611866332618558,0.4282497141051298
97,970.0,10.0,11.844315910348762,0.1222273863548093,0.0,81.81944912827804,81.8100008375647,-0.0773009306270069,0.0,5,0,0,9.515,809.515,0.009217611573862399,96.80890636825372,5059.910945672503,5059.921625125136,0.0,440.7622634885564,12761.636922222078,16622.513977015016,8311.256988507508,1.4219829215044242,303,32,0,9184.0386100132,12261.482014473891,21445.520624487093,4681.724945040468,4681.724945040468,0.03546417809282115,0.05396007735552634,0.0,0.0,3.4867578784770683,0.7611865257466973,0.42824973899335456
98,980.0,10.0,11.966543296703572,0.12224130671574936,0.0,81.8100008375647,81.80081564778652,-0.0751398199590767,0.0,5,0,0,9.51,809.51,0.00930780118374787,96.90303572741325,5060.503625011321,5060.505998795976,0.0,440.6869624878313,12759.34071368607,16619.79011883602,8309.89505941801,1.421440920132353,303,32,0,9181.910285373147,12258.63930564894,21440.549591022085,4680.6430981785625,4680.6430981785625,0.03546529793643284,0.0539613998881637,0.0,0.0,3.486754889939022,0.7611864211478657,0.4282497632065335
99,990.0,10.0,12.08878460341932,0.12225484292310963,0.0,81.80081564778652,81.79188564568044,-0.07304415835451436,0.0,5,0,0,9.505,809.505,0.009397970710449512,96.99681842815423,5061.075630912087,5061.074229168797,0.0,440.61374599371015,12757.108420420167,16617.14131249384,8308.57065624692,1.4208942166914726,303,32,0,9179.84145909027,12255.876065573739,21435.71752466401,4679.591496327148,4679.591496327148,0.03546638630266826,0.05396268561639438,0.0,0.0,3.486751982225222,0.7611863193778827,0.42824978676491293
100,1000.0,10.0,12.21103944634243,0.12456999839383823,0.0,81.79188564568044,78.76041633612071,-24.335468801849764,0.0,5,0,0,9.5,809.5,0.009488120801072433,97.09025670079394,0.0,5061.626795027485,14578.725913754766,441.0598429611886,14405.572379846004,14998.417150899904,7499.208575449952,1.4211776380354522,303,32,0,9191.624784837888,12273.88157090802,21465.506355745907,4679.776238381431,4679.776238381431,0.03464851872652946,0.05478286107312466,0.0,0.0,3.4923599225096833,0.7613825972878389,0.4282044239956848
101,1010.0,10.0,12.335609444736267,0.1708273786098352,0.04,78.76041633612071,74.11278354389628,-35.52492484073232,0.0,4,0,0,9.495,809.495,0.009611186605581915,97.23815222316288,0.0,5256.447581907123,23999.907636028136,417.75328867164876,14494.822948437095,13355.39629633949,7247.4114742185475,1.427171011545988,303,32,0,8526.090165153879,11385.694937872706,19911.785103026585,4339.588109248823,4339.588109248823,0.03460045601686109,0.055599819713657475,0.0,0.0,3.4937553433362756,0.7614314370167696,0.4281931590281133
102,1020.0,10.0,12.506436823346103,0.13950781071368928,0.0,74.11278354389628,69.24836518092913,-34.86843021965533,0.0,4,0,0,9.49,809.49,0.009741020202880448,97.39681645728173,0.0,5586.0808379271275,23999.957194757437,383.4236012225824,13470.763339373996,12090.810075464833,6735.381669686998,1.437176148287831,303,32,0,7546.352909006596,10076.835397332234,17623.18830633883,3842.264782528772,3842.264782528772,0.035103735785591124,0.05621897446125894,0.0,0.0,3.4921792802971665,0.7613762748104008,0.42820588294413625
103,1030.0,10.0,12.645944634059793,0.1499651328433671,0.0,69.24836518092913,64.11596838645579,-34.22393390491593,0.0,4,0,0,9.485,809.485,0.009857907560797881,97.5334115473262,0.0,5978.4804871323495,23999.991762894744,349.70105504056977,12464.892308059207,10848.511361312116,6232.446154029603,1.4481507045358457,303,32,0,6583.994312778301,8791.07328134302,15375.067594121321,3354.0683190855575,3354.0683190855575,0.03559771953817512,0.056826682824402175,0.0,0.0,3.489765806806686,0.761291803238234,0.42822538974044577
104,1040.0,10.0,12.79590976690316,0.20292054971030385,0.04,64.11596838645579,58.64325404167175,-33.59130787684742,0.0,3,0,0,9.48,809.48,0.009962386517320024,97.64890583894685,0.0,6457.049786796259,24000.000929988353,316.59990468928646,11477.559609010856,9629.100703608241,5738.779804505428,1.4602371660610085,303,32,0,5639.372781764985,7529.000488854111,13168.373270619097,2874.8910654728074,2874.8910654728074,0.03608257409138538,0.057423157081083746,0.0,0.0,3.486567003131592,0.7611798451096057,0.4282512855515263
105,1050.0,10.0,12.998830316613464,0.170542186589235,0.0,58.64325404167175,58.629782032221556,-0.07899517251203178,31.263920405418638,3,0,0,9.475,809.475,0.010054992042749332,97.74425968383382,2619.0396953483287,7059.635532943185,0.0,279.4657347172906,8152.47091935179,10478.578061800916,7706.756822992642,1.4588474885200498,304,32,110,4688.994936998445,6257.282345826302,10946.277282824747,2403.518577900215,2403.518577900215,0.03767409244806448,0.0569059089196131,0.0,0.7718002295547977,3.46440473058049,0.7606934226287779,0.42836434852200495
106,1060.0,10.0,13.1693725032027,0.17058138874260387,0.0,58.629782032221556,58.61630294471979,-0.07901851193219045,31.249557646780087,3,0,0,9.47,809.47,0.010116742882063127,97.78795734717767,2617.8412183203345,7061.257702995984,0.0,279.3911628214258,8150.345341357885,10475.732180070503,7704.185084298311,1.4585643798945018,304,32,110,4686.836860843839,6254.400169600326,10941.237030444165,2402.4131703526587,2402.4131703526587,0.03767515401027653,0.05690732576319179,0.0,0.7714545226406451,3.4644010915274235,0.7606930355782391,0.4283644388475125
107,1070.0,10.0,13.339953891945305,0.17062062901280628,0.0,58.61630294471979,58.60281713306904,-0.07903974876178381,31.235190644610597,3,0,0,9.465,809.465,0.010178471399900486,97.83147245361353,2616.64409542432,7062.881471566666,0.0,279.3165688632542,8148.218992002323,10472.88559888129,7701.612674966767,1.4582810454652557,304,32,110,4684.678140367263,6251.517133962783,10936.195274330046,2401.307436792523,2401.307436792523,0.03767621596392185,0.056908742962978605,0.0,0.7711087016102407,3.464397443434864,0.7606926482423084,0.4283645292401975
108,1080.0,10.0,13.51057452095811,0.17065990537854914,0.0,58.60281713306904,58.58932565897703,-0.07905473791329314,31.220819781199364,3,0,0,9.46,809.46,0.010240177590620682,97.87480560126578,2615.4517130674203,7064.506797684024,0.0,279.2419547390262,8146.091645871302,10470.038670063777,7699.039801090628,1.4579974969364766,304,32,110,4682.518831151949,6248.633312842214,10931.152143994163,2400.201406479688,2400.201406479688,0.03767727842062381,0.056910160341389994,0.0,0.7707627756603009,3.4643937849143946,0.7606922605792853,0.42836461970979306
109,1090.0,10.0,13.68123442633666,0.17069921633040835,0.0,58.58932565897703,58.57582852244377,-0.07906970414635453,31.206446192487856,3,0,0,9.455,809.455,0.010301861445864265,97.91795738174471,2614.259126113284,7066.133554936506,0.0,279.16732639584365,8143.963892219412,10467.19120083683,7696.46645593559,1.4577137451200002,304,32,110,4680.359106694017,6245.74893841131,10926.108045105328,2399.0951670872278,2399.0951670872278,0.03767834108627716,0.05691157799651794,0.0,0.7704167721311851,3.464390118470705,0.7606918726976305,0.4283647102309886
110,1100.0,10.0,13.851933642667069,0.170738560872007,0.0,58.57582852244377,58.562326431274414,-0.07908050237977023,31.192069882643064,3,0,0,9.45,809.45,0.010363522964060156,97.96092839598701,2613.0696899074956,7067.761744784758,0.0,279.09268378553156,8141.835450198334,10464.343468837107,7693.892778652833,1.4574298024976178,304,32,110,4678.198965763485,6242.864008722532,10921.062974486016,2397.9887187732693,2397.9887187732693,0.03767940410047144,0.056912995788056794,0.0,0.7700706911213576,3.464386442621093,0.7606914845454796,0.42836480081588924
111,1110.0,10.0,14.022672203539075,0.17077793697295632,0.0,58.562326431274414,58.54882009327412,-0.07908713642814291,31.177691609483105,3,0,0,9.445,809.445,0.010425162140312843,98.00371923739804,2611.88346352293,7069.391283248422,0.0,279.01803080569675,8139.706431191132,10461.495622521985,7691.318903282703,1.457145679821094,304,32,110,4676.0385222413815,6239.97867586971,10916.01719811109,2396.882119863312,2396.882119863312,0.03768046740702476,0.05691441364141944,0.0,0.7697245508728925,3.464382757556459,0.7606910961432626,0.428364891459728
112,1120.0,10.0,14.193450140512033,0.17081734311542432,0.0,58.54882009327412,58.53530986234546,-0.07909168168907854,31.163312130132535,3,0,0,9.44,809.44,0.010486778970947852,98.04633049944013,2610.698829269985,7071.022086191603,0.0,278.9433713853526,8137.577087147175,10458.647671876332,7688.7448945730775,1.4568613879757526,304,32,110,4673.87789083729,6237.0930932061765,10910.970984043466,2395.7754287110397,2395.7754287110397,0.03768153087988923,0.056915831552001236,0.0,0.7693783696136949,3.4643790642084977,0.7606907075373632,0.4283649821516811
113,1130.0,10.0,14.364267483627456,0.1708567777787615,0.0,58.53530986234546,58.52179644629359,-0.07909206896879369,31.148931824370884,3,0,0,9.435,809.435,0.010548373455126958,98.0887627783199,2609.5174930621592,7072.654112083509,0.0,278.86870744311,8135.447333259556,10455.799829614445,7686.170888855038,1.4565769382144884,304,32,110,4671.717127698232,6234.207335566485,10905.924463264717,2394.6686744648046,2394.6686744648046,0.03768259456080736,0.05691724941252071,0.0,0.7690321564892654,3.4643753619339366,0.7606903187120947,0.42836507289541054
114,1140.0,10.0,14.535124261406217,0.1708962394394937,0.0,58.52179644629359,58.5082801990211,-0.07909037271283523,31.13455144819474,3,0,0,9.43,809.43,0.01060994559096031,98.13101666651013,2608.3378379084115,7074.28727653524,0.0,278.7940429022074,8133.317421247307,10452.952105566523,7683.596950707708,1.4562923411353474,304,32,110,4669.556347365184,6231.321556078178,10900.877903443361,2393.5619153911543,2393.5619153911543,0.03768365832384456,0.05691866721844928,0.0,0.7686859297044568,3.464371651666478,0.7606899297138537,0.42836516368008926
115,1150.0,10.0,14.70602050084571,0.17093572657131584,0.0,58.5082801990211,58.49476182833314,-0.07908452468725499,31.12017138042877,3,0,0,9.425,809.425,0.010671495379417797,98.1730927592703,2607.161568846308,7075.921537801869,0.0,278.71937967644106,8131.187266232802,10450.104712196606,7681.023216259649,1.4560076077053836,304,32,110,4667.395605844423,6228.435829387656,10895.831435232078,2392.4551805648484,2392.4551805648484,0.03768472221077967,0.05692008486262948,0.0,0.7683396983852502,3.4643679327648784,0.7606895405269758,0.4283652545093736
116,1160.0,10.0,14.876956227417026,0.1709752376450852,0.0,58.49476182833314,58.481241688132286,-0.07907659838390373,31.10579237594018,3,0,0,9.42,809.42,0.010733022820400936,98.21499164810132,2605.9870695845566,7077.556811240329,0.0,278.6447216832661,8129.0571197043955,10447.257659180012,7678.449749921022,1.4557227482389519,304,32,110,4665.235017508083,6225.550308396352,10890.785325904435,2391.3485281651897,2391.3485281651897,0.03768578609579158,0.056921502340608894,0.0,0.767993480713395,3.464364206164845,0.7606891511978705,0.42836534537243337
117,1170.0,10.0,15.04793146506211,0.17101477112881558,0.0,58.481241688132286,58.4677204862237,-0.07906452652796361,31.09141481259765,3,0,0,9.415,809.415,0.010794527916661753,98.25671392727865,2604.8160442852904,7079.193054890519,0.0,278.5700708316578,8126.926896713518,10444.41115873034,7675.876687617696,1.4554377734211894,304,32,110,4663.074638221512,6222.665067562263,10885.739705783775,2390.2419871932643,2390.2419871932643,0.037686850020695564,0.05692291954535414,0.0,0.767647285795309,3.464360471227157,0.7606887617108959,0.42836543627291973
118,1180.0,10.0,15.218946236190925,0.17105432600542336,0.0,58.4677204862237,58.454198222607374,-0.07905245036536143,31.07703944413802,3,0,0,9.41,809.41,0.010856010669908772,98.29826018736387,2603.6452030403316,7080.830183854143,0.0,278.49543106809284,8124.796988982021,10441.56508222417,7673.30402451886,1.4551526935672234,304,32,110,4660.914583116117,6219.780260952922,10880.69484406904,2389.135615822466,2389.135615822466,0.03768791378996518,0.05692433654230797,0.0,0.7673011317895971,3.464356729628431,0.760688372138397,0.428365527193949
119,1190.0,10.0,15.390000562196349,0.1710939007379367,0.0,58.454198222607374,58.44067595899105,-0.0790341652040297,31.06266627134432,3,0,0,9.405,809.405,0.010917471086317278,98.33963102438547,2602.4795676750764,7082.468198834758,0.0,278.42080229276553,8122.66697534754,10438.719844170162,7670.731967937432,1.4548675195981113,304,32,110,4658.754849541296,6216.895884571228,10875.650734112523,2388.0294138692784,2388.0294138692784,0.03768897761294533,0.056925753121977445,0.0,0.7669550187255536,3.4643529791553096,0.7606879824027041,0.4283656181536488
120,1200.0,10.0,15.561094462934285,0.17113349378652443,0.0,58.44067595899105,58.42715369537473,-0.07901588004269797,31.048296423125404,3,0,0,9.4,809.4,0.010978909167136097,98.38082702419143,2601.314205572303,7084.106971837762,0.0,278.34619041634784,8120.537442936828,10435.87525148636,7668.1605104187565,1.4545822607634156,304,32,110,4656.595609930686,6214.012169165255,10870.60777909594,2386.923468462515,2386.923468462515,0.03769004119656889,0.05692716938259732,0.0,0.766608973799698,3.464349222323133,0.7606875926122924,0.4283657091267029
121,1210.0,10.0,15.73222795672081,0.17117310360849097,0.0,58.42715369537473,58.41363249346614,-0.07899139306086908,31.033929899481276,3,0,0,9.395,809.395,0.011040324920333524,98.42184878186062,2600.1541361071895,7085.74650338946,0.0,278.27159533517244,8118.4079706761795,10433.031718335315,7665.589859039244,1.4542969277093156,304,32,110,4654.436861520565,6211.129110587062,10865.565972107626,2385.817779358519,2385.817779358519,0.037691104750140224,0.05692858511484674,0.0,0.7662629970252673,3.4643454569205794,0.7606872026895242,0.42836580013123143
122,1220.0,10.0,15.903401060329298,0.1712127286582716,0.0,58.41363249346614,58.400112353265285,-0.07896691038572498,31.019567828015663,3,0,0,9.39,809.39,0.011101718348923546,98.46269688224817,2598.9944289411537,7087.386665198539,0.0,278.19702295314977,8116.279145301161,10430.189051575491,7663.0200062087115,1.4540115294130105,304,32,110,4652.278776547367,6208.246939320318,10860.525715867685,2384.712433585106,2384.712433585106,0.03769216798078309,0.05693000041698879,0.0,0.7659171155720137,3.464341685464948,0.7606868127428771,0.428365891141917
123,1230.0,10.0,16.07461378898757,0.17125236790637932,0.0,58.400112353265285,58.386593982577324,-0.078938299383708,31.00521020794553,3,0,0,9.385,809.385,0.011163089462652055,98.5033719194641,2597.838428670432,7089.027457613312,0.0,278.1224731974593,8114.150686122671,10427.347527041284,7660.4510897760465,1.4537260765300613,304,32,110,4650.1213530598125,6205.365652454582,10855.487005514395,2383.607430919655,2383.607430919655,0.03769323102802319,0.05693141514961284,0.0,0.7655713294370986,3.4643379064854125,0.7606864227206523,0.428365982170826
124,1240.0,10.0,16.24586615689395,0.1712920203214105,0.0,58.386593982577324,58.373077381402254,-0.07890969555794528,30.99085778987577,3,0,0,9.38,809.38,0.011224438267961314,98.5438744801445,2596.6828499010144,7090.66879502405,0.0,278.04794999839993,8112.022984004607,10424.507015888723,7657.883104546402,1.4534405785629734,304,32,110,4647.96470571736,6202.485403424808,10850.450109142168,2382.5028292933043,2382.5028292933043,0.0376942936967534,0.05693282937826842,0.0,0.7652256567148822,3.4643341216635095,0.7606860326952082,0.42836607320107073
125,1250.0,10.0,16.41715817721536,0.17133168383117697,0.0,58.373077381402254,58.35956396535039,-0.0788728374675884,30.976510572501596,3,0,0,9.375,809.375,0.01128576477576959,98.5842051564208,2595.534378667103,7092.310677660126,0.0,277.97345321123794,8109.895477859368,10421.668069556492,7655.316326128548,1.4531550453449826,304,32,110,4645.808830644286,6199.606186446452,10845.415017090738,2381.3986282811943,2381.3986282811943,0.03769535626588427,0.05693424282424773,0.0,0.7648800973917924,3.4643303280531845,0.760685642563066,0.42836616425680274
126,1260.0,10.0,16.588489861046536,0.1713713573989899,0.0,58.35956396535039,58.34605302661657,-0.07884012205354338,30.9621700565984,3,0,0,9.37,809.37,0.011347068990416279,98.62436452750747,2594.383105050036,7093.95293367515,0.0,277.8989907629131,8107.76922945598,10418.830154738227,7652.750606293245,1.4528694850913586,304,32,110,4643.6539589222575,6196.7283110463595,10840.382269968617,2380.2949438735995,2380.2949438735995,0.03769641820598963,0.056935655757951224,0.0,0.7645346876343903,3.464326530489396,0.7606852525206154,0.42836625529218547
127,1270.0,10.0,16.759861218445526,0.17141103998623441,0.0,58.34605302661657,58.33254598081112,-0.07879915906548832,30.9478354889523,3,0,0,9.365,809.365,0.011408350928451896,98.66435319100944,2593.2389948102946,7095.59564913739,0.0,277.8245585726205,8105.643287141485,10415.993951033217,7650.186225391906,1.452583908953593,304,32,110,4641.499971846025,6193.851617778956,10835.351589624981,2379.191717614713,2379.191717614713,0.037697479990948086,0.056937067835463324,0.0,0.7641894093211549,3.4643227243528987,0.760684862392188,0.42836634634821946
128,1280.0,10.0,16.93127225843176,0.17145073003221276,0.0,58.33254598081112,58.31904247403145,-0.07876027577794957,30.93350836912221,3,0,0,9.36,809.36,0.011469610595403598,98.70417172420126,2592.0938130420395,7097.238651921486,0.0,277.75016452625715,8103.518571976791,10413.159063107023,7647.623104082705,1.4522983246110446,304,32,110,4639.347099387019,6190.976414535012,10830.32351392203,2378.0890653194233,2378.0890653194233,0.037698541161272345,0.05693847925745004,0.0,0.7638442985936343,3.4643189137418577,0.7606844723482638,0.4283664373851149
129,1290.0,10.0,17.102722988463974,0.17149042649372861,0.0,58.31904247403145,58.305543567985296,-0.07871521648264661,30.919188318980765,3,0,0,9.355,809.355,0.011530848007337665,98.74382071997239,2590.954210067163,7098.881984976822,0.0,277.67580654150487,8101.39446803069,10410.325968069634,7645.061451070913,1.4520127424470526,304,32,110,4637.195281055545,6188.102619921549,10825.297900977093,2376.9869575619705,2376.9869575619705,0.03769960202355239,0.056939889782550185,0.0,0.7634993463663932,3.4643150956144417,0.7606840822752156,0.4283665284293923
130,1300.0,10.0,17.274213414957703,0.17151027823520457,0.0,58.305543567985296,58.305543567985296,0.0,30.904876461438466,3,0,0,9.35,809.35,0.011592063173184553,98.78330075736606,2653.4825685951887,7100.525518937469,0.0,277.6001717780196,8093.930419119959,10412.747699414682,7645.1278717037,1.4517164692912872,304,32,110,4635.009522513808,6185.177714673832,10820.187237187642,2375.882396817169,2375.882396817169,0.03770331740407161,0.05693864439065585,0.0,0.7631545797127186,3.4642831249901977,0.7606827048211318,0.4283668499361874
131,1310.0,10.0,17.445723693192907,0.17014734666861014,0.0,58.305543567985296,59.23963354813677,5.489888607965031,0.0,3,0,0,9.345,809.345,0.011653193292492661,98.82250790547194,7100.52552635239,7100.525518937469,0.0,281.64383044295346,7844.732979852607,10931.522383010959,5465.7611915054795,1.4652784595256942,305,33,0,4643.367389557895,6195.9248290556725,10839.292218613567,2375.6678004959786,2375.6678004959786,0.037883244510647555,0.05674622054231486,0.0,0.0,3.4703999382491793,0.7606139978387212,0.42838289584850947
132,1320.0,10.0,17.615871039861517,0.16756175330946613,0.0,59.23963354813677,60.11934667846924,5.2500831064219255,0.0,3,0,0,9.34,809.34,0.01171146327063982,98.8568256147412,6988.534484170221,6988.564499873097,0.0,286.93669602964104,8011.986034762573,11117.127033880166,5558.563516940083,1.4625699693187697,305,33,0,4794.4665399252,6397.732417717539,11192.198957642739,2452.4955267890587,2452.4955267890587,0.03780080011992164,0.05665520811386323,0.0,0.0,3.4712747910036352,0.7606446176851271,0.42837574261054717
133,1330.0,10.0,17.783432793170984,0.1651949408443488,0.0,60.11934667846924,60.94973629571546,5.026725473564215,0.0,3,0,0,9.335,809.335,0.011770797099955675,98.8927992555083,6886.275078677443,6886.302378070707,0.0,291.999701096815,8171.565919014772,11295.080820772893,5647.540410386447,1.4599975705635881,305,33,0,4939.002039122863,6590.779622914802,11529.781662037665,2525.9705164335332,2525.9705164335332,0.03772215859154687,0.05656796964337307,0.0,0.0,3.4720892297834554,0.7606731230424209,0.4283690865877151
134,1340.0,10.0,17.948627734015332,0.16301926503150635,0.0,60.94973629571546,61.735150034342816,4.817919762278143,0.0,3,0,0,9.33,809.33,0.01183114889359607,98.93034696643932,6792.457811566235,6792.482218320978,0.0,296.84845263836667,8324.046480158355,11465.850362399422,5732.925181199711,1.457547921311666,305,33,0,5077.419843567069,6775.660954490708,11853.080798057777,2596.3223577232984,2596.3223577232984,0.03764703317964722,0.05648427219495855,0.0,0.0,3.472848853886015,0.7606997098860105,0.4283628813530947
135,1350.0,10.0,18.11164699904684,0.16101177853494447,0.0,61.735150034342816,62.47936508983731,4.62211561331817,0.0,3,0,0,9.325,809.325,0.011892475884309273,98.96939234928199,6706.044691070044,6706.066151450103,0.0,301.4967704490606,8469.927164617251,11629.85753198679,5814.928765993395,1.4552094885474782,305,33,0,5210.1148194504785,6952.902865903563,12163.017685354042,2663.7542018722556,2663.7542018722556,0.03757517447923022,0.05640390539560768,0.0,0.0,3.4735585335566266,0.7607245486744819,0.4283570865579007
136,1360.0,10.0,18.272658777581785,0.1591532376542166,0.0,62.47936508983731,63.185687627801336,4.4380029484452965,0.0,3,0,0,9.32,809.32,0.011954737938626803,99.00986364235173,6626.169143487121,6626.187692604129,0.0,305.95701363139216,8609.64945300416,11787.48478908865,5893.742394544325,1.4529722243277243,305,33,0,5337.440075090473,7122.9761890023365,12460.41626409281,2728.4475836199804,2728.4475836199804,0.03750636219169622,0.056326678750585946,0.0,0.0,3.4742225519795564,0.7607477893192844,0.42835166674739256
137,1370.0,10.0,18.431812015236,0.15730057411334303,0.0,63.185687627801336,63.959430009143766,4.9188783048236475,0.0,3,1,1,9.315,809.315,0.012017897300077717,99.05169327783847,6552.102309559107,6552.116714131356,0.0,282.9165772714913,8699.46823265732,10161.636918775434,5080.818459387717,1.4639928733539411,305,33,0,5459.710707125517,5464.725499557237,10924.436206682753,2288.263737019265,2288.263737019265,0.0374624867344376,0.05713124629579771,0.0,0.0,2.9782414248818934,0.6238309898754238,0.4997704782042367
138,1380.0,10.0,18.589112589349345,0.1554524989513577,0.0,63.959430009143766,64.69723446981166,4.746173047361299,0.0,3,1,1,9.31,809.31,0.012076009260418706,99.08498538314579,6472.841286952285,6472.853181162086,0.0,286.9885660933246,8846.723180338828,10285.847892549482,5142.923946274741,1.4618373970475447,305,33,0,5595.337995910492,5600.613165477819,11195.951161388311,2344.727411898988,2344.727411898988,0.037390040314438204,0.057070476795463274,0.0,0.0,2.978860221747097,0.6238518833695784,0.49976441619424355
139,1390.0,10.0,18.744565088300703,0.15372910496800485,0.0,64.69723446981166,65.4017471391851,4.582819040806044,0.0,3,1,1,9.305,809.305,0.012134941993728447,99.11953237707371,6399.02735102327,6399.037043742206,0.0,290.9184263999446,8988.612568752898,10405.949191243408,5202.974595621704,1.4597637405663286,305,33,0,5726.2305371920265,5731.76034455428,11457.990881746307,2399.2105608037905,2399.2105608037905,0.03732024849030068,0.05701173000339883,0.0,0.0,2.979444760659204,0.6238716201540224,0.4997586921032088
140,1400.0,10.0,18.898294193268708,0.1521177813179086,0.0,65.4017471391851,66.07532166056495,4.427980184460876,0.0,3,1,1,9.3,809.3,0.012194667194916124,99.15528298701062,6330.098363401574,6330.106122684208,0.0,294.71376941619076,9125.446515269103,10522.13811247695,5261.069056238475,1.457765430582246,305,33,0,5852.642048626118,5858.420734119936,11711.062782746054,2451.820230701196,2451.820230701196,0.03725295639726163,0.05695490752835725,0.0,0.0,2.97999755766134,0.6238902851822122,0.49975328091049376
141,1410.0,10.0,19.050411974586616,0.15060764449329286,0.0,66.07532166056495,66.72006244685114,4.280930018229628,0.0,3,1,1,9.295,809.295,0.012255157998470117,99.19218850627337,6265.570701349976,6265.576762936643,0.0,298.3815316798846,9257.505239643517,10634.59687234879,5317.298436174395,1.4558366942440826,305,33,0,5974.803745947945,5980.825554294362,11955.629300242306,2502.6539105669444,2502.6539105669444,0.03718802419445189,0.05689991859896201,0.0,0.0,2.980520876035313,0.6239079548731923,0.49974816012628065
142,1420.0,10.0,19.201019619079908,0.1491892431797232,0.0,66.72006244685114,67.33786005300817,4.141033180339855,0.0,3,1,1,9.29,809.29,0.012316388861193616,99.2302025904531,6205.025590012538,6205.030163600195,0.0,301.9280632770514,9385.043258015814,10743.494293787617,5371.747146893808,1.4539723608313306,305,33,0,6092.927286233918,6099.1864870695135,12192.11377330343,2551.800784218245,2551.800784218245,0.03712532495420425,0.05684667920504911,0.0,0.0,2.9810167605116993,0.6239246982666891,0.4997433094477309
143,1430.0,10.0,19.35020886225963,0.1478543228342387,0.0,67.33786005300817,67.93042035041464,4.007730623275665,0.0,3,1,1,9.285,809.285,0.012378335459020343,99.26928107786668,6148.09824986639,6148.1015237802385,0.0,305.35920115009816,9508.292825492894,10848.987251180315,5424.4936255901575,1.4521677802906356,305,33,0,6207.207213251864,6213.6981181713445,12420.905331423208,2599.342771258645,2599.342771258645,0.037064742929323415,0.05679511136321929,0.0,0.0,2.981487065577274,0.6239405779789031,0.4997387104745474
144,1440.0,10.0,19.49806318509387,0.18659563615310723,0.04,67.93042035041464,68.49928877893232,3.880527711776813,0.0,4,1,1,9.28,809.28,0.012440974595703473,99.30938183036119,6094.469196181741,6094.4713408868665,0.0,308.68033050743855,9627.466787430672,10951.22191306523,5475.610956532615,1.4504187552602417,305,33,0,6317.823005912902,6324.539982583002,12642.362988495905,2645.3553990875625,2645.3553990875625,0.037006172117850136,0.05674514248528691,0.0,0.0,2.9819334791048004,0.623955651000362,0.4997343464716124
145,1450.0,10.0,19.684658821246977,0.14540678917742583,0.0,68.49928877893232,69.0458706537262,3.758984555576262,0.0,4,1,1,9.275,809.275,0.012504284121588062,99.35046459142627,6043.857201782923,6043.858372546052,0.0,311.8964366563934,9742.76096052226,11050.334816570634,5525.167408285317,1.4487214839642009,305,33,0,6424.940807269259,6431.878291073635,12856.819098342894,2689.9085389125503,2689.9085389125503,0.036949515064439595,0.05669670483245145,0.0,0.0,2.982357542237147,0.6239699693673012,0.4997302021693192
146,1460.0,10.0,19.830065610424402,0.14428211534764668,0.0,69.0458706537262,69.5714482829289,3.6427080926580855,0.0,4,1,1,9.27,809.27,0.012568242861003541,99.3924908591213,5996.013558507777,5996.0138974315,0.0,315.01214905920096,9854.356136388678,11146.453800891386,5573.226900445693,1.4470725119367795,305,33,0,6528.714894092463,6535.867397687602,13064.582291780065,2733.0670313031674,2733.0670313031674,0.036894681851746,0.05664973504127713,0.0,0.0,2.9827606662431836,0.6239835807307992,0.499726263594373
147,1470.0,10.0,19.97434772577205,0.14321657167652432,0.0,69.5714482829289,70.07719548696205,3.5313455566822087,0.0,4,1,1,9.265,809.265,0.012632830547070362,99.43542377176183,5950.717362240837,5950.716999829732,0.0,318.03177902161804,9962.419779398258,11239.698822042945,5619.849411021472,1.445468690973565,305,33,0,6629.288934046461,6636.651055144741,13265.939989191202,2774.8912212907917,2774.8912212907917,0.03684158924574127,0.05660417371014438,0.0,0.0,2.9831441469038342,0.6239965288425177,0.4997225179254437
148,1480.0,10.0,20.117564297448574,0.1422056525739993,0.0,70.07719548696205,70.5641899853393,3.4245790484581904,0.0,4,1,1,9.26,809.26,0.012698027762920033,99.47922800465778,5907.771611715086,5907.770668091664,0.0,320.9593521283202,10067.107474775521,11330.182667112493,5665.091333556246,1.4439071440378666,305,33,0,6726.797067621794,6734.36349526622,13461.160562888013,2815.4374188314905,2815.4374188314905,0.03679015996676773,0.056559965036886234,0.0,0.0,2.9835091768672055,0.6240088539718691,0.4997189533692479
149,1490.0,10.0,20.259769950022573,0.14124531786998312,0.0,70.5641899853393,71.03342402130748,3.322120995190198,0.0,4,1,1,9.255,809.255,0.012763815888492437,99.52386967647503,5866.9999595238605,5866.998545381366,0.0,323.79863631360166,10168.564171225798,11418.011583014315,5709.0057915071575,1.4423852351062776,305,33,0,6821.3648444685205,6829.130364021595,13650.495208490116,2854.7582972476157,2854.7582972476157,0.03674032206407296,0.05651705649996103,0.0,0.0,2.9838568563210632,0.6240205932663699,0.4997155590535556
150,1500.0,10.0,20.401015267892557,0.14033193234037458,0.0,71.03342402130748,71.48581352107932,3.2237103289832247,0.0,4,1,1,9.25,809.25,0.012830177052207507,99.56931626401916,5828.243989803354,5828.242207158912,0.0,326.5531662816472,10266.925253268435,11503.28583217471,5751.642916087355,1.440900543135275,305,33,0,6913.110037954241,6921.069534988903,13834.179572943143,2892.9032397920328,2892.9032397920328,0.03669200837611632,0.05647539857682889,0.0,0.0,2.984188202261368,0.6240317810645896,0.499712324934316
151,1510.0,10.0,20.54134720023293,0.13946221461674438,0.0,71.48581352107932,71.92220602716841,3.1291092521966677,0.0,4,1,1,9.245,809.245,0.012897094086916869,99.61553652442417,5791.3609242019975,5791.358866999843,0.0,329.22626485493424,10362.31747150977,11586.100185485848,5793.050092742924,1.4394508394856074,305,33,0,7002.143357246761,7010.291820498856,14012.435177745618,2929.9186425531716,2929.9186425531716,0.03664515606243701,0.05643494449426253,0.0,0.0,2.9845041565817443,0.6240424491692894,0.49970924171463654
152,1520.0,10.0,20.680809414849676,0.1386331937996487,0.0,71.92220602716841,72.34338760045729,3.0381004847768507,0.0,4,1,1,9.24,809.24,0.012964550489630007,99.66250042388047,5756.221678429409,5756.219433030358,0.0,331.82106172271017,10454.859753672896,11666.544361174449,5833.272180587224,1.4380340682632662,305,33,0,7088.569072664631,7096.901596182713,14185.470668847343,2965.8481804058797,2965.8481804058797,0.03659970619559663,0.05639565000618611,0.0,0.0,2.984805593166668,0.6240526270869216,0.4997063007737776
153,1530.0,10.0,20.819442608649325,0.1378421724343027,0.0,72.34338760045729,72.75008885017142,2.950484909891975,0.0,4,1,1,9.235,809.235,0.013032530384582977,99.71017907216181,5722.70920754822,5722.706853133085,0.0,334.3405099770641,10544.663914955687,11744.703416848586,5872.351708424293,1.4366483291327705,305,33,0,7172.4855672228905,7180.997351831384,14353.482919054273,3000.733041514724,3000.733041514724,0.03655560340384442,0.056357473195340846,0.0,0.0,2.9850933241379978,0.6240623422385417,0.4997034941046541
154,1540.0,10.0,20.95728478108363,0.1370866947705441,0.0,72.75008885017142,73.14299022271766,2.8660795506366865,0.0,4,1,1,9.23,809.23,0.013101018489278646,99.75854466231418,5690.717090458729,5690.71469936802,0.0,336.78740075677894,10631.835282933227,11820.658100852035,5910.329050426018,1.4352918622359463,305,33,0,7253.985825055038,7262.672179230224,14516.658004285262,3034.612134940225,3034.612134940225,0.03651279555684196,0.05632037429565333,0.0,0.0,2.985368105378142,0.6240716201462972,0.49970081425860474
155,1550.0,10.0,21.094371475854174,0.13636451943504174,0.0,73.14299022271766,73.52272665774369,2.7847158234361813,0.0,4,1,1,9.225,809.225,0.013170000083178274,99.80757041495724,5660.14831361545,5660.145951640555,0.0,339.16437626504353,10716.473249548453,11894.485168121113,5947.2425840605565,1.4339630349117245,305,33,0,7333.157865587631,7342.014205831935,14675.172071419565,3067.522275130263,3067.522275130263,0.036471233488128404,0.05628431553265946,0.0,0.0,2.985630641432088,0.6240804845989422,0.4996982542963993
156,1560.0,10.0,21.230735995289216,0.13567359580611246,0.0,73.52272665774369,73.88989170155352,2.706238023900687,0.0,4,1,1,9.22,809.22,0.013239460978767022,99.85723052672078,5630.914221541999,5630.911948181889,0.0,341.47394138337603,10798.671760593359,11966.257664965042,5983.128832482521,1.4326603299629337,305,33,0,7410.085130885102,7419.106981673299,14829.192112558401,3099.498346457709,3099.498346457709,0.036430870749085534,0.05624926097973081,0.0,0.0,2.985881589873547,0.6240889577992597,0.4996958077446257
157,1570.0,10.0,21.366409591095326,0.13501204351039325,0.0,73.88989170155352,74.24504115323579,2.6305020089183926,0.0,4,1,1,9.215,809.215,0.013309387494751907,99.90750012240115,5602.933607675106,5602.93147636723,0.0,343.718474068515,10878.519751353628,12036.045186547371,6018.022593273686,1.4313823352571273,305,33,0,7484.846832395035,7494.0298257559625,14978.876658150997,3130.5734504596944,3130.5734504596944,0.03639166339003236,0.05621517642817851,0.0,0.0,2.9861215652066946,0.6240970604958024,0.4996934685567382
158,1580.0,10.0,21.50142163460572,0.13437813456353753,0.0,74.24504115323579,74.58869630680813,2.5573740451788582,0.0,4,1,1,9.21,809.21,0.01337976643118129,99.95835521047395,5576.131923809384,5576.129982143014,0.0,345.9002346899222,10956.10153568643,12103.914110308382,6051.957055154191,1.4301277344821197,305,33,0,7557.518262353028,7566.858137141784,15124.376399494813,3160.7790380202778,3160.7790380202778,0.03635356976478544,0.056182029269583635,0.0,0.0,2.986351142363777,0.6241048121009887,0.4996912310781597
159,1590.0,10.0,21.635799769169257,0.1337702777597845,0.0,74.58869630680813,74.92134684279667,2.486729799469276,0.0,4,1,1,9.205,809.205,0.013450585046300903,100.00977264164439,5550.440590218774,5550.4388801364785,0.0,348.0213744415765,11031.497154654298,12169.927808117467,6084.9639040587335,1.428895298904553,305,33,0,7628.1710743067615,7637.663675215004,15265.834749521766,3190.1450283976615,3190.1450283976615,0.036316550355598796,0.056149788388933,0.0,0.0,2.9865708598496203,0.6241122307972754,0.4996890900149256
160,1600.0,10.0,21.76957004692904,0.13318700498204894,0.0,74.92134684279667,75.24345341452289,2.4184534502418957,0.0,4,1,1,9.2,809.2,0.013521831034983651,100.06173007015391,5525.796391593102,5525.794949584574,0.0,350.0839429419187,11104.78268989647,12234.146839564775,6117.073419782388,1.4276838800026903,305,33,0,7696.873536557782,7706.514812903464,15403.388349461246,3218.6999167154413,3218.6999167154413,0.0362805676158714,0.05611842406733281,0.0,0.0,2.9867812225764814,0.6241193336328764,0.4996870404054307
161,1610.0,10.0,21.902757051911088,0.13262695915843065,0.0,75.24345341452289,75.55544996762308,2.3524369033258608,0.0,4,1,1,9.195,809.195,0.013593492508589442,100.11420591759524,5502.14094640925,5502.139803701421,0.0,352.0898951193341,11176.030546141876,12296.629128480394,6148.314564240197,1.426492402863625,305,33,0,7763.69076176994,7773.47676610233,15537.167527872269,3246.470871303146,3246.470871303146,0.036245585828401844,0.056087907893236096,0.0,0.0,2.9869827044263744,0.6241261366082786,0.49968507759490804
162,1620.0,10.0,22.035384011069517,0.132088883635335,0.0,75.55544996762308,75.85774582571176,2.2885790974148223,0.0,4,1,1,9.19,809.19,0.013665557976127736,100.16717933901526,5479.420239379581,5479.419422125165,0.0,354.04109746679893,11245.309706622938,12357.430124496988,6178.715062248494,1.4253198602509305,305,33,0,7828.6849155343625,7838.611802085562,15667.296717619924,3273.4838220756824,3273.4838220756824,0.03621157097729467,0.05605821268125907,0.0,0.0,2.9871757505727454,0.6241326547546326,0.49968319721231697
163,1630.0,10.0,22.16747289470485,0.13157161277372814,0.0,75.85774582571176,76.15072757040934,2.226785387220616,0.0,4,1,1,9.185,809.185,0.013738016326609672,100.22063019111009,5457.584208273045,5457.583737739751,0.0,355.9393337377741,11312.685964611777,12416.602951239833,6208.301475619916,1.4241653072620692,305,33,0,7891.915406295787,7901.979429305823,15793.89483560161,3299.7635409771574,3299.7635409771574,0.036178490631893954,0.05602931239777943,0.0,0.0,2.987360779588956,0.6241389022049447,0.4996813951493665
164,1640.0,10.0,22.29904450747858,0.13118109563795163,0.0,76.15072757040934,76.31026463839376,1.2161589839493445,0.0,4,0,0,9.18,809.18,0.01381085681248895,100.27453900233758,5436.586388548433,5436.586270527928,0.0,397.48609804874917,11439.179503977819,15059.89369927213,7529.946849636065,1.4086554841373289,305,33,0,7950.281860047164,10613.446296202786,18563.72815624995,4055.0087638675536,4055.0087638675536,0.03611422407100564,0.05472471093917171,0.0,0.0,3.4842987506578154,0.7611004562730235,0.4282696769275034
165,1650.0,10.0,22.430225603116533,0.13091150846812172,0.0,76.31026463839376,76.4646917732513,1.1796299398318297,0.0,4,0,0,9.175,809.175,0.01389234520677382,100.34265760206559,5425.2206128258895,5425.22034174293,0.0,398.6602381680017,11475.152355125905,15102.196856074206,7551.098428037103,1.4076998273453685,305,33,0,7983.81307031869,10658.24012713142,18642.05319745011,4072.0333180944667,4072.0333180944667,0.036096520465920004,0.054703989161880004,0.0,0.0,3.4843848995910873,0.761103471485688,0.4282689779798895
166,1660.0,10.0,22.561137111584653,0.13065159112217603,0.0,76.4646917732513,76.61419404986454,1.1442820965986358,0.0,4,0,0,9.17,809.17,0.013974067058482193,100.41093796574398,5414.264255140852,5414.263634615532,0.0,399.7990610104618,11510.03761647656,15143.233117554226,7571.616558777113,1.406752444158428,305,33,0,8016.336370593621,10701.687382937165,18718.023753530786,4088.546450025672,4088.546450025672,0.036079351448481754,0.05468388695729875,0.0,0.0,3.484467425696028,0.7611063598993609,0.42826830845759006
167,1670.0,10.0,22.69178870270683,0.13040092737635398,0.0,76.61419404986454,76.75894832263874,1.1100708843613574,0.0,4,0,0,9.165,809.165,0.014056015295710692,100.47936778817402,5403.698915012439,5403.698428656015,0.0,400.90370928166635,11543.870904941257,15183.043047169835,7591.521523584917,1.4058129352669813,305,33,0,8047.884370940781,10743.831633920314,18791.716004861097,4104.564698586515,4104.564698586515,0.03606269951715372,0.05466438450610801,0.0,0.0,3.4845465052814575,0.761109127684851,0.42826766692615675
168,1680.0,10.0,22.822189630083184,0.13015912358286177,0.0,76.75894832263874,76.89912380833731,1.0769547446232082,0.0,4,0,0,9.16,809.16,0.014138183084186143,100.54793520049698,5393.507962439071,5393.50797590198,0.0,401.9752825895329,11576.68640435969,15221.665768275838,7610.832884137919,1.4048809223852614,305,33,0,8078.488451489636,10784.714807145896,18863.20325863553,4120.103978690223,4120.103978690223,0.03604654787565452,0.05464546269194847,0.0,0.0,3.4846223045234983,0.7611117806583224,0.42826705203376964
169,1690.0,10.0,22.952348753666044,0.1299258070372514,0.0,76.89912380833731,77.03488249932215,1.044893959719002,0.0,4,0,0,9.155,809.155,0.014220563811894406,100.61662874316619,5383.675635779066,5383.676425648879,0.0,403.0148403702842,11608.517027911548,15259.138996774067,7629.5694983870335,1.4039560468593983,305,33,0,8108.178845905418,10824.377298030196,18932.556143935613,4135.179623432353,4135.179623432353,0.036030880352668104,0.05462710308656483,0.0,0.0,3.4846949804579808,0.7611143243160293,0.42826646250314127
170,1700.0,10.0,23.082274560703297,0.12970062419584363,0.0,77.03488249932215,77.16638001581167,1.0138541530144267,0.0,4,0,0,9.15,809.15,0.014303151081774523,100.68543735242874,5374.189901124213,5374.188764468394,0.0,404.0234035725604,11639.394230346315,15295.499341157712,7647.749670578856,1.403037968256238,305,33,0,8136.984689630617,10862.85803437341,18999.842724004026,4149.806409640029,4149.806409640029,0.03601568149504465,0.05460928779844264,0.0,0.0,3.4847646804739814,0.7611167638165893,0.4282658971355858
171,1710.0,10.0,23.211975184899142,0.12948316317369893,0.0,77.16638001581167,77.29385643338922,0.984501880036305,28.355477165450758,4,0,0,9.145,809.145,0.01438593867854512,100.75435030381105,5365.033727567009,5365.030728604476,0.0,404.43675138972975,11653.169155917823,15309.28093673083,9891.650494041683,1.396260898205148,306,33,210,8148.802070648822,10878.64620774983,19027.448278398653,4163.992202455303,4163.992202455303,0.03600889061492683,0.05460254702537389,0.0,0.701557529331719,3.477944078019303,0.7611179286656714,0.42826562718343775
172,1720.0,10.0,23.34145834807284,0.12927310950254017,0.0,77.29385643338922,77.41735982003433,0.9553679579641084,28.449239249263737,4,0,0,9.14,809.14,0.014480363570393737,100.84239712964484,5356.181315548651,5356.182484655549,0.0,405.3814027938054,11682.093779502096,15343.333073418264,9916.059737708685,1.3951962305758978,306,33,210,8175.783897177687,10914.690174742675,19090.474071920362,4177.773483247767,4177.773483247767,0.03599465177270213,0.0545858613231119,0.0,0.7038292412722094,3.4779638235635884,0.7611201787362082,0.42826510574733273
173,1730.0,10.0,23.470731457575383,0.1290702405927137,0.0,77.41735982003433,77.53702709484563,0.927148460107901,28.54022667383175,4,0,0,9.135,809.135,0.014575045467461117,100.9305785835856,5347.633180177979,5347.637803231616,0.0,406.29802190006535,11710.15670633451,15376.378087003182,9939.74643370035,1.3941355622510152,306,33,210,8201.965708952794,10949.6653366349,19151.631045587696,4191.146889008507,4191.146889008507,0.03598083653243154,0.05456966826072285,0.0,0.7060332796240215,3.4779821841277547,0.7611223386841695,0.4282646052145218
174,1740.0,10.0,23.599801698168097,0.12887426925218745,0.0,77.53702709484563,77.6529896249623,0.8998113493839355,28.628526527175357,4,0,0,9.13,809.13,0.014669976922285688,101.01888182584858,5339.37707172758,5339.384491664643,0.0,407.18749113564627,11737.385279936749,15408.447462439668,9962.73319894084,1.3930786210581168,306,33,210,8227.372688172336,10983.605339704081,19210.978027876416,4204.12522346491,4204.12522346491,0.035967431460455494,0.05455395245435618,0.0,0.7081717924661189,3.477999248618236,0.7611244126712605,0.4282641246184274
175,1750.0,10.0,23.728675967420283,0.12868492240758603,0.0,77.6529896249623,77.76537350427552,0.8733259282486415,28.714222846164304,4,0,0,9.125,809.125,0.01476515071283755,101.10729443447097,5331.4013453709595,5331.41096047274,0.0,408.0506619175049,11763.805868507274,15439.571592659719,9985.041863469121,1.392025149851146,306,33,210,8252.029132085956,11016.542647831036,19268.571779916994,4216.720841759273,4216.720841759273,0.03595442360239535,0.05453869905354598,0.0,0.7102468514000999,3.478015100299224,0.7611264046394405,0.4282636630436085
176,1760.0,10.0,23.85736088982787,0.12850194024126255,0.0,77.76537350427552,77.87429981466408,0.8476627682357047,28.797396744092747,4,0,0,9.12,809.12,0.014860559835133767,101.19580439163418,5323.69492418214,5323.706186240312,0.0,408.8883559498764,11789.443906707393,15469.779823284369,10006.693502866266,1.3909749056849114,306,33,210,8275.958490026966,11048.508591964795,19324.46708199176,4228.94566919739,4228.94566919739,0.03594180046256728,0.05452389371931886,0.0,0.7122604548021166,3.478029817161243,0.7611283183239764,0.42826321962271513
177,1770.0,10.0,23.98586283006913,0.12832507539227198,0.0,77.87429981466408,77.97988487108631,0.8227936441842758,28.878126531543767,4,0,0,9.115,809.115,0.014956197496131435,101.28440007049373,5316.247264879842,5316.25967726572,0.0,409.7013664537774,11814.32393519054,15499.100495061291,10027.708469016225,1.3899276590423708,306,33,210,8299.18339850422,11079.53341699761,19378.71681550183,4240.8112190119045,4240.8112190119045,0.035929549984514225,0.05450952260342265,0.0,0.714214530902032,3.4780434722641775,0.7611301572656315,0.4282627935336442
178,1780.0,10.0,24.114187905461403,0.12815409221570218,0.0,77.97988487108631,78.08224045174038,0.7986914727762724,28.956487830989886,4,0,0,9.11,809.11,0.015052057106885614,101.37307022249374,5309.048326077013,5309.061441734759,0.0,410.4904593330419,11838.469638028624,15527.56098417417,10048.106419307976,1.3888831931106425,306,33,210,8321.725714481792,11109.646326221002,19431.372040702794,4252.328609205962,4252.328609205962,0.03591766053257898,0.0544955723286038,0.0,0.7161109407013078,3.478056134056688,0.7611319248220529,0.4282623839968849
179,1790.0,10.0,24.242341997677105,0.12798876609536733,0.0,78.08224045174038,78.18147401439916,0.7753302550384887,29.03255368554001,4,0,0,9.105,809.105,0.015148132275959939,101.46180396514403,5302.088538821248,5302.101958202358,0.0,411.2563742810124,11861.903878176525,15555.18774055764,10067.906344378358,1.3878413031020609,306,33,210,8343.606546964269,11138.875523519897,19482.482070484166,4263.508578537319,4263.508578537319,0.03590612087444818,0.05448202996986665,0.0,0.717951480740193,3.478067866673781,0.7611336241784179,0.428261990273035
180,1800.0,10.0,24.370330763772472,0.12782888280535762,0.0,78.18147401439916,78.27768889992895,0.7526850224944155,29.10639466221034,4,0,0,9.1,809.1,0.015244416803078526,101.55059077023938,5295.358779230204,5295.372148186297,0.0,411.99982583168384,11884.648731104422,15582.006324341168,10087.126594487036,1.3868017956169398,306,33,210,8364.846286996108,11167.248253449481,19532.09454044559,4274.3615016982885,4274.3615016982885,0.035894920164602634,0.05446888303665332,0.0,0.7197378857239364,3.478078730214149,0.7611352583573904,0.4282616116604809
181,1810.0,10.0,24.49815964657783,0.12767423791637247,0.0,78.27768889992895,78.3709845239151,0.7307317866840094,29.17807895006695,4,0,0,9.095,809.095,0.015340904673008379,101.63942045250154,5288.850343048389,5288.863350695779,0.0,412.7215043587964,11906.725516716917,15608.041440536179,10105.78490460827,1.3857644880449835,306,33,210,8385.464636175007,11194.790839328087,19580.255475503094,4284.897403742493,4284.897403742493,0.035884047928614535,0.054456119455887554,0.0,0.721471831016988,3.478088780998764,0.7611368302284408,0.42826124749322514
182,1820.0,10.0,24.625833884494202,0.12752463624315327,0.0,78.3709845239151,78.46145655723944,0.7094474917916613,29.247672453560668,4,0,0,9.09,809.09,0.015437590049662182,101.72828315862573,5282.554921965302,5282.567298534662,0.0,413.4220770261108,11928.154829668725,15633.316972071998,10123.89841831751,1.3847292080025473,306,33,210,8405.480633771534,11221.528719469188,19627.009353240723,4295.125973805476,4295.125973805476,0.035873494048237184,0.05444372755582991,0.0,0.7231549350134571,3.478098071812096,0.7611383425165709,0.4282608971388532
183,1830.0,10.0,24.753358520737354,0.12737989132967653,0.0,78.46145655723944,78.54919709638374,0.6888099701483043,29.31523888135035,4,0,0,9.085,809.085,0.015534467270411889,101.81716935671432,5276.464581551882,5276.476096234302,0.0,414.1021886918465,11948.956568177988,15657.856011278447,10141.483710545164,1.3836957928032059,306,33,210,8424.912682540275,11247.486481666161,19672.399164206436,4305.056578162595,4305.056578162595,0.0358632487472367,0.05443169605069591,0.0,0.7247887613914672,3.4781066521272055,0.7611397978104882,0.4282605599966295
184,1840.0,10.0,24.880738412067032,0.12723982496907987,0.0,78.54919709638374,78.6342948241697,0.6687979003951569,29.380839830888284,4,0,0,9.08,809.08,0.01563153084060408,101.9060698260814,5270.57174068611,5270.582199484504,0.0,414.7624627700465,11969.149961430365,15681.68088990607,10158.556809264606,1.3826640889592745,306,33,210,8443.77857330134,11272.687896035095,19716.466469336436,4314.698272664351,4314.698272664351,0.03585330257791962,0.05442001402599204,0.0,0.7263748212584765,3.478114568315879,0.7611411985702681,0.42826023549571246
185,1850.0,10.0,25.007978237036113,0.12710426675556907,0.0,78.6342948241697,78.71683516158824,0.6493907681106066,29.444534869021155,4,0,0,9.075,809.075,0.015728775428268543,101.99497564741283,5264.869152346863,5264.878395943209,0.0,415.40350205142556,11988.75359566041,15704.813207767964,10175.133216176428,1.3816339517121408,306,33,210,8462.095508365333,11297.15594631304,19759.25145467837,4324.059814586349,4324.059814586349,0.0358436464083132,0.054408670924527947,0.0,0.727914575194104,3.4781218638448546,0.7611425471345372,0.4282599230934821
186,1860.0,10.0,25.135082503791683,0.1269730536658047,0.0,78.71683516158824,78.79690041131805,0.6305688287260182,29.506381608841213,4,0,0,9.07,809.07,0.01582619585901198,102.08387819326694,5259.349885671744,5259.357787316394,0.0,416.02588948607325,12007.78543898964,15727.273860081914,10191.22792644681,1.3806052445894317,306,33,210,8479.880123869421,11320.912859702134,19800.792983571555,4333.149673928311,4333.149673928311,0.035834271409959165,0.05439765653306599,0.0,0.7294094351965306,3.478128579459136,0.7611438457272144,0.4282596222739696
187,1870.0,10.0,25.262055557457487,0.12684602966749012,0.0,78.79690041131805,78.87456989348631,0.6123130725641204,29.566435783005595,4,0,0,9.065,809.065,0.015923787111089206,102.1727691189023,5254.007309178442,5254.013772609446,0.0,416.63018893021473,12026.262865095505,15749.083063585476,10206.855447553537,1.3795778389872009,306,33,210,8497.148511087513,11343.980135343467,19841.12864643098,4341.976044194136,4341.976044194136,0.03582516904628392,0.05438696096957218,0.0,0.7308607665381015,3.478134753353297,0.7611450964638363,0.4282593325463861
188,1880.0,10.0,25.388901587124977,0.12672304535308393,0.0,78.87456989348631,78.94992007418067,0.594605191852952,29.624751313725987,4,0,0,9.06,809.06,0.016021544310644526,102.26164035341912,5248.835075062282,5248.840032460061,0.0,417.2169458590735,12044.20267577948,15770.260381492086,10222.02981728965,1.3785516137754696,306,33,210,8513.916236772859,11366.378571498708,19880.294808271567,4350.54685268266,4350.54685268266,0.03581633106151144,0.05437657467103486,0.0,0.7322698895353627,3.4781404213316054,0.7611463013574973,0.42825905344373894
189,1890.0,10.0,25.515624632478062,0.12660395759674145,0.0,78.94992007418067,79.02302468718248,0.5774275495768052,29.681380379616744,4,0,0,9.055,809.055,0.01611946272711649,102.35048409120199,5243.8271044873745,5243.830514470555,0.0,417.78668804774355,12061.621122498147,15790.824747351426,10236.764620971218,1.3775264549255788,306,33,210,8530.198362587553,11388.128291512023,19918.326654099576,4358.869770316769,4358.869770316769,0.03580774947008722,0.05436648838181993,0.0,0.7336380812383909,3.4781456169577587,0.7611474623244299,0.42825878452153376
190,1900.0,10.0,25.642228590074804,0.12648862923275345,0.0,79.02302468718248,79.09395484935537,0.5607631500407024,29.73637347957644,4,0,0,9.05,809.05,0.016217537768799372,102.43929278365178,5238.977573798775,5238.9794194647,0.0,418.3399262218402,12078.533926916105,15810.794487873243,10251.073007892624,1.37650225515793,306,33,210,8546.009463669474,11409.248768619875,19955.25823228935,4366.952221036505,4366.952221036505,0.03579941654658399,0.054356693142533455,0.0,0.73496657704395,3.478150371694926,0.7611485811892481,0.4282585253565541
191,1910.0,10.0,25.768717219307558,0.1263769287538977,0.0,79.09395484935537,79.16277917009015,0.5445956110296265,29.789779493866032,4,0,0,9.045,809.045,0.016315764978555268,102.52805913119582,5234.280901585197,5234.281188600524,0.0,418.87715467958435,12094.95630053597,15830.187344769654,10264.967707069774,1.375478913608811,306,33,210,8561.363646383927,11429.7588496717,19991.12249605563,4374.801390780149,4374.801390780149,0.03579132481606197,0.054347180279364415,0.0,0.7362565722366887,3.4781547150367724,0.761149659689878,0.42825827554571466
192,1920.0,10.0,25.895094148061457,0.12626873002825317,0.0,79.16277917009015,79.22956385517757,0.5289091374600957,29.84164574253552,4,0,0,9.04,809.04,0.01641414002967082,102.61677607556517,5229.7317365331655,5229.730491276391,0.0,419.3988518868636,12110.902963456434,15849.020495667806,10278.461042309144,1.3744563355150876,306,33,210,8576.274565303993,11449.676777820247,20025.951343124238,4382.424236075586,4382.424236075586,0.03578346704485833,0.05433794139388217,0.0,0.7375092234623151,3.478158674630081,0.7611506994821944,0.42825803470498264
193,1930.0,10.0,26.02136287808971,0.12616391203314745,0.0,79.22956385517757,79.29437280545274,0.5136884964231285,29.89201804134124,4,0,0,9.035,809.035,0.016512658721852976,102.70543679232904,5225.32494601319,5225.322213772927,0.0,419.90548104670825,12126.388162306259,15867.31057414096,10291.56494663794,1.373434431915644,306,33,210,8590.755439460734,11469.020214236485,20059.77565369722,4389.827492262797,4389.827492262797,0.0357758362317822,0.05432896835326491,0.0,0.7387256501364245,3.4781622763895266,0.7611517021443832,0.42825780246836265
194,1940.0,10.0,26.147526790122857,0.12606235860501663,0.0,79.29437280545274,79.35726771053,0.49891899353019653,29.940940755286302,4,0,0,9.03,809.03,0.01661131697735845,102.79403468367641,5221.055605347231,5221.051448578089,0.0,420.3974906445321,12141.425687398725,15885.073688903416,10304.290976128512,1.3724131193685276,306,33,210,8604.819067901704,11487.806258900438,20092.625326802143,4397.017681366964,4397.017681366964,0.03576842559969318,0.05432025328093671,0.0,0.7399069357924106,3.4781655446051474,0.7611526691810486,0.42825757848694285
195,1950.0,10.0,26.273589148727872,0.1259639582040584,0.0,79.35726771053,79.41830813792429,0.484586450478173,29.988456849908225,4,0,0,9.025,809.025,0.0167101108372517,102.88256337143565,5216.9189877089,5216.9134843470165,0.0,420.8753149703953,12156.028889148058,15902.325442211628,10316.650323148022,1.3713923196828433,306,33,210,8618.477844593734,11506.051470515953,20124.529315109685,4404.001119640401,4404.001119640401,0.03576122858744286,0.05431178854759251,0.0,0.7410541293716701,3.478168502042985,0.761153602027079,0.4282573624279948
196,1960.0,10.0,26.39955310693193,0.1258686036926475,0.0,79.41830813792429,79.47755161783374,0.4706771837567885,30.034607940429957,4,0,0,9.02,809.02,0.016809036457786666,102.97101669032313,5212.91055461275,5212.903796452249,0.0,421.3393746194726,12170.210693786825,15919.080947511351,10328.653829062423,1.3703719596644974,306,33,210,8631.743772703734,11523.77188559444,20155.515658298173,4410.783924790361,4410.783924790361,0.0357542388421601,0.054303566762591245,0.0,0.7421682464591112,3.4781711700393636,0.7611545020512891,0.4282571539741273
197,1970.0,10.0,26.525421710624578,0.12577619212656574,0.0,79.47755161783374,79.53505372383897,0.4571779844262437,30.079434338882987,4,0,0,9.015,809.015,0.016908090106907532,103.05938868141244,5209.02594695114,5209.0180380833945,0.0,421.7900769718317,12183.983618420665,15935.354846368115,10340.31199642202,1.3693519708749584,306,33,210,8644.62847828905,11540.98303674973,20185.61151503878,4417.372022908711,4417.372022908711,0.03574745021186201,0.054295580765698966,0.0,0.7432502704667752,3.478173568589216,0.7611553705598519,0.4282569528224888
198,1980.0,10.0,26.651197902751143,0.12568662455817423,0.0,79.53505372383897,79.59086814975683,0.44407609890126876,30.122975099304533,4,0,0,9.01,809.01,0.017007268160864113,103.1476735858161,5205.2609765431225,5205.252031858654,0.0,422.22781665256025,12197.359785454359,15951.161324716326,10351.635000654278,1.368332289402275,306,33,210,8657.143223427034,11557.699970243648,20214.843193670684,4423.771155118447,4423.771155118447,0.03574085673837395,0.05428782361916457,0.0,0.744301153768216,3.4781757164288605,0.7611562087995335,0.42825675868401525
199,1990.0,10.0,26.776884527309317,0.12559980585072195,0.0,79.59086814975683,79.64504678286993,0.4313592106781471,30.16526806110465,4,0,0,9.005,809.005,0.017106567100937643,103.23586583857185,5201.611618159001,5201.601761913497,0.0,422.6529759732158,12210.350936421255,15966.5141284598,10362.632701287861,1.3673128556436187,306,33,210,8669.298918811644,11573.937262819409,20243.23618163105,4429.986883951111,4429.986883951111,0.03573445265054266,0.05428028860011205,0.0,0.7453218187861133,3.4781776311135797,0.7611570179607426,0.42825657128272143
200,2000.0,10.0,26.90248433316004,0.12551564450304903,0.0,79.64504678286993,79.69763977373823,0.41901542295013317,30.206349890693048,4,0,0,9.0,809.0,0.017205983510272884,103.32396006272639,5198.074001990516,5198.063366434524,0.0,423.0659253555158,12222.968445246008,15981.426578455046,10373.314652730664,1.3662936140986914,306,33,210,8681.106135843229,11589.709037857825,20270.815173701056,4436.024599468343,4436.024599468343,0.03572823235772789,0.05427296919323391,0.0,0.7463131590354455,3.4781793290903567,0.7611577991804083,0.4282563903550322
201,2010.0,10.0,27.02799997766309,0.1254340524839981,0.0,79.69763977373823,79.74869560278516,0.40703324205715036,30.2462561214502,4,0,0,8.995,808.995,0.017305514070812714,103.41195106360908,5194.6444065361175,5194.633130608972,0.0,423.46702373812775,12235.223330968736,15995.91158490645,10383.690114623054,1.3652745131733737,306,33,210,8692.575118236073,11605.028980889114,20297.604099125187,4441.889525139965,4441.889525139965,0.035722190443558365,0.054265859083771475,0.0,0.747276040124411,3.478180825766067,0.7611585535446935,0.4282562156491523
202,2020.0,10.0,27.15343403014709,0.12535494507590056,0.0,79.74869560278516,79.79826114383776,0.3954015617221103,30.28502119212231,4,0,0,8.99,808.99,0.01740515556033147,103.49983382328926,5191.319251875232,5191.307479962611,0.0,423.85661896737025,12247.126269957027,16009.981661200994,10393.768061786463,1.364255504993028,306,33,210,8703.715793166824,11619.910354491198,20323.626147658022,4447.586723490292,4447.586723490292,0.03571632165993952,0.054258952150768494,0.0,0.7482113007151536,3.47818213557143,0.7611592820915583,0.4282560469244702
203,2030.0,10.0,27.27878897522299,0.1252782407265507,0.0,79.79826114383776,79.84638172478869,0.38410964802706077,30.322678483714895,4,0,0,8.985,808.985,0.017504904849563508,103.5876034952103,5188.095093305435,5188.082974060772,0.0,424.23504817259027,12258.687607630738,16023.648937208614,10403.557193786246,1.3632365452249204,306,33,210,8714.53778198567,11634.366012603683,20348.90379458935,4453.121101523673,4453.121101523673,0.03571062092130022,0.05425224246058546,0.0,0.7491197534462279,3.478183272020996,0.7611599858131778,0.4282558839509975
204,2040.0,10.0,27.404067215949542,0.12520386090912525,0.0,79.84638172478869,79.89310118553693,0.37314712508873527,30.359260354955566,4,0,0,8.98,808.98,0.017604758899423572,103.67525539899424,5184.968615320839,5184.9563005492055,0.0,424.6026381269322,12269.917369722805,16036.925172072677,10413.065944126654,1.3622175929092482,306,33,210,8725.050410510661,11648.40841428482,20373.45882479548,4458.4974159396215,4458.4974159396215,0.0357050832990674,0.05424572426066232,0.0,0.7500021858186279,3.478184247769411,0.7611606656582274,0.4282557265088368
205,2050.0,10.0,27.529271076858667,0.1251317299895452,0.0,79.89310118553693,79.93846193335392,0.3625039613915305,30.39479817639259,4,0,0,8.975,808.975,0.017704714758315736,103.76278501541124,5181.936625908216,5181.924269513104,0.0,424.9597055941826,12280.825273098315,16049.821766513856,10422.30248909478,1.3611986102983031,306,33,210,8735.262718924709,11662.049636937463,20397.312355862174,4463.720278147321,4463.720278147321,0.03569970401635747,0.0542393919735186,0.0,0.7508593610470998,3.478185074664209,0.7611613225340409,0.4282555743876815
