sample_index,distance_m,step_m,time_s,dt_s,shift_loss_s,speed_mps,exit_speed_mps,acceleration_mps2,lateral_acceleration_mps2,gear,drs,drs_zone,fuel_kg,mass_kg,tyre_wear,tyre_temperature_c,engine_force_n,available_engine_force_n,brake_force_n,rolling_force_n,front_tyre_load_n,rear_tyre_load_n,max_wheel_load_n,tyre_mu,segment_id,sector_id,radius_m,front_downforce_n,rear_downforce_n,downforce_n,drag_n,drag_longitudinal_n,front_height_m,rear_height_m,yaw_deg,roll_deg,cl_down,cd,front_aero_fraction
0,0.0,10.0,0.0,0.12585246599736327,0.0,79.42874838113948,79.48748612807562,0.4667190783322894,0.0,4,0,0,10.0,810.0,0.0,85.0,5212.226576552945,5212.218603941959,0.0,422.2331709526928,12196.160823337686,15952.717240175167,7976.358620087583,1.4480406860242465,201,21,0,8653.140436125117,11552.351127387736,20205.491563512853,4411.950952151098,4411.950952151098,0.03574358240364074,0.054289673946626794,0.0,0.0,3.4858787881355036,0.7611557575847426,0.4282568631861938
1,10.0,10.0,0.12585246599736327,0.12576086462043778,0.0,79.48748612807562,79.5444993815862,0.4533465453077497,0.0,4,0,0,9.995,809.995,8.628456581027435e-05,85.12692927669555,5208.375064094376,5208.367004246872,0.0,422.6829934075573,12209.90121283198,15968.96501433851,7984.482507169255,1.448207331916525,201,21,0,8666.00005570836,11569.52870471213,20235.52876042049,4418.483635720268,4418.483635720268,0.03573681018569472,0.05428169985320694,0.0,0.0,3.4859032723417607,0.7611566145319616,0.4282566647162959
2,20.0,10.0,0.25161333061780106,0.1256720780431294,0.0,79.5444993815862,79.59984128202724,0.4403675128379746,0.0,4,0,0,9.99,809.99,0.00017265825494200315,85.25358445176104,5204.642307436763,5204.6339246411435,0.0,423.11989914041084,12223.246380611334,15984.746895416056,7992.373447708028,1.4483660189176553,201,21,0,8678.49102567997,11586.21381684742,20264.70484252739,4424.829126572721,4424.829126572721,0.03573023235600185,0.05427395388594333,0.0,0.0,3.485926902817191,0.7611574415986017,0.42825647316941623
3,30.0,10.0,0.3772854086609304,0.1255860122309892,0.0,79.59984128202724,79.65356317526363,0.427769719589287,0.0,4,0,0,9.985,809.985,0.0002591185127730798,85.37996218673229,5201.024258780208,5201.015395661054,0.0,423.54426859089943,12236.208012068086,16000.076560658543,8000.038280329271,1.4485166801561422,201,21,0,8690.624203315714,11602.420969160916,20293.04517247663,4430.992933867779,4430.992933867779,0.0357238431714642,0.05426642935501229,0.0,0.0,3.485949713184965,0.7611582399614738,0.4282562882727315
4,40.0,10.0,0.5028714208919196,0.1255025767482331,0.0,79.65356317526363,79.70571468340053,0.4155413337968639,0.0,4,0,0,9.98,809.98,0.0003456628611052304,85.50605928141574,5197.517034944087,5197.507600370192,0.0,423.9564703291969,12248.797424867236,16014.967263745895,8007.483631872948,1.4486592546614856,201,21,0,8702.410107179634,11618.164214433496,20320.57432161313,4436.980395066106,4436.980395066106,0.03571763706954018,0.054259119777439135,0.0,0.0,3.4859717355511117,0.7611590107442889,0.4282561097657402
5,50.0,10.0,0.6283739976401527,0.12542168459202277,0.0,79.70571468340053,79.75634377209614,0.40367093505642515,0.0,4,0,0,9.975,809.975,0.000432288895670804,85.63187266928001,5194.11690904071,5194.106867298681,0.0,424.35686147228375,12261.025582054617,16029.431849430968,8014.715924715484,1.4487936871111864,201,21,0,8713.858929002312,11633.457168733274,20347.316097735587,4442.796681946099,4442.796681946099,0.03571160866181217,0.05425201886995797,0.0,0.0,3.4859930005823783,0.7611597550203832,0.42825593739962886
6,60.0,10.0,0.7537956822321754,0.12534325203618704,0.0,79.75634377209614,79.80549681447113,0.3921474955890517,0.0,4,0,0,9.97,809.97,0.0005189942837350378,85.75739941302146,5190.820301450257,5190.809663780546,0.0,424.74578808262595,12272.903104698327,16043.482767476738,8021.741383738369,1.448919927589468,201,21,0,8724.980545056851,11648.313026618216,20373.293571675065,4448.446806365367,4448.446806365367,0.03570575272778313,0.054245120542217896,0.0,0.0,3.486013537580057,0.7611604738153019,0.4282557709366721
7,70.0,10.0,0.8791389342683624,0.1252671984509453,0.0,79.80549681447113,79.85321869381903,0.3809606979164073,0.0,4,0,0,9.965,809.965,0.000605776761872106,85.88263670043372,5187.624042968567,5187.612589674768,0.0,425.1235855403603,12284.440261082964,16057.132108274387,8028.5660541371935,1.4490379313348207,201,21,0,8735.784526794452,11662.7445753129,20398.52910210735,4453.935625740343,4453.935625740343,0.03570006422028064,0.05423841887897364,0.0,0.0,3.4860333744544083,0.7611611681059043,0.4282556101504381
8,80.0,10.0,1.0044061327193077,0.12519344617289985,0.0,79.85321869381903,79.89955280812343,0.37010015876080615,0.0,4,0,0,9.96,809.96,0.0006926341313747762,86.00758183635361,5184.5247568741715,5184.512368717396,0.0,425.4905792490615,12295.64703920133,16070.391577402772,8035.195788701386,1.449147658465958,201,21,0,8746.28016095049,11676.764221653613,20423.0443826041,4459.267853035207,4459.267853035207,0.03569453822964379,0.05423190815345629,0.0,0.0,3.486052538019882,0.7611618388306959,0.4282554548233944
9,90.0,10.0,1.1295995788922075,0.1251219204621103,0.0,79.89955280812343,79.94454106555115,0.35955536217443296,0.0,4,0,0,9.955,809.955,0.0007795642589403357,86.13223224341291,5181.518803793122,5181.505846399536,0.0,425.84708457522936,12306.533149535055,16083.272488813573,8041.636244406786,1.4492490739119612,201,21,0,8756.476447811721,11690.383989786906,20446.860437598625,4464.4480558479,4464.4480558479,0.035689169982357424,0.054225582830818006,0.0,0.0,3.486071054052653,0.7611624868918428,0.42825530474643975
10,100.0,10.0,1.2547214993543179,0.12495038792137685,0.0,79.94454106555115,80.11898760940342,1.3961264687072343,0.0,4,1,1,9.95,809.95,0.0008665650780517955,86.25658546394457,5178.6016799428835,5178.589988533895,0.0,382.46789514832915,12251.567841387912,13246.291835167367,6623.1459175836835,1.464504228572841,201,21,0,8771.497285457031,8783.466223598249,17554.96350905528,3665.34115146513,3665.34115146513,0.035719284707658346,0.0556263009622085,0.0,0.0,2.989651753448535,0.6242162562634975,0.49965910102476024
11,110.0,10.0,1.3796718872756948,0.1246823197288855,0.0,80.11898760940342,80.2886791992415,1.3609916001488274,0.0,4,1,1,9.945,809.945,0.0009446440290412058,86.36567983907527,5167.326212474888,5167.314420126417,0.0,383.6254285051158,12292.4852886145,13282.543278393221,6641.2716391966105,1.4642718822412215,201,21,0,8810.064773333877,8822.116659423844,17632.181432757723,3681.3724423872304,3681.3724423872304,0.03569919081066626,0.05560858415096475,0.0,0.0,2.9897401215129467,0.6242192399852018,0.4996582417741126
12,120.0,10.0,1.5043542070045803,0.12442264331139637,0.0,80.2886791992415,80.45376661060506,1.326827713749708,0.0,4,1,1,9.94,809.94,0.0010229549014929083,86.47479706395528,5156.404873155753,5156.3932067263495,0.0,384.7537917939988,12332.365919659878,13317.88686660671,6658.943433303355,1.4640421646892796,201,21,0,8847.661010749414,8859.793674517174,17707.454685266588,3697.0002428873154,3697.0002428873154,0.03567960552476607,0.0555913102715543,0.0,0.0,2.989825291135821,0.6242221157124683,0.49965741367171607
13,130.0,10.0,1.6287768503159767,0.12417103321372165,0.0,80.45376661060506,80.61439463740716,1.2936030460955408,0.0,4,1,1,9.935,809.935,0.0011014918173703695,86.58392728212776,5145.823877952603,5145.812526140055,0.0,385.8537911209186,12371.238719871926,13352.347354855976,6676.173677427988,1.4638146874894842,201,21,0,8884.312837979376,8896.524168998527,17780.837006977905,3712.235703692292,3712.235703692292,0.035660514627684665,0.05557446724954722,0.0,0.0,2.9899073967501018,0.6242248879843858,0.4996566154052714
14,140.0,10.0,1.752947883529698,0.12392718018725224,0.0,80.61439463740716,80.77070239925808,1.2612871656947846,0.0,4,1,1,9.93,809.93,0.0011802490627128605,86.69306094294046,5135.570131331033,5135.559249214945,0.0,386.9262062954101,12409.131708936504,13385.948710757502,6692.974355378751,1.463589081061879,201,21,0,8920.046219587435,8932.334165606571,17852.380385194007,3727.0896109244463,3727.0896109244463,0.03564190437228133,0.05555804339561647,0.0,0.0,2.9899865662976968,0.6242275611208751,0.4996558457260599
15,150.0,10.0,1.8768750637169505,0.12369079017135441,0.0,80.77070239925808,80.92282362877602,1.2298508992237203,0.0,4,1,1,9.925,809.925,0.0012592210822612918,86.80218879158602,5125.631182851418,5125.620895972334,0.0,387.97179192531223,12446.07198232914,13418.71414602501,6709.357073012505,1.4633649937281108,201,21,0,8954.886280896122,8967.248846208027,17922.13512710415,3741.572401372334,3741.572401372334,0.03562376146601991,0.055542027389993746,0.0,0.0,2.9900629215869285,0.6242301392347586,0.49965510344542574
16,160.0,10.0,2.000565853888305,0.123461583352345,0.0,80.92282362877602,81.070886940465,1.1992662629834285,0.0,4,1,1,9.92,809.92,0.0013384024743046633,86.91130185954249,5115.995187084383,5115.985595104498,0.0,388.99127845145705,12482.08575041403,13450.666146349773,6725.3330731748865,1.46314209082405,201,21,0,8988.857342456991,9001.292586306812,17990.149928763803,3755.694176917388,3755.694176917388,0.035606073051615825,0.05552640826774811,0.0,0.0,2.9901365786274425,0.6242326262430677,0.49965438743148166
17,170.0,10.0,2.12402743724065,0.12323929329313436,0.0,81.070886940465,81.21501608259456,1.1695063991217012,0.0,4,1,1,9.915,809.915,0.0014177879857354477,87.02039145539338,5106.650866547052,5106.6420465342135,0.0,389.98537312654673,12517.198375360787,13481.82649974233,6740.913249871165,1.4629200538665268,201,21,0,9021.982952660343,9034.488987692775,18056.47194035312,3769.4647181758523,3769.4647181758523,0.03558882668877215,0.05551117540483171,0.0,0.0,2.9902076479442137,0.6242350258776458,0.49965369660602177
18,180.0,10.0,2.2472667305337843,0.12302366612732951,0.0,81.21501608259456,81.35533017338514,1.1405455162208908,0.0,4,1,1,9.91,809.91,0.0014973725073030078,87.12944915600765,5097.587477395006,5097.579486765941,0.0,390.95476094206214,12551.434406034152,13512.216323436658,6756.108161718329,1.4626985797701326,201,21,0,9054.28591861269,9066.860909358118,18121.146827970806,3782.8934974104823,3782.8934974104823,0.035572010336926856,0.055496318504841824,0.0,0.0,2.9902762348721637,0.6242373416950954,0.4996530299416255
19,190.0,10.0,2.3702903966611135,0.16281445981221032,0.04,81.35533017338514,81.49194392268657,1.1123588338891295,0.0,5,1,1,9.905,809.905,0.0015771510690548675,87.23846679806172,5088.794777629659,5088.787656785115,0.0,391.90010550672974,12584.817610998734,13541.856089449915,6770.9280447249575,1.4624773801103663,201,21,0,9085.78833539965,9098.430496799,18184.218832198647,3795.9896907619536,3795.9896907619536,0.03555561233893973,0.05548182758645201,0.0,0.0,2.9903424398327596,0.6242395770861178,0.49965238645893983
20,200.0,10.0,2.533104856473324,0.12261144343554611,0.0,81.49194392268657,81.62496784023155,1.0849225310270867,0.0,5,1,1,9.9,809.9,0.001657118835956316,87.3474364698864,5080.262997604359,5080.256772286253,0.0,392.82204987978184,12617.371009768807,13570.765648883316,6785.382824441658,1.4622561804297611,201,21,0,9116.511613842044,9129.21920981008,18245.730823652124,3808.76218984574,3808.76218984574,0.03553962140565384,0.05546769297146958,0.0,0.0,2.9904063585938685,0.6242417352842871,0.49965176522412674
21,210.0,10.0,2.65571629990887,0.12241439657170912,0.0,81.62496784023155,81.75450843145194,1.0582136974755485,0.0,5,1,1,9.895,809.895,0.0017372711036794358,87.45635050362279,5071.9828126354305,5071.977496032121,0.0,393.72121736198056,12649.116902422109,13598.964255043265,6799.482127521633,1.4620347195838852,201,21,0,9146.476506844356,9159.247848871019,18305.724355715374,3821.2196127564907,3821.2196127564907,0.03552402660127166,0.05545390527347922,0.0,0.0,2.990468082514015,0.6242438193742966,0.4996511653464651
22,220.0,10.0,2.7781306964805794,0.12222310868298043,0.0,81.75450843145194,81.88066838176063,1.032210288775468,0.0,5,1,1,9.89,809.89,0.0018176032945532012,87.56520146767232,5063.945317542082,5063.940912165393,0.0,394.59821224714045,12680.076897687,13626.470585455698,6813.235292727849,1.4618127491244068,201,21,0,9175.703134426698,9188.536580216,18364.239714642696,3833.3703145185787,3833.3703145185787,0.03550881732949115,0.05544045538703644,0.0,0.0,2.9905276987721363,0.624245832299718,0.49965058597609496
23,230.0,10.0,2.90035380516356,0.12203737856233321,0.0,81.88066838176063,82.00354673012471,1.0068910837946077,0.0,5,1,1,9.885,809.885,0.0018981109536668232,87.67398215942701,5056.142002954063,5056.138502311259,0.0,395.4536205366684,12710.27193960355,13653.30276284101,6826.651381420505,1.4615900327166242,201,21,0,9204.2110075243,9217.104959670261,18421.31596719456,3845.222397018399,3845.222397018399,0.03549398332035126,0.05542733447737656,0.0,0.0,2.9905852905837875,0.6242477768702995,0.49965002630189603
24,240.0,10.0,3.022391183725893,0.12185701381432687,0.0,82.00354673012471,82.1232390326869,0.9822356450040843,0.0,5,1,1,9.88,809.88,0.0019787897451189825,87.78268559826648,5048.564733246585,5048.562123324765,0.0,396.2880106194433,12739.722332850595,13679.47837511229,6839.739187556145,1.4613663455890906,201,21,0,9232.019050631921,9244.971955330964,18476.991005962886,3856.783718451234,3856.783718451234,0.03547951461774074,0.055414533970608165,0.0,0.0,2.990640937404737,0.6242496557688423,0.4996494855494906
25,250.0,10.0,3.14424819754022,0.12168183037105841,0.0,82.1232390326869,82.23983751712913,0.9582242811985907,0.0,5,1,1,9.875,809.875,0.0020596354484060464,87.89130501880962,5041.2057259678495,5041.203986550247,0.0,397.1019339191798,12768.447766824267,13705.01449445439,6852.507247227195,1.461141474013149,201,21,0,9259.145623364744,9272.155969163912,18531.301592528656,3868.0619023129607,3868.0619023129607,0.03546540156752739,0.05540204554436181,0.0,0.0,2.990694715122768,0.6242514715576746,0.49964896297936207
26,260.0,10.0,3.265930027911278,0.12151165204039578,0.0,82.23983751712913,82.35343122841574,0.9348380124800315,0.0,5,1,1,9.87,809.87,0.002140643954942774,87.99983386440915,5034.057532643052,5034.056638472455,0.0,397.89592551126003,12796.467338546236,13729.927695537766,6864.963847768883,1.4609152148103839,201,21,0,9285.608541001835,9298.674857582168,18584.283398584004,3879.064345964588,3879.064345964588,0.035451634806268624,0.055389861118867095,0.0,0.0,2.9907466962384714,0.6242532266847577,0.49964845788508233
27,270.0,10.0,3.387441679951674,0.1213463100839699,0.0,82.35343122841574,82.46410616650203,0.9120585373358608,0.0,5,1,1,9.865,809.865,0.0022218112647093935,88.10826578087814,5027.113020845879,5027.112942649934,0.0,398.67050471086685,12823.799574474251,13754.234072916872,6877.117036458436,1.4606873748861313,201,21,0,9311.425094073376,9324.545951067747,18635.971045141123,3889.7982287955047,3889.7982287955047,0.03543820525046696,0.05537797284843317,0.0,0.0,2.990796950035743,0.6242549234894421,0.49964796959164115
28,280.0,10.0,3.508787990035644,0.12118564282262644,0.0,82.46410616650203,82.57194541654756,0.8898682016596012,0.0,5,1,1,9.86,809.86,0.0023031334830192897,88.216594610438,5020.365357439568,5020.366062831007,0.0,399.42617563412045,12850.462451281997,13777.949257659366,6888.974628829683,1.4604577707873585,201,21,0,9336.612067048334,9349.786072893028,18686.39813994136,3900.270520009402,3900.270520009402,0.035425104086336874,0.05536637311330938,0.0,0.0,2.9908455427426466,0.6242565642078987,0.49964749745386905
29,290.0,10.0,3.6299736328582703,0.1210294952672421,0.0,82.57194541654756,82.67702927213074,0.8682499695726165,0.0,5,1,1,9.855,809.855,0.0023846068174018737,88.3248143858783,5013.807992897136,5013.809447161622,0.0,400.1634277337944,12876.473415670303,13801.088433249326,6900.544216624663,1.4602262282833391,201,21,0,9361.185756175157,9374.411556994472,18735.59731316963,3910.4879860551105,3910.4879860551105,0.035412322760052094,0.05535505451190461,0.0,0.0,2.9908925376832616,0.6242581509782466,0.49964704085494993
30,300.0,10.0,3.7510031281255123,0.12087771877299287,0.0,82.67702927213074,82.77943535192291,0.8471873959210825,0.0,5,1,1,9.85,809.85,0.002466227574595508,88.43291932491921,5007.434646620713,5007.436813402215,0.0,400.88273631107575,12901.849403267093,13823.666350804628,6911.833175402314,1.4599925819676842,201,21,0,9385.161986524316,9398.438265047404,18783.60025157172,3920.4571977229484,3920.4571977229484,0.035399852968444556,0.05534400985334513,0.0,0.0,2.990937995421082,0.6242596858453942,0.49964659920501725
31,310.0,10.0,3.871880846898505,0.12073017071532562,0.0,82.77943535192291,82.87923871024488,0.8266646003284223,0.0,5,1,1,9.845,809.845,0.0025479921576456463,88.54090382476767,5001.239293183474,5001.242135077973,0.0,401.58456300473057,12926.606856669498,13845.697343645874,6922.848671822937,1.4597566748803803,201,21,0,9408.556128278078,9421.881602787293,18830.437731065373,3930.184536925772,3930.184536925772,0.03538768665012828,0.05533323215035228,0.0,0.0,2.9909819738944927,0.6242611707656139,0.49964617193982613
32,320.0,10.0,3.992611017613831,0.1205867141860347,0.0,82.87923871024488,82.97651194189643,0.8066662426964285,0.0,5,1,1,9.84,809.84,0.0026298970631036173,88.64876245685916,4995.216149426734,4995.219628493337,0.0,402.2693562589406,12950.76174267759,13867.195341251783,6933.597670625892,1.4595183581486106,201,21,0,9431.383112309697,9444.756535619676,18876.139647929373,3939.6762031825183,3939.6762031825183,0.03537581597702369,0.05532271461242263,0.0,0.0,2.9910245285448225,0.6242626076108663,0.49964575851950094
33,330.0,10.0,4.113197731799866,0.12044721770797887,0.0,82.97651194189643,83.07132528162067,0.7871775000574417,0.0,5,1,1,9.835,809.835,0.0027119388783217245,88.75648996177728,4989.359662350838,4989.363740547444,0.0,402.9375517709911,12974.329568765595,13888.17388263381,6944.086941316905,1.459277490645201,201,21,0,9453.657445091347,9467.077603558057,18920.735048649403,3948.9382198208286,3948.9382198208286,0.03536423334625919,0.05531245063929419,0.0,0.0,2.991065712437422,0.624263998172887,0.4996453584273496
34,340.0,10.0,4.233644949507845,0.12031155496709632,0.0,83.07132528162067,83.1637466985374,0.7681840446829483,0.0,5,1,1,9.83,809.83,0.0027941142788405703,88.86408124434361,4983.664497739725,4983.669137292511,0.0,403.5895729199091,12997.32539883368,13908.64612916026,6954.32306458013,1.45903393866364,201,21,0,9475.39322296748,9488.858935526461,18964.25215849394,3957.9764399142246,3957.9764399142246,0.035352931372428724,0.05530243381468368,0.0,0.0,2.991105576376195,0.624265344167055,0.4996449711687432
35,350.0,10.0,4.353956504474941,0.120179604560486,0.0,83.1637466985374,83.25384198585594,0.7496720233690212,0.0,5,1,1,9.825,809.825,0.0028764200258647294,88.97153136887101,4978.125529470124,4978.130693181974,0.0,404.2258311770783,13019.763868279846,13928.624876858712,6964.312438429356,1.4587875756086746,201,21,0,9496.604145827747,9510.11426306081,19006.718408888555,3966.796551968229,3966.796551968229,0.0353419028801855,0.055292657900280394,0.0,0.0,2.9911441690119815,0.6242666472360516,0.49964459627005514
36,360.0,10.0,4.4741361090354275,0.12005124975942362,0.0,83.25384198585594,83.34167484615493,0.7316280378171995,0.0,5,1,1,9.82,809.82,0.002958852963823092,89.0788355545735,4972.737829453794,4972.743480959531,0.0,404.84672649978785,13041.659198429375,13948.12256822315,6974.061284111575,1.4585382817015762,201,21,0,9517.30353021147,9530.856933441057,19048.160463652526,3975.4040853688816,3975.4040853688816,0.035331140897153265,0.055283116829983645,0.0,0.0,2.991181536945158,0.6242679089533246,0.4996442332776582
37,370.0,10.0,4.594187358794851,0.11992637828627231,0.0,83.34167484615493,83.427306972496,0.7140391260432807,0.0,5,1,1,9.815,809.815,0.003041410018010402,89.18598917112656,4967.496658171583,4967.502762144219,0.0,405.4526477086109,13063.025210356232,13967.151303551165,6983.575651775583,1.458285943699228,201,21,0,9537.50432187346,9551.099922283936,19088.604244157395,3983.804415606233,3983.804415606233,0.03532063864713791,0.05527380470437108,0.0,0.0,2.991217724822797,0.6242691308263696,0.4996438817569746
38,380.0,10.0,4.7141137370811235,0.11980488210433012,0.0,83.427306972496,83.51079812561953,0.696892744744946,0.0,5,1,1,9.81,809.81,0.003124088192306672,89.29298773437179,4962.3974557559095,4962.403978070225,0.0,406.0439728494526,13083.875338129024,13985.722851834484,6992.861425917242,1.458030454626224,201,21,0,9557.219107839182,9570.855845624325,19128.074953463507,3992.002769284552,3992.002769284552,0.03531038954362326,0.05526471578538637,0.0,0.0,2.991252775430712,0.6242703142998369,0.49964354129157484
39,390.0,10.0,4.833918619185454,0.11968665721973286,0.0,83.51079812561953,83.59220620745312,0.6801767525692413,0.0,5,1,1,9.805,809.805,0.003206884566971352,89.39982690216024,4957.435833585639,4957.4427414434285,0.0,406.6210695410489,13104.222641511627,14003.848661224965,7001.924330612483,1.4577717135192705,201,21,0,9576.460127975322,9590.13697151127,19166.597099486593,4000.004228930256,4000.004228930256,0.03530038718353612,0.05525584449123529,0.0,0.0,2.9912867297806827,0.6242714607584772,0.4996432114823263
40,400.0,10.0,4.953605276405186,0.11957160349459899,0.0,83.59220620745312,83.67158733114735,0.6638793942227494,0.0,5,1,1,9.8,809.8,0.003289796296509252,89.50650247032894,4952.607566358103,4952.614828379629,0.0,407.1842953086547,13124.079818146894,14021.539869096756,7010.769934548378,1.4575096251831743,201,21,0,9595.239286100361,9608.955231143289,19204.19451724365,4007.8137376078666,4007.8137376078666,0.03529062534126617,0.05524718539147983,0.0,0.0,2.991319627193148,0.6242725715299333,0.49964289194658457
41,410.0,10.0,5.073176879899785,0.11945962447066599,0.0,83.67158733114735,83.74899588783904,0.6479892853731599,0.0,5,1,1,9.795,809.795,0.0033728206076053973,89.61301036880555,4947.908584607005,4947.916170892166,0.0,407.7339979046091,13143.459215249826,14038.807311724113,7019.403655862056,1.4572440999578011,201,21,0,9613.568160658057,9627.322229565882,19240.89039022394,4015.436103353638,4015.436103353638,0.03528109796292798,0.05523873320232083,0.0,0.0,2.9913515053756132,0.6242736478873883,0.4996425823174271
42,420.0,10.0,5.192636504370451,0.11935062720272585,0.0,83.74899588783904,83.8244846103281,0.6324953982925308,0.0,5,1,1,9.79,809.79,0.003455954797126113,89.71934665783617,4943.3349676356665,4943.34284979906,0.0,408.27051561642503,13162.372840835182,14055.66153359316,7027.83076679658,1.4569750534953874,201,21,0,9631.458014975458,9645.249255952884,19276.707270928342,4022.8760034359325,4022.8760034359325,0.03527179916085241,0.055230482782059914,0.0,0.0,2.9913824004970366,0.6242746910520763,0.49964228224292684
43,430.0,10.0,5.3119871315731775,0.11924452210121828,0.0,83.8244846103281,83.89810463384204,0.6173870481987705,0.0,5,1,1,9.785,809.785,0.0035391962301837723,89.82550752433157,4938.882936839492,4938.891088022158,0.0,408.7941775630138,13180.83237450272,14072.11279636487,7036.056398182435,1.4567024065476577,201,21,0,9648.919807125689,9662.7472934919,19311.66710061759,4030.137988450836,4030.137988450836,0.03526272320829607,0.055222429126732316,0.0,0.0,2.9914123472584073,0.6242757021956662,0.4996419913854623
44,440.0,10.0,5.431231653674396,0.11914122278338952,0.0,83.89810463384204,83.96990555405044,0.6026538802521827,0.0,5,1,1,9.78,809.78,0.003622542338262762,89.93148927832755,4934.548849391251,4934.557244252745,0.0,409.3053039796125,13198.849177802027,14088.171087505474,7044.085543752737,1.4564260847622212,201,21,0,9665.964199414579,9679.827028892923,19345.791228307502,4037.226486261026,4037.226486261026,0.03525386453435783,0.05521456736590246,0.0,0.0,2.991441378959739,0.6242766824425229,0.4996417094210636
45,450.0,10.0,5.550372876457786,0.11904064593246824,0.0,83.96990555405044,84.0399354824809,0.5882858571700581,0.0,5,1,1,9.775,809.775,0.003705990617404343,90.03728834955496,4930.3291922672315,4930.337806960055,0.0,409.8042064919558,13216.434304197375,14103.84612859968,7051.92306429984,1.45614601848776,201,21,0,9682.601567509031,9696.498861538023,19379.100429047052,4044.1458057853924,4044.1458057853924,0.03524521771909235,0.055206892758614796,0.0,0.0,2.9914695275636785,0.6242776328718559,0.4996414360387916
46,460.0,10.0,5.669413522390254,0.11894271116434936,0.0,84.0399354824809,84.10824109947842,0.5742732474219338,0.0,5,1,1,9.77,809.77,0.0037895386264481788,90.1429012841155,4926.220576591551,4926.229388720832,0.0,410.2911883801968,13233.598508651978,14119.147383361144,7059.573691680572,1.4558621425875424,201,21,0,9698.842009224049,9712.772912289072,19411.614921513123,4050.9001406464954,4050.9001406464954,0.03523677748881087,0.055199400689492674,0.0,0.0,2.991496823755917,0.6242785545197586,0.4996411709401471
47,470.0,10.0,5.7883562335546035,0.11884734090131502,0.0,84.10824109947842,84.1748677048407,0.5606066139720951,0.0,5,1,1,9.765,809.765,0.003873183985328417,90.24832474125931,4922.219732278681,4922.228720849655,0.0,410.7665448330538,13250.352256849821,14134.084065353765,7067.042032676883,1.4555743962608514,201,21,0,9714.695352984249,9728.659031969339,19443.354384953585,4057.493572682513,4057.493572682513,0.03522853871156044,0.05519208666497865,0.0,0.0,2.991523297002577,0.6242794483811458,0.499640913838512
48,480.0,10.0,5.907203574455918,0.11885176558384647,0.0,84.1748677048407,84.10197615820297,-0.6132979706245806,0.0,5,0,1,9.76,809.76,0.003956924373422306,90.35355549026073,4918.3222485298875,4918.3326483112705,0.0,459.646215938737,13336.883151790884,17306.19791079158,8653.09895539579,1.4398454260717042,201,21,0,9722.032997933136,12980.015160649324,22702.04815858246,4955.30019728411,4955.30019728411,0.035181326994144946,0.053625254675614055,0.0,0.0,3.4873734346372514,0.7612080702123037,0.4282447526329356
49,490.0,10.0,6.026055340039765,0.11895346763840943,0.0,84.10197615820297,84.03099547399272,-0.5967096682378269,0.0,5,0,1,9.755,809.755,0.004052298649610389,90.47779358707672,4922.584217848119,4922.595388498729,0.0,459.05449689105217,13318.871856138863,17284.76126993128,8642.38063496564,1.4398384323020368,201,21,0,9705.163394517704,12957.485860802442,22662.649255320146,4946.7183583609885,4946.7183583609885,0.03519019289945492,0.053635766342927,0.0,0.0,3.487358342389009,0.7612075419836153,0.42824487486781265
50,500.0,10.0,6.145008807678174,0.11905266874103188,0.0,84.03099547399272,83.96187870092226,-0.5805562680900949,0.0,5,0,1,9.75,809.75,0.004147508947873952,90.60134540479639,4926.741894276669,4926.753487385871,0.0,458.47874197830714,13301.345655507339,17263.903809713138,8631.951904856569,1.439817146414187,201,21,0,9688.74952545851,12935.56510226197,22624.31462772048,4938.368590384316,4938.368590384316,0.0351988194672241,0.05364599322891914,0.0,0.0,3.487343396199498,0.7612070188669824,0.42824499592077603
51,510.0,10.0,6.264061476419206,0.11914942189968332,0.0,83.96187870092226,83.89457986283648,-0.5648272313267171,0.0,5,0,1,9.745,809.745,0.0042425597798501635,90.72422073408518,4930.7973194316455,4930.809152981144,0.0,457.9185339054663,13284.291923182574,17243.610337181843,8621.805168590921,1.4397818324021912,201,21,0,9672.779475734187,12914.23698038023,22587.01645611442,4930.244811956832,4930.244811956832,0.035207212943130235,0.05365594282894907,0.0,0.0,3.48732860648588,0.7612065012270057,0.428245115707423
52,520.0,10.0,6.3832108983188895,0.11924377944618869,0.0,83.89457986283648,83.8290539643304,-0.5495120903615316,0.0,5,0,1,9.74,809.74,0.004337455537188578,90.84642913338085,4934.752634217361,4934.764566159932,0.0,457.37346540780544,13267.698323827311,17223.86603669305,8611.933018346524,1.4397327488310994,201,21,0,9657.2416168732,12893.48597264716,22550.72758952036,4922.341088858902,4922.341088858902,0.035215379427715424,0.05366562245052871,0.0,0.0,3.4873139825911954,0.7612059893906918,0.4282452341520482
53,530.0,10.0,6.502454677765078,0.11933579289266641,0.0,83.8290539643304,83.76525714054071,-0.5345992366855625,0.0,5,0,0,9.735,809.735,0.004432200493400034,90.96797993274272,4938.611059238667,4938.621878950927,0.0,456.84313915906233,13251.55272910616,17204.65654816466,8602.32827408233,1.4396701488447452,201,21,0,9642.124604375529,12873.296935145296,22515.421539520823,4914.651632997188,4914.651632997188,0.035223324918262695,0.05367503917369838,0.0,0.0,3.4872995325343323,0.7612054836387016,0.42824535118966883
54,540.0,10.0,6.621790470657745,0.11942551294711737,0.0,83.76525714054071,83.7031464396572,-0.5200789961103964,0.0,5,0,0,9.73,809.73,0.004526798792890814,91.08888221636563,4942.374422002918,4942.383204356359,0.0,456.32716895575624,13235.843458844582,17185.967804872504,8592.983902436252,1.4395942801362602,201,21,0,9627.417411359542,12853.655147857544,22481.072559217086,4907.170818567633,4907.170818567633,0.03523105518955479,0.053684199934219884,0.0,0.0,3.487285263906661,0.7612049842367331,0.4282454667587631
55,550.0,10.0,6.741215983604862,0.1195129895079186,0.0,83.7031464396572,83.64268000437843,-0.5059402791925095,0.0,5,0,0,9.725,809.725,0.004621254471543217,91.20914485764202,4946.045840014752,4946.050627839403,0.0,455.82517777585497,13220.558999735355,17167.786185321642,8583.893092660821,1.4395053852887745,201,21,0,9613.109273292092,12834.546240514905,22447.655513806996,4899.893154808052,4899.893154808052,0.03523857593311932,0.05369311144544746,0.0,0.0,3.4872711830196934,0.7612044914056892,0.4282455808081742
56,560.0,10.0,6.8607289731127805,0.11959827178760674,0.0,83.64268000437843,83.58381667542126,-0.49217541422094657,0.0,5,0,0,9.72,809.72,0.004715571442508888,91.328776496225,4949.625828969964,4949.6261953625635,0.0,455.3367992711487,13205.688373813613,17150.09824426297,8575.049122131484,1.43940370178621,201,21,0,9599.189730346698,12815.956249729883,22415.14598007658,4892.813306101799,4892.813306101799,0.03524589257494827,0.053701780335892374,0.0,0.0,3.487257296266295,0.7612040053693203,0.428245693286085
57,570.0,10.0,6.980327244900387,0.11968140870905972,0.0,83.58381667542126,83.52651579584106,-0.4787784518771332,0.0,5,0,0,9.715,809.715,0.004809753530980787,91.4477855966631,4953.113624347102,4953.111935623553,0.0,454.8616744382472,13191.220929095158,17132.89070012132,8566.44535006066,1.4392894628120128,201,21,0,9585.648532444184,12797.871492022292,22383.520024466474,4885.9260440705475,4885.9260440705475,0.035253010379002955,0.05371021315370355,0.0,0.0,3.4872436096665753,0.7612035263383301,0.42824580414369673
58,580.0,10.0,7.100008653609446,0.11976244867913877,0.0,83.52651579584106,83.47073768870438,-0.4657395348197042,0.0,5,0,0,9.71,809.71,0.0049038044929448485,91.56618048018359,4956.511714235676,4956.509870613013,0.0,454.39944982167424,13177.145908621,17116.150746157287,8558.075373078644,1.4391628973684336,201,21,0,9572.475588217761,12780.278495060526,22352.754083278287,4879.226223152864,4879.226223152864,0.03525993466056732,0.05371841620773445,0.0,0.0,3.4872301273959807,0.7612030544588593,0.4282459133471507
59,590.0,10.0,7.219771102288585,0.12264587736020485,0.0,83.47073768870438,79.60037754545057,-31.557197245911084,0.0,5,0,0,9.705,809.705,0.004997727977957048,91.68396926323456,0.0,4959.82198628663,20223.26682389885,454.5782679395883,15278.97784198477,15026.240020654452,7639.488920992385,1.439841741260011,201,21,0,9576.420716772234,12788.303607616988,22364.724324389223,4874.175304161998,4874.175304161998,0.03421690559156798,0.0547761606387464,0.0,0.0,3.493762227889575,0.7614316779761351,0.42819310347272815
60,600.0,10.0,7.342416979648791,0.16937448741779787,0.04,79.60037754545057,74.98960691889467,-35.63894797639682,0.0,4,0,0,9.7,809.7,0.005135213946497417,91.8738493373194,0.0,5200.980356702611,23999.968520962,424.2050181198154,14687.307916900936,13593.026624420088,7343.653958450468,1.4483144503773966,201,21,0,8709.369874943559,11630.520161377464,20339.890036321023,4432.682637406693,4432.682637406693,0.034506533637641876,0.05548360401749023,0.0,0.0,3.493949670360446,0.7614382384626156,0.42819159097670645
61,610.0,10.0,7.511791467066589,0.1377793601174114,0.0,74.98960691889467,70.1700162856013,-34.98049801643911,0.0,4,0,0,9.695,809.695,0.005267466483344961,92.05438966655856,0.0,5520.765036783877,23999.979054601015,389.7732676850335,13660.17705310087,12324.707459234696,6830.088526550435,1.4588834549904965,201,21,0,7726.704562361648,10317.784478223919,18044.489040585566,3933.7820191346154,3933.7820191346154,0.035011423643330694,0.056104751167792365,0.0,0.0,3.492534733419006,0.7613887156696652,0.42820301228717456
62,620.0,10.0,7.649570827184,0.14785964806252458,0.0,70.1700162856013,65.09339237301198,-34.33407274473293,0.0,4,0,0,9.69,809.69,0.00538667992913991,92.21263355765437,0.0,5899.955877378807,23999.98615896904,355.94545289186175,12651.154809478729,11078.54204997872,6325.577404739364,1.4703358091502299,201,21,0,6761.335965430162,9028.014455527285,15789.350420957448,3444.023748821904,3444.023748821904,0.03550699026083304,0.05671441752539537,0.0,0.0,3.4902730832975712,0.761309557915415,0.42822128746067584
63,630.0,10.0,7.797430475246525,0.20027491580602624,0.04,65.09339237301198,59.69219805715321,-33.699561086624406,0.0,3,0,0,9.685,809.685,0.00549339240545946,92.34955058450835,0.0,6360.09255175409,23999.99177505509,322.73632386935304,11660.60524900286,9855.14967562068,5830.30262450143,1.4828140757429293,201,21,0,5813.635656771736,7761.821862601804,13575.45751937354,2963.3010194990416,2963.3010194990416,0.03599340009232399,0.05731281641644781,0.0,0.0,3.4872169199187404,0.7612025921971559,0.4282460203256571
64,640.0,10.0,7.997705391052551,0.17612005566761066,0.0,59.69219805715321,53.866703137755394,-33.07684009816694,0.0,3,0,0,9.68,809.68,0.005588139482851383,92.4661028498522,0.0,6935.579748690261,23999.996089436194,290.1578832830793,10688.818569313342,8655.040316225279,5344.409284656671,1.496494778386358,201,21,0,4883.902144356358,6519.708369182264,11403.61051353862,2491.501917964533,2491.501917964533,0.036470818636255016,0.05790015876134149,0.0,0.0,3.4834175250043766,0.7610696133751531,0.4282768285148007
65,650.0,10.0,8.173825446720162,0.2256545267517786,0.04,53.866703137755394,53.86026883497834,-0.03465739774637768,30.543386388748072,2,0,0,9.675,809.675,0.005671454028872743,92.56324475726309,2264.37628326818,7685.638360700522,0.0,264.88747516279045,7749.656733255001,9909.508277597699,7365.950235294034,1.4900201138573006,202,21,95,3952.386079691962,5273.596224820704,9225.982304512667,2027.5500366256879,2027.5500366256879,0.03803842874262804,0.05738805877923553,0.0,0.7544425461268236,3.4607491833247757,0.7605523077982005,0.42839731849027585
66,660.0,10.0,8.39947997347194,0.18567680939009001,0.0,53.86026883497834,53.85377507656813,-0.03497344892743968,30.536090094485676,2,0,0,9.67,809.67,0.005729284661999227,92.61766091929431,2263.6000349322967,7686.5565091858025,0.0,264.85179653524807,7748.655794813865,9908.130640869344,7364.670536947888,1.4898564984981983,202,21,95,3951.4404306092038,5272.333520247549,9223.773950856754,2027.0651907901288,2027.0651907901288,0.038038884301651914,0.057388690900064245,0.0,0.7542666262115336,3.4607475235282465,0.7605521206865272,0.42839736225779607
67,670.0,10.0,8.58515678286203,0.1856993005752029,0.0,53.85377507656813,53.84722292423248,-0.03528366728012315,30.52872726313253,2,0,0,9.665,809.665,0.005787105157236401,92.6718791277425,2262.823772426757,7687.4833641909745,0.0,264.81579952849773,7747.645350250727,9906.741284982456,7363.379733542888,1.4896913978121487,202,21,95,3950.4861533867374,5271.0592944576465,9221.545447844384,2026.57592336662,2026.57592336662,0.03803934431064717,0.05738932849320874,0.0,0.7540890989628918,3.460745843768691,0.7605519317276894,0.4283974064575258
68,680.0,10.0,8.770856083437234,0.185721997404991,0.0,53.84722292423248,53.84061308577657,-0.03558995998466798,30.521299122652504,2,0,0,9.66,809.66,0.005844915414465745,92.72589987476802,2262.0460390701983,7688.418780343276,0.0,264.77949004431645,7746.62569711055,9905.340305843882,7362.077970067507,1.489524830880556,202,21,95,3949.523407925123,5269.773761098948,9219.29716902407,2026.0823160270684,2026.0823160270684,0.03803980862681973,0.057389971518497666,0.0,0.7539099939066025,3.4607441450073226,0.7605517409778643,0.42839745107632854
69,690.0,10.0,8.956578080842226,0.185744897586263,0.0,53.84061308577657,53.83394626900554,-0.03589232790598089,30.51380649949784,2,0,0,9.655,809.655,0.005902715335711626,92.77972365445895,2261.2668929808724,7689.362662725123,0.0,264.7428720356373,7745.596948590666,9903.927853785153,7360.765387024292,1.489356817539825,202,21,95,3948.552301327743,5268.477063195416,9217.02936452316,2025.5844236959522,2025.5844236959522,0.03804027719736946,0.057390619905619354,0.0,0.7537293308883614,3.460742427402736,0.7605515484579737,0.428397496109314
70,700.0,10.0,9.142322978428489,0.18576799882480166,0.0,53.83394626900554,53.82722318172455,-0.03619077194953206,30.506250219938686,2,0,0,9.65,809.65,0.005960504825392086,92.83335096324197,2260.4863922312065,7690.314916377534,0.0,264.705949454528,7744.559217866398,9902.504079102138,7359.442124881971,1.4891873774564215,202,21,95,3947.5729406747123,5267.169343739881,9214.742284414593,2025.082301285617,2025.082301285617,0.03804074996950615,0.057391273584278556,0.0,0.7535471297502019,3.4607406911138536,0.7605513541889415,0.428397541551592
71,710.0,10.0,9.32809097725329,0.1857912982145048,0.0,53.82722318172455,53.820444885641336,-0.0364833883413894,30.49863111005457,2,0,0,9.645,809.645,0.006018283788838005,92.88678229741063,2259.706136900232,7691.27544629799,0.0,264.6687262240073,7743.512488827157,9901.069259439995,7358.10838776726,1.4890165298542193,202,21,95,3946.5854322712826,5265.8507445668265,9212.43617683811,2024.5760036298889,2024.5760036298889,0.038041226954734345,0.05739193241991287,0.0,0.7533634103303198,3.4607389355951104,0.7605511581669686,0.42839758740405504
72,720.0,10.0,9.513882275467795,0.18581479223656172,0.0,53.820444885641336,53.813612442463636,-0.03677017903398792,30.490950396719544,2,0,0,9.64,809.64,0.0060760521312786175,92.9400181514378,2258.926212721598,7692.244106857064,0.0,264.63120821250044,7742.456929569617,9899.62361793041,7356.764384187207,1.4888442928768921,202,21,95,3945.5899351272933,5264.521478010732,9210.111413138025,2024.0656122621756,2024.0656122621756,0.03804170807462905,0.05739259630813967,0.0,0.7531782021323087,3.4607371611046096,0.760550960423511,0.428397633659349
73,730.0,10.0,9.699697067704356,0.18583847920308286,0.0,53.813612442463636,53.80672585219145,-0.037056858739470046,30.4832093063966,2,0,0,9.635,809.635,0.006133809759328984,92.99305902045668,2258.142080431134,7693.220752326188,0.0,264.5934013708525,7741.393095822057,9898.166995568112,7355.4101315455355,1.4886706853449383,202,21,95,3944.5866104498855,5263.181759710557,9207.768370160444,2023.5512088858125,2023.5512088858125,0.03804219305798519,0.05739326533741606,0.0,0.7529915346513711,3.4607353700152785,0.7605507610641905,0.4283976802927713
74,740.0,10.0,9.88553554690744,0.18586235681428026,0.0,53.80672585219145,53.799786530435085,-0.03733581062515441,30.475407862451448,2,0,0,9.63,809.63,0.006191556585157454,93.04590540719289,2257.3599081364155,7694.205388695632,0.0,264.55530569789187,7740.320473866351,9896.69990599311,7354.045888595019,1.4884957275453667,202,21,95,3943.5754582437544,5261.831589187054,9205.407047430808,2023.0327947949672,2023.0327947949672,0.03804268216041535,0.0573939392487338,0.0,0.7528034083721701,3.4607335594720467,0.7605505599900082,0.42839772732748305
75,750.0,10.0,10.071397903721719,0.18588642215763995,0.0,53.799786530435085,53.792794831097126,-0.03761274899372893,30.46754769179352,2,0,0,9.625,809.625,0.006249292517038873,93.09855780622068,2256.5751854593777,7695.197819526588,0.0,264.5169290600156,7739.239674226181,9895.222263108197,7352.67174080101,1.4883194367747463,202,21,95,3942.5566916240236,5260.471251391493,9203.027943015517,2022.5104783034099,2022.5104783034099,0.038043175085138624,0.05739461809642654,0.0,0.7526138624482136,3.460731731946927,0.7605503573171065,0.4283977747363204
76,760.0,10.0,10.25728432587936,0.1859106729302612,0.0,53.792794831097126,53.785751815885305,-0.037883867025016116,30.459629218321155,2,0,0,9.62,809.62,0.006307017468294357,93.15101671886495,2255.791024460758,7696.198000120833,0.0,264.47827342833983,7738.150496586501,9893.734398636154,7351.287887572451,1.488141832359624,202,21,95,3941.530364016453,5259.10081742476,9200.631181441213,2021.9842874532114,2021.9842874532114,0.038043671933584676,0.0573953017159572,0.0,0.7524229070242496,3.4607298860936817,0.7605501530064649,0.4283978225284149
77,770.0,10.0,10.44319499880962,0.1859351062160932,0.0,53.785751815885305,53.77865819260478,-0.038151070149615406,30.45165366736852,2,0,0,9.615,809.615,0.006364731350851136,93.20328264246301,2255.0059697737256,7697.2057844830115,0.0,264.43934469205635,7737.053238007326,9892.236408129764,7349.894473495771,1.4879629319122452,202,21,95,3940.4966349826354,5257.720500480916,9198.21713546355,2021.4543037408503,2021.4543037408503,0.038044172563181766,0.05739599006731304,0.0,0.7522305715725559,3.460728022877521,0.7605499471142648,0.4283978706906283
78,780.0,10.0,10.629130105025713,0.18595971970890876,0.0,53.77865819260478,53.77151466906071,-0.03841435960032413,30.443621863126495,2,0,0,9.61,809.61,0.006422434079450453,93.25535607737933,2254.220079057455,7698.221077165701,0.0,264.4001467933504,7735.948011403434,9890.728441486594,7348.491638662366,1.4877827537997526,202,21,95,3939.455611336514,5256.330443196658,9195.786054533171,2020.920581940123,2020.920581940123,0.03804467692125771,0.0573966830803819,0.0,0.7520368758930036,3.460726142460954,0.7605497396614491,0.4283979192180654
79,790.0,10.0,10.81508982473462,0.1859845111009832,0.0,53.77151466906071,53.76432195305824,-0.03867373664552361,30.43553462952643,2,0,0,9.605,809.605,0.006480125570198663,93.3072375245847,2253.4334099238017,7699.243782660435,0.0,264.36068367317336,7734.834929656717,9889.210648554841,7347.07952311685,1.4876013162286257,202,21,95,3938.4073998587955,5254.930788164214,9193.33818802301,2020.3831768075274,2020.3831768075274,0.03804518495515525,0.05739738068507432,0.0,0.7518418397801991,3.460724245006938,0.7605495306689625,0.4283979681058306
80,800.0,10.0,11.001074335835604,0.18600947808304813,0.0,53.76432195305824,53.757080752402544,-0.03892920258861068,30.427392790232634,2,0,0,9.6,809.6,0.006537805740325258,93.35892748525157,2252.6460199372386,7700.273805395786,0.0,264.3209592712078,7733.71410561515,9887.68317913204,7345.658266855823,1.4874186372465048,202,21,95,3937.3521072959966,5253.521677930063,9190.87378522606,2019.84214308177,2019.84214308177,0.0380456966122325,0.05739808281132412,0.0,0.751645483023328,3.460722330678888,0.7605493201577519,0.4283980173490276
81,810.0,10.0,11.187083813918651,0.18603461773183738,0.0,53.757080752402544,53.749792128801346,-0.03917885654864221,30.41919716863503,2,0,0,9.595,809.595,0.006595474508461817,93.4104264612175,2251.8595065479685,7701.311049735476,0.0,264.2809774977855,7732.585523008251,9886.14631017745,7344.22807343348,1.4872347344618635,202,21,95,3936.2898396115725,5252.103253871787,9188.393093483359,2019.2975354176808,2019.2975354176808,0.03804621190406335,0.05739878932488909,0.0,0.7514478254060025,3.4607203989364512,0.760549108124063,0.4283980669485385
82,820.0,10.0,11.373118431650488,0.18605992834693472,0.0,53.749792128801346,53.74245608225465,-0.03942840681427242,30.410948988309002,2,0,0,9.59,809.59,0.00665313179305299,93.461734952339,2251.0693357425507,7702.355369262196,0.0,264.24074428976144,7731.449736709936,9884.599882607496,7342.788959969644,1.4870496252480025,202,21,95,3935.2207576357073,5250.67573112284,9185.896488758548,2018.7494353255563,2018.7494353255563,0.03804673055983887,0.05739950031424862,0.0,0.7512488963646424,3.4607184521558505,0.7605488946734845,0.428398116879667
83,830.0,10.0,11.559178359997423,0.1860854070014239,0.0,53.74245608225465,53.73507438227534,-0.039668344220308425,30.402648271084946,2,0,0,9.585,809.585,0.006710777518260038,93.51285346632103,2250.283207087943,7703.406769619144,0.0,264.2002596109983,7730.306104417134,9883.044536316083,7341.341248211306,1.4868633281676575,202,21,95,3934.1448604388497,5249.239107834401,9183.38396827325,2018.197843932543,2018.197843932543,0.038047252899133056,0.05740021545665511,0.0,0.7510486963530654,3.460716486782789,0.7605486796824097,0.4283981671713315
84,840.0,10.0,11.745263766998846,0.18611105137890294,0.0,53.73507438227534,53.72764667496085,-0.039910081961579635,30.394297040722773,2,0,0,9.58,809.58,0.006768411602094392,93.56378249894634,2249.492025275017,7704.465002779619,0.0,264.1595333101866,7729.155677682435,9881.479876330004,7339.884900492265,1.4866758587289262,202,21,95,3933.0624148187094,5247.793741006645,9180.856155825355,2017.642896119286,2017.642896119286,0.038047778407461305,0.057400934964968175,0.0,0.7508472741094497,3.4607145075052035,0.7605484633515757,0.4283982177765782
85,850.0,10.0,11.93137481837775,0.18613685916119793,0.0,53.72764667496085,53.720174729824066,-0.04014221133018055,30.385894918204546,2,0,0,9.575,809.575,0.006826033972221121,93.61452256041044,2248.7049989784605,7705.5301250136445,0.0,264.1185634057679,7727.9976304308475,9879.906596620345,7338.420233954704,1.4864872360976167,202,21,95,3931.973367140862,5246.339558291406,9178.312925432268,2017.0845663103237,2017.0845663103237,0.038048307494121664,0.05740165848647341,0.0,0.7506446204213927,3.4607125099667564,0.7605482455221743,0.42839826873256004
86,860.0,10.0,12.117511677538948,0.18614980405952133,0.0,53.720174729824066,53.720174729824066,0.0,30.37744392634556,2,0,0,9.57,809.57,0.006883644549433684,93.66507414777737,2280.598363412878,7706.601888064184,0.0,264.0767649851173,7724.09321088425,9881.024454790237,7338.297287141646,1.4862915398946273,202,21,95,3930.862123899897,5244.853126253805,9175.715250153702,2016.5215984277604,2016.5215984277604,0.03805020233959958,0.05740102353919739,0.0,0.7504407840077325,3.4606955443681118,0.7605475018074601,0.4283984427082185
87,870.0,10.0,12.30366148159847,0.18403413482436354,0.0,53.720174729824066,54.95531647232373,6.7114817785213745,0.0,2,0,0,9.565,809.565,0.006941212846456901,93.7153871607158,7706.601904314255,7706.601888064184,0.0,256.9329202425648,7056.882512201255,10071.978837303066,5035.989418651533,1.5069045777073218,203,22,0,3937.0599677744767,5252.680774479843,9189.74074225432,2016.2882380430333,2016.2882380430333,0.038272317695980974,0.05716864985749966,0.0,0.0,3.4659853726481864,0.7604594880426865,0.4284190466518736
88,880.0,10.0,12.487695616422833,0.22008539288166212,0.04,54.95531647232373,56.10310797825022,6.37359581229739,0.0,3,0,0,9.56,809.56,0.006994514110682841,93.75843286119873,7533.391025401479,7533.393065045785,0.0,263.3940007840698,7264.120735848025,10295.479316423296,5147.739658211648,1.5034186230807676,203,22,0,4121.522546364982,5499.005931906339,9620.52847827132,2110.188798813934,2110.188798813934,0.0381700187431567,0.05705889491189302,0.0,0.0,3.467191285748987,0.7605016950012145,0.4284091623109632
89,890.0,10.0,12.707781009304496,0.17655814278323495,0.0,56.10310797825022,57.174023762733945,6.065513420123102,0.0,3,0,0,9.555,809.555,0.00704910753179053,93.80348532435372,7379.267240230596,7379.270327777518,0.0,269.53239647553573,7460.131553951797,10508.694877750584,5254.347438875292,1.5001645634154606,203,22,0,4296.768637016611,5733.035253935771,10029.803890952382,2199.368126927303,2199.368126927303,0.03807330173637094,0.05695423376052809,0.0,0.0,3.468301943113318,0.7605405680089661,0.42840006482007204
90,900.0,10.0,12.88433915208773,0.1733843171082723,0.0,57.174023762733945,58.17666269820311,5.782754473941577,0.0,3,0,0,9.55,809.55,0.007104930584644589,93.85043383703733,7241.047157230613,7241.050616238863,0.0,275.37628184997527,7646.022508432856,10712.396281565494,5356.198140782747,1.4971147493682642,203,22,0,4463.60350375614,5955.84177874221,10419.44528249835,2284.241991001234,2284.241991001234,0.03798161183393265,0.056854279580606154,0.0,0.0,3.469328165849798,0.7605764858047429,0.4283916641180218
91,910.0,10.0,13.057723469196002,0.17051047186384327,0.0,58.17666269820311,59.11818600745576,5.521791705582041,0.0,3,0,0,9.545,809.545,0.0071619257338965655,93.89917635700193,7116.252188406141,7116.2555705139675,0.0,280.9496158029916,7822.716326001006,10907.258060865104,5453.629030432552,1.4942461510986937,203,22,0,4622.711884779789,6168.338027836319,10791.049912616108,2365.1637063077364,2365.1637063077364,0.03789448702868353,0.056758694267533494,0.0,0.0,3.470278998277365,0.7606097649397078,0.42838388499855345
92,920.0,10.0,13.228233941059845,0.16789394601319962,0.0,59.11818600745576,60.00463214602087,5.279798108357136,0.0,3,0,0,9.54,809.54,0.0072200397678972164,93.94961837574289,7002.918215745588,7002.921232187129,0.0,286.2730379564216,7990.993588514529,11093.875608580245,5546.937804290123,1.4915393618181478,203,22,0,4774.683620117815,6371.310135976957,11145.993756094773,2442.4374171497307,2442.4374171497307,0.03781153671797859,0.056667179758675135,0.0,0.0,3.4711621016716077,0.7606406735585062,0.4283766638131263
93,930.0,10.0,13.396127887073044,0.16550019305404876,0.0,60.00463214602087,60.841148338769486,5.054472610043604,0.0,3,0,0,9.535,809.535,0.007279223260205116,94.0016719974363,6899.464869232883,6899.467344329914,0.0,291.36452719483447,8151.52332317322,11272.778489815744,5636.389244907872,1.488977860462859,203,22,0,4920.032480050024,6565.4429251889405,11485.475405238965,2516.3278576664,2516.3278576664,0.03773242633633021,0.056579471275465934,0.0,0.0,3.471984039759465,0.7606694413915812,0.4283699460804042
94,940.0,10.0,13.561628080127093,0.16330088232429182,0.0,60.841148338769486,61.63216420759449,4.843916686586931,0.0,3,0,0,9.53,809.53,0.00733943012787622,94.05525518197507,6804.6034538467065,6804.605292701041,0.0,296.2398961310997,8304.885465022893,11444.44094371709,5722.220471858545,1.486547455740347,203,22,0,5059.210302772286,6751.3387314676975,11810.549034239983,2587.0676824228885,2587.0676824228885,0.03765686606825673,0.05649533199329969,0.0,0.0,3.4727504907089948,0.7606962671748148,0.42836368471144914
95,950.0,10.0,13.724928962451385,0.161272519592023,0.0,61.63216420759449,62.38152424096905,4.646545085735875,0.0,3,0,0,9.525,809.525,0.007400617264462671,94.11029111483195,6717.27065704115,6717.271822640065,0.0,300.9131694866744,8451.587699150154,11609.29026662814,5804.64513331407,1.484235859941722,203,22,0,5192.617813131848,6929.531811396447,12122.149624528294,2654.863077024142,2654.863077024142,0.03758460238339306,0.05641454878763129,0.0,0.0,3.473466407824528,0.7607213242738584,0.4283578386646013
96,960.0,10.0,13.886201482043408,0.15939542633147255,0.0,62.38152424096905,63.092590420318494,4.46101996597281,0.0,3,0,0,9.52,809.52,0.007462744231590588,94.16670767648873,6636.579885665724,6636.58038237074,0.0,305.39687850697516,8592.078322407466,11767.713578057545,5883.856789028772,1.4820323574067513,203,22,0,5320.613040711991,7100.49955175302,12421.112592465011,2719.89812430444,2719.89812430444,0.03751541157096005,0.0563369288014686,0.0,0.0,3.474136143582663,0.7607447650253931,0.4283523719074587
97,970.0,10.0,14.04559690837488,0.1576529719766953,0.0,63.092590420318494,63.768322819911795,4.286201465920908,0.0,3,0,0,9.515,809.515,0.007525772997115129,94.22443699113053,6561.7849256644,6561.784787119383,0.0,309.7022934540536,8726.756226102902,11920.06333750067,5960.031668750335,1.479927543223713,203,22,0,5443.517967439148,7264.671321414422,12708.18928885357,2782.3382525253833,2782.3382525253833,0.037449094720735564,0.056262296647288414,0.0,0.0,3.474763546913082,0.7607667241419579,0.42834725260298817
98,980.0,10.0,14.203249880351576,0.15603098794576561,0.0,63.768322819911795,64.41134368935715,4.121110030200316,0.0,3,0,0,9.51,809.51,0.00758966771077802,94.2834150392421,6492.2523848139535,6492.251664971305,0.0,313.8396096385375,8855.978757065992,12066.661885503174,6033.330942751587,1.477913114850226,203,22,0,5561.623846769947,7422.43555429922,12984.059401069168,2842.332994627958,2842.332994627958,0.03738547377025687,0.056190492104515,0.0,0.0,3.4753520405855856,0.7607873214204954,0.4283424524622844
99,990.0,10.0,14.359280868297342,0.15451731446764824,0.0,64.41134368935715,65.0239889716144,3.9648972956070794,0.0,3,0,0,9.505,809.505,0.007654394510405435,94.34358132230903,6427.440505749973,6427.439272135635,0.0,317.8180980507712,8980.067988940813,12207.805214443935,6103.902607221968,1.47598170416298,203,22,0,5675.195510668347,7574.145484466402,13249.34099513475,2900.0182224187934,2900.0182224187934,0.03732438835116434,0.05612136820819772,0.0,0.0,3.475904683557159,0.7608066639245006,0.42833794622331167
100,1000.0,10.0,14.51379818276499,0.15310144590658994,0.0,65.0239889716144,65.60835013903237,3.816823309261872,0.0,3,0,0,9.5,809.5,0.007719921353234219,94.40487857044572,6366.882672501491,6366.881001113723,0.0,321.6462286418174,9099.315784230428,12343.766125224065,6171.8830626120325,1.4741267407806717,203,22,0,5784.474894551051,7720.123839903443,13504.598734454494,2955.517975012188,2955.517975012188,0.037265693243545034,0.05605478964956014,0.0,0.0,3.47642422177748,0.7608248477622118,0.4283337112263121
101,1010.0,10.0,14.66689962867158,0.151774250144446,0.0,65.60835013903237,66.16630848036897,3.676238497673876,0.0,3,0,0,9.495,809.495,0.007786217868108688,94.46725248572261,6310.174424666511,6310.172396084977,0.0,325.3317722075047,9213.987923977937,12474.796889855708,6237.398444927854,1.4723423398537623,203,22,0,5889.683950413313,7860.666721670333,13750.350672083645,3008.9459697844923,3008.9459697844923,0.037209256299160054,0.05599063142747367,0.0,0.0,3.4769131300172074,0.7608419595506022,0.42832972706439537
102,1020.0,10.0,14.818673878816025,0.15052774434238111,0.0,66.16630848036897,66.69956343829365,3.5425692469806562,0.0,3,0,0,9.49,809.49,0.007853255225161443,94.53065151543913,6256.9631271365215,6256.9608235410415,0.0,328.8818853409256,9324.327509658364,12601.13151307001,6300.565756535005,1.4706232091952331,203,22,0,5991.027075811562,7996.046838416811,13987.073914228373,3060.406862057224,3060.406862057224,0.037154956730746654,0.055928777703556254,0.0,0.0,3.477373646627584,0.7608580776319654,0.4283259752933157
103,1030.0,10.0,14.969201623158407,0.14935491411493312,0.0,66.69956343829365,67.20965621154926,3.415306260784109,0.0,3,0,0,9.485,809.485,0.007921006020257339,94.59502665071544,6206.939674195277,6206.93717707774,0.0,332.3031818465901,9430.557790544326,12722.98766589502,6361.49383294751,1.4689645718462643,203,22,0,6088.693155724396,8126.51622546495,14215.209381189346,3109.9973038378625,3109.9973038378625,0.03710268369035465,0.05586912082383914,0.0,0.0,3.4778078026716353,0.7608732730935072,0.42832243918836826
104,1040.0,10.0,15.11855653727334,0.14824956648329876,0.0,67.20965621154926,67.6979895538306,3.293995077795762,0.0,3,0,0,9.48,809.48,0.00798944417199428,94.66033124664753,6159.831769127591,6159.82915753791,0.0,335.60179322547117,9532.884532834356,12840.568348863724,6420.284174431862,1.4673621010677187,203,22,0,6182.857291898867,8252.308547799214,14435.16583969808,3157.806840328006,3157.806840328006,0.037052335078249225,0.05581156047770936,0.0,0.0,3.478217446527773,0.760887610628472,0.42831910353917935
105,1050.0,10.0,15.26680610375664,0.14720620936702508,0.0,67.6979895538306,68.16584449229013,3.178228285826208,0.0,3,0,0,9.475,809.475,0.008058544829456383,94.72652086095171,6115.398436226151,6115.395785436207,0.0,338.7834202593206,9631.498019813114,12954.06333080826,6477.03166540413,1.4658118654160575,203,22,0,6273.68227768138,8373.641064189995,14647.323341871375,3203.918674297661,3203.918674297661,0.037003816537487244,0.055756002970780316,0.0,0.0,3.4786042648169904,0.7609011492685946,0.42831595447525905
106,1060.0,10.0,15.414012313123665,0.18621995211228043,0.04,68.16584449229013,68.61439453174029,3.067639080511526,0.0,4,0,0,9.47,809.47,0.00812828428923192,94.79355310856153,6073.4255057533865,6073.42288624951,0.0,341.8533772869872,9726.574752309461,13063.650400156353,6531.825200078177,1.4643102820649148,203,22,0,6361.319863876267,8490.716313089546,14852.036176965812,3248.410321964734,3248.410321964734,0.0369570405993264,0.05570236059293386,0.0,0.0,3.4789698003188887,0.7609139430111611,0.42831297931674234
107,1070.0,10.0,15.600232265235945,0.14528642283412094,0.0,68.61439453174029,69.04471779174754,2.9618958992374247,0.0,4,0,0,9.465,809.465,0.00819863992046069,94.86138753006878,6033.721873629693,6033.719350368792,0.0,344.8166304350536,9818.278903733963,13169.496458602944,6584.748229301472,1.462854076915876,203,22,0,6445.911851727815,8603.723568359092,15049.635420086906,3291.3541791184175,3291.3541791184175,0.03691192595215803,0.0556505510663552,0.0,0.0,3.4793154674016566,0.760926041359058,0.42831016644591857
108,1080.0,10.0,15.745518688070065,0.14440169930166788,0.0,69.04471779174754,69.45780743282225,2.8606979216478976,0.0,4,0,0,9.46,809.46,0.008269590096877813,94.92998547224353,5996.116382937635,5996.114014814362,0.0,347.6778308118811,9906.763572626027,13271.758481499384,6635.879240749692,1.4614402503355897,203,22,0,6527.591041880786,8712.840103244625,15240.43114512541,3332.818012468647,3332.818012468647,0.036868396812361356,0.055600497061191266,0.0,0.0,3.4796425653843155,0.760937489788451,0.4283075051960462
109,1090.0,10.0,15.889920387371733,0.1435622508101472,0.0,69.45780743282225,69.85458065761557,2.763771273815064,0.0,4,0,0,9.455,809.455,0.008341114134984576,94.99930997914647,5960.45520822077,5960.453047706837,0.0,350.4413434782117,9992.171866955596,13370.584364925184,6685.292182462592,1.4600660475838132,203,22,0,6606.482062571928,8818.23229355885,15424.714356130778,3372.865388296585,3372.865388296585,0.036826382379843994,0.055552125768687365,0.0,0.0,3.4799522901673163,0.7609483301558561,0.4283049857546363
110,1100.0,10.0,16.03348263818188,0.14276488902624832,0.0,69.85458065761557,70.23588651826589,2.670865807770224,0.0,4,0,0,9.45,809.45,0.008413192237610312,95.06932569257381,5926.599649164762,5926.597742089023,0.0,353.11127285448714,10074.637847713704,13466.113675918772,6733.056837959386,1.4587289331747562,203,22,0,6682.702095930338,8920.05658520214,15602.758681132476,3411.5560482106666,3411.5560482106666,0.036785816364408815,0.05550536852342929,0.0,0.0,3.480245744403654,0.7609586010541278,0.4283025990789275
111,1110.0,10.0,16.17624752720813,0.14200672620856739,0.0,70.23588651826589,70.60251271801891,2.581752354564924,0.0,4,0,0,9.445,809.445,0.008485805442238654,95.13999876076082,5894.42425977026,5894.422645214753,0.0,355.6914851046021,10154.287354096226,13558.478319543918,6779.239159771959,1.4574265685540149,203,22,0,6756.36151782046,9018.460346569684,15774.821864390144,3448.946240024852,3448.946240024852,0.036746636571718054,0.055460160467741174,0.0,0.0,3.4805239464325757,0.7609683381251401,0.4283003368216901
112,1120.0,10.0,16.318254253416697,0.1412851395255052,0.0,70.60251271801891,70.95519156120251,2.4962203694461094,0.0,4,0,0,9.44,809.44,0.008558935573561762,95.21129675442404,5863.815254141475,5863.813964433314,0.0,358.1856279402248,10231.238728474702,13647.803134206953,6823.901567103477,1.4561567925844465,203,22,0,6827.564463928406,9113.582622753249,15941.147086681656,3485.089010356791,3485.089010356791,0.0367087845396938,0.05541644025243836,0.0,0.0,3.4807878381583035,0.7609775743355406,0.4282981912658361
113,1130.0,10.0,16.4595393929422,0.1405977404424449,0.0,70.95519156120251,71.29460517850538,2.4140759036010877,0.0,4,0,0,9.435,809.435,0.00863256519980111,95.28318858935016,5834.669141653895,5834.66820243736,0.0,360.597148213425,10305.603456092562,13734.206424802442,6867.103212401221,1.454917604422978,203,22,0,6896.409332607675,9205.55480553733,16101.964138145006,3520.0344644091238,3520.0344644091238,0.03667220521783215,0.055374149769068966,0.0,0.0,3.4810382920246177,0.7609863402208616,0.4282961552665688
114,1140.0,10.0,16.600137133384646,0.13994234834556804,0.0,71.29460517850538,71.62139013274093,2.3351398493656688,0.0,4,0,0,9.43,809.43,0.008706677592396062,95.355644454846,5806.891553359827,5806.8909837348665,0.0,362.92930760385724,10377.486731827605,13817.80044176288,6908.90022088144,1.4537071484416382,203,22,0,6962.989233241942,9294.501230848542,16257.490464090484,3553.829997483917,3553.829997483917,0.03663684668321597,0.05533323390954091,0.0,0.0,3.4812761172108244,0.7609946641023788,0.42829422220002406
115,1150.0,10.0,16.740079481730213,0.1393169677240058,0.0,71.62139013274093,71.9361414927036,2.2592464155996366,0.0,4,0,0,9.425,809.425,0.008781256688714052,95.42863574745431,5780.3962286439,5780.396041360058,0.0,365.1851966569281,10446.987964274957,13898.691812853585,6949.345906426793,1.452523700903753,203,22,0,7027.39238745802,9380.539713420525,16407.932100878545,3586.5205020402364,3586.5205020402364,0.0366026598880614,0.055293640349659126,0.0,0.0,3.4815020651541033,0.7610025722803936,0.42829238591752494
116,1160.0,10.0,16.87939644945422,0.1387197683546534,0.0,71.9361414927036,72.23941644845189,2.186241797729463,0.0,4,0,0,9.42,809.42,0.008856287057480568,95.50213500941553,5755.104136808637,5755.1043385054445,0.0,367.36774738877995,10514.20122571788,13976.981933534118,6988.490966767059,1.4513656581531464,203,22,0,7089.702489361061,9463.782026890936,16553.484516252,3618.1485535016755,3618.1485535016755,0.03656959843448267,0.055255319353615905,0.0,0.0,3.4817168344866043,0.7610100892070311,0.42829064070470974
117,1170.0,10.0,17.018116217808874,0.1381490680320118,0.0,72.23941644845189,72.53173752969592,2.115983013191908,0.0,4,0,0,9.415,809.415,0.008931753866664807,95.57611587142041,5730.94271278939,5730.943304275157,0.0,369.4797446406294,10579.215655181026,14052.767320860938,7026.383660430469,1.4502315261125267,203,22,0,7149.999030012087,9544.334336279875,16694.33336629196,3648.754577526032,3648.754577526032,0.03653761837285126,0.055218223596907944,0.0,0.0,3.4819210754619956,0.7610172376411698,0.42828898124490966
118,1180.0,10.0,17.156265285840885,0.13760331746426865,0.0,72.53173752969592,72.81359547939655,2.048336878024929,0.0,4,0,0,9.41,809.41,0.009007642853588954,95.65055299925295,5707.845189821321,5707.846166383375,0.0,371.52383633756796,10642.11582063817,14126.139935199693,7063.069967599847,1.4491199109188018,203,22,0,7208.35759058335,9622.297588754514,16830.655179337864,3678.3770010415947,3678.3770010415947,0.03650667802069058,0.05518230800551278,0.0,0.0,3.4821153939349503,0.7610240387877232,0.4282874025862453
119,1190.0,10.0,17.293868603305153,0.1370810870205908,0.0,72.81359547939655,73.08545182678523,1.983179104407327,0.0,4,0,0,9.405,809.405,0.009083940297056494,95.72542204397031,5685.75001480361,5685.751366544536,0.0,373.50254278419055,10702.982045522402,14197.187473423637,7098.593736711819,1.4480295105491028,203,22,0,7264.850107976802,9697.767867719236,16962.617975696037,3707.052389016607,3707.052389016607,0.03647673779951302,0.055147529609458144,0.0,0.0,3.482300354947755,0.7610305124231714,0.4282859001119902
120,1200.0,10.0,17.430949690325743,0.13658105506644147,0.0,73.08545182678523,73.34774119746518,1.920393502249317,0.0,4,0,0,9.4,809.4,0.009160632991318527,95.80069959530681,5664.600334478161,5664.6020466726095,0.0,375.4182651104925,10761.89070392291,14265.99363677659,7132.996818388295,1.4469591073129147,203,22,0,7319.545116149628,9770.836714549872,17090.3818306995,3734.815568647071,3734.815568647071,0.036447760087390896,0.055113847409171336,0.0,0.0,3.482476485970505,0.7610366770089676,0.428284469513812
121,1210.0,10.0,17.567530745392183,0.13610199766609388,0.0,73.34774119746518,73.6008733928,1.859871270632175,0.0,4,0,0,9.395,809.395,0.009237708221717465,95.876363138024,5644.343542471631,5644.345595939189,0.0,377.2732929656345,10818.914488217575,14332.63837615806,7166.31918807903,1.4459075611037617,203,22,0,7372.5079659378525,9841.591421687783,17214.099387625636,3761.6997424126675,3761.6997424126675,0.03641970908537294,0.05508122225320931,0.0,0.0,3.482644279834857,0.7610425497942199,0.4282831067675596
122,1220.0,10.0,17.70363274305828,0.1356427794675976,0.0,73.6008733928,73.84523526481277,1.8015103566286599,0.0,4,0,0,9.39,809.39,0.009315153741865066,95.95239101095888,5624.930870349058,5624.933250323352,0.0,379.0698115441159,10874.122653074057,14397.198116533673,7198.599058266836,1.4448738033198143,203,22,0,7423.801025795029,9910.1153003127,17333.91632610773,3787.736591253271,3787.736591253271,0.03639255069577105,0.05504961672650595,0.0,0.0,3.48280419739921,0.7610481469089723,0.42828180811127853
123,1230.0,10.0,17.839275522525877,0.13520234528715092,0.0,73.84523526481277,74.08119276809443,1.7452175314008855,0.0,4,0,0,9.385,809.385,0.00939295775281598,96.02876236952872,5606.319168256326,5606.319737697022,0.0,380.8099079448511,10927.581057222598,14459.746139100807,7229.873069550404,1.44385683116017,203,22,0,7473.483863581175,9976.487922492232,17449.971786073405,3812.956368658569,3812.956368658569,0.03636625250083886,0.0550189949584861,0.0,0.0,3.482956669143416,0.7610534834200195,0.4282805700319621
124,1240.0,10.0,17.97447786781303,0.1347797133424594,0.0,74.08119276809443,74.30909167465664,1.6908991784479894,0.0,4,0,0,9.38,809.38,0.00947110886505339,96.10545711976195,5588.463581333103,5588.462935471297,0.0,382.4955798133079,10979.35303121999,14520.352289667206,7260.176144833603,1.4428557026427085,203,22,0,7521.6134929910095,10040.785450896185,17562.398943887194,3837.3880244675615,3837.3880244675615,0.03634078333236817,0.054989322774665866,0.0,0.0,3.4831021002900915,0.7610585735101532,0.42827938922370273
125,1250.0,10.0,18.10925758115549,0.13437396919981923,0.0,74.30909167465664,74.52925937724416,1.6384698904005746,0.0,4,0,0,9.375,809.375,0.009549596118631211,96.18245594931466,5571.324501008653,5571.323651923955,0.0,384.1287346840651,11029.498779379413,14579.083532891593,7289.541766445796,1.441869533045317,203,22,0,7568.244355320494,10103.080613200511,17671.324968521003,3861.0591987816224,3861.0591987816224,0.036316113567081025,0.054960567413509104,0.0,0.0,3.4832408695231343,0.7610634304333097,0.42827826259786766
126,1260.0,10.0,18.24363155035531,0.1339842595414464,0.0,74.52925937724416,74.74200628074341,1.5878499775075396,0.0,4,0,0,9.37,809.37,0.009628408946838864,96.25974026441166,5554.865671029194,5554.865343615714,0.0,385.7111978937542,11078.075773703848,14636.00408587977,7318.002042939885,1.440897490138472,203,22,0,7613.428545336788,10163.44300374683,17776.87154908362,3883.9963368401627,3883.9963368401627,0.03629221493136276,0.054932697462321115,0.0,0.0,3.4833733317174698,0.7610680666101114,0.4282771872607278
127,1270.0,10.0,18.377615809896756,0.1336097869176265,0.0,74.74200628074341,74.94762695196623,1.5389641430203482,0.0,4,0,0,9.365,809.365,0.00970753715372674,96.33729215006005,5539.053200665976,5539.05388149399,0.0,387.2447180704768,11125.138999972523,14691.175538059262,7345.587769029631,1.4399387902900287,203,22,0,7657.215968011327,10221.939292770458,17879.155260781787,3906.2247689798346,3906.2247689798346,0.03626906037912108,0.05490568279873754,0.0,0.0,3.4834998199853286,0.7610724936994865,0.42827616049666245
128,1280.0,10.0,18.511225596814384,0.13324980514160906,0.0,74.94762695196623,75.14640116871529,1.4917411439199895,0.0,4,0,0,9.36,809.36,0.00978697089864,96.41509434205624,5523.855355589497,5523.857349950942,0.0,388.73097132914467,11170.741100459805,14744.656988149844,7372.328494074922,1.4389926950864416,203,22,0,7699.654458346729,10278.633386262918,17978.287844609647,3927.7687720172694,3927.7687720172694,0.036246624020840036,0.054879494522870394,0.0,0.0,3.483620647213051,0.7610767226524567,0.42827517975552293
129,1290.0,10.0,18.644475401955994,0.13504435223222896,0.0,75.14640116871529,72.95309110480837,-16.241405343151246,0.0,4,0,0,9.355,809.355,0.009866700682590969,96.49313020214544,0.0,5509.245866219275,8804.97422687522,390.55112622189154,12418.010950687827,13618.730797438277,6809.365398719138,1.438928594978953,203,22,0,7750.911520724812,10348.769016651291,18099.6805373761,3949.5372684090653,3949.5372684090653,0.03562792729790455,0.05545105865490317,0.0,0.0,3.488613327364453,0.7612514664577559,0.42823471412763714
130,1300.0,10.0,18.77951975418822,0.14186293824262797,0.0,72.95309110480837,68.02805765579343,-34.716843666325715,0.0,4,0,0,9.35,809.35,0.009964207254211184,96.60048503005619,0.0,5674.879483930642,24000.04665612992,375.15747244519036,13224.199408706561,11786.298754306135,6612.099704353281,1.4434534537280772,203,22,0,7311.03747705317,9762.448508459527,17073.485985512696,3722.873292765608,3722.873292765608,0.03522434273000834,0.05636780163291885,0.0,0.0,3.4916693075470087,0.7613584257641453,0.4282100025300503
131,1310.0,10.0,18.92138269243085,0.15284937025217657,0.0,68.02805765579343,62.819717294167134,-34.074987375043705,0.0,4,0,0,9.345,809.345,0.010078055850179677,96.73467396742555,0.0,6085.724247703003,24000.04904014287,341.578792230824,12222.62480789707,10549.294674157862,6111.312403948535,1.4547776827135164,203,22,0,6352.7896715633415,8482.16666624159,14834.956337804932,3236.792824681054,3236.792824681054,0.03571618440662802,0.05697286259026306,0.0,0.0,3.4890599326698695,0.7612670976434454,0.42823110003863607
132,1320.0,10.0,19.074232062683027,0.20657165975506064,0.04,62.819717294167134,57.24872669810316,-33.445008618248565,0.0,3,0,0,9.34,809.34,0.010179620372628,96.84797698168073,0.0,6590.287537611066,24000.050215187122,308.624805262529,11239.67204024676,9335.314977255173,5619.83602012338,1.4672455211405457,203,22,0,5412.362084038986,7225.710822462948,12638.072906501933,2759.708254643644,2759.708254643644,0.03619893239376804,0.057566737344614545,0.0,0.0,3.485677479066605,0.7611487117673311,0.4282584951107916
133,1330.0,10.0,19.280803722438087,0.1844282295352945,0.0,57.24872669810316,51.194541723407916,-32.826780314217785,0.0,3,0,0,9.335,809.335,0.010269436082048984,96.9413541922987,0.0,7231.601886679467,24000.050354264367,276.30639939215234,10275.601364840471,8144.825261303019,5137.800682420236,1.481046207209244,203,22,0,4490.023559385684,5993.537989007807,10483.56154839349,2291.5054919509334,2291.5054919509334,0.03667275184090125,0.058149636025399354,0.0,0.0,3.481572835082524,0.7610050492278883,0.4282918108182175
134,1340.0,10.0,19.465231951973383,0.24894050744320764,0.04,51.194541723407916,44.526485495003634,-31.91365958664926,0.0,2,0,0,9.33,809.33,0.010348035602425774,97.01575813681896,0.0,8086.799609160382,23751.994022623927,244.6289693982678,9309.854086697587,6998.743873186933,4654.927043348794,1.4964658784198017,203,22,0,3585.896690567351,4785.885224817169,8371.78191538452,1832.0591212406507,1832.0591212406507,0.03714815108446752,0.058711421559841735,0.0,0.0,3.476713359492294,0.7608349675822302,0.4283313548789033
135,1350.0,10.0,19.71417245941659,0.24320130886979013,0.0,44.526485495003634,37.70991402498411,-28.028514738253783,0.0,2,0,0,9.325,809.325,0.010415737979276782,97.07178281144884,0.0,9297.836903082221,21084.816181793693,213.87346144736023,8169.900413497682,6088.330349659666,4084.950206748841,1.5142077961983733,203,22,0,2708.0071175570783,3613.456634350269,6321.463751907348,1385.4880472961902,1385.4880472961902,0.037711489516298734,0.059156417226480934,0.0,0.0,3.4703966594911018,0.7606138830821886,0.42838292266407496
136,1360.0,10.0,19.95737376828638,0.3332061824034564,0.04,37.70991402498411,30.501471683382988,-24.58489204597395,0.0,1,0,0,9.32,809.32,0.01047146156409537,97.10768963216009,0.0,10978.545316377831,18716.64080806924,186.9399584576562,7168.679775930731,5293.984121246347,3584.3398879653655,1.532307829597779,203,22,0,1939.0696166100945,2586.876302566983,4525.9459191770775,993.4640641207432,993.4640641207432,0.03820730907241896,0.05954617793618157,0.0,0.0,3.4641490910492494,0.7603952181867237,0.428434111064823
137,1370.0,10.0,20.290579950689835,0.3278541265803549,0.0,30.501471683382988,30.501268189400434,-0.0006206845241649717,18.606795497044285,1,0,0,9.315,809.315,0.010517458546268479,97.127292946666,810.0059772625626,13441.57983197697,0.0,160.980041481708,4766.248814807166,5965.753950640035,4451.105948344832,1.5347095593118685,204,22,50,1262.6477871965149,1683.6679408373263,2946.315728033841,649.5282650765292,649.5282650765292,0.03937052783209244,0.0591609959883741,0.0,0.4630841930257946,3.4469580235162063,0.7598970617789771,0.4285514193820345
138,1380.0,10.0,20.61843407727019,0.32785632342797505,0.0,30.501268189400434,30.50106292590499,-0.0006260775857526823,18.606547223234617,1,0,0,9.31,809.31,0.01054838757232651,97.12175957435119,809.991663107341,13441.60395813472,0.0,160.9787596897779,4766.211572051972,5965.705740599888,4451.053181790454,1.534691794134565,204,22,50,1262.6309220196474,1683.645444421661,2946.2763664413087,649.5195942684885,649.5195942684885,0.0393705360346776,0.05916100734661659,0.0,0.46307806936939994,3.4469579669224695,0.759897057057229,0.42855142049852224
139,1390.0,10.0,20.946290400698167,0.32785853742367427,0.0,30.50106292590499,30.50085624679923,-0.0006303911052100375,18.606296792200318,1,0,0,9.305,809.305,0.01057931650207947,97.1162444556627,809.9781424565841,13441.628292805175,0.0,160.97747302320778,4766.174117630657,5965.657417249861,4451.000188602569,1.5346739185979348,204,22,50,1262.613910142688,1683.6227522966772,2946.2366624393653,649.5108481067783,649.5108481067783,0.039370544346550775,0.05916101876553434,0.0,0.4630718925029797,3.446957909366626,0.759897052278013,0.4285514216285987
140,1400.0,10.0,21.27414893812184,0.32786076856814683,0.0,30.50085624679923,30.50064779818058,-0.0006357839626900841,18.606044635758234,1,0,0,9.3,809.3,0.01061024533368722,97.1107475267946,809.9636842064283,13441.652794002071,0.0,160.97618246806107,4766.136625212249,5965.60887265849,4450.946948891861,1.5346559322247895,204,22,50,1262.5967812075746,1683.5999040529637,2946.1966852605383,649.5020416993723,649.5020416993723,0.039370552680266645,0.059161030298551014,0.0,0.46306567307721835,3.446957851850067,0.7598970474811727,0.42855142276284264
141,1410.0,10.0,21.602009706689987,0.3278630149599694,0.0,30.50064779818058,30.500438287854195,-0.0006390178727883721,18.605790322173156,1,0,0,9.295,809.295,0.010641174066502727,97.10526872613852,809.9508929910227,13441.677503649335,0.0,160.9748870326867,4766.098848183477,5965.560287328972,4450.89351884584,1.5346378363400444,204,22,50,1262.5795054242346,1683.5768598768166,2946.156365301051,649.4931599276943,649.4931599276943,0.03937056115969773,0.05916104185580938,0.0,0.4630594004433367,3.4469577929218325,0.7598970426111188,0.4285514239143986
142,1420.0,10.0,21.929872721649957,0.3278652765997681,0.0,30.500438287854195,30.500227008014917,-0.0006444105379728171,18.605534715024042,1,0,0,9.29,809.29,0.01067210269822839,97.09980798954471,809.9363066905911,13441.70233781622,0.0,160.97358868909322,4766.061133871541,5965.511445401339,4450.839858679045,1.5346196294329573,204,22,50,1262.5621420727987,1683.5536989444088,2946.1158410172075,649.4842330057738,649.4842330057738,0.039370569609957155,0.05916105354415726,0.0,0.46305309590142646,3.4469577345847107,0.7598970377475374,0.4285514250644241
143,1430.0,10.0,22.257737998249727,0.327867555390349,0.0,30.500227008014917,30.500014312565327,-0.0006487236876409952,18.605276950808854,1,0,0,9.285,809.285,0.010703031228951443,97.09436525704506,809.9225138573807,13441.727380374732,0.0,160.97228547120082,4766.023207906761,5965.462490173293,4450.785971907342,1.5346013143447175,204,22,50,1262.5446320320566,1683.5303423170901,2946.074974349147,649.4752307357325,649.4752307357325,0.0393705781694984,0.059161065293174234,0.0,0.4630467381531911,3.44695767528541,0.7598970328264905,0.4285514262280377
144,1440.0,10.0,22.585605553640075,0.3278698494302245,0.0,30.500014312565327,30.499800201505423,-0.0006530367469792964,18.605017461333798,1,0,0,9.28,809.28,0.01073395965683176,97.08894046566402,809.9086569924015,13441.752589346712,0.0,160.97097835928645,4765.985171001777,5965.413386283985,4450.7318749250435,1.534582890338758,204,22,50,1262.5270047895194,1683.506829353927,2946.0338341434463,649.4661682117104,649.4661682117104,0.03937058678730809,0.059161077119852835,0.0,0.46304033784906684,3.4469576155757813,0.7598970278720744,0.428551427399542
145,1450.0,10.0,22.9134754030703,0.32787216062226315,0.0,30.499800201505423,30.499584320932627,-0.0006584291035437673,18.604756246635006,1,0,0,9.275,809.275,0.010764887980764175,97.08353355385857,809.8938625948504,13441.777964704563,0.0,160.96966735919068,4765.947096105922,5965.364061173457,4450.677531457544,1.534564358197578,204,22,50,1262.5092605013174,1683.4831602887123,2945.9924207900294,649.4570454484301,649.4570454484301,0.0393705954269557,0.059161089060620786,0.0,0.46303389498989705,3.4469575559053256,0.7598970229000362,0.4285514285752131
146,1460.0,10.0,23.241347563692564,0.3278744870649336,0.0,30.499584320932627,30.499367378652096,-0.0006616625845879299,18.604492874993586,1,0,0,9.27,809.27,0.010795816200102023,97.07814446105337,809.8807351273604,13441.803548359752,0.0,160.96835147929932,4765.90873662131,5965.314695331977,4450.62299768823,1.5345457192322756,204,22,50,1262.491369378534,1683.4592953092942,2945.950664687828,649.4478473278906,649.4478473278906,0.0393706042123094,0.05916110102562393,0.0,0.46302739892728323,3.4469574948231165,0.7598970178547881,0.4285514297681953
147,1470.0,10.0,23.569222050757496,0.32787682685660124,0.0,30.499367378652096,30.49914902076125,-0.000665975369275884,18.604228209959754,1,0,0,9.265,809.265,0.010826744312546821,97.07277312412619,809.8666861782297,13441.829256403464,0.0,160.96703268579424,4765.870366908963,5965.26514547732,4450.568270116135,1.5345269716702628,204,22,50,1262.4733905456148,1683.4353133586387,2945.9087039042533,649.4386040496524,649.4386040496524,0.03937061300491718,0.059161113085277446,0.0,0.46302087096064654,3.4469574338823867,0.7598970128002673,0.4285514309633702
148,1480.0,10.0,23.8970988776141,0.327879183802458,0.0,30.49914902076125,30.498928893357515,-0.0006713674262073255,18.603961819812042,1,0,0,9.26,809.26,0.010857672317728748,97.06741948337397,809.8516997370102,13441.855130749125,0.0,160.96571000434398,4765.831959209415,5965.215374413518,4450.513296081115,1.5345081175593238,204,22,50,1262.4552946744864,1683.4111753158872,2945.866469990374,649.4293005359989,649.4293005359989,0.039370621819360054,0.05916112525901458,0.0,0.46301430044152814,3.446957372980764,0.7598970077281259,0.4285514321627116
149,1490.0,10.0,24.224978061416557,0.32788155600090496,0.0,30.498928893357515,30.498707704246044,-0.0006746006520472747,18.603693272841557,1,0,0,9.255,809.255,0.010888600214999896,97.06208347882962,809.8383801619652,13441.881213300569,0.0,160.96438244335695,4765.7932669341535,5965.165562622977,4450.458131764044,1.5344891582024722,204,22,50,1262.4370519769388,1683.3868413698374,2945.8238933467765,649.4199216692808,649.4199216692808,0.03937063077950351,0.05916113745698306,0.0,0.4630076767217631,3.446957310667342,0.7598970025827765,0.4285514333793637
150,1500.0,10.0,24.55285961741746,0.32788394345260347,0.0,30.498707704246044,30.49848474562168,-0.0006799925059283396,18.60342343258074,1,0,0,9.25,809.25,0.010919528002063394,97.0567650479819,809.823265701207,13441.907420162534,0.0,160.96305197473805,4765.754637376644,5965.115494272561,4450.402737385837,1.5344700920674426,204,22,50,1262.418721729842,1683.3623906922892,2945.781112422131,649.4104976618914,649.4104976618914,0.03937063971047044,0.059161149786024575,0.0,0.4630010211003576,3.4469572489448423,0.7598969974439018,0.4285514345944849
151,1510.0,10.0,24.880743560870066,0.3278863480606129,0.0,30.49848474562168,30.498260371387005,-0.0006843049001702184,18.60315143557837,1,0,0,9.245,809.245,0.010950455679005221,97.05146413249241,809.8089446313187,13441.933835168233,0.0,160.96171663252008,4765.71579619352,5965.065312641151,4450.347116460325,1.5344509219735645,204,22,50,1262.4002448155136,1683.337744349317,2945.7379891648307,649.4009983177369,649.4009983177369,0.03937064875070645,0.0591611621757226,0.0,0.462994312280201,3.4469571862600152,0.7598969922475671,0.42855143582319305
152,1520.0,10.0,25.20862990893068,0.3278887660208438,0.0,30.498260371387005,30.498034935444593,-0.0006875378658037334,18.6028777136183,1,0,0,9.24,809.24,0.010981383243987654,97.04618067101605,809.7954329653633,13441.960416356556,0.0,160.960377391169,4765.676771148046,5965.015054929889,4450.291321659371,1.5344316469146662,204,22,50,1262.3816505662683,1683.312941467443,2945.694592033711,649.3914387167173,649.3914387167173,0.039370657885628484,0.05916117460664112,0.0,0.4629875609112081,3.4469571227152,0.7598969870021214,0.4285514370635139
153,1530.0,10.0,25.536518674951523,0.32789119923633625,0.0,30.498034935444593,30.49780772998929,-0.0006929294102178574,18.60260269847198,1,0,0,9.235,809.235,0.011012310695445237,97.04091460286487,809.7801264897982,13441.987121775866,0.0,160.95903524240984,4765.637808820656,5964.964540673334,4450.235296819719,1.5344122666240374,204,22,50,1262.3629687745258,1683.2880218634864,2945.6509906380124,649.381833978666,649.381833978666,0.039370666991372164,0.05916118716862639,0.0,0.46298077764300394,3.446957059761236,0.7598969817631511,0.42855143830230363
154,1540.0,10.0,25.86440987418786,0.3278936477077686,0.0,30.49780772998929,30.497579462826252,-0.0006961621996481426,18.60232552670789,1,0,0,9.23,809.23,0.011043238033467906,97.0356658703073,809.7664867724617,13442.01403524433,0.0,160.9576882145572,4765.598561939766,5964.913985697381,4450.179081731529,1.5343927836647775,204,22,50,1262.3441401703267,1683.262906374885,2945.6070465452117,649.3721538947258,649.3721538947258,0.03937067624280702,0.05916119975483642,0.0,0.4629739411789377,3.4469569953953934,0.7598969764509771,0.42855143955840314
155,1550.0,10.0,26.192303521895628,0.32789611143582365,0.0,30.497579462826252,30.497349426150322,-0.000701553534509003,18.60204706182803,1,0,0,9.225,809.225,0.011074165255756349,97.03043441182842,809.7510522967033,13442.041072889906,0.0,160.95633827944803,4765.559377777218,5964.8631741859845,4450.122636619752,1.534373196491703,204,22,50,1262.3252240284057,1683.2376741705766,2945.562898198982,649.3624286762183,649.3624286762183,0.0393706854650623,0.059161212472108926,0.0,0.46296707281730537,3.4469569316203508,0.759896971145279,0.4285514408129715
156,1560.0,10.0,26.52019963333145,0.32789734807003845,0.0,30.497349426150322,30.497349426150322,0.0,18.601766440414227,1,0,0,9.22,809.22,0.01110509236239817,97.0252201700896,810.3075990317236,13442.068318520589,0.0,160.95497970314804,4765.472281489063,5964.8596987208075,4450.089689654324,1.5343533455652318,204,22,50,1262.3060607523012,1683.212095598097,2945.5181563503984,649.3526193285755,649.3526193285755,0.039370718619537295,0.05916120142707112,0.0,0.46296015126176754,3.446956572916015,0.7598969554844591,0.428551444516079
157,1570.0,10.0,26.84809698140149,0.3092993370401793,0.0,30.497349426150322,34.1649294891191,11.85770424878844,0.0,1,0,0,9.215,809.215,0.011136019051135246,97.02002258487236,10407.820165094767,13442.068318520589,0.0,163.18981497543305,4033.0643974418963,6846.256600920308,3423.128300460154,1.547712837443389,205,23,0,1261.6240168613408,1682.0087017508629,2943.6327186122035,649.198206435995,649.198206435995,0.03977037640579989,0.058760284474478876,0.0,0.0,3.444750162478354,0.7597162556867424,0.42859423625925125
158,1580.0,10.0,27.15739631844167,0.27857084679371685,0.0,34.1649294891191,37.630092244831765,12.439071767903375,0.0,1,0,0,9.21,809.21,0.011169879716967247,97.01972411703221,11055.127528954981,12117.689285202574,0.0,174.48593463403364,4316.554628354579,7315.841013914331,3657.9205069571653,1.5383915987691008,205,23,0,1584.3354062050034,2112.4209895639056,3696.756395768909,814.8203290158569,814.8203290158569,0.03962940566080089,0.05852660287065629,0.0,0.0,3.44713327559602,0.7597996646458607,0.42857446815222694
159,1590.0,10.0,27.435967165235386,0.2552332360581639,0.0,37.630092244831765,40.729608509196574,12.143858347893513,0.0,1,0,0,9.205,809.205,0.011206720556207278,97.02438532903955,11001.845861166576,11001.833248411982,0.0,186.35883150654996,4675.5894587585735,7748.33264167809,3874.166320839045,1.5295653405706133,205,23,0,1923.4797706633383,2564.8521165233265,4488.331887186665,988.6161352528535,988.6161352528535,0.03945097670121248,0.05831201077345105,0.0,0.0,3.449949171012733,0.7598982209854456,0.42855114528284055
160,1600.0,10.0,27.69120040129355,0.27802601074144473,0.04,40.729608509196574,43.29482200451296,10.777030154502075,0.0,2,0,0,9.2,809.2,0.011246310650673485,97.03360549324223,10077.100678837178,10077.094166354822,0.0,197.97713086390849,5099.563009109343,8098.9123818178905,4049.4561909089452,1.521763173908058,205,23,0,2255.300544861266,3007.6336660659667,5262.934210927233,1158.350746950189,1158.350746950189,0.03924037889331081,0.058138914996293055,0.0,0.0,3.4530730748850558,0.7600075576209769,0.4285253158169202
161,1610.0,10.0,27.969226412034995,0.22515389120173282,0.0,43.29482200451296,45.53331191425839,9.942044073934278,0.0,2,0,0,9.195,809.195,0.011288016419511026,97.04631522833391,9562.357469579474,9562.344429013832,0.0,208.29854175474605,5450.614164747892,8435.955285568512,4217.977642784256,1.515034394449128,205,23,0,2550.0637282443295,3401.0135753220734,5951.077303566402,1309.0065734174793,1309.0065734174793,0.03906624205791507,0.05797254412665661,0.0,0.0,3.455588134145589,0.7600955846950956,0.4285045544133849
162,1620.0,10.0,28.194380303236727,0.21496255648357246,0.0,45.53331191425839,47.50614726954793,9.177576725741574,0.0,2,0,0,9.19,809.19,0.011331755859853701,97.06236647786577,9092.250174542418,9092.244394160996,0.0,217.8312539565327,5774.366117350815,8747.717479751365,4373.858739875683,1.5090679319517994,205,23,0,2822.283658834383,3764.356824767795,6586.6404836021775,1448.0156098830614,1448.0156098830614,0.03890579365819083,0.05781886678279369,0.0,0.0,3.4578311137664053,0.7601740889818241,0.42848606446042126
163,1630.0,10.0,28.4093428597203,0.2066596446094766,0.0,47.50614726954793,49.27133455470406,8.541519020279907,0.0,2,0,0,9.185,809.185,0.011377345910227054,97.08144352748184,8714.662642840045,8714.661655279704,0.0,226.63894049753807,6068.740833571876,9040.521866263996,4520.260933131998,1.503731463260601,205,23,0,3073.7859198281426,4100.082699757731,7173.868619585874,1576.3546339173113,1576.3546339173113,0.038760032459268574,0.05767465611155898,0.0,0.0,3.459808782013817,0.7602433073704835,0.42846978148389664
164,1640.0,10.0,28.616002504329778,0.1997203410408418,0.0,49.27133455470406,50.868690721490026,7.9979643458515515,0.0,2,0,0,9.18,809.18,0.011424662377839737,97.10332966458459,8402.449646322626,8402.451521591154,0.0,234.84265232200121,6339.620157528874,9316.556663937874,4658.278331968937,1.4989028893625167,205,23,0,3308.0309521602203,4412.800822306528,7720.831774466748,1695.814204624467,1695.814204624467,0.03862600752861466,0.05753880585420767,0.0,0.0,3.4615749382828658,0.7603051228399003,0.4284552557018631
165,1650.0,10.0,28.81572284537062,0.19365474184266962,0.0,50.868690721490026,52.40789217906473,7.94817334669342,0.0,2,1,1,9.175,809.175,0.011473597890386537,97.12783688522104,8138.598254605985,8138.601448711973,0.0,224.86774954637173,6561.969786817366,8429.213516274083,4214.606758137042,1.505857134869971,205,23,0,3527.0418446140866,3528.845444727362,7055.887289341448,1482.2673372489655,1482.2673372489655,0.038516008620940526,0.057980014956581664,0.0,0.0,2.9678969303710705,0.6234817110607643,0.49987219182795056
166,1660.0,10.0,29.00937758721329,0.18826400055312087,0.0,52.40789217906473,53.825906854419465,7.532054302408324,0.0,2,1,1,9.17,809.17,0.011520120096357167,97.14824706968227,7899.569986327892,7899.573571580879,0.0,231.4188505970402,6808.251489985072,8619.67188315094,4309.83594157547,1.5019029669194253,205,23,0,3745.2830470833846,3747.393345552629,7492.676392636014,1573.4387558511094,1573.4387558511094,0.038394320473884615,0.05788644605482743,0.0,0.0,2.9692166646357148,0.6235262715000529,0.49985917592335105
167,1670.0,10.0,29.197641587766412,0.18354337871391865,0.0,53.825906854419465,55.140159587961755,7.1604475342625165,0.0,2,1,1,9.165,809.165,0.011567936499806815,97.1707427382558,7691.459960710198,7691.463538547105,0.0,237.6307856272919,7040.2263121610595,8801.826062991733,4400.913031495867,1.4982276327042392,205,23,0,3952.219196653688,3954.635231249106,7906.854427902794,1659.8456460213768,1659.8456460213768,0.03827977022199871,0.0577970088356438,0.0,0.0,2.9704300615467116,0.6235672414898713,0.49984721897832773
168,1680.0,10.0,29.38118496648033,0.21936495308962284,0.04,55.140159587961755,56.36434369148689,6.825102019308337,0.0,3,1,1,9.16,809.16,0.011616985373476203,97.19521424340986,7508.136010304399,7508.139314315384,0.0,243.5395139562121,7259.649897944183,8976.317699136624,4488.158849568312,1.494793836722391,205,23,0,4149.049515806145,4151.769167274662,8300.818683080808,1741.9969464046535,1741.9969464046535,0.03817147655220295,0.057711379104784674,0.0,0.0,2.97155100747125,0.6236050898993233,0.49983618173264877
169,1690.0,10.0,29.600549919569954,0.17563303799428887,0.0,56.36434369148689,57.509448098474344,6.519869040952836,0.0,3,1,1,9.155,809.155,0.011667210572244036,97.2215615905706,7345.066254181478,7345.069114368654,0.0,249.17434002619157,7467.914163048812,9143.70850536396,4571.85425268198,1.4915713832951114,205,23,0,4336.751269530661,4339.77151813211,8676.522787662772,1820.3072803230946,1820.3072803230946,0.03806874084995529,0.05762927342846381,0.0,0.0,2.972590614201557,0.6236401919148055,0.4998259528226132
170,1700.0,10.0,29.77618295756424,0.17227434556185117,0.0,57.509448098474344,58.584448150398394,6.240047224780187,0.0,3,1,1,9.15,809.15,0.01171856065971085,97.2496929527289,7198.814812400845,7198.817128119561,0.0,254.55961048235122,7666.148061505364,9304.49263731805,4652.246318659025,1.488535440046646,205,23,0,4516.136364457938,4519.453486865476,9035.589851323413,1895.1209899876055,1895.1209899876055,0.03797099662214183,0.05755044277458221,0.0,0.0,2.973557963622777,0.6236728541834984,0.4998164412914863
171,1710.0,10.0,29.948457303126094,0.16923160642376148,0.0,58.584448150398394,59.59678538300758,5.981963145077384,0.0,3,1,1,9.145,809.145,0.011770988225307633,97.27952350700312,7066.720132896246,7066.72185316445,0.0,259.71588203622656,7855.284818147946,9459.107317600494,4729.553658800247,1.4856653103204638,205,23,0,4687.890299154084,4691.500022344357,9379.39032149844,1966.7286818363787,1966.7286818363787,0.0378777757408246,0.05747466707121864,0.0,0.0,2.974460609295727,0.6237033317491615,0.4998075715442826
172,1720.0,10.0,30.117688909549855,0.16645929255295241,0.0,59.59678538300758,60.55270998768669,5.742692943231281,0.0,3,1,1,9.14,809.14,0.011824449340942797,97.31097450725001,6946.682295487092,6946.683404807283,0.0,264.6607505869491,8036.108354862628,9607.941684267316,4803.970842133658,1.4829435434640899,205,23,0,4852.5998174198085,4856.497440710136,9709.097258129945,2035.3789768139836,2035.3789768139836,0.03778868512609216,0.05740175068427488,0.0,0.0,2.9753049260859465,0.6237318398572549,0.49979927983072453
173,1730.0,10.0,30.28414820210281,0.16392066624297505,0.0,60.55270998768669,61.4575310538825,5.519871819302011,0.0,3,1,1,9.135,809.135,0.01187890312190886,97.34397253323891,6837.018018104604,6837.0185262424475,0.0,269.4094555790314,8209.286295052989,9751.344076882435,4875.672038441217,1.4803552759602367,205,23,0,5010.773065608067,5014.9535585773565,10025.726624185423,2101.28707801464,2101.28707801464,0.03770339016482276,0.057331518698500894,0.0,0.0,2.9760963610373086,0.6237585624256126,0.49979151172149433
174,1740.0,10.0,30.448068868345786,0.1615856930927335,0.0,61.4575310538825,62.31580318878505,5.311560191223043,0.0,3,1,1,9.13,809.13,0.011934311367109393,97.3784488743047,6736.359188564054,6736.35912313217,0.0,273.9753306012449,8375.394018618459,9889.628021464534,4944.814010732267,1.4778877342663357,205,23,0,5162.854621887152,5167.312703695842,10330.167325582994,2164.641160438509,2164.641160438509,0.03762160262208376,0.057263813865343544,0.0,0.0,2.9768396179079333,0.6237836582752443,0.4997842202518032
175,1750.0,10.0,30.609654561438518,0.15942953384930952,0.0,62.31580318878505,63.13146819885953,5.116147494010988,0.0,3,1,1,9.125,809.125,0.01199063826062232,97.41433901710894,6643.580217863546,6643.579618893646,0.0,278.37014600144175,8534.932577160458,10023.077156268993,5011.538578134497,1.4755298534315702,205,23,0,5309.236924022262,5313.967128157191,10623.204052179453,2225.607230770464,2225.607230770464,0.03754307163552136,0.05719849409255935,0.0,0.0,2.9775387958598385,0.6238072658131497,0.49977736452619687
176,1760.0,10.0,30.769084095287827,0.15743143365774143,0.0,63.13146819885953,63.90796436757656,4.932281633191155,0.0,3,1,1,9.12,809.12,0.012047850121393646,97.45158221518956,6557.744976477395,6557.7438924108355,0.0,282.60437391259865,8688.342291377527,10151.949302795716,5075.974651397858,1.4732719802186853,205,23,0,5450.26910936483,5455.265836808413,10905.534946173244,2284.3328875171687,2284.3328875171687,0.037467576878451876,0.05713543037049144,0.0,0.0,2.978197495670973,0.6238295066185375,0.49977090865013746
177,1770.0,10.0,30.92651552894557,0.15557389009045855,0.0,63.90796436757656,64.64831193541352,4.75881632455471,0.0,3,1,1,9.115,809.115,0.012105915191202635,97.49012112362236,6478.067341633339,6478.065826331361,0.0,286.6873964001552,8836.013245181577,10276.479848162106,5138.239924081053,1.4711056389698074,205,23,0,5586.263957747584,5591.521520846099,11177.785478593683,2340.9502747911,2340.9502747911,0.03739492328204678,0.05707450504983593,0.0,0.0,2.9788189024352,0.6238504882351649,0.49976482089817414
178,1780.0,10.0,31.082089419036027,0.15384202052569146,0.0,64.64831193541352,65.35518081421546,4.5947711580133275,0.0,3,1,1,9.11,809.11,0.012164803453426472,97.52990148614548,6403.8813970406145,6403.87950753616,0.0,290.6276711654952,8978.293506078151,10396.884571621533,5198.442285810766,1.4690233447779177,205,23,0,5717.503418708165,5723.016077491518,11440.519496199682,2395.578434214956,2395.578434214956,0.037324936900147154,0.05701561040295436,0.0,0.0,2.979405850910626,0.6238703063778057,0.49975907305672684
179,1790.0,10.0,31.235931439561718,0.15222307454469977,0.0,65.35518081421546,66.03094484262161,4.4393008775270575,0.0,3,1,1,9.105,809.105,0.012224486476863288,97.57087186501937,6334.618601981914,6334.61639677616,0.0,294.43286507124856,9115.495650758992,10513.36202065758,5256.68101032879,1.4670184528190766,205,23,0,5844.243065422452,5850.005057744121,11694.248123166573,2448.3252003991356,2448.3252003991356,0.0372574616259859,0.056958647414852064,0.0,0.0,2.979960877841367,0.6238890466988791,0.49975363989796595
180,1800.0,10.0,31.388154514106418,0.1507060534694697,0.0,66.03094484262161,66.67772570890095,4.291671445104702,0.0,3,1,1,9.1,809.1,0.01228493728014675,97.61298340604787,6269.790074494747,6269.787612258602,0.0,298.10996292165225,9247.90200782925,10626.095520280898,5313.047760140449,1.4650850356728007,205,23,0,5966.7157232654345,5972.721289844713,11939.437013110148,2499.2887453388803,2499.2887453388803,0.037192356553922216,0.056903524761123335,0.0,0.0,2.980486264348288,0.6239067862197598,0.4997484987536395
181,1810.0,10.0,31.538860567575888,0.14928141017328925,0.0,66.67772570890095,67.29742884506223,4.151241172239134,0.0,3,1,1,9.095,809.095,0.012346130213236684,97.65618963279394,6208.972682495344,6208.970021074583,0.0,301.6653569680738,9375.76891587816,10735.25488199343,5367.627440996715,1.4632177825518888,205,23,0,6085.134455445061,6091.377860676528,12176.512316121589,2548.558849274448,2548.558849274448,0.03712949383637321,0.056850157938947925,0.0,0.0,2.98098407064294,0.623923594502885,0.4997436291661611
182,1820.0,10.0,31.688141977749176,0.14794080980626645,0.0,67.29742884506223,67.89177301337482,4.017445687169766,0.0,3,1,1,9.09,809.09,0.01240804085318962,97.70044626524042,6151.798008190192,6151.795203842712,0.0,305.1049212244748,9499.330216190661,10840.997865440993,5420.498932720497,1.4614119158615457,205,23,0,6199.695041951676,6206.170591179978,12405.865633131654,2596.2179559335314,2596.2179559335314,0.03706875692574657,0.05679846852409601,0.0,0.0,2.9814561647321263,0.6239395346209552,0.4997390126001765
183,1830.0,10.0,31.83608278755544,0.18667693728826193,0.04,67.89177301337482,68.46231488726296,3.889785841156936,0.0,4,1,1,9.085,809.085,0.012470645911963587,97.74571105907799,6097.943506972632,6097.940613783075,0.0,308.43407368393065,9618.80014368002,10943.471435248688,5471.735717624344,1.4596631215957216,205,23,0,6310.578054925226,6317.280108753482,12627.858163678708,2642.342055996242,2642.342055996242,0.037010039119156915,0.05674838353227475,0.0,0.0,2.9819042463641567,0.6239546639654721,0.49973463220201775
184,1840.0,10.0,32.0227597248437,0.14548334109386116,0.0,68.46231488726296,69.01046962279753,3.767817891815639,0.0,4,1,1,9.08,809.08,0.012533923154437314,97.79194366252358,6047.125361085847,6047.122430518668,0.0,311.6578288039669,9734.375739657304,11042.812847273823,5521.406423636911,1.4579674908791236,205,23,0,6417.950609416487,6424.87359551464,12842.824204931127,2687.0014323716823,2687.0014323716823,0.036953242343781466,0.05669983486736495,0.0,0.0,2.9823298671676786,0.6239690349267204,0.4997304725974722
185,1850.0,10.0,32.16824306593756,0.14435430547944386,0.0,69.01046962279753,69.53752819115066,3.651145468800587,0.0,4,1,1,9.075,809.075,0.012597851325156792,97.8391054881366,5999.092655573218,5999.089736135277,0.0,314.78084209467755,9846.238880971701,11139.150592006801,5569.575296003401,1.456321470559504,205,23,0,6521.967850715019,6529.106273513482,13051.0741242285,2730.261293308705,2730.261293308705,0.03689827613531953,0.05665275884241438,0.0,0.0,2.9827344477145052,0.6239826954698897,0.4997265197205029
186,1860.0,10.0,32.312597371417006,0.1432847452044115,0.0,69.53752819115066,70.04467207355854,3.5394129478640024,0.0,4,1,1,9.07,809.07,0.012662410082584615,97.88715959754563,5953.62259568213,5953.619732670993,0.0,317.8074482447646,9954.557998611945,11232.605217705695,5616.302608852848,1.454721821203828,205,23,0,6622.774226114305,6630.122674703333,13252.89690081764,2772.182313709037,2772.182313709037,0.03684505677279541,0.05660709576187785,0.0,0.0,2.9831192920752136,0.6239956896265395,0.4997227606671951
187,1870.0,10.0,32.45588211662142,0.14227011819344063,0.0,70.04467207355854,70.53298579277265,3.4322999475557934,0.0,4,1,1,9.065,809.065,0.012727579939836434,97.93607059735254,5910.516551724987,5910.51378704766,0.0,320.7416939192201,10059.489542854346,11323.290051760327,5661.645025880163,1.4531655811935438,205,23,0,6720.504578930948,6728.057733433724,13448.562312364673,2812.8211007365385,2812.8211007365385,0.03679350654098732,0.05656278955567876,0.0,0.0,2.9834856003142822,0.6240080579164939,0.49971918357043144
188,1880.0,10.0,32.598152234814854,0.1413063526210985,0.0,70.53298579277265,71.00346765761378,3.3295167281169142,0.0,4,1,1,9.06,809.06,0.012793342211056411,97.9858045447657,5869.596766733164,5869.594138781257,0.0,323.58736613213125,10161.179239961142,11411.311835514272,5705.655917757136,1.4516500358766706,205,23,0,6815.285094915332,6823.037731560084,13638.322826475414,2852.230596550762,2852.230596550762,0.03674355309783782,0.05651978745733274,0.0,0.0,2.983834479279041,0.6240198377121275,0.4997157774917272
189,1890.0,10.0,32.739458587435955,0.14038978567545785,0.0,71.00346765761378,71.45703902222715,3.2308003209143408,0.0,4,1,1,9.055,809.055,0.012859678962719058,98.03632886174417,5830.7035990314125,5830.701142602664,0.0,326.3480169205001,10259.763176218681,11496.77128514799,5748.385642573995,1.450172690937895,205,23,0,6907.234125267628,6915.181120349045,13822.415245616674,2890.4604284735606,2890.4604284735606,0.036695128928834114,0.05647803971971131,0.0,0.0,2.9841669519657676,0.6240310635546088,0.49971253232737534
190,1900.0,10.0,32.879848373111415,0.1395171118441155,0.0,71.45703902222715,71.89455230333219,3.135911253623726,0.0,4,1,1,9.05,809.05,0.012926572969255087,98.08761225662232,5793.693199586821,5793.690945845416,0.0,329.02698490672157,10355.368738008014,11579.763589106757,5789.881794553378,1.448731249306903,205,23,0,6996.462905861703,7004.599238753067,14001.06214461477,2927.5572149358236,2927.5572149358236,0.03664817087391475,0.05643749936310393,0.0,0.0,2.9844839656913775,0.6240417674298147,0.4997094387266007
191,1910.0,10.0,33.01936548495553,0.13868533901416283,0.0,71.89455230333219,72.31679795307492,3.0446307644646824,0.0,4,1,1,9.045,809.045,0.012994007672489356,98.13962465233821,5758.435545076209,5758.433521545301,0.0,331.6274142288281,10448.115431085358,11660.378850836516,5830.189425418258,1.4473235910505091,205,23,0,7083.076188659219,7091.396944012655,14174.473132671874,2963.5648340110515,2963.5648340110515,0.036602619715233625,0.05639812195111335,0.0,0.0,2.9847863992563455,0.6240519790101847,0.4997064880198525
192,1920.0,10.0,33.15805082396969,0.13789175102285922,0.0,72.31679795307492,72.72451054901575,2.9567584204020476,0.0,4,1,1,9.04,809.04,0.01306196714445353,98.19233712051592,5724.8127637970265,5724.810994378335,0.0,334.1522712317197,10538.115597927697,11738.702484186948,5869.351242093474,1.445947755793549,205,23,0,7167.172798431205,7175.673167683441,14342.845966114644,2998.524660123234,2998.524660123234,0.03655841981628612,0.0563598653906345,0.0,0.0,2.985075069250679,0.6240617258676404,0.4997036721557103
193,1930.0,10.0,33.295942574992544,0.13713387556380408,0.0,72.72451054901575,73.11837413409546,2.872110070982899,0.0,4,1,1,9.035,809.035,0.013130436053197919,98.24572182075751,5692.717704065999,5692.716209082869,0.0,336.6043592441169,10625.475048584476,11814.815567689982,5907.407783844991,1.4446019272929842,205,23,0,7248.8461256201135,7257.521407904346,14506.367533524459,3032.4757735442327,3032.4757735442327,0.036515518804620235,0.0563226897527536,0.0,0.0,2.985350735628044,0.624071033661794,0.49970098364514126
194,1940.0,10.0,33.43307645055635,0.13640945656310657,0.0,73.11837413409546,73.4990269164503,2.7905160825762776,0.0,4,1,1,9.03,809.03,0.013199399631278618,98.29975194458855,5662.05270451278,5662.051500772495,0.0,338.98633171099624,10710.293617759173,11888.795162973913,5944.397581486956,1.4432844198535721,205,23,0,7328.184564341397,7337.030166891689,14665.214731233085,3065.4551465150976,3065.4551465150976,0.03647386729172304,0.05628655711188735,0.0,0.0,2.9856141066516795,0.6240799263069449,0.49969841551206706
195,1950.0,10.0,33.56948590711946,0.13571643030527758,0.0,73.4990269164503,73.86706542043503,2.7118198080871023,0.0,4,1,1,9.025,809.025,0.013268843646639323,98.35440166357454,5632.728533339158,5632.727634212255,0.0,341.30070390683363,10792.66565866748,11960.714601788095,5980.3573008940475,1.441993666325143,205,23,0,7405.271903041453,7414.283341164124,14819.555244205578,3097.4978091946564,3097.4978091946564,0.03643341862476853,0.0562514314008821,0.0,0.0,2.9858658432985075,0.6240884261207849,0.4996959612493703
196,1960.0,10.0,33.70520233742474,0.1350529047196243,0.0,73.86706542043503,74.22304816520662,2.635876255387666,0.0,4,1,1,9.02,809.02,0.013338754375643722,98.40964608118837,5604.663469677938,5604.66288519252,0.0,343.54986341884666,10872.680482462278,12030.643745460835,6015.321872730417,1.4407282074636336,205,23,0,7480.187674123423,7489.360570799691,14969.548244923113,3128.636998125363,3128.636998125363,0.03639412866579721,0.056217278280125356,0.0,0.0,2.9861065631938812,0.6240965539572522,0.4996936147796117
197,1970.0,10.0,33.84025524214436,0.1344171413425368,0.0,74.22304816520662,74.5674989349862,2.5625509242293445,0.0,4,1,1,9.015,809.015,0.013409118578045267,98.46546118806155,5577.782505011752,5577.782241959579,0.0,345.7360795598729,10950.422750590094,12098.649220068099,6049.324610034049,1.4394866824724435,205,23,0,7553.007467866379,7562.337553041814,15115.345020908193,3158.904289486475,3158.904289486475,0.0363559555946157,0.056184065018999516,0.0,0.0,2.986336844137975,0.6241043293255998,0.49969137041984385
198,1980.0,10.0,33.9746723834869,0.13380753955505706,0.0,74.5674989349862,74.90090969508734,2.4917187866229598,0.0,4,1,1,9.01,809.01,0.013479923473707403,98.5218238202969,5552.016646471184,5552.016708525489,0.0,347.8615118462095,11025.972826280355,12164.794630133612,6082.397315066806,1.4382678205690023,205,23,0,7623.803215152509,7633.286324761457,15257.089539913966,3188.3297190591343,3188.3297190591343,0.03631885973229038,0.05615176038824112,0.0,0.0,2.986557227275517,0.6241117704974203,0.49968922285000233
199,1990.0,10.0,34.108479923041955,0.13322262276295502,0.0,74.90090969508734,75.22374319953624,2.4232633899073788,0.0,4,1,1,9.005,809.005,0.013551156720909856,98.57871162055902,5527.302306949867,5527.30269479162,0.0,349.92821765563986,11099.407090412813,12229.140753296513,6114.570376648257,1.4370704334448534,205,23,0,7692.643442846315,7702.275517613012,15394.918960459327,3216.9418905422076,3216.9418905422076,0.03628280338259077,0.05612033456196423,0.0,0.0,2.9867682199528085,0.6241188946031124,0.49968716708443106
200,2000.0,10.0,34.24170254580491,0.1326610262416132,0.0,75.22374319953624,75.53643532926809,2.3570760651462477,0.0,4,1,1,9.0,809.0,0.013622806396095807,98.6361030016917,5503.580769487815,5503.581480940612,0.0,351.93815916417094,11170.798226220755,12291.745718057307,6145.872859028654,1.4358934085069965,205,23,0,7759.593505112698,7769.370589165364,15528.964094278062,3244.76807362033,3244.76807362033,0.03624775068913502,0.0560897590282729,0.0,0.0,2.9869702982996094,0.6241257177190573,0.4996851984461646
201,2010.0,10.0,34.374363572046526,0.13212148641296634,0.0,75.53643532926809,75.83939719419352,2.2930552262974286,0.0,4,1,1,8.995,808.995,0.013694860974931411,98.69397711264001,5480.797715431843,5480.798745603335,0.0,353.8932096460575,11240.215476633197,12352.665166437308,6176.332583218654,1.4347357028044279,205,23,0,7824.71579349557,7834.6340328249335,15659.349826320504,3271.8342929872974,3271.8342929872974,0.03621366750631999,0.05606000650752776,0.0,0.0,2.9871639095681166,0.624132254946594,0.4996833125436443
202,2020.0,10.0,34.50648505845949,0.13171029815042506,0.0,75.83939719419352,76.00901770467941,1.2878302825809442,0.0,4,0,0,8.99,808.99,0.01376730931456348,98.75231380647948,5458.902645140068,5458.90414898626,0.0,395.1724169151211,11368.293375344201,14976.53441899721,7488.267209498605,1.419148078477425,205,23,0,7885.046724461297,10526.299286380112,18411.346010841407,4021.8884079197887,4021.8884079197887,0.03614868573543816,0.05476500332322039,0.0,0.0,3.484127941765256,0.761094477961784,0.4282710628445219
203,2030.0,10.0,34.63819535660991,0.13142143600765557,0.0,76.00901770467941,76.17315749872466,1.2489575447622883,0.0,4,0,0,8.985,808.985,0.013848359832861774,98.82476946443656,5446.720166697263,5446.722145634472,0.0,396.41585243912914,11406.401278396314,15021.322217545632,7510.661108772816,1.4182055559099198,205,23,0,7920.555534062941,10573.735211629004,18494.290745691946,4039.916394908615,4039.916394908615,0.03612993236809869,0.05474306680404141,0.0,0.0,3.4842213700957108,0.7610977479533498,0.42827030476461786
204,2040.0,10.0,34.76961679261757,0.13114309010150665,0.0,76.17315749872466,76.3320182182705,1.2113540974433363,0.0,4,0,0,8.98,808.98,0.013929657755888608,98.89739566036016,5434.983085492147,5434.985414736569,0.0,397.62170357504345,11443.350971555878,15064.762600113685,7532.3813000568425,1.4172719516139456,205,23,0,7954.991735385021,10619.738119284542,18574.729854669564,4057.4001441673936,4057.4001441673936,0.03611174830266986,0.054721789193929504,0.0,0.0,3.4843108172447614,0.7611008786035667,0.428269579026216
205,2050.0,10.0,34.90075988271908,0.1308747972688987,0.0,76.3320182182705,76.48579252421713,1.1749726391604782,0.0,4,0,0,8.975,808.975,0.014011195549960843,98.97017929150188,5423.6721165573435,5423.674228240263,0.0,398.79119810067294,11479.180683319017,15106.899190059181,7553.4495950295905,1.4163468095012322,205,23,0,7988.390366528587,10664.354823099611,18652.7451896282,4074.357427691822,4074.357427691822,0.03609411475240384,0.054701149175523225,0.0,0.0,3.4843964792627036,0.7611038767741946,0.4282688840337832
206,2060.0,10.0,35.03163467998798,0.13061612015082263,0.0,76.48579252421713,76.63466440641261,1.1397665312947083,0.0,4,0,0,8.97,808.97,0.014092965927259586,99.04310770780796,5412.767804374786,5412.76995814508,0.0,399.92551813798605,11513.927294315268,15147.773914883805,7573.886957441902,1.415429697715057,205,23,0,8020.785162492059,10707.630396207014,18728.415558699075,4090.8053554153194,4090.8053554153194,0.0360770135935395,0.0546811262629968,0.0,0.0,3.484478541649887,0.761106748957746,0.4282682182778949
207,2070.0,10.0,35.16225080013881,0.13036664544377985,0.0,76.63466440641261,76.77880981406908,1.1056923890753296,0.0,4,0,0,8.965,808.965,0.014174961846950478,99.11616871227692,5402.252628557737,5402.255013533502,0.0,401.0258007178605,11547.626178899407,15187.427202291292,7593.713601145646,1.4145202073293464,205,23,0,8052.208571430934,10749.608192509764,18801.816763940697,4106.760384311552,4106.760384311552,0.036060427443771775,0.05466170070264775,0.0,0.0,3.484557179143011,0.7611095012700053,0.42826758033691537
208,2080.0,10.0,35.292617445582586,0.1301259821280028,0.0,76.77880981406908,76.91839709981478,1.0727087969902187,0.0,4,0,0,8.96,808.96,0.014257176498604482,99.18935053186576,5392.1100133399705,5392.112758748937,0.0,402.0931409413114,11580.311381945441,15225.898014141985,7612.949007070993,1.4136179508045827,205,23,0,8082.691844846542,10790.329967240885,18873.021812087427,4122.2383639854515,4122.2383639854515,0.036044339574829026,0.05464285345751195,0.0,0.0,3.484632556790721,0.7611121394876752,0.42826696886822313
209,2090.0,10.0,35.422743427710586,0.1298937599636798,0.0,76.91839709981478,77.0535874327162,1.0407761923222552,0.0,4,0,0,8.955,808.955,0.014339603293622286,99.26264180181036,5382.324262756447,5382.32744843557,0.0,403.12859387421264,11612.015680792025,15263.223910822151,7631.6119554110755,1.412722560730341,205,23,0,8112.265091676196,10829.835949187978,18942.101040864174,4137.254564222184,4137.254564222184,0.03602873388187223,0.05462456617574431,0.0,0.0,3.4847048305596564,0.7611146690695879,0.42826638260325206
210,2100.0,10.0,35.552637187674264,0.1296696280777677,0.0,77.0535874327162,77.18453522161316,1.0098570562601252,0.0,4,0,0,8.95,808.95,0.01442223585711789,99.33603155076196,5372.88074287721,5372.884167937126,0.0,404.1331763235918,11642.770623084416,15299.441131821703,7649.720565910851,1.4118336886350362,205,23,0,8140.957329014554,10868.164908391567,19009.12223740612,4151.82370089199,4151.82370089199,0.03601359486485213,0.05460682115072137,0.0,0.0,3.484774147808977,0.7611170951733142,0.4282658203436027
211,2110.0,10.0,35.682306815752035,0.12945325352346296,0.0,77.18453522161316,77.31138864000742,0.9799168034913237,0.0,4,0,0,8.945,808.945,0.014505068018391491,99.40950918362581,5363.766631875976,5363.768775847626,0.0,405.10786878259734,11672.606522374583,15334.584729798571,7667.2923648992855,1.4109510037594932,205,23,0,8168.796537678773,10905.35423024438,19074.150767923154,4165.9599644930895,4165.9599644930895,0.03599890763085181,0.054589601254120025,0.0,0.0,3.4848406475388694,0.7611194226638605,0.4282652809589915
212,2120.0,10.0,35.8117600692755,0.12924417252769688,0.0,77.31138864000742,77.43446650262212,0.9522894549718786,39.84700542297513,4,0,0,8.94,808.94,0.014588093793929051,99.48306445202229,5354.966141230081,5354.96784216034,0.0,404.9564489775758,11670.145189980174,15326.95140852488,10806.274769531436,1.3981872994528273,206,23,150,8164.49445633892,10899.610691166134,19064.105147505055,4179.6646605475535,4179.6646605475535,0.0360000990304679,0.054593364619609716,0.0,0.9760783791269858,3.471584782770473,0.7611193979665684,0.42826528668236064
213,2130.0,10.0,35.9410042418032,0.12904209053594146,0.0,77.43446650262212,77.5537231410469,0.9241685246223824,39.973977350304715,4,0,0,8.935,808.935,0.014687345708228518,99.58337348641196,5346.452519842725,5346.456412739422,0.0,405.8652925326344,11697.979058092968,15359.707110749325,10832.647618741865,1.3971102584696553,206,23,150,8190.454325560919,10934.289425531375,19124.743751092294,4192.994961844684,4192.994961844684,0.03598639632245838,0.05457731379582756,0.0,0.9790630833311547,3.4715650146938595,0.7611215504780947,0.4282647878664062
214,2140.0,10.0,36.07004633233914,0.12884687447409313,0.0,77.5537231410469,77.66928930401896,0.8969263976619913,40.09719982025436,4,0,0,8.93,808.93,0.014786872036254492,99.68380530880414,5338.22944172156,5338.235009646906,0.0,406.7471977419007,11724.984865993812,15391.494983466235,10858.240707166457,1.3960358577588732,206,23,150,8215.645398873872,10967.941066086174,19183.586464960048,4205.9315731189445,4205.9315731189445,0.03597310069879316,0.05456173639949933,0.0,0.9819585413771277,3.4715450012655484,0.7611236175777533,0.428264308860089
215,2150.0,10.0,36.19889320681323,0.1286582528388361,0.0,77.66928930401896,77.78129049713084,0.8705325203831308,40.216790006609294,4,0,0,8.925,808.925,0.014886664892987794,99.78434639076679,5330.285328643421,5330.292110431063,0.0,407.603010333436,11751.188809355106,15422.34521287396,10883.078374906381,1.3949638240319677,206,23,150,8240.091811213517,11000.597859765548,19240.689670979067,4218.486799259061,4218.486799259061,0.035960199289339086,0.054546617681128666,0.0,0.9847676020366691,3.471524797436212,0.7611256031728282,0.4282638487560107
216,2160.0,10.0,36.32755145965207,0.12847596728858116,0.0,77.78129049713084,77.88984724239864,0.8449576022569545,40.33286100932705,4,0,0,8.92,808.92,0.014986716628342504,99.88498363979109,5322.609167415683,5322.616754671503,0.0,408.43354646415247,11776.616154769716,15452.286942840448,10907.184119367546,1.3938938996323156,206,23,150,8263.816853637856,11032.290925972307,19296.107779610164,4230.672517333835,4230.672517333835,0.035947679680488384,0.05453194340028438,0.0,0.9874930119746033,3.4715044535948727,0.7611275109659733,0.42826340669438406
217,2170.0,10.0,36.45602742694065,0.12829977185092822,0.0,77.88984724239864,77.9950753219068,0.8201735512859614,40.445522022961306,4,0,0,8.915,808.915,0.015087019819673326,99.98570438537392,5315.190476458484,5315.198509911093,0.0,409.2395939470969,11801.291279139965,15481.348317333162,10930.580629768945,1.3928258416950352,206,23,150,8286.843008355672,11063.050303367454,19349.893311723128,4242.500194272904,4242.500194272904,0.035935529895759766,0.05451769980483292,0.0,0.9901374201091983,3.4714840158982145,0.7611293444672712,0.4282629818602199
218,2180.0,10.0,36.58432719879158,0.12812943218787634,0.0,77.9950753219068,78.09708600660029,0.7961534126204242,40.5548784964661,4,0,0,8.91,808.91,0.01518756726454503,100.08649636558262,5308.019274062432,5308.027440082722,0.0,410.0219134160477,11825.237707056524,15509.55652067999,10953.289819886193,1.391759421358872,206,23,150,8309.19198196509,11092.904994271423,19402.096976236513,4253.980903643596,4253.980903643596,0.03592373837739467,0.054503873611240254,0.0,0.992703381744481,3.4714635265763856,0.7611311070055122,0.4282625734806966
219,2190.0,10.0,36.71245663097945,0.12796472491394464,0.0,78.09708600660029,78.19598627132517,0.7728713111475372,40.66103228481549,4,0,0,8.905,808.905,0.015288351973762207,100.18734771409758,5301.0860489436545,5301.094076224704,0.0,410.7812394305479,11848.47814620872,15536.937815827809,10975.3328591479,1.3906944230263476,206,23,150,8330.884736991535,11121.883006794993,19452.767743786528,4265.125341569308,4265.125341569308,0.03591229396892763,0.05449045198585952,0.0,0.9951933624863921,3.4714430242168204,0.7611328017387364,0.42826218082270223
220,2200.0,10.0,36.8404213558934,0.12780543696273883,0.0,78.19598627132517,78.2918789971213,0.7503023977304565,40.7640817929685,4,0,0,8.9,808.9,0.015389367164647824,100.28824694771207,5294.381732894303,5294.389389290378,0.0,411.51828152520085,11871.034520957322,15563.517580722733,10996.730202188757,1.389630643668611,206,23,150,8351.941521834337,11150.01139484572,19501.952916680057,4275.943841844936,4275.943841844936,0.03590118589866543,0.05447742252714253,0.0,0.9976097419568023,3.4714225440277593,0.7611344316640932,0.42826180319053614
221,2210.0,10.0,36.968226792856136,0.12765136499792665,0.0,78.2918789971213,78.38486316168635,0.7284227988205657,40.86412211266589,4,0,0,8.895,808.895,0.015490606254559846,100.38918295426956,5287.897675359019,5287.904764876345,0.0,412.2337252067459,11892.92800418902,15589.320342927374,11017.501616955362,1.388567892171759,206,23,150,8372.381899222515,11177.31629614388,19549.698195366393,4286.446390300312,4286.446390300312,0.035890403764015776,0.05446477324871812,0.0,0.9999548173182786,3.471402118082988,0.7611359996270678,0.42826143992375854
222,2220.0,10.0,37.09587815785406,0.12750231486497154,0.0,78.38486316168635,78.47503401885152,0.7072095691803952,40.96124515250863,4,0,0,8.89,808.89,0.015592062854635656,100.49014498102042,5281.625619775285,5281.631979710574,0.0,412.92823290216995,11914.179047563175,15614.369812581488,11037.666211453483,1.3875059887216517,206,23,150,8392.224773272705,11203.82296837196,19596.047741644667,4296.642638458785,4296.642638458785,0.0358799375166103,0.054452492563284396,0.0,1.0022308066215284,3.4713817755492062,0.7611375083301193,0.42826109039517773
223,2230.0,10.0,37.22338047271903,0.12735810108031423,0.0,78.47503401885152,78.5624832678396,0.6866406474836821,41.05553976173269,4,0,0,8.885,808.885,0.01569373076375468,100.59112262338033,5275.557681535095,5275.563179756604,0.0,413.602444860857,11934.807410252502,15638.688913804632,11057.242459218807,1.3864447642245077,206,23,150,8411.488415234988,11229.555823572147,19641.044238807135,4306.5419165344,4306.5419165344,0.03586977744817158,0.054440569267266106,0.0,1.0044398519865243,3.4713615428973084,0.7611389603407727,0.4282607540089653
224,2240.0,10.0,37.35073857379934,0.12721854635500157,0.0,78.5624832678396,78.64729921301254,0.6666948145773859,41.147091848063845,4,0,0,8.879999999999999,808.88,0.01579560396271008,100.69210581407397,5269.6863274367915,5269.690859803503,0.0,414.2569800135568,11954.832186271455,15662.299814632335,11076.248223587201,1.385384059760797,206,23,150,8430.190488006067,11254.538460897724,19684.72894890379,4316.153245807879,4316.153245807879,0.0358599141770773,0.05442899252619166,0.0,1.0065840226274962,3.471341444098778,0.7611403580992017,0.42826043019888926
225,2250.0,10.0,37.47795712015434,0.12708348115003446,0.0,78.64729921301254,78.72956691475783,0.6473516542102971,41.235984490007496,4,0,0,8.875,808.875,0.015897676608580887,100.79308481264839,5264.0043565087,5264.007844423243,0.0,414.8924367907456,11974.271830479147,15685.223955570564,11094.700780834877,1.3843237260701384,206,23,150,8448.34806948326,11278.793697816453,19727.141767299712,4325.4853504186,4325.4853504186,0.03585033863557857,0.05441775186074808,0.0,1.0086653177312308,3.471321500808264,0.7611417039253403,0.4282601184266587
226,2260.0,10.0,37.60504060130438,0.12695274326095532,0.0,78.72956691475783,78.80936833211095,0.628591516050119,41.3222980439022,4,0,0,8.87,808.87,0.015999943029296432,100.8940501953412,5258.504882097272,5258.507270187915,0.0,415.5093939027686,11993.144183336937,15707.482076847638,11112.616842254007,1.3832636230651063,206,23,150,8465.977674827558,11302.343599857017,19768.321274684575,4334.546668607043,4334.546668607043,0.035841042057632645,0.0544068371334744,0.0,1.0106856691974144,3.4713017325333695,0.7611430000255526,0.4282598181803701
227,2270.0,10.0,37.73199334456534,0.1268261774294162,0.0,78.80936833211095,78.88678245766422,0.6103954808254002,41.40611024604222,4,0,0,8.865,808.865,0.016102397718385283,100.99499284528949,5253.1813151215165,5253.182569048905,0.0,416.1084110839765,12011.466494494969,15729.094244436797,11130.01257522448,1.3822036193720184,206,23,150,8483.095277698956,11325.20950898281,19808.304786681765,4343.345363439703,4343.345363439703,0.03583201596731304,0.05439623853605772,0.0,1.012646944249145,3.471282156792556,0.761144248498893,0.4282595289730506
228,2280.0,10.0,37.858819521994754,0.12670363497966797,0.0,78.88678245766422,78.96188544526835,0.5927453274420713,41.48749631015227,4,0,0,8.86,808.86,0.016205035329901352,101.09590394306616,5248.027348403866,5248.027452788803,0.0,416.6900298029205,12029.255445276725,15750.079874917974,11146.903623338389,1.3811435918969193,206,23,150,8499.716330522957,11347.412070671742,19847.1284011947,4351.889333046152,4351.889333046152,0.035823252167762845,0.05438594657719768,0.0,1.014550947921155,3.47126278926204,0.7611454513429846,0.4282592503412895
229,2290.0,10.0,37.98552315697442,0.1265849734780918,0.0,78.96188544526835,79.03475073099489,0.5756235019407541,41.56652902047788,4,0,0,8.855,808.855,0.016307850673520207,101.19677495753086,5243.036941998681,5243.035898464709,0.0,417.25477394051615,12046.527170125153,15770.457759242592,11163.305125630013,1.3800834254151284,206,23,150,8515.855783842844,11368.9712597749,19884.827043617744,4360.186220395876,4360.186220395876,0.035814742730659835,0.054375952071008184,0.0,1.0163994254327537,3.4712436439124534,0.7611466104595405,0.42825898184395333
230,2300.0,10.0,38.11210813045251,0.12647005641405526,0.0,79.03475073099489,79.10544914779076,0.5590130881606911,41.64327882073665,4,0,0,8.85,808.85,0.01641083870979888,101.29759763698348,5238.2043094373375,5238.2021347685795,0.0,417.8031504379658,12063.297277070586,15790.246085460469,11179.231734960136,1.3790230121828337,206,23,150,8531.528104808818,11389.906405222237,19921.434510031053,4368.243422640597,4368.243422640597,0.035806479986163355,0.05436624612592696,0.0,1.0181940644520362,3.4712247331360038,0.7611477276595515,0.428258723060979
231,2310.0,10.0,38.23857818686657,0.1263587529005223,0.0,79.10544914779076,79.17404903422504,0.5428977800079793,41.717813899158074,4,0,0,8.845,808.845,0.016513994545592936,101.39836400060875,5233.523904832622,5233.520629236729,0.0,418.33564991609484,12079.580867274542,15809.462460465114,11194.697635600847,1.377962251569336,206,23,150,8546.747294851255,11410.2362136384,19956.983508489655,4376.068100045974,4376.068100045974,0.035798456513316285,0.05435682013410549,0.0,1.0199364972574152,3.4712060678648027,0.761148804668165,0.42825847359223845
232,2320.0,10.0,38.36493693976709,0.12625093739297796,0.0,79.17404903422504,79.24061633769637,0.5272618552060976,41.7902002698258,4,0,0,8.84,808.84,0.01661731342962471,101.49906633020082,5228.990410767654,5228.986076246243,0.0,418.85274726766175,12095.392553702213,15828.123930808571,11209.716560063262,1.376901049708647,206,23,150,8561.526906582621,11429.978791928164,19991.505698510788,4383.667184535092,4383.667184535092,0.035790665130875976,0.054347665761253834,0.0,1.0216283028021842,3.471187657681,0.761149843129272,0.42825823305647204
233,2330.0,10.0,38.491187877160066,0.12614648942535056,0.0,79.24061633769637,79.30521471244441,0.5120901504458744,41.86050185051995,4,0,0,8.835,808.835,0.016720790748197035,101.59969716215743,5224.59872692446,5224.593385741396,0.0,419.35490222408384,12110.746478970392,15846.247002635198,11224.301805208466,1.3758393191692506,206,23,150,8575.880059969217,11449.151668886374,20025.03172885559,4391.047387864487,4391.047387864487,0.03578309888855098,0.05433877493691633,0.0,1.023271008687383,3.4711695109192773,0.7611508446098232,0.4282580010902844
234,2340.0,10.0,38.61733436658542,0.1260452933617201,0.0,79.30521471244441,79.36790561268143,0.49736803782993777,41.92878053724606,4,0,0,8.83,808.83,0.01682442202104695,101.70024927973367,5220.343959388181,5220.337672637761,0.0,419.8425598979371,12125.656332416725,15863.847660779084,11238.466247678763,1.374776978640913,206,23,150,8589.819457811558,11467.77181588425,20057.59127369581,4398.215209452255,4398.215209452255,0.035775751058620825,0.054330139845155875,0.0,1.0248660930479336,3.4711516347622466,0.7611518106038913,0.42825777734719983
235,2350.0,10.0,38.74337965994714,0.12594723816270234,0.0,79.36790561268143,79.42874838113948,0.4830814025429845,41.99509627562339,4,0,0,8.825,808.825,0.016928202897334203,101.80071570554584,5216.221410590721,5216.2142468561115,0.0,420.31615130249406,12140.135366430937,15880.94138706867,11252.222358684616,1.3737139526375113,206,23,150,8603.357400569423,11485.855666680185,20089.213067249606,4405.176943876397,4405.176943876397,0.035768615127918874,0.054321752915625715,0.0,1.0264149863566618,3.471134035329253,0.7611527425364966,0.42825756149677296
