sample_index,distance_m,step_m,time_s,dt_s,shift_loss_s,speed_mps,exit_speed_mps,acceleration_mps2,lateral_acceleration_mps2,gear,drs,drs_zone,fuel_kg,mass_kg,tyre_wear,tyre_temperature_c,engine_force_n,available_engine_force_n,brake_force_n,rolling_force_n,front_tyre_load_n,rear_tyre_load_n,max_wheel_load_n,tyre_mu,segment_id,sector_id,radius_m,front_downforce_n,rear_downforce_n,downforce_n,drag_n,drag_longitudinal_n,front_height_m,rear_height_m,yaw_deg,roll_deg,cl_down,cd,front_aero_fraction
0,0.0,10.0,0.0,0.17305013207966746,0.0,57.25050548091531,58.32293996894171,6.197247440023238,0.0,3,0,0,10.0,810.0,0.0,85.0,7231.378210424672,7231.3771995953575,0.0,269.2804517691466,7592.532356550797,10359.49776139231,5179.748880696155,1.5074931499337616,101,11,0,4436.3226337523665,5572.32098419074,10008.643617943108,1942.3273322367022,1942.3273322367022,0.03316647410894288,0.0577406770042297,0.0,0.0,3.3236468616119916,0.645003497820458,0.4432491357569271
1,10.0,10.0,0.1730501320796675,0.16998876524246284,0.0,58.32293996894171,59.33189428715206,5.935417654050434,0.0,3,0,0,9.995,809.995,5.5828731102920596e-05,85.07625405780294,7098.405625874389,7098.407594343913,0.0,274.9607245599507,7778.048855682771,10552.666114980608,5276.333057490304,1.5049017305669232,101,11,0,4604.185214202987,5783.192289710393,10387.37750391338,2015.786278621857,2015.786278621857,0.03307400305027756,0.05764452358700131,0.0,0.0,3.3237274101672165,0.6450063170198909,0.44324808763986756
2,20.0,10.0,0.34303889732213033,0.16720220579114262,0.0,59.33189428715206,60.28375256013063,5.692857151463454,0.0,3,0,0,9.99,809.99,0.00011280884205934565,85.15417013027236,6977.69672188668,6977.697324079016,0.0,280.4000028810171,7955.1463758580385,10738.187149543102,5369.093574771551,1.5024823444006818,101,11,0,4764.929694459196,5985.115397441944,10750.04509190114,2086.1393548917804,2086.1393548917804,0.03298571582636475,0.05755215559986426,0.0,0.0,3.3237791312472487,0.645008127257692,0.4432474146595901
3,30.0,10.0,0.510241103113273,0.16465284808236377,0.0,60.28375256013063,61.18393070761014,5.46712770512911,0.0,3,0,0,9.985,809.985,0.00017089282246980287,85.23366363441023,6867.522380337873,6867.522050606448,0.0,285.6159586989343,8124.51166758252,10916.552245679766,5458.276122839883,1.5002174248688322,101,11,0,4919.078223656604,6178.746289355683,11097.824513012287,2153.6149873999366,2153.6149873999366,0.03290127010044411,0.05746332888395894,0.0,0.0,3.3238054478939683,0.6450090483403271,0.44324707224275767
4,40.0,10.0,0.6748939511956368,0.16230999428934434,0.0,61.18393070761014,62.03707048561707,5.256236880189112,0.0,3,0,0,9.98,809.98,0.00023003640234860677,85.31465566039097,6766.483512876471,6766.482558605966,0.0,290.6240392935972,8286.735621902028,11088.200331004457,5544.100165502228,1.49809187987077,101,11,0,5067.08718576999,6364.658400136492,11431.745585906483,2218.412725367297,2218.412725367297,0.0328203714860833,0.05737782554196668,0.0,0.0,3.323809319078503,0.6450091838317858,0.4432470218736235
5,50.0,10.0,0.8372039454849811,0.16014828941334558,0.0,62.03707048561707,62.8471856826124,5.058531689366987,0.0,3,0,0,9.975,809.975,0.0002901981602784702,85.3970723006939,6673.430597189998,6673.42923770044,0.0,295.4378732476595,8442.332453249752,11253.525763260881,5626.7628816304405,1.4960926330916298,101,11,0,5209.359203486837,6543.357679273794,11752.716882760631,2280.7085188473125,2280.7085188473125,0.03274276394190173,0.057295449974888925,0.0,0.0,3.3237933218194926,0.6450086239277205,0.4432472300194808
6,60.0,10.0,0.9973522348983266,0.15814657230115858,0.0,62.8471856826124,63.617774695498056,4.872625449119619,0.0,3,0,0,9.97,809.97,0.00035133921901027486,85.48084412696765,6587.408752173078,6587.407144860254,0.0,300.0695795689893,8591.753777041722,11412.8848608909,5706.44243044545,1.4942082701768926,101,11,0,5346.252278068673,6715.294059363949,12061.546337432621,2340.6587375806707,2340.6587375806707,0.032668222721986356,0.057216025599928035,0.0,0.0,3.3237597148733875,0.6450074476846068,0.44324766729757953
7,70.0,10.0,1.1554988071994852,0.15628701663180955,0.0,63.617774695498056,64.3519084619789,4.697343274587911,0.0,3,0,0,9.965,809.965,0.00041342298835891526,85.56590574733082,6507.616979537383,6507.615237747335,0.0,304.53001022204205,8735.399460064908,11566.601221404566,5783.300610702283,1.4924287607568651,101,11,0,5478.086960252539,6880.870453966934,12358.957414219472,2398.403323913744,2398.403323913744,0.03259654894247218,0.057139392178469285,0.0,0.0,3.323710488963031,0.6450057247777443,0.44324830781840724
8,80.0,10.0,1.3117858238312947,0.15455447881863482,0.0,64.3519084619789,65.05230002730997,4.531680807212069,0.0,3,0,0,9.96,809.96,0.0004764149459910986,85.65219542819408,6433.377430105562,6433.37563554318,0.0,308.82894304222515,8873.626110481879,11714.97009233313,5857.485046166565,1.490745237380081,101,11,0,5605.152054066003,7040.449914749006,12645.601968815008,2454.0683004538487,2454.0683004538487,0.032527565330292274,0.05706540362085333,0.0,0.0,3.3236474069568516,0.6450035169075281,0.4432491286605986
9,90.0,10.0,1.4663403026499298,0.15293599615038211,0.0,65.05230002730997,65.72136021899321,4.374772509575541,0.0,3,0,0,9.955,809.955,0.0005402824489243943,85.73965476844099,6364.111894200458,6364.110105656469,0.0,312.97523708236844,9006.753811155391,11858.26199433584,5929.13099716792,1.4891498177590679,101,11,0,5727.70920981733,7194.361394923903,12922.070604741233,2507.7677891248322,2507.7677891248322,0.032461112851809006,0.056993926167467554,0.0,0.0,3.3235720364182626,0.6450008789386774,0.4432501094457554
10,100.0,10.0,1.6192762988003118,0.15142039573999222,0.0,65.72136021899321,66.36124267119143,4.225866991504745,0.0,3,0,0,9.95,809.95,0.0006049945701805916,85.82822841654705,6299.323583759105,6299.321843316865,0.0,316.97695910166436,9135.071525035006,11996.725748409286,5998.362874204643,1.4876354604085342,101,11,0,5845.996663807446,7342.904442136847,13188.901105944293,2559.605654888172,2559.605654888172,0.0323970480066237,0.05692483686966293,0.0,0.0,3.32348577627405,0.64499785983363,0.44325123199025507
11,110.0,10.0,1.770696694540304,0.14999798636495748,0.0,66.36124267119143,66.97388058398579,4.084307580661516,0.0,3,0,0,9.945,809.945,0.0006705219562402403,85.91786382325107,6238.582848386497,6238.581185878314,0.0,320.8414875977862,9258.841482482172,12130.59102403691,6065.295512018455,1.4861958463314304,101,11,0,5960.232314021247,7486.353058247835,13446.58537226908,2609.676857369819,2609.676857369819,0.03233524063137195,0.05685802231168006,0.0,0.0,3.323389878887559,0.6449945034251028,0.4432524800171979
12,120.0,10.0,1.9206946809052612,0.14866031312060546,0.0,66.97388058398579,67.56101699674484,3.9495168578228457,0.0,3,0,0,9.94,809.94,0.0007368367018500642,86.0085110239229,6181.515855459786,6181.514291692276,0.0,324.5755991558038,9378.30277807842,12260.070498975165,6130.035249487582,1.4848252812419733,101,11,0,6070.616272947172,7624.9589031064115,13695.575176053582,2658.0685724789464,2658.0685724789464,0.03227557209953472,0.05679337752792889,0.0,0.0,3.323285468496836,0.6449908490614276,0.44325383891590864
13,130.0,10.0,2.0693549940258666,0.14739996023522378,0.0,67.56101699674484,68.1242299197645,3.8209842263245717,0.0,3,0,0,9.935,809.935,0.0008039122394236191,86.10012244593702,6127.795531023421,6127.794080126812,0.0,328.1855407222129,9493.674346427419,12385.361701720109,6192.680850860054,1.4835186141399237,101,11,0,6177.333004218935,7758.953976178594,13936.286980397528,2704.861130953016,2704.861130953016,0.03221793383235497,0.05673080507985965,0.0,0.0,3.3231735567448775,0.6449869321501089,0.44325529553946713
14,140.0,10.0,2.2167549542610905,0.18621039121453092,0.04,68.1242299197645,68.664953351447,3.6982558297727337,0.0,4,0,0,9.93,809.93,0.0008717232408058293,86.1926527372592,6077.134244520394,6077.132915668944,0.0,331.6770905652411,9605.15744489899,12506.64859278375,6253.324296391875,1.4822711690211436,101,11,0,6280.553124724644,7888.5528784580965,14169.10600318274,2750.128809747322,2750.128809747322,0.03216222605676351,0.05667021426417106,0.0,0.0,3.323055055859765,0.6449827846191301,0.4432568380329622
15,150.0,10.0,2.4029653454756215,0.1450858182087806,0.0,68.664953351447,69.1844949745066,3.5809263060569263,0.0,4,0,0,9.925,809.925,0.0009402455295846977,86.28605861315305,6029.277852558475,6029.276651234711,0.0,335.055610058211,9712.937741059812,12624.102929487588,6312.051464743794,1.4810786872295973,101,11,0,6380.434935366741,8013.954733930657,14394.389669297398,2793.940504067108,2793.940504067108,0.03210835676134466,0.0566115204298516,0.0,0.0,3.3229307899175944,0.6449784353111541,0.44325845568679645
16,160.0,10.0,2.548051163684402,0.1439218087036198,0.0,69.1844949745066,69.77985087516429,4.1366621641318035,0.0,4,1,1,9.92,809.92,0.0010094560024577937,86.38029871846284,5984.000716245501,5983.9997408747795,0.0,307.81894593761587,9772.1120807702,10749.150981737526,5374.575490868763,1.4934677857983107,101,11,0,6477.138313501337,6101.52278100639,12578.661094507726,2325.8163503342553,2325.8163503342553,0.03207878683085305,0.057545723512980304,0.0,0.0,2.8603235730157976,0.5288788117736463,0.5149306643081016
17,170.0,10.0,2.691972972388022,0.14272110672074756,0.0,69.77985087516429,70.35359160950343,4.020013209831222,0.0,4,1,1,9.915,809.915,0.001072733946352592,86.46435412571813,5932.945646080758,5932.944751352986,0.0,311.07324911913116,9891.724451864866,10846.492156077215,5423.246078038607,1.4921817870022478,101,11,0,6588.898047797404,6206.765625394677,12795.66367319208,2366.003398121172,2366.003398121172,0.032019024037909245,0.05749709971645715,0.0,0.0,2.860230554545053,0.52887567103234,0.5149321063823882
18,180.0,10.0,2.8346940791087696,0.141582383449232,0.0,70.35359160950343,70.90692055846354,3.908176536373412,0.0,4,1,1,9.91,809.91,0.0011366767640704114,86.54923609295564,5884.561777616178,5884.560980168588,0.0,314.2350061601554,10007.836663382273,10941.163747294755,5470.5818736473775,1.4909463564570555,101,11,0,6697.482512588456,6309.013996588573,13006.496509177028,2405.0555128818323,2405.0555128818323,0.03196099788318246,0.05744979565466209,0.0,0.0,2.860132027282682,0.5288723442883047,0.5149336339622969
19,190.0,10.0,2.9762764625580016,0.14050088140265068,0.0,70.90692055846354,71.4409408950425,3.800832644234879,0.0,4,1,1,9.905,809.905,0.0012012656629796607,86.63491060065347,5838.640934824685,5838.640244694486,0.0,317.30804161458764,10120.601486496469,11033.267954476041,5516.633977238021,1.4897581531412853,101,11,0,6803.022909344724,6408.391663377787,13211.414572722511,2443.019530481048,2443.019530481048,0.03190463263993197,0.0574037609655504,0.0,0.0,2.8600285660043285,0.5288688509486709,0.5149352381531395
20,200.0,10.0,3.1167773439606523,0.13947234067206973,0.0,71.4409408950425,71.95666685733916,3.697693462456755,0.0,4,1,1,9.9,809.9,0.0012664826002540465,86.72134499009438,5794.997043563259,5794.996465797229,0.0,320.2959276442511,10230.16090787683,11122.900935073243,5561.4504675366215,1.488614104129915,101,11,0,6905.641776730476,6505.0142312195985,13410.656007950074,2479.939180675282,2479.939180675282,0.031849857953903445,0.05735894828594503,0.0,0.0,2.8599206967303066,0.5288652087743597,0.514936910814556
21,210.0,10.0,3.256249684632722,0.1384929334564192,0.0,71.95666685733916,72.45503344283232,3.5984982991928973,0.0,4,1,1,9.895,809.895,0.0013323102365389492,86.80850788174313,5753.463181057589,5753.462716954273,0.0,323.2020087022271,10336.6472506824,11210.153329466073,5605.0766647330365,1.4875113761617218,101,11,0,7005.453838230303,6598.9899401681705,13604.443778398472,2515.855392330531,2515.855392330531,0.031796608282519026,0.05731531298887226,0.0,0.0,2.859808901550711,0.5288614340430017,0.514938644485691
22,220.0,10.0,3.394742618089141,0.13755920887841408,0.0,72.45503344283232,72.93690478558257,3.503010424959393,0.0,4,1,1,9.89,809.89,0.0013987318938389539,86.89636910091906,5713.889095444858,5713.888743514966,0.0,326.02942304341286,10440.184143868839,11295.110725692019,5647.555362846009,1.4864473509751737,101,11,0,7102.566740799702,6690.420360261156,13792.987101060859,2550.806559331082,2550.806559331082,0.031744822410070095,0.05727281295099619,0.0,0.0,2.859693622853664,0.5288575416917013,0.5149404323196549
23,230.0,10.0,3.5323018269675552,0.136668046221913,0.0,72.93690478558257,73.4030814283511,3.4110141738002313,0.0,4,1,1,9.885,809.885,0.0014657315171170864,86.98489960989191,5676.1391090265915,5676.1388657369425,0.0,328.7811215578425,10540.887364577675,11377.854072611824,5688.927036305912,1.4854196038207448,101,11,0,7197.081701560859,6779.401000378641,13976.4827019395,2584.828773320548,2584.828773320548,0.03169444302650003,0.0572314083459871,0.0,0.0,2.8595752670471875,0.5288535454427062,0.5149422680258552
24,240.0,10.0,3.6689698731894684,0.1358166151070141,0.0,73.4030814283511,73.85430666250498,3.3223124711092624,0.0,4,1,1,9.88,809.88,0.0015332936391714985,87.07407144565686,5640.090336736663,5640.090197086702,0.0,331.459884332384,10638.865573700641,11458.46004845829,5729.230024229145,1.48442588466422,101,11,0,7289.094076475806,6866.0218436831265,14155.115920158933,2617.9560283023097,2617.9560283023097,0.03164541635970757,0.057191061460322865,0.0,0.0,2.859454207849025,0.5288494579144859,0.5149441458190449
25,250.0,10.0,3.8047864882964824,0.135002341413737,0.0,73.85430666250498,74.29127207754584,3.236724715030732,0.0,4,1,1,9.875,809.875,0.0016014033484176014,87.16385766275097,5605.631165101146,5605.631123068727,0.0,334.0683352749398,10734.220961029097,11537.001390633557,5768.500695316779,1.4834641016807202,101,11,0,7378.693862473725,6950.367820438929,14329.061682912654,2650.2204012406924,2650.2204012406924,0.03159769185314649,0.05715173652856883,0.0,0.0,2.8593307892058686,0.5288452907202993,0.5149460603741267
26,260.0,10.0,3.939788829710219,0.1342228779949739,0.0,74.29127207754584,74.71462243731412,3.154084952523044,0.0,4,1,1,9.87,809.87,0.0016700462592554907,87.25423228056175,5572.659947672684,5572.659996558727,0.0,336.60895507803747,10827.04981347645,11613.54719172605,5806.773595863025,1.4825323067075353,101,11,0,7465.966142543102,7032.519227159396,14498.4853697025,2681.652212094809,2681.652212094809,0.03155122188196144,0.057113399585631795,0.0,0.0,2.8592053278931164,0.5288410545559746,0.5149480067859185
27,270.0,10.0,4.074011707705193,0.13347607940002698,0.0,74.71462243731412,75.12495997999771,3.0742403022927647,0.0,4,1,1,9.865,809.865,0.0017392084847459004,87.34517023465195,5541.08388131406,5541.0840140074015,0.0,339.08409275255406,10917.443017525617,11688.163165977989,5844.081582988994,1.4816286823791296,101,11,0,7550.991481714478,7112.552099539127,14663.543581253605,2712.280166145176,2712.280166145176,0.03150596150207048,0.0570760183338572,0.0,0.0,2.8590781158379395,0.528836759278347,0.514949980533214
28,280.0,10.0,4.20748778710522,0.13275997997299444,0.0,75.12495997999771,75.52284822295871,2.997049585590003,0.0,4,1,1,9.86,809.86,0.0018088766113544368,87.43664733168794,5510.818034320091,5510.818243500283,0.0,341.49597592489,11005.48650517513,11760.911889817535,5880.455944908767,1.4807515307125976,101,11,0,7633.8462805739555,7190.538545418709,14824.384825992664,2742.1314810092813,2742.1314810092813,0.031461868227545965,0.05703956202314931,0.0,0.0,2.8589494222016736,0.5288324139755695,0.5149519774465772
29,290.0,10.0,4.340247767078214,0.1320727748041121,0.0,75.52284822295871,75.90881534028235,2.922382132851317,0.0,4,1,1,9.855,809.855,0.0018790376755547082,87.52864020761099,5481.784502624332,5481.784780915416,0.0,343.8467200603596,11091.26165113581,11831.85301955483,5915.926509777415,1.4798992629485819,101,11,0,7714.603091898335,7266.547043042304,14981.150134940639,2771.232000363669,2771.232000363669,0.031418901832408336,0.05700400134255374,0.0,0.0,2.8588194952519688,0.5288280270303265,0.5149539936793981
30,300.0,10.0,4.472320541882326,0.13141280310338455,0.0,75.90881534028235,76.28335717022777,2.8501167397728295,0.0,4,1,1,9.85,809.85,0.0019496791421071812,87.62112628873595,5453.911674534877,5453.9120146208315,0.0,346.13833675049904,11174.8456277913,11901.043488908641,5950.5217444543205,1.4790703904828375,101,11,0,7793.330905141717,7340.642709058222,15133.973614199938,2799.6062960793524,2799.6062960793524,0.03137702417356792,0.056969308321959566,0.0,0.0,2.8586885640505884,0.5288236061768211,0.514956025681806
31,310.0,10.0,4.603733344985711,0.13077853363936437,0.0,76.28335717022777,76.64693990094229,2.780140750905866,0.0,4,1,1,9.845,809.845,0.0020207888838529474,87.71408375550013,5427.133587819653,5427.133982529781,0.0,348.3727411813073,11256.311723420635,11968.537688666516,5984.268844333258,1.4782635167485538,101,11,0,7870.095402792916,7412.887540044237,15282.982942837152,2827.2777602209844,2827.2777602209844,0.03133619903215891,0.05693545624276178,0.0,0.0,2.8585568399789496,0.5288191585522845,0.5149580701770973
32,320.0,10.0,4.734511878625075,0.13016855194548804,0.0,76.64693990094229,77.00000247555118,2.712349252811509,0.0,4,1,1,9.84,809.84,0.00209235516288073,87.80749150861759,5401.389365926723,5401.389808060821,0.0,350.5517588822858,11335.729628325878,12034.387630493178,6017.193815246589,1.4774773299302175,101,11,0,7944.959192033951,7483.3406307851055,15428.299822819055,2854.2686881475643,2854.2686881475643,0.03129639197093813,0.05690241955647,0.0,0.0,2.858424518120401,0.5288146907436488,0.5149601241403831
33,330.0,10.0,4.864680430570563,0.12958154902854865,0.0,77.00000247555118,77.34295877114384,2.6466445119983746,0.0,4,1,1,9.835,809.835,0.002164366612925035,87.90132913739474,5376.62284399884,5376.623203764858,0.0,352.67713184344916,11413.165682729361,12098.643106833915,6049.321553416958,1.4767105964033806,101,11,0,8017.982014689711,7552.058372123564,15570.040386813274,2880.600353781187,2880.600353781187,0.03125757021083393,0.05687017380530761,0.0,0.0,2.858291778532304,0.5288102088304978,0.514962184778941
34,340.0,10.0,4.994261979599112,0.12901631141391776,0.0,77.34295877114384,77.67619951059324,2.582934946731439,0.0,4,1,1,9.83,809.83,0.002236812221952313,87.99557688846402,5352.781811503304,5352.782031846197,0.0,354.750524185838,11488.683140808995,12161.35180491354,6080.67590245677,1.4759621547845498,101,11,0,8089.220941859955,7619.094634362579,15708.315576222534,2906.2930794059453,2906.2930794059453,0.031219702499348568,0.056838695565684313,0.0,0.0,2.8581587873376404,0.528805718421925,0.514964249515365
35,350.0,10.0,5.12327829101303,0.12847171234767835,0.0,77.67619951059324,78.00009400587149,2.5211347257652053,0.0,4,1,1,9.825,809.825,0.002309681318347097,88.09021564061173,5329.817751815832,5329.81791859603,0.0,356.77352702972445,11562.342364855973,12222.55943712566,6111.27971856283,1.4752309106533905,101,11,0,8158.730540984541,7684.500924747092,15843.231465731633,2931.3662954933,2931.3662954933,0.03118275901399499,0.05680796238357429,0.0,0.0,2.8580256977942566,0.5288012246926367,0.5149663159710566
36,360.0,10.0,5.251750003360708,0.12794670393189944,0.0,78.00009400587149,78.31499177113412,2.461163559400757,0.0,4,1,1,9.82,809.82,0.0023829635570034426,88.18522687953205,5307.685733356062,5307.685910850774,0.0,358.7476630488752,11634.200995668169,12282.309874256849,6141.1549371284245,1.4745158317231164,101,11,0,8226.563032124328,7748.32653480069,15974.889566925018,2955.8385966332658,2955.8385966332658,0.031146711277639943,0.05677795270850189,0.0,0.0,2.8578926512848923,0.5287967324163794,0.51496838195094
37,370.0,10.0,5.379696707292607,0.12744031010864523,0.0,78.31499177113412,78.62122395958427,2.4029460395152,0.0,4,1,1,9.815,809.815,0.002456648904385779,88.28059267095017,5286.343933269167,5286.34416779183,0.0,360.67439085517736,11704.314147571476,12340.64524277368,6170.32262138684,1.4738159433815097,101,11,0,8292.768438433142,7810.618682162011,16103.387120595155,2979.727795423988,2979.727795423988,0.031111532061444576,0.05674864584540444,0.0,0.0,2.8577597781553714,0.5287922459942414,0.5149704454305297
38,380.0,10.0,5.507137017401252,0.12695162041461563,0.0,78.62122395958427,78.91910466860745,2.346411239575491,0.0,4,1,1,9.81,809.81,0.002530727625772621,88.37629563746704,5265.75336474309,5265.7536877423745,0.0,362.55510886662717,11772.734568148378,12397.606022960099,6198.8030114800495,1.4731303246870662,101,11,0,8357.39471888343,7871.422635725046,16228.817354608476,3003.0509699558347,3003.0509699558347,0.03107719530548611,0.056720021906106116,0.0,0.0,2.8576271985135016,0.5287877694816276,0.5149725045436038
39,390.0,10.0,5.634088637815868,0.12647978438997026,0.0,78.91910466860745,79.2089321276506,2.291492355407081,0.0,4,1,1,9.805,809.805,0.00260519027323391,88.4723189367018,5245.877633140873,5245.878063853423,0.0,364.39115886063644,11839.512784410565,12453.231139631866,6226.615569815933,1.472458104717725,101,11,0,8420.487890187267,7930.781830605163,16351.26972079243,3025.824507409805,3025.824507409805,0.031043676046152976,0.05669206176449864,0.0,0.0,2.857495022962723,0.5287833066130307,0.5149745575708836
40,400.0,10.0,5.7605684222058375,0.12602400656159096,0.0,79.2089321276506,79.49098978147804,2.2381263818142996,0.0,4,1,1,9.8,809.8,0.0026800276742853777,88.56864624063343,5226.682717403705,5226.683265124831,0.0,366.1838292445923,11904.697236843605,12507.558046129214,6253.779023064607,1.4717984592347557,101,11,0,8482.092139009708,7988.737973963111,16470.83011297282,3048.0641441658936,3048.0641441658936,0.031010950349597857,0.056664747015076386,0.0,0.0,2.857363353276856,0.5287788608248138,0.5149766029296247
41,410.0,10.0,5.886592428767429,0.12558354193207744,0.0,79.49098978147804,79.7655472798601,2.1862538208275963,0.0,4,1,1,9.795,809.795,0.0027552309211688122,88.66526171605258,5208.136773678321,5208.137439703449,0.0,367.9343580717756,11968.334402574123,12560.622802210919,6280.3114011054595,1.4711506076289718,101,11,0,8542.249925439712,8045.33114259533,16587.58106803504,3069.785002769462,3069.785002769462,0.03097899525062235,0.05663805993451298,0.0,0.0,2.857232283021551,0.5287744352761935,0.51497863916403
42,420.0,10.0,6.012175970699507,0.1251576919151055,0.0,79.7655472798601,80.03286138339651,2.135818417918108,0.0,4,1,1,9.79,809.79,0.00283079136071195,88.76215000604296,5190.209958535996,5190.210737819764,0.0,369.64393582743315,12030.46890875807,12612.46014640414,6306.23007320207,1.47051381012039,101,11,0,8601.002078570229,8100.599873091982,16701.60195166221,3091.0016260626576,3091.0016260626576,0.030947788696442782,0.05661198344600096,0.0,0.0,2.8571018981274205,0.5287700328685917,0.5149806649364088
43,430.0,10.0,6.137333662614612,0.12474580066569894,0.0,80.03286138339651,80.29317679401008,2.0867669230099635,0.0,4,1,1,9.785,809.785,0.0029067005847260114,88.85929621241878,5172.874269508966,5172.875152079566,0.0,371.31370800693344,12091.143637157369,12663.10356330486,6331.55178165243,1.4698873651859075,101,11,0,8658.38788494067,8154.581245271558,16812.96913021223,3111.7280087524096,3111.7280087524096,0.030917309494852864,0.056586501086106335,0.0,0.0,2.8569722774192754,0.5287656562635049,0.5149826790190136
44,440.0,10.0,6.262079463280311,0.12434725176070523,0.0,80.29317679401008,80.54672691763889,2.0390488735267356,0.0,4,1,1,9.78,809.78,0.0029829504209027335,88.95668587905193,5156.1034009657105,5156.104373128809,0.0,372.94477750545775,12150.399820759387,12712.585346271133,6356.2926731355665,1.4692706071925108,101,11,0,8714.44517050976,8207.31095952076,16921.75613003052,3131.9776266557733,3131.9776266557733,0.03088753726635524,0.0565615969739159,0.0,0.0,2.8568434931054147,0.5287613078990252,0.5149846802864924
45,450.0,10.0,6.386426715041016,0.12396146519052316,0.0,80.54672691763889,80.79373456578183,1.9926163970658308,0.0,4,1,1,9.775,809.775,0.0030595329241761447,89.05430497602778,5139.8726136070545,5139.8736589672435,0.0,374.538206836513,12208.277133195455,12760.936655905414,6380.468327952707,1.4686629042161101,101,11,0,8769.210376752453,8258.823408598415,17028.033785350868,3151.7634638365585,3151.7634638365585,0.030858452399883326,0.05653725578227886,0.0,0.0,2.856715611230496,0.5287569900051309,0.5149866677089026
46,460.0,10.0,6.510388180231539,0.12358789462805618,0.0,80.79373456578183,81.03441260179456,1.9474240315935276,0.0,4,1,1,9.77,809.77,0.003136440368517382,89.15213988457431,5124.158616081992,5124.159716406269,0.0,376.0950201946676,12264.81377162959,12808.187574681586,6404.093787340793,1.4680636560283373,101,11,0,8822.71863140988,8309.151744401295,17131.870375811173,3171.0980378238332,3171.0980378238332,0.03083003601177748,0.056513462710964364,0.0,0.0,2.856588692095145,0.528752704617855,0.5149886403452393
47,470.0,10.0,6.633976074859595,0.12322602494509827,0.0,81.03441260179456,81.26896453717212,1.903428561312967,0.0,4,1,1,9.765,809.765,0.003213665239133569,89.2501773827137,5108.939457410296,5108.940593355171,0.0,377.6162053762663,12320.046533714496,12854.36715803659,6427.183579018295,1.4674722922355978,101,11,0,8875.003814364629,8358.327940136458,17233.331754501087,3189.993423082435,3189.993423082435,0.030802269907716673,0.0564902034615746,0.0,0.0,2.8564627906451374,0.5287484535924253,0.5149905973374308
48,480.0,10.0,6.757202099804693,0.12287536995000253,0.0,81.26896453717212,81.49758508247838,1.8605888665831116,0.0,4,1,1,9.76,809.76,0.0032912002250442235,89.34840463158982,5094.194429062469,5094.195580782107,0.0,379.1027155704286,12374.010889146988,12899.50348221492,6449.75174110746,1.466888270556373,101,11,0,8926.098619064016,8406.38284829789,17332.481467361904,3208.4612728876996,3208.4612728876996,0.030775136547339384,0.05646746421406925,0.0,0.0,2.856337956832707,0.5287442386154644,0.5149925379047652
49,490.0,10.0,6.880077469754696,0.16253547032362864,0.04,81.49758508247838,81.7204606570774,1.8188657864566267,0.0,5,1,1,9.755,809.755,0.0033690382120108533,89.44680916242888,5079.903975684412,5079.90512333608,0.0,380.55547103136826,12426.74104629843,12943.62368912612,6471.81184456306,1.4663110752242727,101,11,0,8976.03460987028,8453.34625480427,17429.38086467455,3226.512839740859,3226.512839740859,0.030748619011315818,0.05644523160477089,0.0,0.0,2.856214235952284,0.5287400612163254,0.5149944613387094
50,500.0,10.0,7.042612940078325,0.12220589173328772,0.0,81.7204606570774,81.93776986137962,1.778221992573799,0.0,5,1,1,9.75,809.75,0.0034471722757973867,89.545378864094,5066.049613576239,5066.050737737069,0.0,381.9753606419473,12478.270014345962,12986.754028450527,6493.377014225263,1.4657402155056645,101,11,0,9024.842275678182,8499.246929618308,17524.089205296492,3244.158994447658,3244.158994447658,0.03072270097065847,0.05642349270573384,0.0,0.0,2.85609166895273,0.5287359227776345,0.5149963669980925
51,510.0,10.0,7.164818831811612,0.12188622310676596,0.0,81.93776986137962,82.14968391492656,1.7386218732965972,0.0,5,1,1,9.745,809.745,0.0035255956757408616,89.64410197119737,5052.613856140468,5052.614938146296,0.0,383.36324337739353,12528.629661286352,13028.91989720655,6514.459948603275,1.4651752243218328,101,11,0,9072.551080106565,8544.112674136337,17616.6637542429,3261.4102439705207,3261.4102439705207,0.030697366658080157,0.056402235005369596,0.0,0.0,2.8559702927279584,0.5287318245451039,0.5149982543046199
52,520.0,10.0,7.286705054918378,0.12157607505056323,0.0,82.14968391492656,82.35636706329464,1.7000314270889703,0.0,5,1,1,9.74,809.74,0.0036043018486134203,89.74296705273669,5039.58014560194,5039.581167819641,0.0,384.7199496772288,12577.850768175978,13070.145876972609,6535.072938486304,1.4646156569666953,101,11,0,9119.18950854023,8587.970365608357,17707.159874148587,3278.276748153688,3278.276748153688,0.030672600841227762,0.056381446390232536,0.0,0.0,2.855850140387637,0.528727767636672,0.5150001227386958
53,530.0,10.0,7.408281129968941,0.12127507839827331,0.0,82.35636706329464,82.5579769564966,1.662418164265091,0.0,5,1,1,9.735,809.735,0.0036832844027581135,89.84196300122501,5026.932790385063,5026.933736426499,0.0,386.0462827326852,12625.963079906007,13110.455768939673,6555.227884469837,1.464061089911958,101,11,0,9164.785112271938,8630.845998823741,17795.63111109568,3294.768335411184,3294.768335411184,0.030648388797637302,0.05636111512787781,0.0,0.0,2.855731241509525,0.5287237530510228,0.5150019718355276
54,540.0,10.0,7.5295562083672145,0.12098288287659839,0.0,82.5579769564966,82.75466500129048,1.6257510163193274,0.0,5,1,1,9.73,809.73,0.003762537112482347,89.94107902228548,5014.656907599339,5014.657762485564,0.0,387.34301969619236,12672.99535279195,13149.872626954211,6574.936313477106,1.4635111196924298,101,11,0,9209.364549970638,8672.764725275523,17882.12927524616,3310.894517458898,3310.894517458898,0.030624716291270747,0.0563412298507118,0.0,0.0,2.8556136223748494,0.5287197816755344,0.5150038011814936
55,550.0,10.0,7.650539091243813,0.1206991558778597,0.0,82.75466500129048,82.94657668956938,1.5900002521402257,0.0,5,1,1,9.725,809.725,0.0038420539126940074,90.04030462468442,5002.738370147576,5002.7391204295745,0.0,388.61091281890356,12718.975399229537,13188.418788697367,6594.209394348683,1.4629653618649046,101,11,0,9252.953626680724,8713.750889996181,17966.704516676906,3326.664503164427,3326.664503164427,0.030601569550508897,0.056321779540762285,0.0,0.0,2.855497306187991,0.5287158542936957,0.5150056104107475
56,560.0,10.0,7.771238247121673,0.12042358132906908,0.0,82.94657668956938,83.13385190479427,1.5551374004825447,0.0,5,1,1,9.72,809.72,0.003921828893766403,90.13962961077841,4991.163758021998,4991.1643918640575,0.0,389.85069052168444,12763.930129645407,13226.115905133558,6613.057952566779,1.4624234500346716,101,11,0,9295.577330538634,8753.82806624033,18049.405396778966,3342.087211581587,3342.087211581587,0.030578935247486144,0.056302753515302006,0.0,0.0,2.855382313281673,0.5287119715920353,0.515007399202053
57,570.0,10.0,7.891661828450743,0.1201558586486825,0.0,83.13385190479427,83.3166252082441,1.521135178137547,0.0,5,1,1,9.715,809.715,0.004001856296619161,90.23904406735238,4979.920313400526,4979.920820631733,0.0,391.0630584044935,12807.885591949593,13262.984968349978,6631.492484174989,1.4618850349442551,101,11,0,9337.259867375897,8793.019088173674,18130.27895554957,3357.1712842303887,3357.1712842303887,0.030556800478663795,0.05628414141326496,0.0,0.0,2.8552686613086946,0.5287081341665948,0.5150091672758195
58,580.0,10.0,8.011817687099425,0.11989570178308842,0.0,83.3166252082441,83.49502610669109,1.4879674233004607,0.0,5,1,1,9.71,809.71,0.004082130508003119,90.33853835682768,4968.995899197128,4968.996271335232,0.0,392.2487001986481,12850.867008677938,13299.046337898604,6649.523168949302,1.4613497836195128,101,11,0,9378.02469336299,8831.346081713553,18209.370775076542,3371.9250966778636,3371.9250966778636,0.03053515274654825,0.05626593318239999,0.0,0.0,2.8551563654212,0.5287043425289817,0.5150109143913332
59,590.0,10.0,8.131713388882513,0.11964283831570464,0.0,83.49502610669109,83.66917930295895,1.455609033683413,0.0,5,1,1,9.705,809.705,0.004162646055978112,90.43810310882036,4958.378960754954,4958.37919100696,0.0,393.40827866607304,12892.898811995532,13334.31976574267,6667.159882871335,1.460817378568651,101,11,0,9417.894545834584,8868.830493653617,18286.7250394882,3386.3567694702533,3386.3567694702533,0.03051397994246848,0.05624811906711084,0.0,0.0,2.8550454384383763,0.5287005971120322,0.5150126403441656
60,600.0,10.0,8.251356227198217,0.11939700864228465,0.0,83.66917930295895,83.83920493068898,1.4240359089684262,0.0,5,1,1,9.7,809.7,0.004243397605573285,90.53772921203118,4948.058490403687,4948.058573646831,0.0,394.5424364492781,12934.004676717179,13368.824419901362,6684.412209950681,1.46028751703013,101,11,0,9456.891472424822,8905.493119193718,18362.38459161854,3400.4741784626735,3400.4741784626735,0.030493270330335248,0.05623068959693606,0.0,0.0,2.8549358910034037,0.5286968982751102,0.515014344963747
61,610.0,10.0,8.370753235840501,0.1191579652066775,0.0,83.83920493068898,84.00521877451892,1.3932248972361776,0.0,5,1,1,9.695,809.695,0.004324379954620307,90.63740780645044,4938.0239946315905,4938.023927376929,0.0,395.6517968754898,12974.207551487014,13402.578906878976,6701.289453439488,1.4597599102657877,101,11,0,9495.03685863015,8941.35412798584,18436.39098661599,3414.2849645884535,3414.2849645884535,0.03047301253131108,0.05621363557562598,0.0,0.0,2.8548277317304005,0.5286932463090689,0.5150160281110946
62,620.0,10.0,8.489911201047178,0.1189254717918566,0.0,84.00521877451892,84.16733247677234,1.3631537450375162,0.0,5,1,1,9.69,809.69,0.00440558802975045,90.73713027586122,4928.265463644309,4928.265243987169,0.0,396.7369647180786,13013.529688247605,13435.601292957634,6717.800646478817,1.4592342828958365,101,11,0,9532.351453907559,8976.433088797681,18508.784542705238,3427.796543106804,3427.796543106804,0.030453195509326177,0.05619694807077734,0.0,0.0,2.8547209673420735,0.5286896414408983,0.5150176896766833
63,630.0,10.0,8.608836672839034,0.11869930286154014,0.0,84.16733247677234,84.32565373165986,1.3338010508131446,0.0,5,1,1,9.685,809.685,0.004487016882547151,90.83688824062644,4918.773343110019,4918.7729706683,0.0,397.79852691815887,13051.9926701172,13467.909124426726,6733.954562213363,1.458710372272676,101,11,0,9568.855396407003,9010.748992886924,18579.604389293927,3441.016112364219,3441.016112364219,0.030433808557381106,0.05618061840398936,0.0,0.0,2.8546156027986997,0.5286860838380808,0.515019329578451
64,640.0,10.0,8.727535975700574,0.11847924294817772,0.0,84.32565373165986,84.48028646790667,1.3051462213887135,0.0,5,1,1,9.68,809.68,0.00456866168584617,90.9366735507454,4909.5385079051985,4909.537983748411,0.0,398.8370532690122,13089.61743778439,13499.519446816423,6749.759723408211,1.4581879278907361,101,11,0,9604.568236428891,9044.320276171922,18648.888512600814,3453.9506621021724,3453.9506621021724,0.03041484128458194,0.05616463814150789,0.0,0.0,2.8545116414190286,0.5286825736126731,0.5150209477599272
65,650.0,10.0,8.846015218648752,0.11826508608348096,0.0,84.48028646790667,84.63133102064273,1.277169431301536,0.0,5,1,1,9.675,809.675,0.004650517730175982,91.0364782791668,4900.552237695859,4900.551564266712,0.0,399.85309706576373,13126.424314520196,13530.448823197388,6765.224411598694,1.4576667108297872,101,11,0,9639.50895869012,9077.164840277466,18716.673798967586,3466.606981341024,3466.606981341024,0.03039628360385803,0.05614899908532672,0.0,0.0,2.8544090849936614,0.5286791108251343,0.5150225441884784
66,660.0,10.0,8.964280304732233,0.11805663526803546,0.0,84.63133102064273,84.77888429332123,1.2498515847371892,0.0,5,1,1,9.67,809.67,0.004732580420331505,91.13629471534588,4891.80619420438,4891.805375234141,0.0,400.8471957225564,13162.433029899428,13560.713351604336,6780.356675802168,1.4571464932293834,101,11,0,9673.696003475608,9109.300072528156,18782.996076003765,3478.9916658676634,3478.9916658676634,0.030378125720316815,0.056133693264717635,0.0,0.0,2.8543079338913895,0.5286756954879164,0.5150241188536608
67,670.0,10.0,9.082336940000268,0.11785370197685309,0.0,84.77888429332123,84.92303991036711,1.2231742798728191,0.0,5,1,1,9.665,809.665,0.004814845272074685,91.23611535903405,4883.292400024799,4883.29144044438,0.0,401.8198713592875,13197.662742315979,13590.328681636525,6795.164340818263,1.4566270577922869,101,11,0,9707.147286746249,9140.742864956255,18847.890151702504,3491.1111253522854,3491.1111253522854,0.030360358120193526,0.05611871292816286,0.0,0.0,2.85420818715897,0.5286723275688335,0.5150256717656759
68,680.0,10.0,9.200190641977121,0.11765610569801273,0.0,84.92303991036711,85.06388836119994,1.1971197754441163,0.0,5,1,1,9.66,809.66,0.00489730790895586,91.33593291429015,4875.0032188636005,4875.00212471151,0.0,402.7716313598174,13232.132060369904,13619.310030284589,6809.655015142294,1.4561081973149013,101,11,0,9739.880219268744,9171.509632385749,18911.389851654494,3502.9715901177,3502.9715901177,0.030342971560357097,0.05610405053566553,0.0,0.0,2.8541098426147613,0.5286690069942231,0.515027202953919
69,690.0,10.0,9.317846747675134,0.11746367350179503,0.0,85.06388836119994,85.20151713622279,1.1716709593689303,0.0,5,1,1,9.655,809.655,0.004979964059250203,91.4357402837032,4866.931337094082,4866.930115421777,0.0,403.7029689034119,13265.859063197979,13647.672197029484,6823.836098514742,1.4555897142429046,101,11,0,9771.9117248278,9201.616329649663,18973.528054477465,3514.579117582818,3514.579117582818,0.03032595705833675,0.05608969875141555,0.0,0.0,2.854012896936625,0.5286657336519143,0.5150287124656174
70,700.0,10.0,9.43531042117693,0.11727623963795036,0.0,85.20151713622279,85.33601085532135,1.146811319272865,0.0,5,1,1,9.65,809.65,0.00506280955300385,91.53553056281669,4859.0697465206495,4859.068405297105,0.0,404.6143634710524,13298.861319814288,13675.429578255873,6837.7147891279365,1.4550714202504067,101,11,0,9803.258257576728,9231.078467993433,19034.33672557016,3525.9395984003218,3525.9395984003218,0.03030930588283614,0.05607565043678989,0.0,0.0,2.853917345744445,0.5286625073940137,0.5150302003645508
71,710.0,10.0,9.55258666081488,0.11709364515894688,0.0,85.33601085532135,85.46745138937452,1.1225249147786598,0.0,5,1,1,9.645,809.645,0.005145840319184685,91.6352970347458,4851.41172826111,4851.410276277098,0.0,405.5062813281212,13331.155907521874,13702.596181019539,6851.298090509769,1.454553135841097,101,11,0,9833.935818578204,9259.911130713208,19093.846949291412,3537.058762307021,3537.058762307021,0.030293009544704853,0.056061898643667944,0.0,0.0,2.85382318367763,0.5286593280395223,0.5150316667298492
72,720.0,10.0,9.669680305973827,0.11691573756723461,0.0,85.46745138937452,85.59591797523834,1.098796351431656,0.0,5,1,1,9.64,809.64,0.005229052382932998,91.73503316497853,4843.95083766206,4843.949284434487,0.0,406.3791759848654,13362.759429452171,13729.185636205522,6864.592818102761,1.4540346899699637,101,11,0,9863.959971583266,9288.128988074428,19152.088959657696,3547.9421837040686,3547.9421837040686,0.03027705978833905,0.056048436608043706,0.0,0.0,2.8537304044678984,0.5286561953767936,0.5150331116548638
73,730.0,10.0,9.786596043541062,0.11674237048473117,0.0,85.59591797523834,85.72148732462934,1.0756107561429418,0.0,5,1,1,9.635,809.635,0.005312441862907533,91.83473259635294,4836.680890168696,4836.679245846329,0.0,407.2334886359401,13393.68803128493,13755.21121111108,6877.60560555554,1.4535159196842709,101,11,0,9893.345858093246,9315.746311552764,19209.09216964601,3558.5952869829657,3558.5952869829657,0.030261448583485236,0.056035257743917974,0.0,0.0,2.8536390010076462,0.5286531091658417,0.515034535246106
74,740.0,10.0,9.903338414025793,0.1165734033428875,0.0,85.72148732462934,85.844233727301,1.052953754044711,0.0,5,1,1,9.63,809.63,0.0053960049687226935,91.93438914420271,4829.59594807955,4829.594223349999,0.0,408.06964858023593,13423.957417196969,13780.685821485431,6890.3429107427155,1.4529966697825911,101,11,0,9922.108211745905,9342.776987436497,19264.8851991824,3569.023351612095,3569.023351612095,0.0302461681174231,0.05602235563745505,0.0,0.0,2.8535489654141832,0.5286500691405095,0.5150359376222495
75,750.0,10.0,10.01991181736868,0.11640870109183131,0.0,85.844233727301,85.96422914887701,1.0308114466576626,0.0,5,1,1,9.625,809.625,0.005479737998472901,92.033996791664,4822.690308119917,4822.688514118983,0.0,408.88807362211764,13453.582865085282,13805.622043055895,6902.811021527948,1.452476792490759,101,11,0,9950.261372064468,9369.23452982671,19319.495901891176,3579.2315169975896,3579.2315169975896,0.03023121078750495,0.05600972404138913,0.0,0.0,2.8534602890900764,0.5286470750105073,0.5150373189131938
76,760.0,10.0,10.136320518460511,0.11624813392721067,0.0,85.96422914887701,86.08154332367806,1.00917039128135,0.0,5,1,1,9.62,809.62,0.005563637336340325,92.13354968513644,4815.958489775576,4815.956637998984,0.0,409.6891704551169,13482.579241106223,13830.032122568235,6915.016061284117,1.4519561471537281,101,11,0,9977.819297605323,9395.132093069134,19372.951390674458,3589.2247871312525,3589.2247871312525,0.03021656919403111,0.05599735686966685,0.0,0.0,2.8533729627798534,0.5286441264633268,0.5150386792591829
77,770.0,10.0,10.252568652387723,0.11609157703347461,0.0,86.08154332367806,86.196243842854,0.9880175815241727,0.0,5,1,1,9.615,809.615,0.0056476994502824155,92.23304212989227,4809.395224332218,4809.393326549744,0.0,410.47333502905445,13510.961013569824,13853.927988367137,6926.9639941835685,1.4514345999423497,101,11,0,10004.7955785378,9420.48248364916,19425.27806218696,3599.0080350374706,3599.0080350374706,0.030202236133441876,0.05598524819231324,0.0,0.0,2.8532869766232816,0.5286412231660402,0.5150400188099767
78,780.0,10.0,10.368660229421197,0.11593891034242962,0.0,86.196243842854,86.3083962381102,0.9673404288944767,0.0,5,1,1,9.61,809.61,0.005731920889795849,92.33246858582694,4802.995444568973,4802.993512742518,0.0,411.2409529015012,13538.742266225821,13877.321260540928,6938.660630270464,1.450912023574197,101,11,0,10031.20344868726,9445.298171579489,19476.501620266747,3608.586007030214,3608.586007030214,0.030188204591808078,0.05597339223050929,0.0,0.0,2.853202320205429,0.5286383647669903,0.515041337724073
79,790.0,10.0,10.484599139763626,0.1157900183060064,0.0,86.3083962381102,86.41806406129659,0.9471267453862765,0.0,5,1,1,9.605,809.605,0.0058162982837536925,92.43182366334597,4796.754275063333,4796.7523212671495,0.0,411.99239957442416,13565.936710974785,13900.223260653489,6950.1116303267445,1.4503882970475939,101,11,0,10057.05579707049,9469.591301307784,19526.647098378275,3617.9633267904524,3617.9633267904524,0.030174467738603588,0.055961783351869764,0.0,0.0,2.8531189826037116,0.5286355508973795,0.5150426361679752
80,800.0,10.0,10.600389158069632,0.11564478968225439,0.0,86.41806406129659,86.52530896010798,0.9273647269890262,0.0,5,1,1,9.6,809.6,0.005900828338312745,92.53110211938203,4790.6670230608015,4790.665059406429,0.0,412.7280408168104,13592.557700036434,13922.64502108426,6961.32251054213,1.4498633053880916,101,11,0,10082.365178950626,9493.373702170067,19575.73888112069,3627.144499273676,3627.144499273676,0.030161018920744093,0.05595041606591119,0.0,0.0,2.85303695243209,0.5286327811727611,0.515043914315505
81,810.0,10.0,10.716033947751887,0.1155031173336608,0.0,86.52530896010798,86.63019075012753,0.9080429380669557,0.0,5,1,1,9.595,809.595,0.005985507834888181,92.63029885353741,4784.729169874856,4784.727208438775,0.0,413.44823297401024,13618.618237604083,13944.5972939966,6972.2986469983,1.4493369394066649,101,11,0,10107.143826436943,9516.656898413741,19623.800724850684,3636.1339144565286,3636.1339144565286,0.030147851656877715,0.05593928501969998,0.0,0.0,2.852956217882606,0.5286300551944433,0.5150451723471549
82,820.0,10.0,10.831537065085548,0.11536489803696046,0.0,86.63019075012753,86.73276748342829,0.8891502965477229,0.0,5,1,1,9.59,809.59,0.006070333628192767,92.7294089043467,4778.9363627775865,4778.934415533312,0.0,414.15332326449175,13644.130991013186,13966.090559952932,6983.045279976466,1.4488090954689663,101,11,0,10131.403658653358,9539.45211881276,19670.855777466117,3644.9358509310237,3644.9358509310237,0.030134959631913757,0.05592838499367172,0.0,0.0,2.852876766764397,0.5286273725508049,0.515046410449481
83,830.0,10.0,10.946901963122508,0.11523003230366796,0.0,86.73276748342829,86.83309551393344,0.8706760598726305,0.0,5,1,1,9.585,809.585,0.006155302644338057,92.82842744565502,4773.284407350861,4773.2824861042445,0.0,414.8436500646557,13669.108301449302,13987.135036194413,6993.567518097207,1.4482796752750196,101,11,0,10155.1562914978,9561.770305895912,19716.926597393714,3653.5544793542217,3653.5544793542217,0.03012233669177707,0.0559177108976129,0.0,0.0,2.852798586540354,0.5286247328185343,0.5150476288145315
84,840.0,10.0,11.062131995426176,0.11509842421062212,0.0,86.83309551393344,86.9312295597217,0.852609811657203,0.0,5,1,1,9.58,809.58,0.006240411878995112,92.92734978310745,4767.7692602645675,4767.767376593969,0.0,415.5195431823205,13693.562194219956,14007.740684601411,7003.8703423007055,1.447748585648769,101,11,0,10178.41304701341,9583.622124807958,19762.035171821368,3661.993865760809,3661.993865760809,0.03010997683837594,0.05590725776679734,0.0,0.0,2.8527216643615505,0.5286221355637911,0.5150488276393101
85,850.0,10.0,11.177230419636798,0.11496998123988633,0.0,86.9312295597217,87.02722276245224,0.8349414490226537,0.0,5,1,1,9.575,809.575,0.0063256583956123906,93.02617135074506,4762.387022457434,4762.385187656667,0.0,416.1813241194449,13717.504388612435,14027.91721935056,7013.95860967528,1.4472157383369422,101,11,0,10201.184962390978,9605.017971822017,19806.202934212997,3670.257974745474,3670.257974745474,0.03009787422477271,0.05589702075826926,0.0,0.0,2.8526459870995726,0.5286195803432985,0.5150500071252715
86,860.0,10.0,11.292200400876684,0.11492463486511802,0.0,87.02722276245224,86.99986919631813,-0.2380130784510584,0.0,5,0,0,9.57,809.57,0.006411039323688599,93.12488770770398,4757.134170056603,4757.132157716283,0.0,464.68007683697465,13804.724640166147,17173.947148965497,8586.973574482749,1.4319123888460208,101,11,0,10216.040947947678,12823.461200683967,23039.502148631647,4485.142341141252,4485.142341141252,0.03005039414464255,0.05431875079142534,0.0,0.0,3.311014943502506,0.6445613806866259,0.4434141363837771
87,870.0,10.0,11.407125035741801,0.11496035536007257,0.0,86.99986919631813,86.97314904424913,-0.23242927516457712,0.0,5,0,0,9.565,809.565,0.006507102848283416,93.24105024455037,4758.6297012800815,4758.627844207387,0.0,464.46538339174464,13797.991553459775,17166.367339323202,8583.183669661601,1.4315826184483549,101,11,0,10209.70672968489,12815.531555848085,23025.238285532978,4482.330924036948,4482.330924036948,0.030053794678561216,0.05432259461762189,0.0,0.0,3.311046144478269,0.6445624727207777,0.44341372727941614
88,880.0,10.0,11.522085391101873,0.11499526987972693,0.0,86.97314904424913,86.94704802922978,-0.22697468379915337,0.0,5,0,0,9.56,809.56,0.006603108003927998,93.35672909794381,4760.091521692714,4760.089804145992,0.0,464.25570171134336,13791.415584248192,17158.964529841367,8579.482264920684,1.431243596042841,101,11,0,10203.520907196824,12807.787632892738,23011.30854008956,4479.585444997813,4479.585444997813,0.03005711549594545,0.05432634820716341,0.0,0.0,3.3110765774800095,0.6445635378758385,0.4434133282520887
89,890.0,10.0,11.6370806609816,0.11502939562417426,0.0,86.94704802922978,86.92155217922735,-0.22164638755234592,0.0,5,0,0,9.555,809.555,0.006699056178155685,93.47192818618394,4761.5203539519,4761.518756344918,0.0,464.05091618732484,13784.993111409614,17151.73463441204,8575.86731720602,1.4308954608352595,101,11,0,10197.480056299204,12800.225148772453,22997.70520507166,4476.904379039514,4476.904379039514,0.030060358439003267,0.054330013650641246,0.0,0.0,3.3111062619586096,0.6445645768325896,0.44341293904621254
90,900.0,10.0,11.752110056605774,0.1150627494612497,0.0,86.92155217922735,86.89664783463125,-0.2164414175108959,0.0,5,0,0,9.55,809.55,0.006794948725992119,93.58665136044182,4762.916999824877,4762.915406139496,0.0,463.85091380520566,13778.720587188194,17144.673666492185,8572.336833246092,1.4305383499671689,101,11,0,10191.580829684364,12792.839916496014,22984.420746180378,4474.286235565617,4474.286235565617,0.030063525312338035,0.054333592987473235,0.0,0.0,3.3111352168648898,0.6445655902543094,0.4434125594127941
91,910.0,10.0,11.867172806067025,0.11509534792477905,0.0,86.89664783463125,86.87232163814943,-0.2113569046919565,0.0,5,0,0,9.545,809.545,0.00689078696952185,93.70090240426222,4764.282217762697,4764.280444832154,0.0,463.6555841904413,13772.594548814808,17137.777730547943,8568.888865273972,1.4301723985417591,101,11,0,10185.819958284905,12785.627846827849,22971.44780511275,4471.729558981106,4471.729558981106,0.0300666178771138,0.05433708821015227,0.0,0.0,3.3111634606265596,0.6445665787859679,0.4434121891097281
92,920.0,10.0,11.982268153991804,0.11512720720981794,0.0,86.87232163814943,86.84856054698203,-0.20638988596410854,0.0,5,0,0,9.54,809.54,0.006986572199002981,93.81468503564334,4765.616878762085,4765.614550103085,0.0,463.4648195230597,13766.611602873596,17131.04303199705,8565.521515998526,1.4297977396581654,101,11,0,10180.194248733314,12778.584945137334,22958.77919387065,4469.23292752241,4469.23292752241,0.03006963785895407,0.05434050125938908,0.0,0.0,3.3111910111967346,0.644567543055924,0.4434118279011604
93,930.0,10.0,12.097395361201622,0.11515834316358779,0.0,86.84856054698203,86.82535182938021,-0.20153743935729834,0.0,5,0,0,9.535,809.535,0.007082305671978258,93.92800290577584,4766.921858019335,4766.91838520502,0.0,463.2785146215908,13760.768436917107,17124.465871188946,8562.232935594473,1.4294145044280113,101,11,0,10174.700585848765,12771.707314507288,22946.407900356055,4466.794954367854,4466.794954367854,0.03007258694210453,0.05434383402708393,0.0,0.0,3.31121788602759,0.644568483675004,0.44341147555783167
94,940.0,10.0,12.21255370436521,0.11518877131788521,0.0,86.82535182938021,86.80268301445204,-0.19679708941080207,0.0,5,0,0,9.53,809.53,0.007177988613861872,94.04085960024159,4768.197706249973,4768.192599018176,0.0,463.09656690101895,13755.061845581353,17118.042614486578,8559.021307243289,1.429022822033803,101,11,0,10169.335931407126,12764.991154160803,22934.32708556793,4464.41428713968,4464.41428713968,0.030075466756308036,0.05434708837070447,0.0,0.0,3.311244102020293,0.6445694012347485,0.44341113185773245
95,950.0,10.0,12.327742475683095,0.1152185070430711,0.0,86.80268301445204,86.78054170589239,-0.19216798696566,0.0,5,0,0,9.525,809.525,0.007273622222886412,94.15325864746315,4769.443688894735,4769.4378286794645,0.0,462.9188759539531,13749.488797825985,17111.769599104224,8555.884799552112,1.4286228199082585,101,11,0,10164.097311792788,12758.432743887422,22922.53005568021,4462.089602589158,4462.089602589158,0.03007827884301243,0.05435026616066819,0.0,0.0,3.3112696754092834,0.6445702963033632,0.44341079658761845
96,960.0,10.0,12.442960982726166,0.1165613112604146,0.0,86.78054170589239,84.80297759166551,-16.965870517780285,0.0,5,0,0,9.52,809.52,0.007369207686742207,94.26520354658007,0.0,4770.6547097053835,8812.692160146442,462.4316656681995,14867.540383901103,15961.2373273122,7980.6186636561,1.4289245200099925,101,11,0,10150.617070171646,12739.481333041658,22890.098403213306,4459.087675738855,4459.087675738855,0.029514759765527365,0.0549196342196851,0.0,0.0,3.3082722758392755,0.644465387318413,0.44345012814565726
97,970.0,10.0,12.55952229398658,0.1209803240275237,0.0,84.80297759166551,80.51316088594251,-35.45879662834295,0.0,5,0,0,9.515,809.515,0.007488629993632752,94.41643784903988,0.0,4881.904052867693,23999.98250717613,446.7534889935388,15652.15864085837,14131.407292044218,7826.079320429185,1.4326702315977211,101,11,0,9687.73937117145,12157.196286981138,21844.935658152586,4257.691756423377,4257.691756423377,0.029119584636936882,0.05583119641615822,0.0,0.0,3.3061828317206396,0.6443922567742606,0.44347758779302976
98,980.0,10.0,12.680502618014104,0.1677400852820599,0.04,80.51316088594251,76.05476339435269,-34.90210204373466,0.0,4,0,0,9.51,809.51,0.007628788578751158,94.60167180330376,0.0,5142.016478355452,23999.98651455479,414.8431495909701,14669.986205723411,12986.223767007928,7334.993102861706,1.4414187842845527,101,11,0,8743.157928263108,10974.470802968232,19717.62873123134,3838.770961277884,3838.770961277884,0.029616903553174638,0.05641313034476372,0.0,0.0,3.3106954359859753,0.6445501979235474,0.44341832618110716
99,990.0,10.0,12.848242703296165,0.1356393495586251,0.0,76.05476339435269,71.39507372946616,-34.35352410675305,0.0,4,0,0,9.505,809.505,0.007756796702293738,94.7660722835074,0.0,5443.4460318200245,23999.98988324857,383.28340636796025,13699.181423500502,11853.045667696848,6849.590711750251,1.4509138755151605,101,11,0,7809.396135451576,9804.298747495775,17613.69488294735,3426.0762424205936,3426.0762424205936,0.030106435719127005,0.05698590701338702,0.0,0.0,3.314331382398293,0.6446774560479785,0.4433706946412601
100,1000.0,10.0,12.98388205285479,0.14504773633098875,0.0,71.39507372946616,66.49056658388147,-33.813055409516664,0.0,4,0,0,9.5,809.5,0.007873040645580918,94.91035134933959,0.0,5798.719412613114,23999.992678331982,352.09605906458233,12740.303671911452,10732.766932394037,6370.151835955726,1.4612589774554305,101,11,0,6887.013880327806,8647.573548977682,15534.587429305488,3019.579616607176,3019.579616607176,0.03058829092217744,0.05754966367954958,0.0,0.0,3.3171226526756237,0.6447751505076851,0.4433341993579875
101,1010.0,10.0,13.12892978918578,0.19652913928077517,0.04,66.49056658388147,61.28117030738751,-33.280680520127156,0.0,3,0,0,9.495,809.495,0.007977911830278185,95.03522724388719,0.0,6226.44716792594,23999.99496053306,321.30093855963156,11793.859304006262,9626.20326663584,5896.929652003131,1.4725796967845088,101,11,0,5976.518567082067,7505.109861810034,13481.628428892102,2619.2485785476406,2619.2485785476406,0.03106257912054769,0.05810453720446224,0.0,0.0,3.3191018941290085,0.6448444239585536,0.44330835837857374
102,1020.0,10.0,13.325458928466555,0.1709970272209322,0.0,61.28117030738751,55.67992735052397,-32.756376224170275,0.0,3,0,0,9.49,809.49,0.008071806457064623,95.1414237718416,0.0,6755.745654388912,23999.996785963966,290.91594227459484,10860.3026297709,8534.093521868755,5430.15131488545,1.4850309616674953,101,11,0,5078.366081803933,6377.644961335721,11456.011043139653,2225.0462614650337,2225.0462614650337,0.03152941032685985,0.05865066392523767,0.0,0.0,3.3203022658072388,0.6448864369672916,0.4432927013321164
103,1030.0,10.0,13.496455955687487,0.19005545170628826,0.0,55.67992735052397,49.55251834068411,-32.24011179278962,0.0,3,0,0,9.485,809.485,0.008155125375715139,95.22967006482185,0.0,7435.354528998036,23999.998205650154,260.95707679275563,9940.037091292694,7457.101361557683,4970.018545646347,1.4988066774124713,101,11,0,4192.961949548003,5265.840428052374,9458.802377600376,1836.9316121433983,1836.9316121433983,0.03198889449406074,0.05918817953209099,0.0,0.0,3.320757263735433,0.6449023618947785,0.44328676952564944
104,1040.0,10.0,13.686511407393775,0.2562544227800483,0.04,49.55251834068411,42.931139301508665,-30.61846760891465,0.0,2,0,0,9.48,809.48,0.008228274251359212,95.30070084028424,0.0,8354.772146062525,23098.724399005125,231.442909641086,8958.429000604556,6471.098308801179,4479.214500302278,1.5143528106562831,101,11,0,3320.780068365871,4170.460199039865,7491.240267405736,1454.86985141802,1454.86985141802,0.032478718035376344,0.059679642319669594,0.0,0.0,3.3206305865331993,0.6448979281927002,0.44328842085262316
105,1050.0,10.0,13.942765830173823,0.23294002105784714,0.0,42.931139301508665,42.92787242680788,-0.014024531662482787,24.574436289673894,2,0,0,9.475,809.475,0.008290948238272344,95.35406615739767,1289.9511749679432,9643.349949146386,0.0,209.24550594129082,6240.598503501307,7709.1018925847475,5794.059148311791,1.509641900394623,102,11,75,2489.1401837123703,3126.088484651506,5615.228668363876,1092.0581767941408,1092.0581767941408,0.03392667341790218,0.059167781452519254,0.0,0.6095751445970526,3.3160488388501714,0.6449102009892321,0.4432838501726837
106,1060.0,10.0,14.175705851231669,0.23295774785286422,0.0,42.92787242680788,42.924605906009674,-0.014021945302579298,24.570696414563898,2,0,0,9.47,809.47,0.008333902726947371,95.37444277144075,1289.772612333003,9644.083822366714,0.0,209.23102388051757,6240.169653461354,7708.565271906485,5793.483694556204,1.5095114690655593,102,11,75,2488.761924340593,3125.6132963263103,5614.375220666903,1091.8919325165643,1091.8919325165643,0.0339268619377596,0.05916801791371503,0.0,0.6094838187529744,3.3160494939810166,0.6449101721907027,0.44328386089680794
107,1070.0,10.0,14.408663599084534,0.23297547638566524,0.0,42.924605906009674,42.92133938521147,-0.014020878286771676,24.566957229149878,2,0,0,9.465,809.465,0.008376853385258962,95.39474520320378,1289.59285300917,9644.817727774125,0.0,209.21654434606492,6239.740980628761,7708.028642442235,5792.908294486763,1.5093810398817393,102,11,75,2488.383734325238,3125.1381951531907,5613.521929478429,1091.725718905507,1091.725718905507,0.033927050371835916,0.05916825438287509,0.0,0.6093925091005746,3.3160501486696496,0.6449101433936062,0.4432838716204039
108,1080.0,10.0,14.641639075470199,0.23299320665642767,0.0,42.92133938521147,42.91807321831584,-0.0140182923892894,24.563218328273404,2,0,0,9.46,809.46,0.008419800214901626,95.41497370236885,1289.4143368432808,9645.551744889013,0.0,209.20206585181367,6239.312236104917,7707.492154015994,5792.332991038405,1.5092506159482395,102,11,75,2488.005572664647,3124.663129618151,5612.668702282797,1091.5595179489014,1091.5595179489014,0.03392723884308494,0.05916849078308561,0.0,0.6093012057463671,3.3160508029528,0.6449101145936205,0.44328388234508115
109,1090.0,10.0,14.874632282126626,0.23301093674384696,0.0,42.91807321831584,42.91480775922537,-0.014014188072474098,24.559480116969596,2,0,0,9.455,809.455,0.008462743215399004,95.43512851417505,1289.2370829276636,9646.28579419358,0.0,209.18758988257312,6238.883463839897,7706.955861664978,5791.757843695447,1.509120198170385,102,11,75,2487.627480325319,3124.1881511853467,5611.815631510666,1091.393347651295,1091.393347651295,0.03392742733108331,0.05916872708874333,0.0,0.6092099185815911,3.3160514567596806,0.6449100857938659,0.4432838930696775
110,1100.0,10.0,15.107643218870473,0.23302866760811053,0.0,42.91480775922537,42.9115423001349,-0.014013121750167556,24.55574300015027,2,0,0,9.45,809.45,0.008505682386702943,95.45520988375787,1289.0574225381552,9647.0197961216,0.0,209.1731179240142,6238.455015123352,7706.419513144263,5791.182758290616,1.5089897881858085,102,11,75,2487.2494982964004,3123.7133113558925,5610.962809652293,1091.227226014814,1091.227226014814,0.03392761566165039,0.05916896342801604,0.0,0.6091186574947555,3.316052110071289,0.6449100569992734,0.44328390379235705
111,1110.0,10.0,15.340671886478583,0.23304639924895698,0.0,42.9115423001349,42.90827754884958,-0.014009018357876357,24.552006167683555,2,0,0,9.445,809.445,0.008548617731806362,95.47521806049706,1288.8802341634137,9647.753909760977,0.0,209.1586470045632,6238.026392278886,7705.883408025327,5790.607820671724,1.5088593898623885,102,11,75,2486.871544592742,3123.2385071246117,5610.110051717354,1091.0611170235418,1091.0611170235418,0.03392780408063792,0.05916919964711151,0.0,0.6090274027027417,3.31605276296063,0.6449100282011915,0.4432839145163412
112,1120.0,10.0,15.57371828572754,0.2330641297437654,0.0,42.90827754884958,42.905013505369425,-0.014004915658813389,24.54827042945479,2,0,0,9.44,809.44,0.008591549249362087,95.49515328572103,1288.7030978435564,9648.487975977954,0.0,209.1441800940348,6237.597888054783,7705.347451547537,5790.0330473745125,1.5087290031997938,102,11,75,2486.493701152024,3122.7638414313637,5609.2575425833875,1090.8950566803917,1090.8950566803917,0.03392799244471511,0.059169435797328154,0.0,0.6089361739836924,3.3160534153207655,0.6449099994070694,0.4432839252388561
113,1130.0,10.0,15.806782415471305,0.23308186005272258,0.0,42.905013505369425,42.901749815791845,-0.01400233195686269,24.544535785279106,2,0,0,9.435,809.435,0.008634476940620769,95.51501580427762,1288.524784602862,9649.221994725376,0.0,209.12971719219945,6237.169604857003,7704.811541289628,5789.458387172159,1.5085986305997547,102,11,75,2486.115967967679,3122.2893142707317,5608.405282238411,1090.7290449781656,1090.7290449781656,0.033928180702648275,0.0591696719299201,0.0,0.6088449713337556,3.3160540671692553,0.6449099706175139,0.44328393595967575
114,1140.0,10.0,16.039864275524028,0.23309959017512796,0.0,42.901749815791845,42.89848683401942,-0.0139982304128921,24.540801830090608,2,0,0,9.43,809.43,0.008677400807703257,95.53480586164777,1288.347733079069,9649.956045559928,0.0,209.11525681327188,6236.74129389795,7704.275826986843,5788.8838829631195,1.508468275024687,102,11,75,2485.7383040472023,3121.814874140209,5607.5531781874115,1090.5630639089045,1090.5630639089045,0.033928368977339834,0.05916990796801457,0.0,0.6087537848614923,3.316054718542572,0.6449099418281974,0.4432839466804118
115,1150.0,10.0,16.272963865699158,0.23311731914866218,0.0,42.89848683401942,42.89522456005216,-0.013994129561797308,24.53706896864717,2,0,0,9.425,809.425,0.008720320850561165,95.55452369888614,1288.170733586782,9650.690048854802,0.0,209.1008004414907,6236.313101506695,7703.740261259351,5788.309542999531,1.50833793749255,102,11,75,2485.3607503411286,3121.340572486725,5606.701322827854,1090.397131465849,1090.397131465849,0.03392855719714521,0.05917014393726051,0.0,0.6086626244520026,3.3160553693875676,0.6449099130428477,0.44328395739967585
116,1160.0,10.0,16.50608118484782,0.23313504697218546,0.0,42.89522456005216,42.89196299389005,-0.013990029403430526,24.533337200764024,2,0,0,9.42,809.42,0.008763237070444345,95.57416955840534,1287.9937861172473,9651.42400456282,0.0,209.08634807618927,6235.885027663515,7703.2048440824365,5787.735367252853,1.5082076200846442,102,11,75,2484.9833068312355,3120.8664092873755,5605.8497161186115,1090.2312476407826,1090.2312476407826,0.03392874536207346,0.059170379837669276,0.0,0.6085714901014355,3.3160560197045625,0.6449098842614673,0.4432839681174673
117,1170.0,10.0,16.739216231820006,0.23315277364455772,0.0,42.89196299389005,42.888702135533094,-0.013985929937609854,24.529606526256444,2,0,0,9.415,809.415,0.008806149468602297,95.59374368181072,1287.8168906617418,9652.157912636785,0.0,209.07189971670115,6235.457072348686,7702.669575431393,5787.161355694558,1.5080773248600545,102,11,75,2484.6059734993055,3120.3923845192703,5604.998358018576,1090.065412425491,1090.065412425491,0.033928933472133646,0.05917061566925223,0.0,0.6084803818059404,3.3160566694938796,0.6449098554840588,0.44328397883378484
118,1180.0,10.0,16.972369005464564,0.2331704982025814,0.0,42.888702135533094,42.88544233888388,-0.013980313437355108,24.525876944939746,2,0,0,9.41,809.41,0.008849058046284426,95.61324630990343,1287.6412756733296,9652.891773029496,0.0,209.05745536192177,6235.02913315886,7702.134557635925,5786.587559473321,1.5079470536033246,102,11,75,2484.2287503154366,3119.918498141986,5604.147248457422,1089.8996258107375,1089.8996258107375,0.03392912157855812,0.05917085138079747,0.0,0.6083892995616679,3.316057318738549,0.6449098267100183,0.44328398954885356
119,1190.0,10.0,17.205539503667147,0.2331882206446772,0.0,42.88544233888388,42.882183250039816,-0.01397621558692208,24.522148861356452,2,0,0,9.405,809.405,0.008891962803869722,95.63267768123502,1287.4645034998232,9653.62550602934,0.0,209.04301649574555,6234.601458741486,7701.599640974885,5786.013935652249,1.5078168074939053,102,11,75,2483.8516782204065,3119.444801593033,5603.29647981344,1089.7339057812103,1089.7339057812103,0.03392930955850916,0.05917108704917111,0.0,0.6082982532489477,3.3160579674030592,0.6449097979436833,0.443284000261058
120,1200.0,10.0,17.438727724311825,0.23320594096926558,0.0,42.882183250039816,42.87892522290349,-0.013970600932316302,24.518421870533274,2,0,0,9.4,809.4,0.008934863743904346,95.65203803716913,1287.2890115711689,9654.359191229276,0.0,209.0285816327216,6234.17380041988,7701.064975094894,5785.440527093386,1.5076865893579265,102,11,75,2483.4747162308763,3118.97124338141,5602.445959612287,1089.568234333064,1089.568234333064,0.033929497534837864,0.05917132259754135,0.0,0.6082072329783895,3.3160586155236276,0.6449097691807213,0.4432840109720118
121,1210.0,10.0,17.67193366528109,0.23322365917476687,0.0,42.87892522290349,42.87566790357232,-0.013966504696372794,24.514696376951324,2,0,0,9.395,809.395,0.008977760866767154,95.67132761466006,1287.112362636059,9655.092748893452,0.0,209.01415225652184,6233.746406801253,7700.530410300203,5784.867290867297,1.5075564003317996,102,11,75,2483.0979052815233,3118.4978749369643,5601.595780218488,1089.4026294482578,1089.4026294482578,0.033929685384725135,0.059171558102762555,0.0,0.6081162486289625,3.3160592630648695,0.6449097404254714,0.443284021680099
122,1220.0,10.0,17.905157324455857,0.23324137525960106,0.0,42.87566790357232,42.87241164594889,-0.0139608918863928,24.510971975698958,2,0,0,9.39,809.39,0.009020654175003208,95.69054665347785,1286.9369937236781,9655.826258639025,0.0,208.99972688191883,6233.3190292491745,7699.996096212082,5784.2942698286115,1.5074262431986103,102,11,75,2482.721204395134,3118.0246447763884,5600.745849171522,1089.2370731256867,1089.2370731256867,0.033929873231003445,0.05917179348801467,0.0,0.6080252903126407,3.316059910062875,0.6449097116735991,0.44328403238693376
123,1230.0,10.0,18.13839869971546,0.2332502328672925,0.0,42.87241164594889,42.87241164594889,0.0,24.50724907119592,2,0,0,9.385,809.385,0.00906354366899085,95.7096953889895,1298.0568768203575,9656.55964070591,0.0,208.98530294158112,6231.950439780352,7700.40308965839,5784.192024304461,1.5072937963839648,102,11,75,2482.3445464794636,3117.551442290636,5599.895988770099,1089.0715738787765,1089.0715738787765,0.03393053199277996,0.05917155778823265,0.0,0.6079343679070333,3.316060396567107,0.6449096773241307,0.4432840451782496
124,1240.0,10.0,18.37164893258275,0.2270377258717284,0.0,42.87241164594889,45.21867508075478,10.334244785958969,0.0,2,0,0,9.38,809.38,0.009106421353670404,95.72876075223361,9656.559640637715,9656.55964070591,0.0,203.1747202823145,5360.575016969695,8184.406335184606,4092.203167592303,1.5280349652526486,103,12,0,2485.814734391317,3121.8602407629833,5607.6749751543,1089.0538754959293,1089.0538754959293,0.03427748059241715,0.05882047702557086,0.0,0.0,3.3206668372449,0.6448991969676098,0.4432879482860751
125,1250.0,10.0,18.59868665845448,0.2162100743206368,0.0,45.21867508075478,47.283952573589644,9.55217974613007,0.0,2,0,0,9.375,809.375,0.009149132200077709,95.74748506920606,9155.506938454115,9155.509294791342,0.0,212.65140725008678,5693.333416312291,8483.427067026829,4241.713533513414,1.5219354097951914,103,12,0,2765.842235126793,3473.6609044623265,6239.50313958912,1211.5600491800026,1211.5600491800026,0.03411162117978711,0.05867179493806331,0.0,0.0,3.3213346812059346,0.644922571506246,0.44327924407598385
126,1260.0,10.0,18.814896732775114,0.20743526949224889,0.0,47.283952573589644,49.13166685774013,8.907425861924253,0.0,2,0,0,9.37,809.37,0.009193685126555832,95.76921209794007,8755.613092050355,8755.61321477255,0.0,221.41196078793368,5995.667280078233,8765.130105784014,4382.565052892007,1.5164804409942099,103,12,0,3024.707146175369,3798.881929186878,6823.589075362247,1324.797861396789,1324.797861396789,0.03396095029544816,0.05853172789145891,0.0,0.0,3.3218775410656844,0.6449415716013372,0.44327217139974023
127,1270.0,10.0,19.022332002267362,0.20012725064634865,0.0,49.13166685774013,50.80474827516272,8.360087954134496,0.0,2,0,0,9.365,809.365,0.009239960778636043,95.79373325311722,8426.337712204047,8426.337359950145,0.0,229.58163711311414,6273.970444369804,9031.472029837805,4515.736014918903,1.5115434273864434,103,12,0,3266.1123185238093,4102.170878433798,7368.283196957607,1430.393488092867,1430.393488092867,0.03382226840879083,0.05839929610208054,0.0,0.0,3.3223211576804417,0.6449570981828537,0.4432663934350949
128,1280.0,10.0,19.222459252913712,0.1939138637882304,0.0,50.80474827516272,52.333828870830395,7.885359848935559,0.0,2,0,0,9.36,809.36,0.009287856345075621,95.82086816968693,8148.844870241758,8148.844626839636,0.0,237.2493287266394,6532.5438999224,9284.078015186893,4642.0390075934465,1.5070328022645345,103,12,0,3492.6855274002737,4386.82614370902,7879.511671109293,1529.5006941806348,1529.5006941806348,0.03369342364434746,0.05827368641331138,0.0,0.0,3.322683651966252,0.6449697854828571,0.4432616732083051
129,1290.0,10.0,19.41637311670194,0.18854497731571848,0.0,52.333828870830395,53.74165659017984,7.466800438772998,0.0,2,0,0,9.355,809.355,0.009337281690829518,95.85045817463806,7910.753106192538,7910.753119589795,0.0,244.48132143265804,6774.456037033973,9524.29872514323,4762.149362571615,1.5028798906473697,103,12,0,3706.386181290066,4655.307370137138,8361.693551427205,1622.9795156367602,1622.9795156367602,0.033572881216756334,0.05815422359936044,0.0,0.0,3.322978462225344,0.6449801038419253,0.4432578350898122
130,1300.0,10.0,19.60491809401766,0.18384495495868985,0.0,53.74165659017984,55.04566370639299,7.092971991024501,0.0,2,0,0,9.35,809.35,0.009388156696090891,95.88236178726348,7703.521112946057,7703.521369969265,0.0,251.32891901794827,7001.994814821099,9753.266453042119,4876.633226521059,1.4990316790048848,103,12,0,3908.7307416907397,4909.518348672479,8818.249090363219,1711.495312992428,1711.495312992428,0.03345949708380376,0.058040342106243197,0.0,0.0,3.323215942474001,0.6449884156506283,0.44325474384277586
131,1310.0,10.0,19.78876304897635,0.21968609825442956,0.04,55.04566370639299,56.259552413780455,6.7556072460799665,0.0,3,0,0,9.345,809.345,0.00944040934701718,95.91645148512212,7521.027964895014,7521.0283994072015,0.0,257.8330027612849,7216.926194997899,9971.940655754428,4985.970327877214,1.4954462757168419,103,12,0,4100.927525633614,5150.976180868713,9251.903706502326,1795.5780155551379,1795.5780155551379,0.033352388563462204,0.0579315631479446,0.0,0.0,3.323404305997543,0.6449950083739523,0.4432522922554245
132,1320.0,10.0,20.008449147230777,0.17597288502824115,0.0,56.259552413780455,57.39432100421963,6.448542286824818,0.0,3,0,0,9.34,809.34,0.009493974323953257,95.95261130854483,7358.749795680612,7358.7503319452835,0.0,264.02692007595016,7420.651525857137,10181.143145872875,5090.571572936437,1.4920899313742724,103,12,0,4283.962110442038,5380.918450287974,9664.880560730013,1875.6596611858631,1875.6596611858631,0.03325085553144906,0.057827477009758724,0.0,0.0,3.3235502180948915,0.6450001152973595,0.4432503933725239
133,1330.0,10.0,20.184422032259018,0.17263215023654058,0.0,57.39432100421963,58.45895413946596,6.1670617772388825,0.0,3,0,0,9.335,809.335,0.00954879193012768,95.99073503962218,7213.256644076879,7213.257213541437,0.0,269.938400559277,7614.308357055336,10381.58501356313,5190.792506781565,1.4889350101612902,103,12,0,4458.653984024639,5600.374308843826,10059.028292868465,1952.0993000359704,1952.0993000359704,0.03315432993759113,0.05772772951287717,0.0,0.0,3.3236591872651324,0.6450039292183178,0.44324897536928937
134,1340.0,10.0,20.35705418249556,0.16960671927816034,0.0,58.45895413946596,59.46090236810185,5.907479567437804,0.0,3,0,0,9.33,809.33,0.009604807260379399,96.03072478663708,7081.891459150517,7081.8920060101855,0.0,275.5908754021786,7798.837738820754,10573.887287991152,5286.943643995576,1.4859585658950674,103,12,0,4625.695555321956,5810.21342698995,10435.908982311907,2025.2001454339006,2025.2001454339006,0.03306234210207042,0.057632011627947996,0.0,0.0,3.323735833938226,0.6450066118518761,0.4432479780306792
135,1350.0,10.0,20.52666090177372,0.16685113892688413,0.0,59.46090236810185,60.40642445167013,5.666860230319526,0.0,3,0,0,9.325,809.325,0.009661969543564259,96.07248986219244,6962.557829600114,6962.558311629202,0.0,281.0044147022796,7975.030718155751,10758.59692866289,5379.298464331445,1.483141316239544,103,12,0,4785.679867751863,6011.180767816775,10796.860635568639,2095.2217589944844,2095.2217589944844,0.032974497428012305,0.057540051437339194,0.0,0.0,3.3237840813274895,0.6450083005105004,0.4432473502516239
136,1360.0,10.0,20.693512040700604,0.1643287316762831,0.0,60.40642445167013,61.30083754678976,5.4428284451289075,0.0,3,0,0,9.32,809.32,0.009720231613529683,96.11594587899579,6853.57526706424,6853.575654543706,0.0,286.1964111222335,8143.561410009781,10936.199331472453,5468.099665736227,1.480466887099645,103,12,0,4939.120813010758,6203.921950471475,11143.042763482234,2162.388938730279,2162.388938730279,0.03289045983688023,0.057451607850133354,0.0,0.0,3.323807294827119,0.6450091129829875,0.4432470482117461
137,1370.0,10.0,20.857840772376885,0.1620095123944488,0.0,61.30083754678976,62.148703806717165,5.233435045857595,0.0,3,0,0,9.315,809.315,0.009779549477191085,96.16101401021969,6753.577924414489,6753.578198405556,0.0,291.18208994156294,8305.011113345543,11107.128216091985,5553.564108045993,1.4779212451493267,103,12,0,5086.468211886229,6389.002172801297,11475.470384687527,2226.8983503346863,2226.8983503346863,0.032809939688752635,0.05736646563399718,0.0,0.0,3.323808386294819,0.645009151184357,0.4432470340103389
138,1380.0,10.0,21.019850284771334,0.15986868274478447,0.0,62.148703806717165,62.953972068383074,5.0370607165847785,0.0,3,0,0,9.31,809.31,0.009839881957257086,96.20762037653107,6661.442078236841,6661.442228747722,0.0,295.9748971282083,8459.88628124721,11271.77352730001,5635.886763650005,1.4754922643488555,103,12,0,5228.11928845048,6566.920608596741,11795.03989704722,2288.9235725694057,2288.9235725694057,0.03273268478091407,0.05728443144579718,0.0,0.0,3.3237898936951407,0.6450085039433682,0.44324727462425045
139,1390.0,10.0,21.179718967516116,0.1578855222895618,0.0,62.953972068383074,63.7200871485224,4.852345351426675,0.0,3,0,0,9.305,809.305,0.009901190393254811,96.25569553216542,6576.23315685773,6576.233181129492,0.0,300.5867997238477,8608.632167240601,11430.487814349246,5715.243907174623,1.4731693898003506,103,12,0,5364.427551581132,6738.121551758714,12102.549103339847,2348.6190024975176,2348.6190024975176,0.032658473512296095,0.057205330627572444,0.0,0.0,3.3237540430315287,0.6450072491701417,0.44324774109784465
140,1400.0,10.0,21.337604489805678,0.15604255788030824,0.0,63.7200871485224,64.45007534869141,4.678135311835535,0.0,3,0,0,9.3,809.3,0.009963438388734022,96.30517402954783,6497.166354210899,6497.166255203407,0.0,305.0285219183755,8751.643362869652,11583.591431688712,5791.795715844356,1.4709433735699897,103,12,0,5495.709774942027,6903.003174616338,12398.712949558365,2406.122924424025,2406.122924424025,0.03258710960526933,0.05712900459521465,0.0,0.0,3.3237027972746676,0.6450054555686516,0.44324840790332043
141,1410.0,10.0,21.493647047685986,0.15432493205399922,0.0,64.45007534869141,65.14661219756896,4.5134434184220025,0.0,3,0,0,9.295,809.295,0.01002659159551604,96.35599404700137,6423.576878861978,6423.576663955068,0.0,309.30973311213734,8889.272056671052,11731.376817471439,5865.688408735719,1.4688060645600758,103,12,0,5622.251557326205,7061.924505066285,12684.17606239249,2461.559954438006,2461.559954438006,0.03251841796900909,0.05705530869089422,0.0,0.0,3.323637895563075,0.6450031840087459,0.44324925242844165
142,1420.0,10.0,21.647971979739985,0.1527199162041473,0.0,65.14661219756896,65.81207673508564,4.357418168218009,0.0,3,0,0,9.29,809.29,0.010090617528002803,96.40809706771127,6354.897160240369,6354.8968401375905,0.0,313.4391995612754,9021.83459408527,11874.11204333309,5937.056021666545,1.4667502395511318,103,12,0,5744.311806206699,7215.211052711661,12959.52285891836,2515.043011321941,2515.043011321941,0.032452241414145905,0.05698411040192309,0.0,0.0,3.3235608850043237,0.6450004886391896,0.4432502545611572
143,1430.0,10.0,21.800691895944134,0.1512165307157502,0.0,65.81207673508564,66.4485954634789,4.209319744213372,0.0,3,0,0,9.285,809.285,0.010155485402133645,96.46142760076843,6290.639160247669,6290.638748059578,0.0,317.424908005247,9149.6167507672,12012.043782915933,6006.021891457966,1.4647694660054236,103,12,0,5862.126392837676,7363.159395595457,13225.285788433132,2566.674923046703,2566.674923046703,0.03238843801208048,0.05691528787188168,0.0,0.0,3.3234731467632517,0.644997417800752,0.4432513963490079
144,1440.0,10.0,21.951908426659884,0.14980524524308692,0.0,66.4485954634789,67.05807826844735,4.068501099407103,0.0,3,0,0,9.28,809.28,0.010221165994744682,96.51593293708918,6230.3804864508475,6230.379996933725,0.0,321.27416745959573,9272.8780179847,12145.399812655016,6072.699906327508,1.4628579896585274,103,12,0,5975.911161728716,7506.040956911001,13481.952118639718,2616.549749263071,2616.549749263071,0.032326878949324234,0.056848728646913343,0.0,0.0,3.323375917679482,0.6449940147828201,0.44325266171703814
145,1450.0,10.0,22.10171367190297,0.14847773980525591,0.0,67.05807826844735,67.64224803118579,3.9343928827623587,0.0,3,0,0,9.275,809.275,0.010287631519964199,96.57156293449316,6173.753373853806,6173.752822779568,0.0,324.99369379281205,9391.855119819093,12274.391133035044,6137.195566517522,1.461010641661844,103,12,0,6085.864431064719,7644.105143039417,13729.969574104136,2664.753879863486,2664.753879863486,0.03226744676678239,0.05678432861281778,0.0,0.0,3.3232703083434934,0.6449903184560605,0.4432540362320369
146,1460.0,10.0,22.250191411708226,0.1472267125754536,0.0,67.64224803118579,68.20266523311065,3.8064913093651285,0.0,3,0,0,9.27,809.27,0.01035485551994702,96.62826982735507,6120.435857608616,6120.435261245744,0.0,328.5896805838159,9506.764926107604,12399.213779480124,6199.606889740062,1.459222761295195,103,12,0,6192.169087460097,7777.581972627632,13969.751060087729,2711.366955094882,2711.366955094882,0.03221003390183406,0.0567219910881531,0.0,0.0,3.3231573183361016,0.6449863638058018,0.44325550690387255
147,1470.0,10.0,22.39741812428368,0.18604572390573823,0.04,68.20266523311065,68.7407485494697,3.6843483120830114,0.0,4,0,0,9.265,809.265,0.01042281276776692,96.68600805711947,6070.144637792888,6070.144012480814,0.0,332.06785893932636,9617.806885051936,12520.05037756982,6260.02518878491,1.457490131189936,103,12,0,6294.994354270923,7906.684296100832,14201.678650371756,2756.462642075703,2756.462642075703,0.03215454147111,0.05666162604583421,0.0,0.0,3.3230378491728194,0.644982182385087,0.44325706201682996
148,1480.0,10.0,22.583463848189417,0.14492906874996733,0.0,68.7407485494697,69.25779220224203,3.567563479375849,0.0,4,0,0,9.26,809.26,0.010491479180688223,96.74473412064938,6022.6292643916395,6022.628626193419,0.0,335.4335483471269,9725.165070291543,12637.071486183584,6318.535743091792,1.45580892268702,103,12,0,6394.49729485152,8031.609682623608,14426.106977475127,2800.109294724813,2800.109294724813,0.03210087824646025,0.0566031494412933,0.0,0.0,3.3229127153738887,0.6449778027021243,0.4432586909854381
149,1490.0,10.0,22.728392916939384,0.1438716715464121,0.0,69.25779220224203,69.75498067395358,3.455777404735045,0.0,4,0,0,9.255,809.255,0.010560831742354077,96.80440643391607,5977.667362105154,5977.666726526086,0.0,338.69170019037904,9829.0099157591,12750.436763599504,6375.218381799752,1.4541756494681246,103,12,0,6490.824098810672,8152.542034797932,14643.366133608604,2842.3705182459166,2842.3705182459166,0.032048959787366604,0.05654648262958286,0.0,0.0,3.3227826539905303,0.6449732505537068,0.4432603842304611
150,1500.0,10.0,22.872264588485795,0.14286899901405808,0.0,69.75498067395358,70.23340125648909,3.348666161568235,0.0,4,0,0,9.25,809.25,0.010630848432679972,96.86498520896298,5935.060681333858,5935.0600630957815,0.0,341.84693520728456,9929.499695598368,12860.295984887269,6430.147992443634,1.4525871279878098,103,12,0,6584.111189244126,8269.652978741511,14853.764167985637,2883.305654877479,2883.305654877479,0.03199870770109095,0.05649155185716488,0.0,0.0,3.322648332849658,0.6449685493137762,0.44326213307162105
151,1510.0,10.0,23.015133587499854,0.14191698734938962,0.0,70.23340125648909,70.69405481162352,3.2459366826913536,0.0,4,0,0,9.245,809.245,0.010701508164442122,96.92643234241878,5894.631810934894,5894.631223797512,0.0,344.9035759199758,10026.781794316565,12966.789933681825,6483.394966840912,1.4510404435334017,103,12,0,6674.486181219445,8383.103067528946,15057.58924874839,2922.970204230354,2922.970204230354,0.03195004900791756,0.0564382878167728,0.0,0.0,3.322510357726952,0.6449637201844816,0.44326392963430306
152,1520.0,10.0,23.157050574849244,0.14101198108451574,0.0,70.69405481162352,71.1378650449805,3.147322872451423,0.0,4,0,0,9.24,809.24,0.01077279072571257,96.98871131410961,5856.221425079308,5856.220881701783,0.0,347.86567485557475,10120.993803105823,13070.051187265828,6535.025593632914,1.4495329209703804,103,12,0,6762.068715847706,8493.042828523945,15255.111544371652,2961.4161889211437,2961.4161889211437,0.031902915593477355,0.05638662525582518,0.0,0.0,3.3223692786178094,0.6449587824156616,0.44326576676802865
153,1530.0,10.0,23.29806255593376,0.1401506814533336,0.0,71.1378650449805,71.565686536818,3.052582316411781,0.0,4,0,0,9.235,809.235,0.010844676727424703,97.05178709454525,5819.685964220918,5819.685476057338,0.0,350.7370392258925,10212.264471152153,13170.204810574014,6585.102405287007,1.4480620994112239,103,12,0,6846.971189649778,8599.61367932639,15446.58486897617,2998.6924741735384,2998.6924741735384,0.0318572437337083,0.056336502630537785,0.0,0.0,3.322225595244078,0.644953753497581,0.4432676379748923
154,1540.0,10.0,23.438213237387096,0.1393301025598684,0.0,71.565686536818,71.97831172734926,2.961493481668549,0.0,4,0,0,9.23,809.23,0.010917147555460797,97.11562606023729,5784.895671241089,5784.895248465362,0.0,353.52125260937225,10300.71453521899,13267.368972072496,6633.684486036248,1.446625710187337,103,12,0,6929.299395291544,8702.94873249994,15632.248127791485,3034.845048461076,3034.845048461076,0.03181297368077874,0.05628786179921945,0.0,0.0,3.322079761909643,0.6449486493308758,0.4432695373464822
155,1550.0,10.0,23.577543339946963,0.1385475339875975,0.0,71.97831172734926,72.37647701822564,2.873853322513969,0.0,4,0,0,9.225,809.225,0.010990185326742135,97.18019591595896,5751.732919991959,5751.732571447551,0.0,356.2216940816018,10386.45744645599,13361.655492317466,6680.827746158733,1.4452216576158847,103,12,0,7009.153086886104,8803.17350563735,15812.326592523455,3069.9172709989907,3069.9172709989907,0.03177004930047395,0.056240647749318154,0.0,0.0,3.321932191798182,0.6449434843769746,0.44327145950806773
156,1560.0,10.0,23.71609087393456,0.13780050875619784,0.0,72.37647701822564,72.7608681231105,2.7894752229466575,0.0,4,0,0,9.22,809.22,0.011063772848875882,97.24546562318174,5720.090785959397,5720.090519130237,0.0,358.8415551631563,10469.60000995777,13453.170334252645,6726.585167126323,1.4438480021428244,103,12,0,7086.626480767179,8900.406550443236,15987.033031210416,3103.9500908833465,3103.9500908833465,0.03172841775326389,0.05619480835366192,0.0,0.0,3.3217832607906215,0.64493827179171,0.4432733995690402
157,1570.0,10.0,23.853891382690758,0.13708677574154157,0.0,72.7608681231105,73.1321247772935,2.7081872206474147,0.0,4,0,0,9.215,809.215,0.011137893582974377,97.3114053340286,5689.871818512234,5689.871639512561,0.0,361.3838548912248,10550.242949870055,13542.014042878269,6771.007021439134,1.442502945515256,103,12,0,7161.808700795572,8994.76001220275,16156.568712998323,3136.982241864812,3136.982241864812,0.03168802921263697,0.056150294152057065,0.0,0.0,3.3216333108670755,0.6449330235443859,0.4432753530787596
158,1580.0,10.0,23.9909781584323,0.13640427583973944,0.0,73.1321247772935,73.4908448977765,2.6298304673708115,0.0,4,0,0,9.21,809.21,0.0112125316093139,97.37798633017175,5660.986981861177,5660.986895440801,0.0,363.85145327111223,10628.481410654433,13628.282140753048,6814.141070376524,1.4411848176942308,103,12,0,7234.784175771194,9086.340129136288,16321.124304907482,3169.0504160889304,3169.0504160889304,0.031648836615381044,0.056107058154995844,0.0,0.0,3.321482653147728,0.6449277505242087,0.4432773159870989
159,1590.0,10.0,24.12738243427204,0.13575112128688968,0.0,73.4908448977765,73.83758827024863,2.5542578888858314,0.0,4,0,0,9.205,809.205,0.011287671595543416,97.44518096617645,5633.354737900085,5633.354747463595,0.0,366.24706332273365,10704.40540335949,13712.065484822755,6856.0327424113775,1.4398920652662883,103,12,0,7305.632995311645,9175.247679620601,16480.880674932247,3200.1894196014914,3200.1894196014914,0.03161079543937682,0.056065055666712355,0.0,0.0,3.321331570618675,0.6449224626356919,0.44327928460908406
160,1600.0,10.0,24.26313355555893,0.1351255776506432,0.0,73.83758827024863,74.17287982712718,2.481333014134543,0.0,4,0,0,9.2,809.2,0.011363298767190435,97.51296261685566,5606.900248922617,5606.900356560169,0.0,368.5732619036992,10778.1002043138,13793.450589266147,6896.725294633074,1.438623241150504,103,12,0,7374.431229566939,9261.578384013008,16636.009613579947,3230.432311981245,3230.432311981245,0.03157386350518695,0.05602424412522996,0.0,0.0,3.321180320581794,0.6449171688844011,0.4432812555931203
161,1610.0,10.0,24.398259133209574,0.1345260480935711,0.0,74.17287982712718,74.49721257080587,2.4109289485193584,0.0,4,0,0,9.195,809.195,0.011439398880242351,97.58130562825312,5581.554682063324,5581.554888591344,0.0,370.8324994630007,10849.646712487138,13872.519918379578,6936.259959189789,1.4373769954294344,103,12,0,7441.2512173243995,9345.423266792317,16786.674484116716,3259.8105321032012,3259.8105321032012,0.0315380007983105,0.05598458295738,0.0,0.0,3.3210291368620046,0.6449118774542084,0.44328322589237035
162,1620.0,10.0,24.532785181303147,0.13395105957605513,0.0,74.49721257080587,74.8110501879843,2.3429274704635192,0.0,4,0,0,9.19,809.19,0.011515958195608307,97.65018527191866,5557.254600419659,5557.254905430371,0.0,373.0271088565009,10919.121770805994,13949.352152960731,6974.676076480366,1.4361520671584698,103,12,0,7506.161826383024,9426.8689838837,16933.030810266726,3288.3540117387834,3288.3540117387834,0.03150316930945372,0.05594603344705407,0.0,0.0,3.320878231800478,0.644906595777055,0.4432851927389122
163,1630.0,10.0,24.666736240879203,0.13339925072141526,0.0,74.8110501879843,75.11482939410617,2.2772182338284437,0.0,4,0,0,9.185,809.185,0.011592963455289455,97.71957770217817,5533.9414283291835,5533.941830247079,0.0,375.1593133364582,10986.598455916675,14024.02243318054,7012.01121659027,1.434947277029712,103,12,0,7569.22868951588,9505.998119331334,17075.226808847216,3316.091278452256,3316.091278452256,0.0314693328905658,0.055908558615189105,0.0,0.0,3.320727798058414,0.6449013305960827,0.4432871536203562
164,1640.0,10.0,24.800135491600617,0.13286936111086808,0.0,75.11482939410617,75.40896204123997,2.213698061574769,0.0,4,0,0,9.18,809.18,0.011670401860105198,97.78945991613482,5511.560980323261,5511.561476467711,0.0,377.2312338114874,11052.146340231971,14096.602580533858,7048.301290266929,1.4337615207845358,103,12,0,7630.514418870728,9582.889454895101,17213.40387376583,3343.049549046702,3343.049549046702,0.03143645712471779,0.055872123110185246,0.0,0.0,3.32057801025264,0.6448960880228807,0.4432891062586436
165,1650.0,10.0,24.933004852711484,0.13236022181271329,0.0,75.40896204123997,75.6938370179785,2.1522703183560226,0.0,4,0,0,9.175,809.175,0.011748261048839971,97.85980971616691,5490.063044955659,5490.063631609064,0.0,379.2448954600634,11115.831729549007,14167.161301121885,7083.580650560943,1.4325937632840633,103,12,0,7690.0788012661515,9657.61821565474,17347.69701692089,3369.254814639861,3369.254814639861,0.03140450920817779,0.055836693107626074,0.0,0.0,3.3204290264414817,0.6448908735894902,0.4432910485907883
166,1660.0,10.0,25.0653650745242,0.1318707469804215,0.0,75.6938370179785,75.9698219659912,2.092844352005386,0.0,4,0,0,9.17,809.17,0.011826529078689928,97.93060567471358,5469.40101638611,5469.401688563738,0.0,381.2022337694854,11177.717879041746,14235.764372257285,7117.882186128642,1.4314430331594008,103,12,0,7747.97897650943,9730.256294289602,17478.235270799032,3394.731918304427,3394.731918304427,0.0313734578432784,0.05580223621830285,0.0,0.0,3.3202809894769856,0.6448856922957328,0.44329297875135104
167,1670.0,10.0,25.19723582150462,0.1313999263504599,0.0,75.9698219659912,76.23726486796578,2.0353352501984774,0.0,4,0,0,9.165,809.165,0.011905194406880638,98.00182710112594,5449.531773884855,5449.532318047712,0.0,383.10510006499067,11237.865172928412,14302.4748314043,7151.23741570215,1.4303084179546208,103,12,0,7804.269600643149,9800.872456439563,17605.14205708271,3419.504626093014,3419.504626093014,0.03134327314945873,0.05576872139506361,0.0,0.0,3.3201340282614398,0.6448805486531887,0.44329489505615316
168,1680.0,10.0,25.32863574785508,0.1309468186186147,0.0,76.23726486796578,76.49649537901215,1.9796625361428597,0.0,4,0,0,9.16,809.16,0.011984245871737987,98.07345400771892,5430.41469970605,5430.415174481936,0.0,384.95526680565393,11296.331368817966,14367.353084892295,7183.676542446147,1.4291890597494707,103,12,0,7859.003002330079,9869.532537380182,17728.53553971026,3443.5956951550397,3443.5956951550397,0.031313926541782444,0.05573611887959252,0.0,0.0,3.3199882587749316,0.6448754467211608,0.4432967959889663
169,1690.0,10.0,25.459582566473696,0.1305105455166798,0.0,76.49649537901215,76.74782614934985,1.9257506689801176,0.0,4,0,0,9.155,809.155,0.012063672680400308,98.14546708698619,5412.0121406981825,5412.012641216849,0.0,386.7544317032099,11353.171685528449,14430.457094685544,7215.228547342772,1.4280841512509406,103,12,0,7912.229304404167,9936.299595059827,17848.528899463992,3467.0269264363656,3467.0269264363656,0.03128539068796714,0.05570440011037716,0.0,0.0,3.319843785227921,0.6448703901470155,0.4432986801865659
170,1700.0,10.0,25.590093111990374,0.13009028643199594,0.0,76.74782614934985,76.99155400379404,1.8735284634152323,0.0,4,0,0,9.15,809.15,0.01214346439150396,98.21784768052737,5394.289001733427,5394.289594526934,0.0,388.5042222848855,11408.438976944157,14491.842508714875,7245.921254357438,1.4269929321166344,103,12,0,7963.996558583526,10001.234079575504,17965.23063815903,3489.819223276106,3489.819223276106,0.03125763942218439,0.05567353765867424,0.0,0.0,3.3197007009641144,0.6448653821977822,0.4433005464270304
171,1710.0,10.0,25.72018339842237,0.12968527360820228,0.0,76.99155400379404,77.22796100777816,1.8229286749885432,0.0,4,0,0,9.145,809.145,0.012223610900170961,98.290577751909,5377.212465776894,5377.21319379524,0.0,390.20619992571704,11462.183879022292,14551.56278269218,7275.78139134609,1.4259146856419,103,12,0,8014.350864503427,10064.393982961044,18078.74484746447,3511.9926431275717,3511.9926431275717,0.03123064767228264,0.055643505168717286,0.0,0.0,3.319559089309551,0.6448604257898726,0.4433023936187381
172,1720.0,10.0,25.849868672030574,0.12929478783604076,0.0,77.22796100777816,77.45731544251527,1.7738877071205024,0.0,4,0,0,9.14,809.14,0.012304102424383168,98.36363986192286,5360.75180720491,5360.752693681802,0.0,391.8618635011427,11514.454937366207,14609.669296043308,7304.834648021654,1.4248487357475128,103,12,0,8063.33647752783,10125.834974881685,18189.171452409515,3533.5664443642836,3533.5664443642836,0.031204391396716873,0.05561427730084048,0.0,0.0,3.3194190243650072,0.6448555235168135,0.4433042207900944
173,1730.0,10.0,25.979163459866616,0.12891815453138558,0.0,77.45731544251527,77.67987274249657,1.7263456864573983,0.0,4,0,0,9.135,809.135,0.012384929492057125,98.43701714509251,5344.8784994026155,5344.879274924639,0.0,393.47265277296333,11565.298702080147,14666.211482784074,7333.105741392037,1.423794444198816,103,12,0,8110.995908676955,10185.610528437264,18296.60643711422,3554.5591296179446,3554.5591296179446,0.03117884753786191,0.055585829667135545,0.0,0.0,3.3192805717684317,0.6448506776759334,0.44330602707964456
174,1740.0,10.0,26.108081614398003,0.12855474021903376,0.0,77.67987274249657,77.89587628024393,1.6802456088303188,0.0,4,0,0,9.13,809.13,0.012466082926529615,98.51069328361352,5329.565571287887,5329.565888610316,0.0,395.03995183271064,11614.759887020351,14721.23690182703,7360.618450913515,1.422751208050894,103,12,0,8157.370026284757,10243.772048062623,18401.14207434738,3574.9884899823,3574.9884899823,0.031153993942942125,0.05555813879719882,0.0,0.0,3.3191437892771676,0.6448458902887391,0.443307811728532
175,1750.0,10.0,26.236636354617037,0.12820394948054897,0.0,77.89587628024393,78.10555800501099,1.6355324903533983,0.0,4,0,0,9.125,809.125,0.012547553836866752,98.58465248940632,5314.786957123208,5314.787120573151,0.0,396.56509176519245,11662.881505646312,14774.79127869985,7387.395639349925,1.4217184574375545,103,12,0,8202.498134605245,10300.368968490917,18502.867103096163,3594.871639100822,3594.871639100822,0.031129809296660232,0.05553118211817369,0.0,0.0,3.3190087273366053,0.6448411631208194,0.4433095740731276
176,1760.0,10.0,26.364840304097587,0.12786522206694786,0.0,78.10555800501099,78.30913925745786,1.592154998489559,0.0,4,0,0,9.12,809.12,0.012629333612943553,98.65887949416634,5300.518842189318,5300.519074115559,0.0,398.0493525595458,11709.704817345366,14826.918686624353,7413.459343312176,1.4206956535006154,103,12,0,8246.41803011019,10355.448825859528,18601.866855969718,3614.2250372519006,3614.2250372519006,0.031106273148981248,0.055504937865475626,0.0,0.0,3.3188754299055714,0.6448364977107333,0.4433113135343051
177,1770.0,10.0,26.492705526164535,0.12753803018393073,0.0,78.30913925745786,78.50683140758004,1.550064320713409,0.0,4,0,0,9.115,809.115,0.012711413908687982,98.73335951975422,5286.738794005326,5286.739248134084,0.0,399.493966475874,11755.269503143534,14877.661595248066,7438.830797624033,1.4196822862914547,103,12,0,8289.166100910536,10409.057382731065,18698.223483641603,3633.064534675422,3633.064534675422,0.03108336582767344,0.05547938505911577,0.0,0.0,3.318743934814272,0.6448318953825378,0.4433130296128093
178,1780.0,10.0,26.620243556348466,0.127221876114904,0.0,78.50683140758004,78.69883644420074,1.5092140006431236,0.0,4,0,0,9.11,809.11,0.012793786632263852,98.80807826023002,5273.42566197152,5273.426434072427,0.0,400.90012038898425,11799.613745915576,14927.060946683374,7463.530473341687,1.4186778729664296,103,12,0,8330.777395912273,10461.238715186677,18792.01611109895,3651.405401522178,3651.405401522178,0.031061068398769258,0.05545450346653892,0.0,0.0,3.318614274248204,0.6448273572627254,0.44331472188297805
179,1790.0,10.0,26.747465432463372,0.12707354446085783,0.0,78.69883644420074,78.69033598232706,-0.06689403297709759,0.0,4,0,0,9.105,809.105,0.012876443936653931,98.8830218646132,4017.3587688223365,5260.560622056152,0.0,402.2544834413522,11945.984356544039,14870.981206212771,7435.490603106386,1.4177884518598671,103,12,0,8370.899701785544,10511.456312721266,18882.35601450681,3669.228581932919,3669.228581932919,0.030987507313246378,0.05548212888422897,0.0,0.0,3.3183168949847754,0.6448169489885054,0.4433186036400545
180,1800.0,10.0,26.874538976924228,0.13085484640369477,0.0,78.69033598232706,74.15077422232551,-34.69158296206115,0.0,4,0,0,9.1,809.1,0.012957667549610365,98.95533056520507,0.0,5261.128889994568,24000.042639814623,401.6791423658813,14265.032409612264,12513.57708144649,7132.516204806132,1.4178654452139963,103,12,0,8355.40019664529,10488.648779413465,18844.048976058755,3667.23799242317,3667.23799242317,0.029819826823301702,0.05665184541550213,0.0,0.0,3.312300456095494,0.6446063736273806,0.4433972872422893
181,1810.0,10.0,27.00539382332792,0.139330091382131,0.0,74.15077422232551,69.39323555763924,-34.14580883061431,0.0,4,0,0,9.095,809.095,0.013080833039890447,99.09718539106439,0.0,5583.218844872854,24000.042817112597,370.25518363223995,13298.612475402422,11385.066433413573,6649.306237701211,1.4271537195106287,103,12,0,7425.8153756310985,9323.352051434895,16749.167427065993,3256.905195061045,3256.905195061045,0.030306423322611804,0.0572211502203551,0.0,0.0,3.315584825297441,0.6447213265494487,0.4433542985325512
182,1820.0,10.0,27.144723914710053,0.14951998751279627,0.0,69.39323555763924,64.36814532990499,-33.608150397311874,0.0,4,0,0,9.09,809.09,0.013192381299238987,99.21923833741918,0.0,5965.99937548847,24000.04208560072,339.2124544422766,12344.347885385814,10269.815744099295,6172.173942692907,1.4373799865707129,103,12,0,6507.838249814058,8171.862931171049,14679.701180985106,2852.7638649180717,2852.7638649180717,0.030785380479512778,0.05778148274116581,0.0,0.0,3.3180371130447477,0.6448071566206044,0.44332225633065225
183,1830.0,10.0,27.29424390222285,0.2021087606941691,0.04,64.36814532990499,59.00581616580694,-33.07858959093831,0.0,3,0,0,9.085,809.085,0.013292706498742101,99.32221115875224,0.0,6431.7528162126255,24000.04102683828,308.57000948695304,11402.724099777915,9168.609866018956,5701.362049888958,1.4486766324242055,103,12,0,5601.955507983389,7034.965042563484,12636.920550546873,2454.7796228590882,2454.7796228590882,0.03125680842846197,0.05833297985948262,0.0,0.0,3.3196902491787847,0.6448650163852957,0.443300682755417
184,1840.0,10.0,27.49635266291702,0.1782393361540506,0.0,59.00581616580694,53.20286027761397,-32.55709998368445,0.0,3,0,0,9.08,809.08,0.013382207528018442,99.40683105883176,0.0,7016.257496323004,24000.03969034876,278.34498216464374,10474.174828658131,8082.157315651454,5237.087414329066,1.461208552275392,103,12,0,4708.602652191513,5913.365110118073,10621.967762309585,2062.913782286012,2062.913782286012,0.03172081734207358,0.05887577786866678,0.0,0.0,3.320577604913378,0.6448960738360064,0.4432891115428973
185,1850.0,10.0,27.67459199907107,0.24000643029012558,0.04,53.20286027761397,46.7939246806915,-32.04364773485429,0.0,2,0,0,9.075,809.075,0.0134612879652074,99.47383062264095,0.0,7781.536515889122,24000.03811991075,248.55263146130923,9559.083367825195,7011.092062928754,4779.541683912597,1.47518384365511,103,12,0,3828.1652699645924,4807.694812039355,8635.860082003948,1677.1235397051755,1677.1235397051755,0.032177517286492985,0.05941001236417001,0.0,0.0,3.3207328157376748,0.6449015062148569,0.44328708821278956
186,1860.0,10.0,27.914598429361195,0.22971285580002168,0.0,46.7939246806915,40.27129389554332,-28.394713750050197,0.0,2,0,0,9.07,809.07,0.013530356394317565,99.52394832650404,0.0,8847.302354419273,21456.70931332173,219.21634747278267,8446.108297597879,6168.314867254298,4223.054148798939,1.4914727911340373,103,12,0,2961.245867810118,3718.910981542058,6680.156849352175,1297.3853929586003,1297.3853929586003,0.03273311049848446,0.05982972574082216,0.0,0.0,3.3205193525489274,0.6448940350032507,0.4432898709702141
187,1870.0,10.0,28.144311285161216,0.31123818286190924,0.04,40.27129389554332,33.46463734014943,-25.094757985675063,0.0,1,0,0,9.065,809.065,0.013587926556007693,99.55476737461623,0.0,10280.275599632916,19149.222413360363,193.20796902752093,7455.047323154252,5425.483945347143,3727.523661577126,1.5081906137941565,103,12,0,2192.708682001736,2753.6053042496587,4946.313986251394,960.8599872923124,960.8599872923124,0.033227681889333116,0.06019939900876591,0.0,0.0,3.3196233731580898,0.6448626757245715,0.44330155507646996
188,1880.0,10.0,28.455549468023126,0.336229759579135,0.0,33.46463734014943,26.018497124314308,-22.145987984988587,0.0,1,0,0,9.06,809.06,0.013635986026133775,99.5696591002463,0.0,12371.2680879198,17083.756010386798,170.22520546848304,6577.0659908439075,4771.281040388296,3288.5329954219537,1.5252711403259471,103,12,0,1513.570858866002,1900.6079233662017,3414.178782232204,663.4518232795816,663.4518232795816,0.03366586655345672,0.06052501885923332,0.0,0.0,3.3182745228899324,0.6448154659651859,0.4433191567889785
189,1890.0,10.0,28.79177922760226,0.38434195304289853,0.0,26.018497124314308,26.018497124314308,0.0,16.924054815198797,1,0,0,9.055,809.055,0.013676196896819986,99.57144204782566,548.8839464547851,13627.633803992325,0.0,147.87079198334936,4422.401895177749,5435.650903712209,4052.843340785894,1.527289538303901,104,12,40,913.8419476115572,1147.4109677979743,2061.2529154095314,401.01315447143577,401.01315447143577,0.03471248705950807,0.060153183676420224,0.0,0.42153045471773454,3.3140966338024835,0.6447517116453682,0.4433429497078452
190,1900.0,10.0,29.176121180645158,0.3843350786033556,0.0,26.018497124314308,26.01942788809538,0.002421750792183275,16.924054815198797,1,0,0,9.05,809.05,0.013704041688635425,99.55264324277336,550.842537815665,13627.633803992325,0.0,147.87006821018622,4422.216908873044,5435.787638472704,4052.903457689419,1.5273765525565686,104,12,40,913.8419208377611,1147.4109276372799,2061.252848475041,401.0131521270629,401.0131521270629,0.03471256879359731,0.06015310194233099,0.0,0.42153045471773454,3.314096526184749,0.6447517078760693,0.4433429511153088
191,1910.0,10.0,29.560456259248514,0.3843213853480526,0.0,26.01942788809538,26.020351219922304,0.0024024992158274473,16.92526569059489,1,0,0,9.045,809.045,0.013731887454195454,99.53390861628851,550.8569884575224,13627.671090844717,0.0,147.87140972426138,4422.257465589384,5435.836516028042,4053.015162127137,1.5274592607088664,104,12,40,913.9072700337209,1147.492993686292,2061.400263720013,401.04184875519195,401.04184875519195,0.03471253553067912,0.060153061651177925,0.0,0.42156039039448717,3.3140964258066568,0.6447517160786574,0.4433429480524464
192,1920.0,10.0,29.944777644596567,0.3843078002193636,0.0,26.020351219922304,26.021267473697662,0.002384166480192107,16.926466940202804,1,0,0,9.04,809.04,0.013759733855980874,99.51523739320322,550.8719381396038,13627.708048768944,0.0,147.8727348295383,4422.297475929315,5435.884846039904,4053.1258323168654,1.5275413139359042,104,12,40,913.9720997192377,1147.5744073295982,2061.546507048836,401.0703172609309,401.0703172609309,0.03471250255803816,0.06015302165448354,0.0,0.42159008805201886,3.3140963261656844,0.6447517242147133,0.4433429450144278
193,1930.0,10.0,30.32908544481593,0.38429432058120566,0.0,26.021267473697662,26.022176649421453,0.0023658317989600163,16.9276590234429,1,0,0,9.035,809.035,0.01378758088987797,99.4966293556799,550.8866535720562,13627.744692662172,0.0,147.8740443095968,4422.3370251044325,5435.932595535353,4053.235488025711,1.5276227148326997,104,12,40,914.0364346989419,1147.6551997194802,2061.691634418422,401.0985685329877,401.0985685329877,0.03471246983222385,0.060152981967790634,0.0,0.4216195590493592,3.3140962272649617,0.6447517322887739,0.44334294199955876
194,1940.0,10.0,30.713379765397136,0.3842809464114796,0.0,26.022176649421453,26.023078747093678,0.002347495187171944,16.92884193934238,1,0,0,9.03,809.03,0.013815428551372067,99.47808428593872,550.9011347423376,13627.781023232601,0.0,147.87533816276644,4422.376113064414,5435.979764453349,4053.3441291598256,1.527703467350043,104,12,40,914.1002749206046,1147.7353707903085,2061.835645710913,401.1266025482935,401.1266025482935,0.03471243735326267,0.06015294259113132,0.0,0.42164880336352295,3.314096129105174,0.6447517403008358,0.44334293900784044
195,1950.0,10.0,31.097660711808615,0.3842676750753697,0.0,26.023078747093678,26.023974120616913,0.0023300776550115644,16.930015686935967,1,0,0,9.025,809.025,0.013843276835798798,99.4596019666755,550.9161267449192,13627.817041183003,0.0,147.8766163870077,4422.414677656788,5436.026414810391,4053.451786664724,1.5277835752071218,104,12,40,914.1636203222172,1147.814920461684,2061.9785407839013,401.1544192830658,401.1544192830658,0.0347124051522645,0.06015290349345387,0.0,0.42167782097170303,3.314096031646077,0.644751748249462,0.4433429360398097
196,1960.0,10.0,31.481928386883986,0.384254509164377,0.0,26.023974120616913,26.024862062186003,0.0023108162634741802,16.931180725763472,1,0,0,9.02,809.02,0.013871125738950881,99.44118218206975,550.9294059709742,13627.852761323578,0.0,147.877879766869,4422.452928313277,5436.072389477991,4053.558418237819,1.5278630413483023,104,12,40,914.2264957351965,1147.8938799245075,2062.120375659704,401.1820296306293,401.1820296306293,0.034712373123602924,0.06015286475246974,0.0,0.42170662323575114,3.314095934972567,0.6447517561420569,0.4433429330927014
197,1970.0,10.0,31.866182896048365,0.3842414486569235,0.0,26.024862062186003,26.025743279606104,0.0022933950076946983,16.93233613389521,1,0,0,9.015,809.015,0.0138989752555771,99.42282471528219,550.9439294298045,13627.888156109064,0.0,147.87912672912213,4422.490570224521,5436.117878383622,4053.664046134726,1.5279418719937854,104,12,40,914.2888513640619,1147.9721866352559,2062.2610379993175,401.2094117385322,401.2094117385322,0.03471234141644336,0.06015282627501512,0.0,0.42173518736462495,3.3140958389987154,0.644751763966668,0.4433429301709789
198,1980.0,10.0,32.25042434470529,0.384228488306888,0.0,26.025743279606104,26.026617772877216,0.0022759719742964533,16.933482831399058,1,0,0,9.01,809.01,0.013926825382045477,99.40452935288934,550.9582303432506,13627.923254440368,0.0,147.88035884303332,4422.527773895024,5436.162815640532,4053.7687099997056,1.5280200682387757,104,12,40,914.3507368839653,1148.0499029812902,2062.4006398652555,401.23658741329166,401.23658741329166,0.03471230994384037,0.060152788092145984,0.0,0.4217635361053782,3.314095743729915,0.6447517717323742,0.44334292727125185
199,1990.0,10.0,32.634652833012176,0.3842156307062751,0.0,26.026617772877216,26.02748518809676,0.0022576260574112437,16.934620817386204,1,0,0,9.005,809.005,0.013954676113812983,99.3862958806621,550.9715635107564,13627.958056964691,0.0,147.8815761074578,4422.564601388173,5436.207139109012,4053.8723787055346,1.5280976341272936,104,12,40,914.4121522573763,1148.1270289179308,2062.539181175307,401.2635566347226,401.2635566347226,0.03471227867473036,0.06015275023497945,0.0,0.42179166943701124,3.3140956492077187,0.6447517794406057,0.44334292439298645
200,2000.0,10.0,33.01886846371845,0.3842028758345429,0.0,26.02748518809676,26.02834587916732,0.0022401994484994247,16.93574963041491,1,0,0,9.0,809.0,0.013982527446006612,99.36812408453522,550.985407554087,13627.992550256778,0.0,147.88277773496145,4422.600905264321,5436.250943733109,4053.9750633396065,1.5281745746404347,104,12,40,914.4730725609463,1148.2035331412362,2062.6766057021823,401.2903084652895,401.2903084652895,0.03471224768371534,0.06015271265694307,0.0,0.42181957595273617,3.3140955553894984,0.6447517870853843,0.44334292153841476
201,2010.0,10.0,33.403071339552994,0.3841902236713154,0.0,26.02834587916732,26.029199492186308,0.002221849923279251,16.93686973013916,1,0,0,8.995,808.995,0.014010379374689904,99.35001375271412,550.9982837887233,13628.026749043795,0.0,147.88396450990658,4422.636832873887,5436.294134453218,4054.0767526416676,1.528250892393304,104,12,40,914.5335226220444,1148.2794468345421,2062.8129694565864,401.3168538001334,401.3168538001334,0.03471221689623995,0.06015267540467035,0.0,0.4218472670171032,3.3140954623191443,0.6447517946726815,0.44334291870530707
202,2020.0,10.0,33.78726156322431,0.384177671584715,0.0,26.029199492186308,26.030046734958887,0.002205341005594619,16.937980655100798,1,0,0,8.99,808.99,0.014038231895057908,99.33196467266394,551.0124161650015,13628.060639912523,0.0,147.8851356444485,4422.672174655335,5436.336868307899,4054.177488745524,1.5283265921108709,104,12,40,914.5934775062485,1148.3547386775112,2062.9482161837595,401.34318170043696,401.34318170043696,0.03471218641800159,0.0601526384004944,0.0,0.42187473122293745,3.314095369913117,0.644751802195086,0.4433429158964308
203,2030.0,10.0,34.17143923480903,0.3841652169437069,0.0,26.030046734958887,26.030887253582478,0.002187909228945273,16.939083325603598,1,0,0,8.985,808.985,0.014066085003539697,99.31397663461038,551.0255924354229,13628.094251592085,0.0,147.8862927086404,4422.7071632583575,5436.379017317671,4054.2772802647696,1.528401674982025,104,12,40,914.6529869115726,1148.429471088716,2063.0824580002886,401.36931397920426,401.36931397920426,0.0347121561309461,0.060152601706565716,0.0,0.4219019913228658,3.314095278217567,0.6447518096631109,0.4433429131078602
204,2040.0,10.0,34.555604451752735,0.35713274231019715,0.0,26.030887253582478,29.970698797097995,11.031784758882424,0.0,1,0,0,8.98,808.98,0.014093938695440091,99.2960494276066,9475.83763774324,13628.12757064844,0.0,149.9644745590819,3741.503544133682,6256.1280931384445,3128.0640465692222,1.5414924592085608,105,13,0,915.1886410037409,1149.0592792683858,2064.247920272127,401.3799289434552,401.3799289434552,0.03508405008555948,0.059779907240775566,0.0,0.0,3.315753317048403,0.6447272237607323,0.4433520954610398
205,2050.0,10.0,34.912737194062935,0.31458292586055286,0.0,29.970698797097995,33.60554249218776,11.554484990393286,0.0,1,0,0,8.975,808.975,0.014124350211632525,99.28243782178168,10039.452112760548,13500.122469799157,0.0,160.05888857684437,4004.5911184398983,6666.001453349726,3333.000726674863,1.5325937805946077,105,13,0,1213.531302011016,1523.7265860286088,2737.257888039625,532.1037290802956,532.1037290802956,0.034952812923231,0.05957537200762446,0.0,0.0,3.3168075789650997,0.6447641229278167,0.4433383158063069
206,2060.0,10.0,35.22732011992349,0.2831403454250304,0.0,33.60554249218776,37.030805605704835,12.097403880663183,0.0,1,0,0,8.97,808.97,0.014157348246733993,99.27317520049017,10626.108711787649,12319.396423856038,0.0,170.63728743228918,4280.602994696806,7095.216167455808,3547.608083727904,1.5238661360536208,105,13,0,1526.1608534168138,1916.3726582358,3442.533511652614,669.0346070152626,669.0346070152626,0.03481520409443744,0.05936129911051835,0.0,0.0,3.317834011059744,0.6448000480511293,0.44332490831270627
207,2070.0,10.0,35.51046046534852,0.258670135102455,0.0,37.030805605704835,40.2877452663482,12.591092741933073,0.0,1,0,0,8.965,808.965,0.014193113261342491,99.26854735819157,11179.883938271181,11179.880999840323,0.0,181.7182561051244,4574.7699984256615,7539.780408582632,3769.890204291316,1.515321137738564,105,13,0,1853.6262989946513,2327.68749076364,4181.313789758291,812.4123421881669,812.4123421881669,0.034668606847176466,0.059139689909876704,0.0,0.0,3.318827955021783,0.6448348360898006,0.4433119330902462
208,2080.0,10.0,35.76913060045098,0.24014457615363757,0.0,40.2877452663482,42.99541823597706,11.275178532021346,0.0,1,0,0,8.96,808.96,0.01423180323151378,99.26880172643381,10276.085858377395,10276.077682257599,0.0,193.2588795446827,5004.490248267887,7879.435054710962,3939.717527355481,1.5075251058620998,105,13,0,2194.653204239886,2756.0845147389614,4950.737718978848,961.6585535687252,961.6585535687252,0.03445427296997178,0.05897079102247723,0.0,0.0,3.3198792905425916,0.644871632833029,0.4432982171175412
209,2090.0,10.0,36.00927517660462,0.2664426667184221,0.04,42.99541823597706,45.32715934994091,10.297269272417328,0.0,2,0,0,8.955,808.955,0.014272642901977496,99.27263211725386,9628.938205197077,9628.932965084621,0.0,203.5964858382597,5375.867270341469,8197.231785542512,4098.615892771256,1.5007969957762304,105,13,0,2500.1238778596653,3139.8366272743147,5639.96050513398,1095.314255090457,1095.314255090457,0.034269105542159124,0.0588127779234845,0.0,0.0,3.3207027843295833,0.6449004551155737,0.4432874796878163
210,2100.0,10.0,36.27571784332304,0.21572973500621406,0.0,45.32715934994091,47.38143271977959,9.522439592203204,0.0,2,0,0,8.95,808.95,0.014315461004585469,99.27974165872428,9133.599129044082,9133.596853131272,0.0,213.03933837835137,5707.110286221548,8495.512272335212,4247.756136167606,1.4948645646405314,105,13,0,2779.151462355947,3490.3815787008143,6269.533041056761,1217.3822825529478,1217.3822825529478,0.03410398932208425,0.05866447806029922,0.0,0.0,3.3213641172432053,0.6449236017675505,0.4432788605078484
211,2110.0,10.0,36.49144757832925,0.207035300483633,0.0,47.38143271977959,49.22045088789573,8.882630951437795,0.0,2,0,0,8.945,808.945,0.014360116937582552,99.28988549240843,8737.600176365017,8737.599862132785,0.0,221.7726536784066,6008.283026588643,8776.5605519718,4388.2802759859,1.489551350640041,105,13,0,3037.2114665937142,3814.5916277167294,6851.803094310444,1330.267627675762,1330.267627675762,0.03395388669484213,0.058524747952171,0.0,0.0,3.3219018428262537,0.6449424221629572,0.4432718548371208
212,2120.0,10.0,36.69848287881288,0.19978643718335598,0.0,49.22045088789573,50.8864446650031,8.338873251833343,0.0,2,0,0,8.94,808.94,0.014406492084257774,99.30285615544418,8411.137077267309,8411.13790166052,0.0,229.91960053728093,6285.653837019597,9042.319532132467,4521.159766066234,1.484735500982459,105,13,0,3277.945028097769,4117.036890054295,7394.981918152064,1435.5693483919624,1435.5693483919624,0.03381566025732716,0.05839261539176191,0.0,0.0,3.322341263622055,0.6449578018908102,0.44326613159818196
213,2130.0,10.0,36.89826931599624,0.19361823768523204,0.0,50.8864446650031,52.40960966906378,7.866846750960053,0.0,2,0,0,8.935,808.935,0.014454484161118253,99.31847405207144,8135.760550762052,8135.761944570014,0.0,237.5678276143721,6543.4532624137255,9294.401911877749,4647.200955938874,1.4803288263448127,105,13,0,3503.9431474668822,4400.969609074592,7904.912756541475,1534.4250466598103,1534.4250466598103,0.03368719297282149,0.05826727393103128,0.0,0.0,3.3227002427766,0.6449703661612193,0.44326145719537496
214,2140.0,10.0,37.09188755368147,0.18815859214549038,0.0,52.40960966906378,53.88370264768307,7.834311268015222,0.0,2,1,1,8.93,808.93,0.014504003436907933,99.33658106975211,7899.313194896025,7899.3146984717,0.0,227.25255697896984,6758.130004504364,8392.040460760294,4196.020230380147,1.4872000354694475,105,13,0,3716.445432648992,3500.8316481156653,7217.2770807646575,1334.6512238815028,1334.6512238815028,0.033579928694347616,0.05871677315870846,0.0,0.0,2.859893282398253,0.528864283137501,0.5149373359315784
215,2150.0,10.0,37.28004614582696,0.18325841346930935,0.0,53.88370264768307,55.25180508358647,7.465427698535177,0.0,2,1,1,8.925,808.925,0.014551037996497169,99.3504935318496,7683.212242497385,7683.213655656261,0.0,233.43623415440774,6995.257175676704,8567.158434617146,4283.579217308573,1.4835360690317516,105,13,0,3928.724809367335,3700.8464496765155,7629.571259043851,1410.8049073054096,1410.8049073054096,0.03346175174715372,0.058629679710237616,0.0,0.0,2.860115497596106,0.5288717861682991,0.5149338902510872
216,2160.0,10.0,37.46330455929627,0.21892301058645383,0.04,55.25180508358647,56.528115981044834,7.133296568591254,0.0,3,1,1,8.92,808.92,0.014599307505017232,99.36641451789181,7492.966622710637,7492.967865460491,0.0,239.3283459238727,7219.8996902320105,8735.323371359504,4367.661685679752,1.480106506184808,105,13,0,4130.997318820747,3891.430424770767,8022.427743591514,1483.3720165219277,1483.3720165219277,0.03334979342434907,0.05854603292557847,0.0,0.0,2.860297268755814,0.5288779236180445,0.5149310720960592
217,2170.0,10.0,37.68222756988272,0.17505148691149305,0.0,56.528115981044834,57.72398408887405,6.831522136306376,0.0,3,1,1,8.915,808.915,0.01464875856268004,99.3842484924663,7323.788081290175,7323.789105917198,0.0,244.957794841405,7433.481130158557,8897.038525935111,4448.519262967556,1.4768817177876281,105,13,0,4324.255362761914,4073.518008581754,8397.773371343668,1552.7095575584988,1552.7095575584988,0.03324334188094903,0.05846558168213027,0.0,0.0,2.8604438513917425,0.5288828729376341,0.5149287997599321
218,2180.0,10.0,37.85727905679421,0.17156685866361984,0.0,57.72398408887405,58.848646288492255,6.555241544774458,0.0,3,1,1,8.91,808.91,0.014699342292305146,99.40390776321232,7172.061343154249,7172.062125209338,0.0,250.3484666755281,7637.149441069077,9052.748337299463,4526.3741686497315,1.4738373912488982,105,13,0,4509.319047726036,4247.881479142503,8757.200526868539,1619.1124384952138,1619.1124384952138,0.03314182331990097,0.058388104387137076,0.0,0.0,2.860559576704838,0.5288867803687939,0.5149270059410767
219,2190.0,10.0,38.02884591545783,0.1684091628202758,0.0,58.848646288492255,59.90973754923134,6.300674161485313,0.0,3,1,1,8.905,808.905,0.014751013671315632,99.42531134323426,7034.995617340815,7034.996148772193,0.0,255.52043258023681,7831.848601558765,9202.846903790358,4601.423451895179,1.470953303463428,105,13,0,4686.877472729288,4415.169814369834,9102.047287099122,1682.828352164302,1682.828352164302,0.0330447660954014,0.058313404710545996,0.0,0.0,2.860648072283701,0.5288897683959861,0.5149256342990308
220,2200.0,10.0,38.197255078278104,0.1655308618864718,0.0,59.90973754923134,60.913653159124074,6.064824398614337,0.0,3,1,1,8.9,808.9,0.014803731001428112,99.4483840464087,6910.395536902375,6910.395821043148,0.0,260.4907977167138,8018.36780349931,9347.685377614944,4673.842688807472,1.4682124339666778,105,13,0,4857.517874919239,4575.936121195016,9433.453996114255,1744.0682831465244,1744.0682831465244,0.03295177607803484,0.05824130786400877,0.0,0.0,2.860712417296992,0.5288919409864349,0.514924637033276
221,2210.0,10.0,38.36278594016458,0.16289368849965175,0.0,60.913653159124074,61.86581229599549,5.845279492664031,0.0,3,1,1,8.895,808.895,0.01485745548113504,99.47305575673751,6796.505801364603,6796.505849329252,0.0,265.274316770722,8197.376224896305,9487.578226485164,4743.789113242582,1.4656003098198918,105,13,0,5021.746769543678,4730.65753008779,9752.404299631467,1803.0141293754102,1803.0141293754102,0.03286251923534839,0.058171657450990004,0.0,0.0,2.8607552548425677,0.5288933873835621,0.5149239731307534
222,2220.0,10.0,38.52567962866423,0.1604664230629002,0.0,61.86581229599549,62.77085385665083,5.640068142483483,0.0,3,1,1,8.89,808.89,0.01491215085629128,99.49926083008924,6691.9029310360675,6691.902759139845,0.0,269.8838508748295,8369.448253102042,9622.808471886594,4811.404235943297,1.4631045123736357,105,13,0,5180.005643091498,4879.749963397138,10059.755606488638,1859.824360387774,1859.824360387774,0.0327767089954403,0.05810431283233014,0.0,0.0,2.8607788753238204,0.5288941849221642,0.5149236070655977
223,2230.0,10.0,38.68614605172713,0.15822329355393716,0.0,62.77085385665083,63.63278463910673,5.4475593516960545,0.0,3,1,1,8.885,808.885,0.01496778313100547,99.52693759827233,6595.418063007038,6595.41769091508,0.0,274.330713680861,8535.082190515914,9753.63205487482,4876.81602743741,1.4607142996435563,105,13,0,5332.68283933647,5023.579320804266,10356.262160140737,1914.6383031295134,1914.6383031295134,0.03269409687518305,0.05803914693106425,0.0,0.0,2.8607852796634297,0.5288944011628076,0.5149235078135567
224,2240.0,10.0,38.844369345281066,0.15614280072762873,0.0,63.63278463910673,64.4550932957041,5.266388541549122,0.0,3,1,1,8.879999999999999,808.88,0.015024320325774236,99.55602795336537,6506.080747282935,6506.0801966784975,0.0,278.6249381199519,8694.714397834516,9880.281476828943,4940.140738414471,1.4584203128827251,105,13,0,5480.122721391871,5162.470101271588,10642.592822663459,1967.579445674729,1967.579445674729,0.03261446539398461,0.057976044402178725,0.0,0.0,2.860776228132698,0.5288940955405347,0.5149236480908975
225,2250.0,10.0,39.000512146008695,0.1542068406483427,0.0,64.4550932957041,65.24083923175439,5.095402595285168,0.0,3,1,1,8.875,808.875,0.015081732273116764,99.58647699582738,6423.077283129678,6423.076576751971,0.0,282.7754852389795,8848.730171601623,10002.968844330344,5001.484422165172,1.456214345543968,105,13,0,5622.6328443525645,5296.712152829404,10919.344997181968,2018.7580236294082,2018.7580236294082,0.03253762262362483,0.05791490010224408,0.0,0.0,2.8607532786930774,0.5288933206594557,0.5149240037569687
226,2260.0,10.0,39.15471898665704,0.15240003914958597,0.0,65.24083923175439,65.99272285656828,4.9336183180103035,0.0,3,1,1,8.87,808.87,0.015139990443334254,99.61823273390353,6345.719331872175,6345.71849281938,0.0,286.7904099598398,8997.472237818687,10121.888426170633,5060.944213085317,1.4540891591956573,105,13,0,5760.489648417771,5426.566030071551,11187.055678489322,2068.273073023341,2068.273073023341,0.032463397932512836,0.05785561780454449,0.0,0.0,2.8607178175426773,0.5288921233241421,0.5149245533383862
227,2270.0,10.0,39.30711902580662,0.1507092400167188,0.0,65.99272285656828,66.7131417459028,4.780190579254485,0.0,3,1,1,8.865,808.865,0.01519906779473419,99.65124582473801,6273.419927106205,6273.4189783289785,0.0,290.6769942809304,9141.247474551523,10237.218810843837,5118.609405421918,1.4520383352698605,105,13,0,5893.943033779746,5552.267299365614,11446.21033314536,2116.214079936595,2116.214079936595,0.0323916386173357,0.05779810911522819,0.0,0.0,2.860671083769378,0.528890545372032,0.5149252776451575
228,2280.0,10.0,39.45782826582334,0.14912310644488885,0.0,66.7131417459028,67.4042360153455,4.634387560174036,0.0,3,1,1,8.86,808.86,0.015258938643921301,99.6854693497373,6205.674898298932,6205.673862233087,0.0,294.44185551229685,9280.332298064584,10349.12473608854,5174.56236804427,1.4500561545027018,105,13,0,6023.220078008117,5674.030037145009,11697.250115153125,2162.6623208642636,2162.6623208642636,0.032322207204417586,0.05774229255445875,0.0,0.0,2.860614189479568,0.52888862435307,0.5149261594573733
229,2290.0,10.0,39.60695137226823,0.14763180716591492,0.0,67.4042360153455,68.0679253294191,4.495571291948681,0.0,3,1,1,8.855,808.855,0.015319578552698377,99.72085861831783,6142.048315256034,6142.04721355713,0.0,298.0910351139801,9414.97702602692,10457.758648238423,5228.879324119212,1.44813749802254,105,13,0,6148.528087218516,5792.049701296826,11940.577788515342,2207.6919627929033,2207.6919627929033,0.03225497926370546,0.05768809277349934,0.0,0.0,2.8605481364053764,0.5288863940904474,0.5149271832668163
230,2300.0,10.0,39.75458317943414,0.18622676668817023,0.04,68.0679253294191,68.70593935330459,4.363182188429709,0.0,4,1,1,8.85,808.85,0.015380964228831204,99.75737099537531,6082.160959752,6082.159813104637,0.0,301.6300722850046,9545.409447671933,10563.262037995039,5281.631018997519,1.4462777655386836,105,13,0,6270.057123472881,5906.505509694091,12176.562633166974,2251.370974355625,2251.370974355625,0.03218984162020282,0.05763543988427132,0.0,0.0,2.8604738297365797,0.5288838851476304,0.5149283350618398
231,2310.0,10.0,39.940809946122314,0.1449004646627168,0.0,68.70593935330459,69.31984301084296,4.236726631397278,0.0,4,1,1,8.845,808.845,0.015443073438475464,99.79496574873228,6025.681104447338,6025.679932430581,0.0,305.06406543350397,9671.83777191351,10665.766590320092,5332.883295160046,1.444472807168541,105,13,0,6387.982115932053,6017.562427051547,12405.5445429836,2293.761886841303,2293.761886841303,0.03212669087716698,0.05758426888241647,0.0,0.0,2.8603920897402992,0.5288811252206972,0.5149296021467276
232,2320.0,10.0,40.08571041078503,0.14364627330348384,0.0,69.31984301084296,69.9110575900078,4.115766915273707,0.0,4,1,1,8.84,808.84,0.015505884928483473,99.83360391353246,5972.317070361664,5972.315891356569,0.0,308.39772392020944,9794.45308231275,10765.395179034545,5382.697589517273,1.4427188662382666,105,13,0,6502.464637925248,6125.372837422047,12627.837475347296,2334.9224346914693,2334.9224346914693,0.03206543218647988,0.05753451914847014,0.0,0.0,2.860303661599029,0.5288781394705155,0.5149309729888185
233,2330.0,10.0,40.229356684088515,0.142458324581161,0.0,69.9110575900078,70.48087849938268,3.999913034567862,0.0,4,1,1,8.835,808.835,0.01556937835713657,99.87324817110559,5921.811169628008,5921.810000756903,0.0,311.63541192413425,9913.431397232605,10862.262731043013,5431.131365521506,1.4410125309847375,105,13,0,6613.654413437997,6230.07796208762,12843.732375525618,2374.9060983891773,2374.9060983891773,0.032005978216911146,0.057486134014605325,0.0,0.0,2.860209223800019,0.5288749508060078,0.514932437088198
234,2340.0,10.0,40.37181500866968,0.1413314009285127,0.0,70.48087849938268,71.03049030192332,3.8888159243439078,0.0,4,1,1,8.83,808.83,0.015633534232107293,99.9138627402651,5873.934737589067,5873.933594678819,0.0,314.78118587425257,10028.935411043183,10956.476980573658,5478.238490286829,1.4393506935325378,105,13,0,6721.690602608773,6331.809069508068,13053.49967211684,2413.7625676277316,2413.7625676277316,0.03194824828225238,0.057439060386686426,0.0,0.0,2.8601093953364876,0.528871580127298,0.5149339848658946
235,2350.0,10.0,40.51314640959819,0.14026084467164054,0.0,71.03049030192332,71.56097951861896,3.782161856629,0.0,4,1,1,8.825,808.825,0.015698333854660913,99.95541327934906,5828.484029137409,5828.482926701548,0.0,317.83882658552164,10141.11597550551,11048.139130195932,5524.069565097966,1.437730514858463,105,13,0,6826.702905333674,6430.68851411777,13257.391419451444,2451.538138863936,2451.538138863936,0.031892167599686945,0.05739324841319715,0.0,0.0,2.8600047419263905,0.5288680465356864,0.5149356075673706
236,2360.0,10.0,40.65340725426983,0.13924248249490853,0.0,71.56097951861896,72.07334559283767,3.679667764020496,0.0,4,1,1,8.82,808.82,0.01576375926927043,99.99786679759454,5785.276806376347,5785.275757611509,0.0,320.81186700477645,10250.113367857346,11137.344432461083,5568.672216230541,1.43614939471605,105,13,0,6928.812514081934,6526.830633236495,13455.643147318428,2488.2760584765133,2488.2760584765133,0.031837666655075425,0.05734865119407499,0.0,0.0,2.859895781412802,0.5288643675159922,0.514937297178751
237,2370.0,10.0,40.79264973676474,0.13827256206509442,0.0,72.07334559283767,72.56851032782302,3.5810773127371704,0.0,4,1,1,8.815,808.815,0.015829793217952057,100.0411915746613,5744.149483524143,5744.148500318008,0.0,323.70361629277824,10356.05838253083,11224.182703654385,5612.091351827193,1.4346049456940086,105,13,0,7028.132940868456,6620.342525566758,13648.475466435215,2524.0168205298496,2524.0168205298496,0.03178468065664461,0.05730522452367058,0.0,0.0,2.859782988477803,0.5288605590957164,0.5149390463537319
238,2380.0,10.0,40.930922298829834,0.13734769855826945,0.0,72.56851032782302,73.0473260490424,3.486157585787578,0.0,4,1,1,8.81,808.81,0.01589641909873627,100.08535708730439,5704.954724207966,5704.953817155469,0.0,326.51718082942074,10459.07327605745,11308.738779237265,5654.369389618632,1.4330949707396448,105,13,0,7124.770738545853,6711.324730248863,13836.095468794716,2558.798426417695,2558.798426417695,0.03173314906226359,0.05726292666301159,0.0,0.0,2.8596667987768143,0.5288566359846361,0.5149408483495022
239,2390.0,10.0,41.06826999738811,0.1364648293041288,0.0,73.0473260490424,73.51058269554353,3.3946962661618274,0.0,4,1,1,8.805,808.805,0.015963620927778054,100.13033394234604,5667.5594084819,5667.558586909114,0.0,329.2554826199368,10559.272588995478,11391.09291900031,5695.546459500155,1.4316174436021107,105,13,0,7218.826132829064,6799.871821916726,14018.697954745789,2592.6566123089474,2592.6566123089474,0.03168301516835774,0.05722171813733478,0.0,0.0,2.8595476125807027,0.528852611697779,0.514942696970317
240,2400.0,10.0,41.20473482669224,0.135621175124948,0.0,73.51058269554353,73.9590140069918,3.306499232403212,0.0,4,1,1,8.8,808.8,0.0160313833046828,100.1760938152211,5631.842903910447,5631.8421759034445,0.0,331.92127549370576,10656.763864239409,11471.321168674309,5735.660584337154,1.4301704917484548,105,13,0,7310.3935785033855,6886.072934410332,14196.466512913717,2625.6250492490235,2625.6250492490235,0.03163422575075425,0.057181561555490736,0.0,0.0,2.8594257979974844,0.5288484986642045,0.5149445865176054
241,2410.0,10.0,41.340356001817185,0.13481420722739876,0.0,73.9590140069918,74.39330294328977,3.2213884962839074,0.0,4,1,1,8.795,808.795,0.01609969138068478,100.22260939347328,5597.695588190043,5597.694960628627,0.0,334.51715941860283,10751.64827754171,11549.49568369848,5774.74784184924,1.428752381383756,105,13,0,7399.562250908538,6970.012223581653,14369.574474490191,2657.735519919498,2657.735519919498,0.031586730749522604,0.05714242144835343,0.0,0.0,2.859301693833072,0.5288443083235943,0.5149465117456835
242,2420.0,10.0,41.475170209044585,0.13404161872505846,0.0,74.39330294328977,74.81408644987556,3.1392004258683754,0.0,4,1,1,8.79,808.79,0.0161685308293655,100.26985432466562,5565.0175810135015,5565.017059608086,0.0,337.045593198793,10844.021193272614,11625.685019980254,5812.842509990127,1.4273615042695973,105,13,0,7486.416481900788,7051.769277852081,14538.185759752869,2689.0180753766253,2689.0180753766253,0.031540482991278616,0.057104264123801984,0.0,0.0,2.859175612140593,0.5288400512123306,0.5149484678223046
243,2430.0,10.0,41.60921182776964,0.1333013000422707,0.0,74.81408644987556,75.221959662637,3.059784207896746,0.0,4,1,1,8.785,808.785,0.01623788781964133,100.31780316824009,5533.717650901997,5533.7172402335555,0.0,339.5089057794465,10933.972656199887,11699.954395763214,5849.977197881607,1.425996366086024,105,13,0,7571.036147969368,7131.419483743733,14702.455631713101,2719.501174538781,2719.501174538781,0.031495437943546034,0.05706705753620323,0.0,0.0,2.859047840499744,0.5288357370404573,0.5149504502933981
244,2440.0,10.0,41.74251312781191,0.13259131758693452,0.0,75.221959662637,75.61747963086613,2.9830005118532426,0.0,4,1,1,8.78,808.78,0.016307748990785475,100.36643135092231,5503.712269068179,5503.7119726307155,0.0,341.9093063457816,11021.58782826291,11772.36592812253,5886.182964061265,1.4246555761235278,105,13,0,7653.497016944299,7209.03435244114,14862.531369385439,2749.2118087457325,2749.2118087457325,0.03145155349667577,0.057030771168624504,0.0,0.0,2.858918644061143,0.5288313747607069,0.5149524550514553
245,2450.0,10.0,41.87510444539885,0.13190989518897933,0.0,75.61747963086613,76.0011686240446,2.9087203248003335,0.0,4,1,1,8.775,808.775,0.016378101429279292,100.4157151253185,5474.924787412099,5474.924607656591,0.0,344.2488933743638,11106.947377850278,11842.978847107308,5921.489423553654,1.4233378381254438,105,13,0,7733.871058720311,7284.681812487275,15018.552871207587,2778.175613347346,2778.175613347346,0.03140878976955738,0.056995375926257454,0.0,0.0,2.858788267385237,0.528826972630591,0.5149544783071006
246,2460.0,10.0,42.00701434058783,0.13125539788886287,0.0,76.0011686240446,76.3735170779064,2.8368239314399943,0.0,4,1,1,8.77,808.77,0.01644893264731356,100.46563153139554,5447.284721780341,5447.28466016011,0.0,346.52966277038513,11190.127827895885,11911.849690129788,5955.924845064894,1.4220419421289727,105,13,0,7812.226724590111,7358.426472935562,15170.653197525673,2806.416967979232,2806.416967979232,0.031367108935956324,0.0569608440397452,0.0,0.0,2.858656936100939,0.5288225382684035,0.5149565165634583
247,2470.0,10.0,42.138269738476694,0.13062631773108713,0.0,76.3735170779064,76.7349862267098,2.767200018204085,0.0,4,1,1,8.765,808.765,0.01652023056278208,100.51615836057238,5420.72712486242,5420.727181880215,0.0,348.75351520464693,11271.201868128843,11979.032478847621,5989.5162394238105,1.4207667571760165,105,13,0,7888.629199093246,7430.329860633219,15318.959059726465,2833.959086934946,2833.959086934946,0.03132647506880171,0.05692714897728282,0.0,0.0,2.8585248584054974,0.5288180787038632,0.5149585665929775
248,2480.0,10.0,42.26889605620778,0.13002126127504682,0.0,76.7349862267098,77.08601046160894,2.6997448836970306,0.0,4,1,1,8.76,808.76,0.016591983480628715,100.56727412218277,5395.192035724813,5395.192210979971,0.0,350.92226274737766,11350.2386360053,12044.578880486542,6022.289440243271,1.419511224784089,105,13,0,7963.140627716868,7500.450634774974,15463.591262491842,2860.8241008386244,2860.8241008386244,0.03128685400015405,0.056894265364512045,0.0,0.0,2.858392226424057,0.5288136004240193,0.5149606254164317
249,2490.0,10.0,42.39891731748283,0.12943893858225594,0.0,77.08601046160894,77.42699944916369,2.6343617406755584,0.0,4,1,1,8.754999999999999,808.755,0.016664180075424962,100.61895801209727,5370.62399511259,5370.62428734957,0.0,353.0376348821726,11427.303970181754,12108.538355296423,6054.269177648212,1.418274353083467,105,13,0,8035.820323309259,7568.844781418918,15604.665104728178,2887.033130650356,2887.033130650356,0.03124821319491784,0.05686216891135863,0.0,0.0,2.8582592174448154,0.5288091094149555,0.5149626902838449
250,2500.0,10.0,42.52835625606508,0.12887815347729462,0.0,77.42699944916369,77.75834003914252,2.570960097106081,0.0,4,1,1,8.75,808.75,0.016736809375069158,100.67118988331573,5346.971617399099,5346.972024556116,0.0,355.10128397175293,11502.460639832445,12170.958291617751,6085.479145808876,1.4170552115400397,105,13,0,8106.724953668658,7635.56579028154,15742.290743950198,2912.6063548928037,2912.6063548928037,0.03121052163664298,0.05683083634507001,0.0,0.0,2.858125995043551,0.52880461119976,0.5149647586571282
251,2510.0,10.0,42.657234409542376,0.12833779491128605,0.0,77.75834003914252,78.0803979867451,2.5094552062796085,0.0,4,1,1,8.745,808.745,0.01680986074551031,100.7239502183627,5324.187211906762,5324.187730751426,0.0,357.1147902374821,11575.768552613927,12231.884129884878,6115.942064942439,1.4158529261945116,105,13,0,8175.908712434979,7700.664815813828,15876.573528248806,2937.563070866678,2937.563070866678,0.03117374972400984,0.0568002453487866,0.0,0.0,2.8579927101095226,0.5288001108731639,0.5149668281942437
252,2520.0,10.0,42.785572204453665,0.12781682925761062,0.0,78.0803979867451,78.39351954167877,2.4497678181531684,0.0,4,1,1,8.74,808.74,0.016883323876380557,100.77722010328641,5302.2266420930155,5302.227072027483,0.0,359.07966630910727,11647.284927562367,12291.35949304479,6145.679746522395,1.4146666753532209,105,13,0,8243.4234752168,7764.190824390357,16007.614299607158,2961.9217505307142,2961.9217505307142,0.031137869184901593,0.05677037449693353,0.0,0.0,2.857859501811319,0.528795613134154,0.5149688967342936
253,2530.0,10.0,42.913389033711276,0.12731429350138634,0.0,78.39351954167877,78.69803278887095,2.3918229353317657,0.0,4,1,1,8.735,808.735,0.016957188765964883,100.83098120064163,5281.048377115457,5281.048770617989,0.0,360.9973615681061,11717.064528017401,12349.426243189671,6174.713121594836,1.413495685659549,105,13,0,8309.318948663695,7826.190734793377,16135.509683457072,2985.7000939418153,2985.7000939418153,0.031102852960238934,0.05674120322736525,0.0,0.0,2.857726498349236,0.5287911223113754,0.5149709622859217
254,2540.0,10.0,43.04070332721266,0.1268292891508824,0.0,78.69803278887095,78.99424896954064,2.335550271178272,0.0,4,1,1,8.73,808.73,0.01703144571221123,100.88521573261298,5260.613906993355,5260.614342300887,0.0,362.86926553104774,11785.159746812951,12406.124621923565,6203.062310961783,1.4123392286415322,105,13,0,8373.642786522118,7886.709527714399,16260.352314236516,3008.9150706523033,3008.9150706523033,0.03106867516205012,0.05671271177186995,0.0,0.0,2.857593817868791,0.5287866423939768,0.5149730230132035
255,2550.0,10.0,43.167532616363545,0.12636097672277416,0.0,78.99424896954064,79.28246365732038,2.2808836656277434,0.0,4,1,1,8.725,808.725,0.017106085298872104,100.93990645609371,5240.887319593595,5240.887854502346,0.0,364.6967115804319,11851.62077368225,12461.49333167988,6230.74666583994,1.411196617440796,105,13,0,8436.44071766015,7945.790366451979,16382.231084112129,3031.5829655283665,3031.5829655283665,0.031035310990181173,0.05668488111603056,0.0,0.0,2.857461569144311,0.5287821770546914,0.5149750772251045
256,2560.0,10.0,43.29389359308632,0.12590857082010679,0.0,79.28246365732038,79.56295782375744,2.2277607045339662,0.0,4,1,1,8.72,808.72,0.017181098383834213,100.99503664148813,5221.835036106452,5221.835711228862,0.0,366.4809802378926,11916.495733226076,12515.569615966766,6257.784807983383,1.4100672038686035,105,13,0,8497.756658373635,8003.474702819207,16501.23136119284,3053.7194188978506,3053.7194188978506,0.03100273666375908,0.05665769295963937,0.0,0.0,2.857329852233889,0.5287777296719512,0.5149771233653772
257,2570.0,10.0,43.419802163906425,0.12547133571072583,0.0,79.56295782375744,79.83599881212314,2.176122433216051,0.0,4,1,1,8.715,808.715,0.017256476088484345,101.05059005330868,5203.425618718222,5203.426460301604,0.0,368.2233021384821,11979.830806266542,12568.389336298933,6284.194668149466,1.4089503757279218,105,13,0,8557.632814427236,8059.80237338824,16617.435187815478,3075.339463001421,3075.339463001421,0.030970929360971365,0.05663112967876991,0.0,0.0,2.857198759092361,0.5287733033505844,0.5149791600031038
258,2580.0,10.0,43.54527349961715,0.12504858134170868,0.0,79.83599881212314,80.10184122900337,2.1259130973568516,0.0,4,1,1,8.71,808.71,0.017332209787647698,101.10655093179015,5185.629597402925,5185.63061976916,0.0,369.92486077925696,12041.670341608586,12619.987043675212,6309.993521837606,1.4078455543643806,105,13,0,8616.109775347206,8114.811688436592,16730.921463783798,3096.457555660209,3096.457555660209,0.03093986716363454,0.05660517429056544,0.0,0.0,2.857068374136757,0.528768900940907,0.5149811858239768
259,2590.0,10.0,43.67032208095886,0.12463965973971299,0.0,80.10184122900337,80.36072776200899,2.077079908162932,0.0,4,1,1,8.705,808.705,0.01740829110005741,101.16290397544887,5168.419313620008,5168.420521276337,0.0,371.58679506361364,12102.056959154008,12670.396045086902,6335.198022543451,1.4067521924228636,105,13,0,8673.226601702416,8168.539514288494,16841.76611599091,3117.087611425491,3117.087611425491,0.030909529006078088,0.05657981042050079,0.0,0.0,2.8569387747685537,0.5287645250563571,0.5149831996222395
260,2600.0,10.0,43.794961740698575,0.1242439617536976,0.0,80.36072776200899,80.61288993096338,2.0295728290946955,0.0,4,1,1,8.7,808.7,0.017484711879317744,101.21963432452138,5151.768778995263,5151.770168459338,0.0,373.21020166040637,12161.031645203253,12719.648465490507,6359.8242327452535,1.4056697717891589,105,13,0,8729.020906027325,8221.021349666433,16950.042255693756,3137.243030445977,3137.243030445977,0.030879894627925692,0.056555022271900054,0.0,0.0,2.856810031856603,0.5287601780898007,0.5149852002932397
261,2610.0,10.0,43.919205702452274,0.12394712926432513,0.0,80.61288993096338,80.74623245216766,1.0758016098938696,0.0,4,0,0,8.695,808.695,0.01756146420532676,101.27672754522276,5135.653356280896,5135.655108687311,0.0,416.03085722911305,12276.414630548623,15458.975851392248,7729.487925696124,1.390740231888537,105,13,0,8780.149276003884,11024.652384186988,19804.80166019087,3849.6271161386608,3849.6271161386608,0.0308203149618509,0.0551852645571994,0.0,0.0,3.3171095556980594,0.6447746921134704,0.4433343704548498
262,2620.0,10.0,44.0431528317166,0.1237453785787341,0.0,80.74623245216766,80.87596491558958,1.0483822904091085,0.0,4,0,0,8.69,808.69,0.0176472213954272,101.34861389309819,5127.17217747347,5127.174202774659,0.0,417.0044536465622,12307.064564887842,15493.232344882967,7746.616172441483,1.38979301485886,105,13,0,8808.973016265421,11060.784105005387,19869.757121270806,3862.351449395965,3862.351449395965,0.03080487119193017,0.055167964352186794,0.0,0.0,3.3170064993990414,0.6447710851430047,0.443335716813333
263,2630.0,10.0,44.16689821029533,0.1235497101209395,0.0,80.87596491558958,81.00219716526463,1.0217122286364884,0.0,4,0,0,8.685,808.685,0.017733175228176357,101.42058821086397,5118.947623573145,5118.949745231389,0.0,417.953090862934,12336.92598119834,15526.61340966393,7763.306704831965,1.388850182731911,105,13,0,8837.058754137082,11095.989881475189,19933.04863561227,3874.751179095313,3874.751179095313,0.030789822744009935,0.05515110338193735,0.0,0.0,3.3169053234272274,0.6447675439839913,0.44333703868804314
264,2640.0,10.0,44.29044792041627,0.12335990518444825,0.0,81.00219716526463,81.1250350995131,0.9957687148413242,0.0,4,0,0,8.68,808.68,0.01781932063593502,101.4926417737711,5110.970888918997,5110.972473442134,0.0,418.87745642123855,12366.020724348942,15559.143037066962,7779.571518533481,1.3879115314191515,105,13,0,8864.4268031421,11130.295236273805,19994.722039415905,3886.835188179877,3886.835188179877,0.03077515874010771,0.05513466971941494,0.0,0.0,3.3168060127954795,0.64476406811188,0.44333833627031766
265,2650.0,10.0,44.41380782560072,0.12317575494601693,0.0,81.1250350995131,81.2445806480438,0.9705282389629701,0.0,4,0,0,8.675,808.675,0.017905652688491834,101.56476611476977,5103.232230219591,5103.23353934037,0.0,419.77821678437965,12394.37007098402,15590.84438130796,7795.42219065398,1.3869768667035012,105,13,0,8891.096854683468,11163.72490885851,20054.82176354198,3898.612089791831,3898.612089791831,0.030760868581706867,0.05511865184932958,0.0,0.0,3.3167085510039573,0.6447606569491767,0.4433396097713894
266,2660.0,10.0,44.53698358054674,0.12299705995452759,0.0,81.2445806480438,81.36093209668412,0.9459693482376679,0.0,4,0,0,8.67,808.67,0.017992166600379864,101.63695303582577,5095.723267443684,5095.724498763454,0.0,420.6560166666361,12421.994517007875,15621.739927434533,7810.869963717267,1.3860460038366968,105,13,0,8917.087958102824,11196.302830839588,20113.39078894241,3910.090217937692,3910.090217937692,0.030746942057002086,0.055103038585251334,0.0,0.0,3.316612920668992,0.644757309887453,0.44334085941417223
267,2670.0,10.0,44.65998064050127,0.16282362950128262,0.04,81.36093209668412,81.47418425029815,0.9220713805143077,0.0,5,0,0,8.665,808.665,0.018078857717968896,101.70919458554822,5088.435985678692,5088.437279799461,0.0,421.5114809078996,12448.913918363007,15651.85147549697,7825.925737748485,1.3851187669418443,105,13,0,8942.41857609414,11228.052195515837,20170.470771609977,3921.27765184719,3921.27765184719,0.030733369270384767,0.05508781907750737,0.0,0.0,3.3165191033792163,0.6447540262823108,0.44334208543514175
268,2680.0,10.0,44.82280427000255,0.1226552810161233,0.0,81.47418425029815,81.58442875284646,0.8988157838374718,0.0,5,0,0,8.66,808.66,0.01816572151525268,101.78148305135926,5081.363812398098,5081.364162274322,0.0,422.3452152274946,12475.147424297375,15681.200257535598,7840.600128767799,1.3841949884873999,105,13,0,8967.106606893874,11258.995485939098,20226.102092832974,3932.1822254125937,3932.1822254125937,0.030720140676309297,0.05507298275525195,0.0,0.0,3.3164270799686566,0.6447508054629413,0.443343288080768
269,2690.0,10.0,44.94545955101867,0.12573857101095107,0.0,81.58442875284646,77.47575333128205,-32.67633303393095,0.0,5,0,0,8.655,808.655,0.01825275358040754,101.85381093633428,0.0,5074.497748267381,22059.77385396873,422.5988707258618,14746.842900783215,13426.415147607573,7373.421450391607,1.3840497980377053,105,13,0,8976.264443232929,11266.797049407858,20243.061492640787,3941.5073648588404,3941.5073648588404,0.02957484952948988,0.05619091681204194,0.0,0.0,3.310243486716869,0.6445343796991286,0.4434242541078178
270,2700.0,10.0,45.07119812202962,0.17301925956947234,0.04,77.47575333128205,72.87841391285708,-34.56145698979704,0.0,4,0,0,8.65,808.65,0.01838080798722839,101.99415487473584,0.0,5343.607286137107,23999.995167230794,393.0350230208111,13999.182107514665,12203.152760539408,6999.591053757333,1.391685848113694,105,13,0,8101.605539489717,10170.581806064356,18272.187345554074,3555.0920045477687,3555.0920045477687,0.02995220662413541,0.056808123231650784,0.0,0.0,3.3132730135577804,0.6446404131385606,0.44338454867369625
271,2710.0,10.0,45.24421738159909,0.1419151728122762,0.0,72.87841391285708,68.05084406335506,-34.017291835932745,0.0,4,0,0,8.645,808.645,0.018500851734189867,102.120702906196,0.0,5680.694430246963,23999.997180330618,361.6954824885446,13035.485977091315,11077.54618881166,6517.742988545658,1.4008401024452002,105,13,0,7174.615577206497,9008.31809944648,16182.933676652978,3146.220293848672,3146.220293848672,0.030436992719029915,0.05737527782073176,0.0,0.0,3.31632991833605,0.6447474048058,0.4433445579497908
272,2720.0,10.0,45.38613255441137,0.15268382776818118,0.0,68.05084406335506,62.9387983391518,-33.48125206793243,0.0,4,0,0,8.64,808.64,0.018609369412036437,102.22765167927122,0.0,6083.686480281827,23999.99874588081,330.7429719705887,12084.095967367834,9965.435497338083,6042.047983683917,1.4109853296304464,105,13,0,6259.383739483425,7860.098269222489,14119.482008705914,2743.537954361482,2743.537954361482,0.030914160858343104,0.057933487711096215,0.0,0.0,3.318562727188082,0.6448255531156212,0.4433153946882725
273,2730.0,10.0,45.53881638217955,0.2061077191928775,0.04,62.9387983391518,57.46499804779887,-32.953316787144466,0.0,3,0,0,8.635,808.635,0.018706757320489282,102.31572581598375,0.0,6577.818625788198,23999.999916852805,300.1960494546026,11145.484077685,8867.585885955174,5572.7420388425,1.4222580353009413,105,13,0,5356.383444099786,6726.686096790387,12083.069540890174,2347.009353865157,2347.009353865157,0.0313838214026979,0.05848288985299025,0.0,0.0,3.320004562421228,0.6448760173487812,0.44329658337008754
274,2740.0,10.0,45.744924101372426,0.17403644137626711,0.0,57.46499804779887,57.453462947160006,-0.06627980064201892,30.02023636939571,3,0,0,8.629999999999999,808.63,0.018793416443433908,102.38565532091377,2173.169844988867,7204.385522742705,0.0,269.86847815935477,8032.612496969184,9958.619380321135,7346.147904360552,1.4193409783188342,106,13,110,4459.668052094755,5601.612435695565,10061.28048779032,1956.8972020226684,1956.8972020226684,0.032943376336886286,0.05793737879508032,0.0,0.7418213202434775,3.3162309114103206,0.6449997094977303,0.44325054425296084
275,2750.0,10.0,45.91896054274869,0.17407134594274146,0.0,57.453462947160006,57.441954743117094,-0.06611199551878144,30.008185496551707,3,0,0,8.625,808.625,0.018852477359413283,102.40943168052851,2172.4591496764633,7205.83196840121,0.0,269.8073865120591,8030.795667871945,9956.363432931996,7344.055193688038,1.4190925884228065,106,13,110,4457.884623194746,5599.372121359194,10057.25674455394,1956.1115755407789,1956.1115755407789,0.03294427066947034,0.0579384887208923,0.0,0.7415304062058481,3.31623589243047,0.6449996834295548,0.44325055394541013
276,2760.0,10.0,46.093031888691435,0.17410618244488932,0.0,57.441954743117094,57.430473789572716,-0.06594225077567444,29.99616513373011,3,0,0,8.62,808.62,0.01891152009976143,102.43309867526855,2171.7521623013754,7207.2756202574565,0.0,269.7464472712632,8028.9832118693075,9954.11327288157,7341.967793858377,1.4188447166867688,106,13,110,4456.105697950789,5597.137463800091,10053.243161750881,1955.327937852338,1955.327937852338,0.03294516282206644,0.05793959576242034,0.0,0.741240220602122,3.316240856001656,0.6449996573302891,0.4432505636494234
277,2770.0,10.0,46.26713807113632,0.17414094971935362,0.0,57.430473789572716,57.41902044042945,-0.06577056781718511,29.98417563358908,3,0,0,8.615,808.615,0.018970544711830156,102.45665674786484,2171.0489064612666,7208.7164301814855,0.0,269.6856622065848,8027.175181345089,9951.868965760565,7339.885765425859,1.418597363231335,106,13,110,4454.331328649632,5594.908528706023,10049.239857355657,1954.546311950175,1954.546311950175,0.032946052768585386,0.0579406998870203,0.0,0.740950772010709,3.3162458020153465,0.6449996312014536,0.44325057336443546
278,2780.0,10.0,46.441279020855674,0.17417564821164674,0.0,57.41902044042945,57.40759398788214,-0.06560304304668989,29.97221734853141,3,0,0,8.61,808.61,0.019029551242707554,102.48010633913626,2170.3444772308862,7210.154349977337,0.0,269.62503307800574,8025.3720391289535,9949.63016607143,7337.808963379824,1.4183505288725935,106,13,110,4452.561567317456,5592.685381382928,10045.246948700384,1953.7667207908646,1953.7667207908646,0.03294694027725017,0.05794180126777738,0.0,0.7406620690045961,3.3162507301788917,0.6449996050380996,0.44325058309228643
279,2790.0,10.0,46.61545466906732,0.1742102778312275,0.0,57.40759398788214,57.39619513973594,-0.06543154794369457,29.960289522522917,3,0,0,8.605,808.605,0.01908853974393468,102.50344789584395,2169.64539440334,7211.589464755988,0.0,269.56455611341767,8023.573125990813,9947.397281570364,7335.737531947747,1.418104215798031,106,13,110,4450.796302459564,5590.467881851615,10041.264184311178,1952.9891151149334,1952.9891151149334,0.03294782567811602,0.05794289970029909,0.0,0.7403740933959462,3.3162556410872437,0.6449995788479667,0.4432505928300984
280,2800.0,10.0,46.78966494689855,0.17424483795043227,0.0,57.39619513973594,57.38482354208827,-0.06526217810196613,29.948392877442245,3,0,0,8.6,808.6,0.01914751026157245,102.526681854144,2168.946779676171,7213.0216818742365,0.0,269.50423492335165,8021.778959383977,9945.170035506133,7333.671389621297,1.41785842369899,106,13,110,4449.035640782872,5588.256164107237,10037.291804890108,1952.213541966069,1952.213541966069,0.03294870871218662,0.05794399532343926,0.0,0.7400868626776892,3.316260534295881,0.644999552626928,0.4432506025794058
281,2810.0,10.0,46.96390978484898,0.17427932847833053,0.0,57.38482354208827,57.373479548841715,-0.06509087076246942,29.936527026878252,3,0,0,8.595,808.595,0.019206462845630295,102.54980865531095,2168.25189110546,7214.451042031283,0.0,269.4440675813251,8019.9892086020445,9942.948630152961,7331.610607028096,1.417613154134145,106,13,110,4447.279525344196,5586.050156660808,10033.329682005005,1951.4399761683135,1951.4399761683135,0.03294958954504052,0.057945088035807536,0.0,0.7398003675849935,3.3162654101236786,0.6449995263791957,0.44325061233864255
282,2820.0,10.0,47.13818911332731,0.17431374986179066,0.0,57.373479548841715,57.362162452191114,-0.064923717489728,29.924692323103258,3,0,0,8.59,808.59,0.019265397543231942,102.57282873434939,2167.555827791566,7215.877496981235,0.0,269.3840558467208,8018.204336120616,9940.732720327438,7329.55503930368,1.4173684077629234,106,13,110,4445.528008151865,5583.849924796189,10029.377932948053,1950.6684406698641,1950.6684406698641,0.032950467945073635,0.05794617801033789,0.0,0.7395146166876787,3.316270268279222,0.6449995000998601,0.4432506221096345
283,2830.0,10.0,47.312502863189096,0.17434810147289012,0.0,57.362162452191114,57.350873313844204,-0.06475056654783203,29.9128880108324,3,0,0,8.585,808.585,0.019324314406141293,102.59574253253702,2166.866745367924,7217.301131997092,0.0,269.32419595371914,8016.423546572878,9938.522850341731,7327.50489901416,1.417124186371199,106,13,110,4443.780977889372,5581.655328775236,10025.436306664607,1949.8988862662834,1949.8988862662834,0.03295134431057109,0.05794726497428696,0.0,0.7392295918130414,3.3162751094151925,0.6449994737987226,0.44325063188873687
284,2840.0,10.0,47.48685096466198,0.17438238268298642,0.0,57.350873313844204,57.33961142599583,-0.06458156882081312,29.901115180550974,3,0,0,8.58,808.58,0.019383213478566173,102.6185504771106,2166.1765124554527,7218.721809769941,0.0,269.26449335367505,8014.647685065868,9936.318538512469,7325.4600312434995,1.4168804889529933,106,13,110,4442.038595672774,5579.466570905563,10021.505166578336,1949.131384018911,1949.131384018911,0.032952218218486484,0.057948349169249215,0.0,0.7389453193556544,3.3162799328157053,0.6449994474682477,0.44325064167875183
285,2850.0,10.0,47.66123334734497,0.17441659447764016,0.0,57.33961142599583,57.32837678864598,-0.06441266316137444,29.889373077129008,3,0,0,8.575,808.575,0.019442094812050895,102.64125300609228,2165.4883598713463,7220.139615600996,0.0,269.20494427316873,8012.876366432198,9934.119918445718,7323.420443217219,1.4166373179527847,106,13,110,4440.3007499850555,5577.283511142862,10017.584261127919,1948.3658847138856,1948.3658847138856,0.032953089861536534,0.057949430528024835,0.0,0.7386617811458147,3.316284738949259,0.6449994211117845,0.44325065147843384
286,2860.0,10.0,47.83564994182261,0.17445073622867932,0.0,57.32837678864598,57.31716975569725,-0.06424182087739609,29.87766168382694,3,0,0,8.57,808.57,0.01950095845553919,102.66385055171943,2164.8039267959653,7221.5545457759,0.0,269.1455486343554,8011.10945166608,9931.927123957614,7321.386200478772,1.4163946739401878,106,13,110,4438.567438515509,5575.106146608183,10013.673585123692,1947.6023872684461,1947.6023872684461,0.032953959309389484,0.05795050898365173,0.0,0.7383789768423786,3.316289527919996,0.6449993947321733,0.44325066128672724
287,2870.0,10.0,48.01010067805129,0.17448480730721852,0.0,57.31716975569725,57.30599032714963,-0.0640710714024408,29.86598135275832,3,0,0,8.565,808.565,0.019559804456377453,102.68634354213329,2164.121596986343,7222.966551987661,0.0,269.08630820139274,8009.347129647381,9929.740083778803,7319.357295107473,1.416152556899438,106,13,110,4436.838713397504,5572.934542778678,10009.773256176182,1946.8409146334645,1946.8409146334645,0.032954826467549894,0.05795158457198165,0.0,0.738096915011307,3.316294299559577,0.6449993683288159,0.44325067110385413
288,2880.0,10.0,48.184585485358504,0.17451880816153778,0.0,57.30599032714963,57.29483814910054,-0.063902442187009,29.854332067048787,3,0,0,8.56,808.56,0.019618632862872448,102.70873240564822,2163.4397299400575,7224.375630480307,0.0,269.02722289026576,8007.589534508436,9927.558658175949,7317.333655860939,1.4159109678244313,106,13,110,4435.114572153876,5570.768696530509,10005.883268684385,1946.08146570452,1946.08146570452,0.03295569126880102,0.05795265736295964,0.0,0.7378155953084312,3.3162990538508508,0.6449993419002925,0.4432506809303426
289,2890.0,10.0,48.35910429352004,0.17455273816259562,0.0,57.29483814910054,57.283713929355145,-0.06372984957149583,29.842713441196604,3,0,0,8.555,808.555,0.019677443725266402,102.7310175723737,2162.7632176322363,7225.7818221360885,0.0,268.9682907814996,8005.836199588541,9925.383185844767,7315.315421650938,1.4156699077314177,106,13,110,4433.394958041017,5568.608536642289,10002.003494683308,1945.3240153710176,1945.3240153710176,0.03295655394686186,0.05795372718690844,0.0,0.7375350084869595,3.3163037911693785,0.6449993154528497,0.4432506907638699
290,2900.0,10.0,48.53365703168264,0.17458659722000178,0.0,57.283713929355145,57.27261696010828,-0.06356140404570851,29.83112619581997,3,0,0,8.55,808.55,0.019736237088952422,102.75319946291947,2162.0855528241887,7227.185033962069,0.0,268.9095154768663,8004.087777826182,9923.213253964908,7313.302442831402,1.4154293761979726,106,13,110,4431.679977514419,5566.454196776672,9998.134174291092,1944.56861058848,1944.56861058848,0.03295741417482458,0.05795479425079914,0.0,0.7372551720124846,3.316308511015473,0.6449992889803716,0.4432507006067103
291,2910.0,10.0,48.708243628902636,0.1746203863226307,0.0,57.27261696010828,57.26154724135995,-0.06339304923926647,29.81956957690257,3,0,0,8.545,808.545,0.019795013005760594,102.775278507206,2161.409962426431,7228.585351501586,0.0,268.8508932082371,8002.343884542694,9921.048996006448,7311.2947266500005,1.4151893754483929,106,13,110,4429.969519213764,5564.305537085379,9994.275056299142,1943.8152022153565,1943.8152022153565,0.03295827214516495,0.05795585848749306,0.0,0.7369760677378349,3.316313213853654,0.6449992624861226,0.44325071045764997
292,2920.0,10.0,48.882864015225266,0.1746541043020665,0.0,57.26154724135995,57.25050548091531,-0.06322073270916917,29.808043567949973,3,0,0,8.54,808.54,0.019853771524282488,102.79725512833454,2160.7397218680453,7229.982771072736,0.0,268.7924239016098,8000.604244486258,9918.890682287732,7309.2924069208175,1.4149499056036265,106,13,110,4428.263580934204,5562.162554839789,9990.426135773992,1943.0637891911074,1943.0637891911074,0.03295912799583552,0.05795691976170481,0.0,0.7366976953263226,3.316317899847081,0.6449992359750268,0.4432507203148578
293,2930.0,10.0,49.05751811952733,0.1746709468501294,0.0,57.25050548091531,57.25050548091531,0.0,29.79654888927558,3,0,0,8.535,808.535,0.019912512689965522,102.81912974276683,2211.0488113865854,7231.3771995953575,0.0,268.73419556233296,7994.6234108764365,9920.989626612427,7309.421197284781,1.4147033945545233,106,13,110,4426.564519888937,5560.028759849927,9986.593279738863,1942.3146158242525,1942.3146158242525,0.03296210942401745,0.05795585025636634,0.0,0.73642007223687,3.316324437098981,0.6449992749840835,0.4432507058107293
