sample_index,distance_m,step_m,time_s,dt_s,shift_loss_s,speed_mps,exit_speed_mps,acceleration_mps2,lateral_acceleration_mps2,gear,drs,drs_zone,fuel_kg,mass_kg,tyre_wear,tyre_temperature_c,engine_force_n,available_engine_force_n,brake_force_n,rolling_force_n,front_tyre_load_n,rear_tyre_load_n,max_wheel_load_n,tyre_mu,segment_id,sector_id,radius_m,front_downforce_n,rear_downforce_n,downforce_n,drag_n,drag_longitudinal_n,front_height_m,rear_height_m,yaw_deg,roll_deg,cl_down,cd,front_aero_fraction
0,0.0,10.0,0.0,0.11518636736417713,0.0,86.75987803750739,86.87178044484861,0.9714900287412093,0.0,5,0,0,10.0,810.0,0.0,85.0,4771.798666018115,4771.790940289503,0.0,434.3229707958035,12928.028604585936,16026.836115134298,8013.418057567149,1.44474454809067,301,31,0,9419.080256525967,11592.397963194266,21011.478219720233,3550.568771941932,3550.568771941932,0.0337088385541235,0.0492830551594841,0.0,0.0,3.038204768493955,0.5134029534226334,0.4482826081073025
1,10.0,10.0,0.11518636736417712,0.11503969459554583,0.0,86.87178044484861,86.98125411261945,0.951616467304848,0.0,5,0,0,9.995,809.995,8.980195538625442e-05,85.13278183297601,4765.650163589344,4765.644238900248,0.0,435.128611049586,12953.470407040973,16055.103662931431,8027.551831465716,1.4448231371161797,301,31,0,9443.20226203969,11622.034341182714,21065.2366032224,3559.7169721051673,3559.7169721051673,0.033696044262227665,0.0492688138685276,0.0,0.0,3.0381358944231636,0.5134005428301558,0.4482837026665601
2,20.0,10.0,0.23022606195972295,0.11489656194269086,0.0,86.98125411261945,87.08835825729443,0.932178847339219,0.0,5,0,0,9.99,809.99,0.00017976971887286302,85.26539768346719,4759.651029496235,4759.646250489459,0.0,435.9176654414859,12978.386908398516,16082.790787700545,8041.395393850273,1.4448942424879077,301,31,0,9466.828408703206,11651.060853895855,21117.889262599063,3568.677819498456,3568.677819498456,0.03368351269238529,0.049254862916589696,0.0,0.0,3.0380679090229004,0.5133981633411465,0.44828478315157555
3,30.0,10.0,0.3451226239024138,0.11475686755061937,0.0,87.08835825729443,87.19315035200933,0.9131662178620445,0.0,5,0,0,9.985,809.985,0.0002698998632033569,85.39784240124285,4753.796871056678,4753.79268003739,0.0,436.69050092729634,13002.789808949492,16109.91025287026,8054.95512643513,1.4449577602798547,301,31,0,9489.969657084908,11679.491004484846,21169.460661569756,3577.455431154394,3577.455431154394,0.03367123803473671,0.04924119598172075,0.0,0.0,3.0380008132547642,0.5133958149892618,0.44828584954517253
4,40.0,10.0,0.4598794914530332,0.11462051324393388,0.0,87.19315035200933,87.29568619190199,0.8945679703462247,0.0,5,0,0,9.98,809.98,0.00036018903849844306,85.53011098195844,4748.083460229925,4748.079388445443,0.0,437.4474751486662,13026.690507955864,16136.474501955212,8068.237250977606,1.4450135930534922,301,31,0,9512.636689857616,11707.337953053458,21219.974642911075,3586.053820460223,3586.053820460223,0.033659214627641244,0.04922780689850692,0.0,0.0,3.0379346072748405,0.5133934977799645,0.4482869018429995
5,50.0,10.0,0.574500004696967,0.11448740435052633,0.0,87.29568619190199,87.39601996964184,0.8763739409503615,0.0,5,0,0,9.975,809.975,0.00045063397025061665,85.66219856333329,4742.506819940645,4742.502385397422,0.0,438.18893672317245,13050.100105409338,16162.495676135493,8081.247838067747,1.4450616496116795,301,31,0,9534.839920456943,11734.614527337888,21269.45444779483,3594.4769003962033,3594.4769003962033,0.03364743695685379,0.049214689649363305,0.0,0.0,3.0378692904557574,0.5133912116912965,0.44828794005318245
6,60.0,10.0,0.6889874090474933,0.11429383659006198,0.0,87.39601996964184,87.59154363568236,1.7107104973805236,0.0,5,1,1,9.97,809.97,0.0005412314566346477,85.7941004202028,4737.063245550399,4737.057821898621,0.0,395.54584347991096,13038.590553707872,13331.132344952854,6665.566172476427,1.4593680504353153,301,31,0,9579.667700279813,8846.962897880912,18426.630598160726,2955.8932205071856,2955.8932205071856,0.03366465924290708,0.05063859812482667,0.0,0.0,2.6257956129681457,0.4212149046708941,0.5198816815286902
7,70.0,10.0,0.8032812456375553,0.11404156362386544,0.0,87.59154363568236,87.78311244992227,1.6798157457026264,0.0,5,1,1,9.965,809.965,0.0006227613189043014,85.9104757892149,4726.490513745582,4726.483662874368,0.0,396.77749408456344,13083.386325418383,13368.446613552514,6684.223306776257,1.4591745412186106,301,31,0,9622.39951852822,8886.390153192679,18508.7896717209,2969.1210591929903,2969.1210591929903,0.03364226799860828,0.050619946728071276,0.0,0.0,2.625741447075024,0.42121307577544403,0.5198826983932955
8,80.0,10.0,0.9173228092614208,0.11379545887232967,0.0,87.78311244992227,87.97082534506973,1.64956402485318,0.0,5,1,1,9.96,809.96,0.0007045467916922184,86.02688919443185,4716.177202892612,4716.169072225311,0.0,397.98671254427603,13127.361435826078,13405.08606712566,6702.54303356283,1.4589800696200352,301,31,0,9664.354103656919,8925.09916529482,18589.453268951736,2982.1096127782544,2982.1096127782544,0.0336202840028637,0.05060162929654711,0.0,0.0,2.6256870725848893,0.42121123983677716,0.5198837192161216
9,90.0,10.0,1.0311182681337505,0.11355532429461636,0.0,87.97082534506973,88.15477796094979,1.6199382725797933,0.0,5,1,1,9.955,809.955,0.0007865832069706208,86.14333274218342,4706.114944807051,4706.105670556863,0.0,399.1739700101235,13170.533347956589,13441.06465271831,6720.532326359155,1.4587843837515253,301,31,0,9705.547766249703,8963.105033675196,18668.6527999249,2994.863871229561,2994.863871229561,0.03359869865521878,0.05058363900338569,0.0,0.0,2.6256325334924497,0.42120939834036186,0.5198847431716522
10,100.0,10.0,1.1446735924283669,0.11332097028805435,0.0,88.15477796094979,88.33506279104284,1.590922047656204,0.0,5,1,1,9.95,809.95,0.0008688659949861745,86.25979872858586,4696.295729564207,4696.285437680882,0.0,400.3397250775599,13212.91904840805,13476.395956762606,6738.197978381303,1.4585872427142246,301,31,0,9745.996382407979,9000.422455262677,18746.418837670655,3007.388691987505,3007.388691987505,0.03357750358910434,0.05056596919718347,0.0,0.0,2.625577871380047,0.42120755269021365,0.5198857694795307
11,110.0,10.0,1.2579945627164213,0.11309221523041578,0.0,88.33506279104284,88.51176932071391,1.5624994992895154,0.0,5,1,1,9.945,809.945,0.0009513906816694891,86.37627963460008,4686.7118859776765,4686.7006930115585,0.0,401.4844242409183,13254.535065153095,13511.093217574793,6755.5466087873965,1.4583884161487757,301,31,0,9785.715409486598,9037.06573899129,18822.781148477887,3019.6888047847115,3019.6888047847115,0.03355669066305407,0.050548613395885005,0.0,0.0,2.6255231255382383,0.42120570421296666,0.5198867974023023
12,120.0,10.0,1.371086777946837,0.11286888505232133,0.0,88.51176932071391,88.68498415770337,1.5346553384412345,0.0,5,1,1,9.94,809.94,0.001034152886135476,86.49276812125727,4677.356063369914,4677.344077259497,0.0,402.6085023257643,13295.397484444082,13545.169337273539,6772.5846686367695,1.4581876838088121,301,31,0,9824.719901062173,9073.048819655447,18897.76872071762,3031.7688162270565,3031.7688162270565,0.03353625195236835,0.05053156528095359,0.0,0.0,2.625468333079861,0.421203854161725,0.5198878262432821
13,130.0,10.0,1.4839556629991584,0.1126508128375079,0.0,88.68498415770337,88.85479115531464,1.5073748101242017,0.0,5,1,1,9.935,809.935,0.0011171483182703349,86.6092570250448,4668.221213891357,4668.2085353232715,0.0,403.7123829004929,13335.521966933005,13578.636893099856,6789.318446549928,1.457984835156126,301,31,0,9863.024521182002,9108.38527110086,18971.409792282862,3043.633214152919,3043.633214152919,0.03351617974116901,0.05051481869183926,0.0,0.0,2.625413529048129,0.42120200371971245,0.519888855344533
14,140.0,10.0,1.5966064758366663,0.11243783843791211,0.0,88.85479115531464,89.02127154615708,1.4806438220027758,0.0,5,1,1,9.93,809.93,0.0012003727764469856,86.72573935352095,4659.300701190438,4659.287300291376,0.0,404.79647866475193,13374.923752448827,13611.50815853463,6805.754079267315,1.4577796689766014,301,31,0,9900.643557820053,9143.088318663406,19043.731876483456,3055.2863717709783,3055.2863717709783,0.03349646652007492,0.05049836761549038,0.0,0.0,2.6253587464905257,0.4212001540027674,0.5198898840854856
15,150.0,10.0,1.7090443142745784,0.11222980807802616,0.0,89.02127154615708,89.18450410744902,1.4544492598477063,0.0,5,1,1,9.925,809.925,0.001283822144071922,86.84220827900006,4650.588561492063,4650.573877562994,0.0,405.8611919265089,13413.617655250495,13643.795139850105,6821.897569925052,1.4575719929770314,301,31,0,9937.590939419842,9177.170854430758,19114.7617938506,3066.7325527834,3066.7325527834,0.03347710498857919,0.05048220616807845,0.0,0.0,2.6253040164879238,0.42119830606032665,0.5198909118823997
16,160.0,10.0,1.8212741223526046,0.11202657411394933,0.0,89.18450410744902,89.34456507266115,1.4287767565696412,0.0,5,1,1,9.92,809.92,0.0013674923827060059,86.95865712655795,4642.0777050991455,4642.062027964129,0.0,406.90691535671607,13451.618240606393,13675.509449841345,6837.754724920673,1.4573616233119344,301,31,0,9973.880260896467,9210.645461551274,19184.52572244774,3077.9759190615455,3077.9759190615455,0.03345808796754786,0.05046632865903302,0.0,0.0,2.62524936863075,0.4211964608915021,0.5198919381794291
17,170.0,10.0,1.9333006964665538,0.11182799476707975,0.0,89.34456507266115,89.50152835552626,1.4036134976043741,0.0,5,1,1,9.915,809.915,0.0014513795450894656,87.07507939519576,4633.762177800893,4633.745764650672,0.0,407.93403103861044,13488.93960264247,13706.662466598227,6853.331233299114,1.4571483846873794,301,31,0,10009.52475083099,9243.524383659707,19253.0491344907,3089.020520850036,3089.020520850036,0.03343940850953657,0.05045072951078319,0.0,0.0,2.6251948306549644,0.42119461943279024,0.5198929624554647
18,180.0,10.0,2.0451286912336335,0.11163393375603978,0.0,89.50152835552626,89.65546564333417,1.3789470874000926,0.0,5,1,1,9.91,809.91,0.0015354797635267147,87.19146873793473,4625.636256003091,4625.619334180204,0.0,408.94291161361286,13525.59548049133,13737.26529374953,6868.632646874765,1.4569321097618098,301,31,0,10044.537311112683,9275.81956162818,19320.356872740864,3099.870308833269,3099.870308833269,0.033421059841160006,0.0504354032791406,0.0,0.0,2.625140428686923,0.4211927825663399,0.5198939842195432
19,190.0,10.0,2.1567626249896734,0.11144426002576094,0.0,89.65546564333417,89.80644648544565,1.3547655310069786,0.0,5,1,1,9.905,809.905,0.0016197892479443505,87.30781895807245,4617.69443536867,4617.677204945516,0.0,409.9339205893054,13561.599270194289,13767.328769092735,6883.664384546368,1.4567126388466005,301,31,0,10078.930527597639,9307.542643439387,19386.473171037025,3110.529137389158,3110.529137389158,0.03340303535724152,0.05042034464909706,0.0,0.0,2.6250861873216276,0.421190951122594,0.5198950030093841
20,200.0,10.0,2.2682068850154344,0.11125884749278747,0.0,89.80644648544565,89.9545383773225,1.331057216698764,0.0,5,1,1,9.9,809.9,0.0017043042840103574,87.42412400555324,4609.93142013857,4609.914056304347,0.0,410.9074126340152,13596.96403606972,13796.863472864628,6898.431736432314,1.4564898196203389,301,31,0,10112.716680303414,9338.704993630934,19451.421673934346,3121.000767700226,3121.000767700226,0.03338532861522738,0.05040554843079917,0.0,0.0,2.6250321296970087,0.42118912588279817,0.5198960183899999
21,210.0,10.0,2.379465732508222,0.11107757480565938,0.0,89.9545383773225,90.09980684034964,1.3078108995564435,0.0,5,1,1,9.895,809.895,0.0017890212313119785,87.5403779734484,4602.342113085042,4602.324768356203,0.0,411.8637338587507,13631.702521578336,13825.879735671708,6912.939867835854,1.4562635068560317,301,31,0,10145.907753165526,9369.31770233452,19515.225455500047,3131.288870730025,3131.288870730025,0.03336793332985035,0.05039100955569071,0.0,0.0,2.6249782775644754,0.42118730758138195,0.5198970299523784
22,220.0,10.0,2.490543307313881,0.11090032511932851,0.0,90.09980684034964,90.2423154977052,1.2850156859524304,0.0,5,1,1,9.89,809.89,0.0018739365215898552,87.65657509454164,4594.92160605552,4594.904412321084,0.0,412.80322208717746,13665.827159713368,13854.387646098465,6927.193823049232,1.4560335621604963,301,31,0,10178.515443379703,9399.39159393213,19577.907037311834,3141.397030072329,3141.397030072329,0.03335084336802849,0.05037672307281345,0.0,0.0,2.6249246513559363,0.4211854969082231,0.5198980373122293
23,230.0,10.0,2.6014436324332095,0.11072698588264299,0.0,90.2423154977052,90.38212614651641,1.2626610188720406,0.0,5,1,1,9.885,809.885,0.001959046657026161,87.77270973801583,4587.665171063523,4587.648241478552,0.0,413.726207114289,13699.350082942612,13882.397058009992,6941.198529004996,1.455799853725221,301,31,0,10210.551170352543,9428.937235350062,19639.488405702607,3151.328744680052,3151.328744680052,0.03333405274398589,0.05036268414525845,0.0,0.0,2.624871270247499,0.421183694510797,0.5198990401087924
24,240.0,10.0,2.7121706183158527,0.11055744863801263,0.0,90.38212614651641,90.51929882652207,1.240736664019778,0.0,5,1,1,9.88,809.88,0.002044348208584567,87.88877640623697,4580.568251891082,4580.551682628864,0.0,414.63301095436907,13732.28313272662,13909.917597564652,6954.958798782326,1.4555622560880659,301,31,0,10242.026084281315,9457.964944009957,19699.99102829127,3161.087431480375,3161.087431480375,0.03331755561458302,0.05034888804675978,0.0,0.0,2.6248181522200174,0.4211819009962221,0.5199000380037068
25,250.0,10.0,2.8227280669538652,0.11039160883243561,0.0,90.51929882652207,90.65389188544749,1.2192326966600375,0.0,5,1,1,9.875,809.875,0.0021298378143999944,88.0047697316317,4573.626456168512,4573.610328040879,0.0,415.5239480788172,13764.637868636262,13936.958669951553,6968.4793349757765,1.4553206499051867,301,31,0,10272.951074382725,9486.48479545509,19759.435869837813,3170.676427882147,3170.676427882147,0.03330134627484534,0.05033533015842344,0.0,0.0,2.624765314116676,0.42118011693320334,0.5199010306799334
26,260.0,10.0,2.9331196757863007,0.11022936563913051,0.0,90.65389188544749,90.78596204128297,1.1981394891435229,0.0,5,1,1,9.87,809.87,0.0022155121782162055,88.12068447365479,4566.835547898274,4566.819927854181,0.0,416.3993256443635,13796.425577091095,13963.529465866473,6981.764732933237,1.4550749217326302,301,31,0,10303.336776788816,9514.506630668753,19817.84340745757,3180.0989941812454,3180.0989941812454,0.033285419153679136,0.05032200596558463,0.0,0.0,2.6247127716977605,0.4211783428538824,0.5199020178407309
27,270.0,10.0,3.043349041425431,0.1100706217890755,0.0,90.78596204128297,90.91556444164453,1.1774476990774019,0.0,5,1,1,9.865,809.865,0.002301368067869385,88.23651551584332,4560.191440394683,4560.176382905348,0.0,417.2594437121702,13827.657279738736,13989.638967739278,6994.819483869639,1.4548249638170612,301,31,0,10333.193582127347,9542.040063100667,19875.233645228014,3189.3583158691927,3189.3583158691927,0.03326976880976487,0.05030891105478685,0.0,0.0,2.6246605396927736,0.42117657925559626,0.5199029992086819
28,280.0,10.0,3.153419663214507,0.10991528341180856,0.0,90.91556444164453,91.04275272038292,1.1571482580985504,0.0,5,1,1,9.86,809.86,0.0023874023138159553,88.35225786295412,4553.69018961199,4553.675737950589,0.0,418.10459545828195,13858.343741493964,14015.295955724834,7007.647977862417,1.4545706738951476,301,31,0,10362.531642802605,9569.094485416193,19931.6261282188,3198.457505850016,3198.457505850016,0.03325438992761844,0.05029604111087689,0.0,0.0,2.62460863185003,0.42117482660255307,0.5199039745247649
29,290.0,10.0,3.2633349466263155,0.10976325988489119,0.0,91.04275272038292,91.1675790515963,1.1372323612135005,0.0,5,1,1,9.855,809.855,0.0024736118077029494,88.4679066381817,4547.327987836438,4547.314175259032,0.0,418.93506737586506,13888.495478255183,14040.509013469156,7020.254506734578,1.4543119550011294,301,31,0,10391.360879991897,9595.679075982442,19987.03995597434,3207.399606570014,3207.399606570014,0.03323927731381173,0.05028339191420992,0.0,0.0,2.6245570609838778,0.42117308532742537,0.5199049435474715
30,300.0,10.0,3.3730982065112065,0.109614463691482,0.0,91.1675790515963,91.29009420119152,1.1176914566680352,0.0,5,1,1,9.85,809.85,0.0025599935009793535,88.58345708045353,4541.101157717065,4541.088008552872,0.0,419.75113946964086,13918.12276431495,14065.286533661105,7032.643266830552,1.4540487152821537,301,31,0,10419.690990371833,9621.80280510422,20041.493795476053,3216.1875920648154,3216.1875920648154,0.03322442589334396,0.05027095933795937,0.0,0.0,2.6245058390196556,0.42117135583286863,0.5199059060519661
31,310.0,10.0,3.4827126702026887,0.10946881028550783,0.0,91.29009420119152,91.4103475761293,1.098517236317275,0.0,5,1,1,9.845,809.845,0.002646544403546899,88.6989045417999,4535.006146616096,4534.993677272341,0.0,420.5530854428992,13947.23563947976,14089.636723380183,7044.8183616900915,1.4537808678209694,301,31,0,10447.531452587707,9647.474441022236,20095.005893609945,3224.824369927833,3224.824369927833,0.0332098307061565,0.05025873934552667,0.0,0.0,2.6244549770365166,0.4211696384929674,0.5199068618292837
32,320.0,10.0,3.5921814804881964,0.10932621796395539,0.0,91.4103475761293,91.52838727148021,1.0797016264646118,0.0,5,1,1,9.84,809.84,0.0027332615824488603,88.81424448479596,4529.039521257531,4529.027741145042,0.0,421.34117287745437,13975.843915913894,14113.56760924973,7056.783804624865,1.4535083304656071,301,31,0,10474.89153347857,9672.702555685053,20147.594089163624,3233.3127832039754,3233.3127832039754,0.0331954869037835,0.05024672798804588,0.0,0.0,2.62440448530822,0.42116793365461197,0.519907810685569
33,330.0,10.0,3.701507698452152,0.10918660774584313,0.0,91.52838727148021,91.64426011540984,1.0612367791419275,0.0,5,1,1,9.835,809.835,0.0028201421605954812,88.92947248007299,4523.197962655554,4523.186875040683,0.0,422.11566340688194,14003.957184720852,14137.087042404615,7068.543521202308,1.4532310256656904,301,31,0,10501.780294069718,9697.495530305747,20199.275824375465,3241.655612212269,3241.655612212269,0.033181389746131947,0.05023492140197898,0.0,0.0,2.6243543733420047,0.42116624163881156,0.5199087524413475
34,340.0,10.0,3.810694306197995,0.10911064425436712,0.0,91.64426011540984,91.65591317817335,0.10680042119765858,0.0,5,0,0,9.83,809.83,0.0029071833155247125,89.04458420389685,4517.4796093533905,4517.467864093614,0.0,470.3655594521542,14064.891163266624,17292.812800210322,8646.406400105161,1.438473565349526,301,31,0,10498.324962416498,12917.659631560447,23415.984593976944,3960.6238648027365,3960.6238648027365,0.033135933979196355,0.048643459177964664,0.0,0.0,3.034591132175808,0.5132764761514983,0.4483401037561699
35,350.0,10.0,3.9198049504523627,0.10909690742324217,0.0,91.65591317817335,91.66734017867819,0.10474174543278422,0.0,5,0,0,9.825,809.825,0.0030043726699184553,89.17619836840097,4516.9038712780975,4516.893516681351,0.0,470.4529762908069,14067.64668301021,17295.88506971025,8647.942534855125,1.438389128059472,301,31,0,10500.963572030636,12920.897844439824,23421.86141647046,3961.6284109921867,3961.6284109921867,0.03313453169959091,0.04864188931009507,0.0,0.0,3.0345809623449562,0.5132761202074185,0.44834026575899155
36,360.0,10.0,4.028901857875605,0.10908344039081705,0.0,91.66734017867819,91.67854557946532,0.10272320662961647,0.0,5,0,0,9.82,809.82,0.003101580507171524,89.30740530288274,4516.339590392337,4516.3304530602745,0.0,470.53869260803697,14070.348595995341,17298.897577873788,8649.448788936894,1.4382931396070544,301,31,0,10503.551285244741,12924.073585624386,23427.624870869127,3962.613590591505,3962.613590591505,0.033133156465532956,0.048640349687537957,0.0,0.0,3.034570982303725,0.5132757709059754,0.4483404247395684
37,370.0,10.0,4.137985298266422,0.10907023770454571,0.0,91.67854557946532,91.68953375100139,0.10074399549612281,0.0,5,0,0,9.815,809.815,0.0031988064790297323,89.43820578305832,4515.78652161631,4515.778445036,0.0,470.62274160732585,14072.997950502313,17301.85148998608,8650.92574499304,1.4381857028787872,301,31,0,10506.089095674202,12927.188075064185,23433.277170738387,3963.5797812962915,3963.5797812962915,0.0331318077488259,0.04863883972151896,0.0,0.0,3.0345611885912995,0.5132754281260405,0.44834058075297173
38,380.0,10.0,4.247055535970968,0.1090572940291904,0.0,91.68953375100139,91.70030897374821,0.09880332024313247,0.0,5,0,0,9.81,809.81,0.0032960502441943752,89.56860059363567,4515.24442576925,4515.237269329865,0.0,470.7051558208413,14075.595773545747,17304.747947843676,8652.373973921838,1.4380669205799823,301,31,0,10508.577976851253,12930.242508038169,23438.820484889424,3964.527353182317,3964.527353182317,0.0331304850319633,0.04863735883509533,0.0,0.0,3.0345515778076173,0.5132750917486116,0.44834073385330714
39,390.0,10.0,4.356112830000158,0.10904460414400514,0.0,91.70030897374821,91.71087544018069,0.0969004061726082,0.0,5,0,0,9.805,809.805,0.0033933114681743487,89.69859052803847,4514.713069415102,4514.706707460704,0.0,470.78596712402094,14078.143071338509,17307.58807026289,8653.794035131445,1.4379368952207128,301,31,0,10511.01888266106,12933.23805569034,23444.2569383514,3965.456668870472,3965.456668870472,0.03312918780789656,0.04863590646290119,0.0,0.0,3.034542146612382,0.5132747616567784,0.44834088409373124
40,400.0,10.0,4.465157434144163,0.10903216294315798,0.0,91.71087544018069,91.72123725143538,0.09503444648798905,0.0,5,0,0,9.8,809.8,0.0034905898231416396,89.82817638813678,4514.192185208088,4514.186545629864,0.0,470.86520675115355,14080.640833072783,17310.372950337456,8655.186475168728,1.4377957291043661,301,31,0,10513.41274780328,12936.175865606958,23449.58861341024,3966.3680836909607,3966.3680836909607,0.033127915578161464,0.04863448205254529,0.0,0.0,3.034532891735683,0.5132744377360939,0.448341031526281
41,410.0,10.0,4.5741895970873205,0.10901996493157379,0.0,91.72123725143538,91.73139926842562,0.09321244046095671,0.0,5,0,0,9.795,809.795,0.0035878849905355333,89.95735898855196,4513.687818154043,4513.676574871118,0.0,470.94290505309095,14083.089495430122,17313.10417477594,8656.55208738797,1.437643523971503,301,31,0,10515.760481244544,12939.057052211516,23454.81753345606,3967.261944877872,3967.261944877872,0.0331266681178169,0.04863308480056565,0.0,0.0,3.0345238081192965,0.5132741198095204,0.4483411762314849
42,420.0,10.0,4.683209562018894,0.10900885184171573,0.0,91.73139926842562,91.73993963752513,0.07834564767190386,52.591560073395726,5,0,0,9.79,809.79,0.0036851965872584567,90.08613903381213,4513.197146839438,4513.176549161185,0.0,481.5413382221368,14402.186110184666,17700.56977129112,13002.626530249485,1.4192218838738133,302,31,160,10451.323046868429,12859.988337973453,23311.31138484188,3968.2122865890697,3968.2122865890697,0.03315873614806986,0.04867364751292361,0.0,1.2693988526991105,3.015289173353918,0.5132833304737384,0.4483369843218848
43,430.0,10.0,4.79221841386061,0.10899880290882137,0.0,91.73993963752513,91.74831405210675,0.07683033536277435,52.60135327935472,5,0,0,9.785,809.785,0.0038112248455230563,90.26227194952823,4512.771711711249,4512.756402890179,0.0,481.6063998067878,14404.235894522642,17702.857425929877,13004.51793233386,1.4190031285801141,302,31,160,10453.2236003795,12862.320908436088,23315.54450881559,3968.9492587827167,3968.9492587827167,0.033157725252460704,0.04867251815388794,0.0,1.2696190215211371,3.0152752407367966,0.513283077185836,0.4483370995872365
44,440.0,10.0,4.901217216769432,0.1089889509759125,0.0,91.74831405210675,91.7565258506112,0.07534523849353718,52.61095707127507,5,0,0,9.78,809.78,0.003937276304194213,90.43785733592537,4512.355228698881,4512.344496759651,0.0,481.6701861654341,14406.24546833395,17705.100276028323,13006.37196768893,1.4187640470276606,302,31,160,10455.087364857514,12864.608322292808,23319.69568715032,3969.67197530615,3969.67197530615,0.0331567339452969,0.04867141061462072,0.0,1.2698349236681639,3.0152615734250054,0.5132828286793764,0.4483372126772007
45,450.0,10.0,5.010206167745344,0.10897929201609763,0.0,91.7565258506112,91.76457829682396,0.07388969100265967,52.62037522608676,5,0,0,9.775,809.775,0.00406335051733463,90.61289627307134,4511.947467779873,4511.94066211741,0.0,481.73272276729165,14408.215638864858,17707.29921228792,13008.189380142638,1.4185048358624057,302,31,160,10456.915075014393,12866.85148155741,23323.766556571805,3970.3807204809027,3970.3807204809027,0.03315576183362314,0.048670324461914986,0.0,1.2700466445300025,3.015248166292881,0.513282584863698,0.44833732363300505
46,460.0,10.0,5.119185459761441,0.10896982209482803,0.0,91.76457829682396,91.77247458186704,0.07246304427499126,52.62961143746209,5,0,0,9.77,809.77,0.004189447048716704,90.78738985359558,4511.548206239976,4511.544734187798,0.0,481.7940345186674,14410.147195339181,17709.455105905312,13009.970897189738,1.418225691494681,302,31,160,10458.707449325435,12869.051268302854,23327.75871762829,3971.0757723587494,3971.0757723587494,0.03315480853324732,0.04866925927202947,0.0,1.2702542676030106,3.0152350143216986,0.5132823456499657,0.4483374324950477
47,470.0,10.0,5.228155281856269,0.10896053736735356,0.0,91.77247458186704,91.78021782613077,0.07106466662889943,52.63866931799646,5,0,0,9.765,809.765,0.004315565471572555,90.96133918223147,4511.1572284364975,4511.156551964663,0.0,481.85414577775043,14412.040909435447,17711.56880908125,13011.717230418646,1.4179268100658389,302,31,160,10460.465190455923,12871.208545185398,23331.67373564132,3971.7574028859963,3971.7574028859963,0.033153873668508825,0.0486682146304422,0.0,1.2704578745400563,3.0152221125970646,0.513282110951127,0.4483375393029168
48,480.0,10.0,5.337115819223623,0.10895143407630686,0.0,91.78021782613077,91.7878110810656,0.06969394206889774,52.64755240132507,5,0,0,9.76,809.76,0.004441705368351219,91.13474537537198,4510.774324961708,4510.775958107717,0.0,481.91308036898965,14413.897535801152,17713.641155464826,13013.429075900869,1.417608387415865,302,31,160,10462.18898567571,12873.324155954153,23335.51314162986,3972.425878063008,3972.425878063008,0.033152956872028363,0.04866719013163673,0.0,1.270657545199003,3.0152094563065592,0.5132818806818785,0.44833764409540566
49,490.0,10.0,5.44606725329993,0.10894250854159149,0.0,91.7878110810656,91.79525734409835,0.06835039079260241,52.656264144083686,5,0,0,9.755,809.755,0.0045678663305363165,91.30760956072757,4510.399390373418,4510.40279884615,0.0,481.9708615930625,14415.717804230095,17715.67296864074,13015.107118589638,1.417270619044898,302,31,160,10463.879507153995,12875.398925789163,23339.27843294316,3973.0814580840924,3973.0814580840924,0.03315205778858238,0.048666185374797895,0.0,1.2708533576876464,3.0151970407087134,0.5132816547576166,0.4483377469109899
50,500.0,10.0,5.5550097618415215,0.10893375711631965,0.0,91.79525734409835,91.80255961767196,0.0670340743486122,52.66480794293276,5,0,0,9.75,809.75,0.004694047956764012,91.479932874157,4510.032752626451,4510.036923237807,0.0,482.0275123302554,14417.502395454023,17717.66509322967,13016.752049214341,1.416913700035055,302,31,160,10465.537414966318,12877.433664910663,23342.97107987698,3973.724398592407,3973.724398592407,0.033151176087108165,0.048665199948085026,0.0,1.2710453887471747,3.015184861012476,0.5132814330906019,0.4483378477895742
51,510.0,10.0,5.663943518957841,0.1089251762582313,0.0,91.80255961767196,91.80972072957816,0.06574340434599435,52.67318720222634,5,0,0,9.745,809.745,0.004820249844032804,91.6517164450142,4509.673404421212,4509.678180261819,0.0,482.083055555732,14419.252104237046,17719.618266145088,13018.364505251553,1.4165378250489247,302,31,160,10467.163371829165,12879.429187099871,23346.592558929035,3974.354955913333,3974.354955913333,0.033150311380115975,0.04866423349443074,0.0,1.2712337152737638,3.015172912798187,0.5132812156064294,0.4483379467649955
52,520.0,10.0,5.772868695216072,0.10891676256702312,0.0,91.80972072957816,91.81674344936565,0.06447786017479303,52.68140512776959,5,0,0,9.74,809.74,0.0049464716131767394,91.82296143855467,4509.321186737179,4509.326427638533,0.0,482.1375128785095,14420.967612491859,17721.53324607544,13019.945119383334,1.4161431884688827,302,31,160,10468.758001109809,12881.386257627393,23350.1442587372,3974.9733713607325,3974.9733713607325,0.033149463335622846,0.048663285644677215,0.0,1.2714184096839087,3.0151611916750256,0.5132810022269512,0.4483380438727949
53,530.0,10.0,5.881785457783096,0.10890851271431905,0.0,91.81674344936565,91.82363048965377,0.06323693269214345,52.68946486029144,5,0,0,9.735,809.735,0.00507271289263437,91.99366902880924,4508.975944509497,4508.981526101602,0.0,482.19090546781507,14422.649588196116,17723.41077632489,13021.494511455634,1.415729984217739,302,31,160,10470.32191348992,12883.30562618519,23353.627539675108,3975.5798813482093,3975.5798813482093,0.03314863162842136,0.04866235603713752,0.0,1.2715995429152207,3.0151496933368223,0.5132807928754803,0.4483381391478499
54,540.0,10.0,5.990693970497415,0.10890042344197753,0.0,91.82363048965377,91.83038450741425,0.062020123953789155,52.69736947687795,5,0,0,9.73,809.73,0.0051989733182846954,92.1638403982819,4508.637526529017,4508.643339326988,0.0,482.2432540628128,14424.298685701577,17725.25158515261,13023.013288761264,1.4152984057324773,302,31,160,10471.855707246114,12885.188027231285,23357.043734477396,3976.174717497103,3976.174717497103,0.03314781593992964,0.04866144431743134,0.0,1.271777184459323,3.0151384135603516,0.5132805874767625,0.44833823262438727
55,550.0,10.0,6.099594393939393,0.10889249156044281,0.0,91.83038450741425,91.83700810522173,0.06082694695069222,52.70512199237218,5,0,0,9.725,809.725,0.005325252533286818,92.33347673765489,4508.305785343702,4508.311733863798,0.0,482.294578982102,14425.915546036034,17727.0563861041,13024.502046316222,1.4148486459387215,302,31,160,10473.359968523866,12887.034180326329,23360.394148850195,3976.7581067419505,3976.7581067419505,0.03314701595804484,0.04866055013832457,0.0,1.2719514023939575,3.015127348203664,0.5132803859569489,0.44833832433599446
56,560.0,10.0,6.208486885499836,0.10888471394713896,0.0,91.83700810522173,91.84350383247362,0.05965692535164635,52.71272536074102,5,0,0,9.72,809.72,0.005451550187923239,92.50257924550064,4507.980577162191,4507.9865790669255,0.0,482.34490013298955,14427.500797198112,17728.825878334523,13025.961367129436,1.414380897225907,302,31,160,10474.835271604949,12888.844790462186,23363.680062067135,3977.330271433466,3977.330271433466,0.033146231377000075,0.048659673159572724,0.0,1.2721222634143323,3.015116493204442,0.5132801882435692,0.448338414315633
57,570.0,10.0,6.317371599446975,0.10887708754490566,0.0,91.84350383247362,91.84987418658046,0.058509593253256754,52.720182476409974,5,0,0,9.715,809.715,0.005577865939446709,92.67114912800074,4507.661761760706,4507.667747031443,0.0,482.39423702054404,14429.055054445023,17730.56074692458,13027.391822466205,1.413895351423157,302,31,160,10476.28217916855,12890.620548382765,23366.902727551314,3977.891429439102,3977.891429439102,0.03314546189722476,0.048658813047767965,0.0,1.272289832863713,3.015105844578403,0.513279994265506,0.4483385025956493
58,580.0,10.0,6.426248686991881,0.10886960936047442,0.0,91.84987418658046,91.85612161412722,0.05738449493346707,52.72749617556663,5,0,0,9.71,809.71,0.005704199451930569,92.83918759867157,4507.349202390256,4507.355112528686,0.0,482.4426087564358,14430.57892057369,17732.2616631887,13028.793972105359,1.4133921997758423,302,31,160,10477.701242546233,12892.362130897258,23370.06337344349,3978.441794241243,3978.441794241243,0.03314470722520818,0.04865796947618985,0.0,1.272454174763295,3.015095398417721,0.513279803952968,0.44833858920778713
59,590.0,10.0,6.535118296352356,0.10886227646298419,0.0,91.85612161412722,91.86224851200627,0.05628118461345366,52.73466923743331,5,0,0,9.705,809.705,0.005830550396122489,93.0066958780966,4507.042765688081,4507.048552943998,0.0,482.4900340675667,14432.072986194997,17733.929284976115,13030.168364590412,1.4128716329228193,302,31,160,10479.093001970823,12894.070201185932,23373.163203156757,3978.9815750330786,3978.9815750330786,0.033143967073366344,0.04865714212465944,0.0,1.2726153518413528,3.0150851508894907,0.5132796172374655,0.44833867418319856
60,600.0,10.0,6.64398057281534,0.10885508598253531,0.0,91.86224851200627,91.8682572285229,0.0551992262226122,52.74170438550999,5,0,0,9.7,809.7,0.005956918449301542,93.17367519366496,4506.7423215891895,4506.747948216081,0.0,482.53653130449726,14433.537830001824,17735.564256964662,13031.515537474706,1.4123338408743333,302,31,160,10480.457986819472,12895.74540909874,23376.20339591821,3979.5109768122434,3979.5109768122434,0.03314324115991188,0.04865633067939706,0.0,1.2727734255617025,3.015075098234217,0.5132794340517852,0.44833875755245595
61,610.0,10.0,6.752835658797875,0.1088480351087807,0.0,91.8682572285229,91.87415006447391,0.05413819317100206,52.74860428878782,5,0,0,9.695,809.695,0.006083303295138534,93.3401267793165,4506.4477432415,4506.453180777907,0.0,482.58211844967377,14434.97401903052,17737.167210947737,13032.836017560849,1.4117790129905743,302,31,160,10481.796715850922,12897.38839144682,23379.185107297744,3980.030200472231,3980.030200472231,0.03314252920872711,0.04865553483288317,0.0,1.2729284561514802,3.0150652367643387,0.5132792543299658,0.4483388393455621
62,620.0,10.0,6.861683693906656,0.10884112108955336,0.0,91.87415006447391,91.87992927419995,0.0530976681257016,52.755371562934194,5,0,0,9.69,809.69,0.006209704623559532,93.50605187529284,4506.158906921822,4506.164135499158,0.0,482.62681312546005,14436.382108916321,17738.73876611435,13034.130321134413,1.4112073379608763,302,31,160,10483.10969743716,12898.999772287098,23382.10946972426,3980.5394428916625,3980.5394428916625,0.03314183094923999,0.048654754283722734,0.0,1.2730805026282621,3.0150555628627798,0.513279078007274,0.4483389195919621
63,630.0,10.0,6.970524814996209,0.10883434122952912,0.0,91.87992927419995,91.88559706661245,0.052077242793620825,52.762008771449906,5,0,0,9.685,809.685,0.00633612213061249,93.67145172789448,4505.875691954792,4505.880699630142,0.0,482.67063260198057,14437.762644142687,17740.279529322685,13035.398954192206,1.410619003783549,302,31,160,10484.39742978963,12900.580163200177,23384.977592989806,3981.0388970214585,3981.0388970214585,0.03314114611630313,0.04865398873651265,0.0,1.2732296228265332,3.0150460729815336,0.5132789050201814,0.44833899832055313
64,640.0,10.0,7.079359156225738,0.1088276928889236,0.0,91.88559706661245,91.89115560619537,0.05107651770767916,52.76851842679911,5,0,0,9.68,809.68,0.006462555518336942,93.83632758924387,4505.597980632283,4505.602762747145,0.0,482.713593804777,14439.11615828481,17741.790095366992,13036.64241266504,1.4100141977463292,302,31,160,10485.660401180061,12902.13016356164,23387.7905647417,3981.5287519699523,3981.5287519699523,0.03314047445007547,0.04865323790171239,0.0,1.2733758734235323,3.015036763640274,0.5132787353063405,0.44833907555969543
65,650.0,10.0,7.188186849114662,0.10882117348222278,0.0,91.89115560619537,91.8966070139829,0.05009510201998637,52.77490299151257,5,0,0,9.675,809.675,0.006589004494636665,94.00068071705411,4505.325658136313,4505.330216699199,0.0,482.75571332228384,14440.443174247253,17743.271047238337,13037.86118263533,1.409393106407443,302,31,160,10486.899090156074,12903.65036080689,23390.549450962964,3982.0091930859967,3982.0091930859967,0.03313981569590693,0.04865250149551761,0.0,1.2735193099644717,3.015027631424996,0.5132785688045632,0.44833915133722263
66,660.0,10.0,7.297008022596885,0.10881478047694586,0.0,91.8966070139829,91.90195336851329,0.049132613299025255,52.78116487926507,5,0,0,9.67,809.67,0.006715468773155258,94.16451237440339,4505.058612463069,4505.062955556195,0.0,482.7970074131273,14441.744204496023,17744.72295637913,13039.055740549533,1.4087559155772644,302,31,160,10488.113965751694,12905.141330689796,23393.25529644149,3982.4804020401193,3982.4804020401193,0.03313916960422567,0.04865177923973682,0.0,1.2736599868871643,3.015018672986688,0.5132784054547979,0.4483392256804513
67,670.0,10.0,7.405822803073831,0.10880851139243976,0.0,91.90195336851329,91.90719670675959,0.048188677330472274,52.78730645592745,5,0,0,9.665,809.665,0.0068419480731545775,94.32782382951477,4504.796734347798,4504.800875558336,0.0,482.83749201325145,14443.01975128526,17746.146382931507,13040.226553425506,1.4081028103005706,302,31,160,10489.305487692907,12906.603637535152,23395.90912522806,3982.9425569037685,3982.9425569037685,0.033138535930428044,0.04865107086167095,0.0,1.2737979575460587,3.0150098850400258,0.5132782451981078,0.4483392986161917
68,680.0,10.0,7.514631314466271,0.10880236379870455,0.0,91.90719670675959,91.9123390250379,0.04726292792520326,52.79333004059376,5,0,0,9.66,809.66,0.006968442119395948,94.4906163555415,4504.5399171934705,4504.543875066871,0.0,482.8771827428754,14444.270306878327,17747.541875980034,13041.374079055062,1.4074339748393632,302,31,160,10490.474106598283,12908.03783448518,23398.511941083463,3983.3958322266753,3983.3958322266753,0.03313791443477114,0.04865037609399568,0.0,1.273933274235704,3.0150012643620965,0.51327808797665,0.4483393701707564
69,690.0,10.0,7.623433678264976,0.10879633531524853,0.0,91.9123390250379,91.91738227989349,0.04635500672866329,52.79923790658441,5,0,0,9.655,809.655,0.007094950642024109,94.65289123035745,4504.288056998602,4504.291854516096,0.0,482.9160949132869,14445.496353763989,17748.90997378847,13042.498766201657,1.4067495926562708,302,31,160,10491.620264174951,12909.444463740221,23401.064727915174,3983.8403991124196,3983.8403991124196,0.03313730488226785,0.04864969467464668,0.0,1.2740659882136547,3.0149928077911543,0.5132779337336538,0.44833944036997075
70,700.0,10.0,7.732230013580224,0.10879042360997268,0.0,91.91738227989349,91.92232838896567,0.04546456303824016,52.805032282425486,5,0,0,9.65,809.65,0.007221473376453815,94.81464973635275,4504.041052289572,4504.044716366565,0.0,482.9542435334735,14446.698364867136,17750.251204031098,13043.601054793464,1.4060498463984958,302,31,160,10492.744393409845,12910.824056793681,23403.568450203526,3984.276425292187,3984.276425292187,0.03313670704258446,0.04864902634670742,0.0,1.2741961497228294,3.0149845122253933,0.5132777824134008,0.4483395092391817
71,710.0,10.0,7.841020437190197,0.10878462639808331,0.0,91.92232838896567,91.92717923183159,0.044591253622274965,52.81071535280527,5,0,0,9.645,809.645,0.007348010063259042,94.97589316023438,4503.79880405242,4503.802365059504,0.0,482.9916433165986,14447.876803754782,17751.566084018457,13044.681376111876,1.4053349178823211,302,31,160,10493.846918756492,12912.177134661468,23406.02405341796,3984.7040751968143,3984.7040751968143,0.033136120689940596,0.048648370858299685,0.0,1.2743238080133403,3.014976374621753,0.5132776339612047,0.44833957680326675
72,720.0,10.0,7.94980506358828,0.10877809703206416,0.0,91.92717923183159,91.93336388931407,0.056855724187335,0.0,5,0,0,9.64,809.64,0.007474560448064743,95.13662279283173,4503.561236457694,4503.564706972368,0.0,472.48060484592605,14131.570329086335,17367.13666064207,8683.568330321035,1.422705690770355,303,32,0,10562.471137097255,12996.379746631152,23558.850883728406,3985.0479630807336,3985.0479630807336,0.03310184206414817,0.04860528496267785,0.0,0.0,3.0343420420872014,0.5132677579983971,0.4483440720104276
73,730.0,10.0,8.058583160620344,0.1087708501057663,0.0,91.93336388931407,91.93942905615299,0.05576095831765997,0.0,5,0,0,9.635,809.635,0.007572206012168046,95.248723052798,4503.255502079346,4503.261737473761,0.0,472.5267805081548,14133.026370151436,17368.75899705888,8684.37949852944,1.422161338091806,303,32,0,10563.875356037895,12998.102938422422,23561.978294460318,3985.582698083673,3985.582698083673,0.03310109559360479,0.04860444919604287,0.0,0.0,3.034336546901611,0.5132675656669015,0.44834415956157553
74,740.0,10.0,8.167354010726111,0.10876374406304845,0.0,91.93942905615299,91.94537715653446,0.05468826429905675,0.0,5,0,0,9.63,809.63,0.007669861677058624,95.36046707393774,4502.956447670087,4502.964661082951,0.0,472.5720524916106,14134.453872091988,17370.349627348718,8685.174813674359,1.4216102386527396,303,32,0,10565.252525935692,12999.792934005014,23565.045459940706,3986.107135754031,3986.107135754031,0.03310036352994731,0.048603629488746525,0.0,0.0,3.034331155554555,0.5132673769697544,0.4483442454586411
75,750.0,10.0,8.27611775478916,0.10875677601882586,0.0,91.94537715653446,91.95121055160051,0.053637072370020175,0.0,5,0,0,9.625,809.625,0.007767527250264664,95.47185572148449,4502.6638374891345,4502.673356760248,0.0,472.6164390327009,14135.853419175566,17371.909183004496,8685.954591502248,1.421052472901829,303,32,0,10566.60319258953,13001.45040334053,23568.05359593006,3986.621483738856,3986.621483738856,0.033099645578504054,0.04860282552122328,0.0,0.0,3.0343258660467525,0.5132671918369814,0.44834432973346017
76,760.0,10.0,8.384874530807986,0.10874994316360564,0.0,91.95121055160051,91.95693154196906,0.05260683548067391,0.0,5,0,0,9.62,809.62,0.007865202544268814,95.58288986603617,4502.377448361835,4502.387706659659,0.0,472.65995789644523,14137.225580030341,17373.438279732673,8686.719139866336,1.420488120856417,303,32,0,10567.927887692163,13003.075999070852,23571.003886763014,3987.1259443235267,3987.1259443235267,0.033098941452480095,0.04860203698188669,0.0,0.0,3.034320676426641,0.5132670102002775,0.4483444124171093
77,770.0,10.0,8.493624473971591,0.10874324275282748,0.0,91.95693154196906,91.96254238304383,0.051597146937456276,0.0,5,0,0,9.615,809.615,0.007962887376348659,95.69357038327179,4502.097165147648,4502.107596000535,0.0,472.7026263920064,14138.570900183275,17374.937525950485,8687.468762975242,1.4199172620907683,303,32,0,10569.22712930559,13004.670357078168,23573.897486383757,3987.620714637874,3987.620714637874,0.03309825087664436,0.04860126356281033,0.0,0.0,3.0343155847604932,0.5132668319919623,0.44834449354038114
78,780.0,10.0,8.60236771672442,0.10873667203493166,0.0,91.96254238304383,91.9680453911985,0.05060857622074764,0.0,5,0,0,9.61,809.61,0.008060581567601413,95.80389815231175,4501.823658781984,4501.832912313371,0.0,472.74446146544494,14139.889848521669,17376.407582507993,8688.203791253996,1.4193399756733442,303,32,0,10570.501424712842,13006.234099816817,23576.735524529657,3988.10598792246,3988.10598792246,0.033097573613786894,0.04860050492936448,0.0,0.0,3.034310588920938,0.5132666571375779,0.44834457313715476
79,790.0,10.0,8.71110438875935,0.10873022836125873,0.0,91.9680453911985,91.97344265157035,0.04963900520770039,0.0,5,0,0,9.605,809.605,0.008158284933317609,95.91387403968923,4501.555430360502,4501.563540238298,0.0,472.78548060552,14141.183091265519,17377.84894910248,8688.92447455124,1.418756340185607,303,32,0,10571.751297203951,13007.767869914047,23579.519167118,3988.5819629438024,3988.5819629438024,0.033096909328884434,0.048599760828884724,0.0,0.0,3.0343056873538212,0.5132664855827288,0.4483446512321769
80,800.0,10.0,8.819834617120609,0.10872390924768713,0.0,91.97344265157035,91.97873620577201,0.04868804146462935,0.0,5,0,0,9.6,809.6,0.00825599730778023,96.02349894065517,4501.292356313176,4501.299375825108,0.0,472.8256995061998,14142.451124634303,17379.262175779022,8689.631087889511,1.4181664339286322,303,32,0,10572.977216498452,13009.272243914877,23582.249460413328,3989.0488184372125,3989.0488184372125,0.033096257771588464,0.048599030982977055,0.0,0.0,3.034300878307965,0.5132663172661238,0.44834472785333424
81,810.0,10.0,8.928558526368295,0.10871771226283103,0.0,91.97873620577201,91.9839280531015,0.047755303357917,0.0,5,0,0,9.595,809.595,0.00835371852868143,96.1327737531538,4501.034317804007,4501.040317338258,0.0,472.8651335368148,14143.694434403384,17380.647801384275,8690.323900692138,1.4175703347321136,303,32,0,10574.179642601055,13010.747786436603,23584.927429037656,3989.5067294451396,3989.5067294451396,0.03309561869681232,0.048598315118906686,0.0,0.0,3.034296160065777,0.5132661521276473,0.44834480302797847
82,820.0,10.0,9.037276238631126,0.10871163502655266,0.0,91.9839280531015,91.98902015170682,0.04684041964865173,0.0,5,0,0,9.59,809.59,0.00845144843702913,96.24169937765824,4500.781200513201,4500.786265194084,0.0,472.9037977510059,14144.913496199135,17382.00635386793,8691.003176933966,1.416968119951473,303,32,0,10575.359026069415,13012.19505049765,23587.554076567067,3989.955867418843,3989.955867418843,0.03309499186458269,0.04859761296944595,0.0,0.0,3.0342915309424043,0.5132659901083292,0.4483448767829408
83,830.0,10.0,9.145987873657678,0.10870567520853103,0.0,91.98902015170682,91.99401441970657,0.0459430291028184,0.0,5,0,0,9.585,809.585,0.008549186877057082,96.35027671701249,4500.532894427776,4500.537121900395,0.0,472.9417068953363,14146.108775782901,17383.338350572856,8691.669175286428,1.4163598664651709,303,32,0,10576.515808271752,13013.614577834005,23590.130386105757,3990.396400316234,3990.396400316234,0.03309437703989673,0.048596924272727895,0.0,0.0,3.034286989284919,0.5132658311503172,0.44834494914454415
84,840.0,10.0,9.254693548866209,0.10869983052688507,0.0,91.99401441970657,91.99891273626848,0.0450627801180417,0.0,5,0,0,9.58,809.58,0.008646933696138304,96.45850667627947,4500.2892936415965,4500.292791998374,0.0,472.97887541758035,14147.280729324222,17384.644298514468,8692.322149257234,1.41574565067222,303,32,0,10577.650421634886,13015.006899203805,23592.65732083869,3990.8284926960514,3990.8284926960514,0.03309377399258465,0.04859624877210532,0.0,0.0,3.0342825334715307,0.5132656751968486,0.4483450201386159
85,850.0,10.0,9.363393379393093,0.1086940987468491,0.0,91.99891273626848,92.0037169426475,0.04419933036306247,0.0,5,0,0,9.575,809.575,0.00874468874470174,96.56639016259497,4500.050296161904,4500.053182006682,0.0,473.0153174747026,14148.429803663907,17385.9246946496,8692.9623473248,1.4151255484898928,303,32,0,10578.763289882962,13016.372534680542,23595.135824563506,3991.252305808525,3991.252305808525,0.03309318249717731,0.04859558621601506,0.0,0.0,3.0342781619108266,0.513265522192224,0.4483450897904997
86,860.0,10.0,9.472087478139942,0.10868847767949809,0.0,92.0037169426475,92.00842884318497,0.04335234643140211,0.0,5,0,0,9.57,809.57,0.008842451876152029,96.67392808502728,4499.81580372365,4499.818200367664,0.0,473.0510469405383,14149.55643656722,17387.18002613533,8693.590013067665,1.4144996353516184,303,32,0,10579.85482826726,13017.711993935292,23597.566822202552,3991.6679976826417,3991.6679976826417,0.03309260233277885,0.048594936357847465,0.0,0.0,3.0342738730410437,0.5132653720817816,0.4483451581250679
87,870.0,10.0,9.58077595581944,0.1086829651807257,0.0,92.00842884318497,92.01305020592442,0.0425215003268022,0.0,5,0,0,9.565,809.565,0.008940222946792253,96.7811213544422,4499.585719035705,4499.587757395608,0.0,473.086077413275,14150.661057184578,17388.41077036709,8694.205385183544,1.4138679862051895,303,32,0,10580.92544378975,13019.025776511915,23599.951220301664,3992.075723210362,3992.075723210362,0.033092033282836726,0.04859429895592791,0.0,0.0,3.0342696653301164,0.5132652248118992,0.4483452251667197
88,880.0,10.0,9.689458921000167,0.10867755911796421,0.0,92.01305020592442,92.01758281823994,0.041706975683973725,0.0,5,0,0,9.56,809.56,0.009038001815928643,96.88797088367127,4499.360355605742,4499.36176524386,0.0,473.12042220599915,14151.744051662703,17389.617428737238,8694.808714368619,1.4132306754880137,303,32,0,10581.975534965597,13020.314371434344,23602.289906399943,3992.4756341650263,3992.4756341650263,0.03309147515215908,0.04859367375634885,0.0,0.0,3.034265537155784,0.5132650803257974,0.4483452909412918
89,890.0,10.0,9.798136480118131,0.10867225738297874,0.0,92.01758281823994,92.02202840946045,0.04090824399490885,0.0,5,0,0,9.555,809.555,0.009135788341032841,96.99447757945576,4499.139452360784,4499.140135182251,0.0,473.1540948022387,14152.805859231952,17390.800460917297,8695.400230458648,1.4125877771111648,303,32,0,10583.00550535006,13021.578274049187,23604.583779399247,3992.867884091247,3992.867884091247,0.03309092771922763,0.04859306052641886,0.0,0.0,3.0342614870425257,0.5132649385718334,0.4483453554722838
90,900.0,10.0,9.90680873750111,0.10866705795741619,0.0,92.02202840946045,92.02638861713731,0.04012446604174329,0.0,5,0,0,9.55,809.55,0.009233582384085143,97.10064235302144,4498.92249132427,4498.922781378705,0.0,473.1871082577861,14153.846927252182,17391.96028993356,8695.98014496678,1.4119393645428235,303,32,0,10584.015745667522,13022.817964018217,23606.83370968574,3993.25262158239,3993.25262158239,0.03309039075863304,0.04859245905204536,0.0,0.0,3.0342575136392105,0.5132647995027174,0.4483454187812136
91,910.0,10.0,10.015475795458526,0.10866195889515413,0.0,92.02638861713731,92.03066505053694,0.039355386587067186,0.0,5,0,0,9.545,809.545,0.009331383814559821,97.20646612503086,4498.709418655916,4498.709622545203,0.0,473.21947491992466,14154.867642529627,17393.09735213202,8696.54867606601,1.4112855108085387,303,32,0,10585.00662548668,13024.033894924967,23609.040520411647,3993.6299873013636,3993.6299873013636,0.03308986407514823,0.048591869112308124,0.0,0.0,3.0342536155397193,0.5132646630692352,0.44834548089047543
92,920.0,10.0,10.124137754353681,0.10865695828530542,0.0,92.03066505053694,92.03485928970005,0.038600741538357394,0.0,5,0,0,9.54,809.54,0.009429192504148913,97.31194981677294,4498.500170740529,4498.500578830541,0.0,473.2512069252502,14155.868386161152,17394.212075522195,8697.106037761097,1.410626288435228,303,32,0,10585.978508069898,13025.226512613448,23611.205020683345,3994.0001195103173,3994.0001195103173,0.03308934747643244,0.0485912904905036,0.0,0.0,3.0342497913636235,0.5132645292230719,0.44834554182205494
93,930.0,10.0,10.232794712638986,0.10865205412389066,0.0,92.03485928970005,92.03897310370294,0.03786227546324881,0.0,5,0,0,9.535,809.535,0.009527008327437999,97.41709435128529,4498.2963071617905,4498.295571864173,0.0,473.2823161368414,14156.849395730806,17395.305013391957,8697.652506695978,1.4099617693591378,303,32,0,10586.9317486739,13026.396252698863,23613.328001372764,3994.363153857809,3994.363153857809,0.0330888408412329,0.04859072290618966,0.0,0.0,3.034246039281326,0.5132643979001914,0.4483456016050947
94,940.0,10.0,10.341446766762877,0.10864724436146155,0.0,92.03897310370294,92.04300815172071,0.03713898167861771,0.0,5,0,0,9.53,809.53,0.009624831142914115,97.5219006217476,4498.097178342946,4498.094514087357,0.0,473.3128159313602,14157.811139491909,17396.37658926544,8698.18829463272,1.409292024874575,303,32,0,10587.8667476201,13027.54360663725,23615.41035425735,3994.719242573294,3994.719242573294,0.03308834393367105,0.04859016614500043,0.0,0.0,3.0342423579325675,0.513264269052985,0.4483456602612597
95,950.0,10.0,10.450094011124339,0.10864252683345792,0.0,92.04300815172071,92.04696639994566,0.03643369074998191,0.0,5,0,0,9.525,809.525,0.009722660819026115,97.62636953494267,4497.905230425912,4497.89732336405,0.0,473.34271874938815,14158.753799158068,17397.427450801148,8698.713725400574,1.4086171257086653,303,32,0,10588.783877554266,13028.66903115495,23617.452908709216,3995.0685281721453,3995.0685281721453,0.03308785665993824,0.0485896198785151,0.0,0.0,3.0342387451523187,0.5132641426056762,0.448345717825038
96,960.0,10.0,10.558736537957797,0.10884040214597844,0.0,92.04696639994566,91.70832672342675,-3.111341651096791,0.0,5,0,0,9.52,809.52,0.009820497201303523,97.73050195650039,1950.372133497689,4497.7039026051425,0.0,473.4567016874928,14374.23803929456,17189.54207320496,8594.77103660248,1.4080636518495553,303,32,0,10591.941242911571,13033.15956158795,23625.10080449952,3995.6087252060706,3995.6087252060706,0.03298116457355575,0.04869529805221116,0.0,0.0,3.0349602656867347,0.5132893958243807,0.44833422428802006
97,970.0,10.0,10.667576940103775,0.1114191511965362,0.0,91.70832672342675,87.79402799045263,-35.13129198112047,0.0,5,0,0,9.515,809.515,0.00992287255306992,97.84184020275468,0.0,4514.312001881115,23999.947439351374,471.52644086114407,16474.426553029454,14960.66950438015,8237.213276514727,1.4081836754394716,303,32,0,10532.100610383894,12964.365172275711,23496.465782659605,3967.833947884218,3967.833947884218,0.031939318755681116,0.04982372935475531,0.0,0.0,3.040768117826864,0.5134926706492853,0.4482419061575033
98,980.0,10.0,10.77899609130031,0.11658821673416953,0.0,87.79402799045263,83.74989437351663,-34.68732716065942,0.0,5,0,0,9.51,809.51,0.01007152615070056,98.0298099411865,0.0,4715.582705067609,23999.95918955303,442.48517267608696,15575.329723933864,13923.681787805272,7787.664861966932,1.4150036431107162,303,32,0,9662.989981106746,11897.44028913239,21560.430270239136,3637.293847596293,3637.293847596293,0.032392718080021116,0.05034799827915271,0.0,0.0,3.044568663666122,0.5136256897536593,0.4481816856152922
99,990.0,10.0,10.895584308034481,0.12246993286978819,0.0,83.74989437351663,79.55549439700135,-34.248405941193916,0.0,5,0,0,9.505,809.505,0.010209098970647455,98.19871693990083,0.0,4943.289816624712,23999.96941270453,413.67429566767385,14683.913972050019,12894.372405794904,7341.956986025009,1.4224201331885677,303,32,0,8801.219824052005,10838.53434554292,19639.754169594926,3310.612143053977,3310.612143053977,0.03284040679268128,0.05086562272425423,0.0,0.0,3.047655058002058,0.5137337135554171,0.448132891483821
100,1000.0,10.0,11.018054240904268,0.16924864307931226,0.04,79.55549439700135,75.18500827680377,-33.81456095841308,0.0,4,0,0,9.5,809.5,0.010335871574427322,98.34909145963242,0.0,5203.914615048948,23999.978219308912,385.11299726842003,13800.679562459369,11873.520255435302,6900.339781229684,1.43049860971087,303,32,0,7947.288209056421,9788.428433838251,17735.716642894673,2987.7958792580566,2987.7958792580566,0.03328244673304378,0.0513766812089815,0.0,0.0,3.050048061901743,0.513817468691906,0.4480951274241452
101,1010.0,10.0,11.18730288398358,0.13718359210199838,0.0,75.18500827680377,70.60502166445666,-33.38581926723291,0.0,4,0,0,9.495,809.495,0.010452130733082281,98.48147232850228,0.0,5506.416897312866,23999.985715561503,356.81918395854734,12926.09213702428,10861.853460212209,6463.04606851214,1.4393160967252117,303,32,0,7101.658959259387,8747.8524962271,15849.511455486489,2668.848868208656,2668.848868208656,0.03371890033611391,0.05188125256485117,0.0,0.0,3.051769130248655,0.513877706084048,0.44806800381226053
102,1020.0,10.0,11.324486476085578,0.14665334192893456,0.0,70.60502166445666,65.77100452723849,-32.96220238581841,0.0,4,0,0,9.49,809.49,0.010558169068988384,98.59640631751542,0.0,5863.605594053831,23999.99200260842,328.8094796978324,12060.582690594898,9860.049289260596,6030.291345297449,1.4489645408166294,303,32,0,6264.761624328553,7717.485247026941,13982.246871355494,2353.771726989892,2353.771726989892,0.03414983056138993,0.052379415851797805,0.0,0.0,3.052840284227753,0.5139151964733164,0.4480511381302212
103,1030.0,10.0,11.471139818014512,0.19823739417697472,0.04,65.77100452723849,60.62137006932334,-32.5437263720087,0.0,3,0,0,9.485,809.485,0.010654284805671559,98.6944476978494,0.0,6294.567081281927,23999.99717552188,301.0992324097193,11204.547764010085,8868.73439663787,5602.273882005043,1.4595552356986936,303,32,0,5436.9916682937965,6697.95441710416,12134.946085397956,2042.5619343138633,2042.5619343138633,0.03457530082118871,0.052871250275766106,0.0,0.0,3.0532839907066727,0.5139307262000786,0.4480441552876907
104,1040.0,10.0,11.669377212191486,0.17287865883096776,0.0,60.62137006932334,55.06670927628875,-32.13040192812732,0.0,3,0,0,9.48,809.48,0.010740781653367224,98.77615802547894,0.0,6829.274883206564,24000.00132168924,273.70252770528674,10358.34983186971,7888.48534848274,5179.174915934855,1.4712246537544982,303,32,0,4618.710850238001,5689.837288114449,10308.54813835245,1735.2139033859758,1735.2139033859758,0.03499537490896709,0.05335683510843419,0.0,0.0,3.0531230488562198,0.5139250932353128,0.4480466878797716
105,1050.0,10.0,11.842255871022454,0.18161058919735548,0.0,55.06670927628875,55.05902782082558,-0.042296297243024125,27.56674973199368,3,0,0,9.475,809.475,0.010817968868050335,98.84210621515327,1639.0785962479797,7518.153988879536,0.0,242.60896684180207,7266.084009864375,8907.847112922433,6629.596543543511,1.4698946485131563,304,32,110,3791.616367933396,4667.615883008791,8459.232250942187,1430.7074246169745,1430.7074246169745,0.03648283620973289,0.0527713829878014,0.0,0.6824295202476985,3.036344185079542,0.5135359853492651,0.4482222801615462
106,1060.0,10.0,12.023866460219809,0.18163591167442486,0.0,55.05902782082558,55.0513562746346,-0.042235844884726245,27.559059496131315,3,0,0,9.47,809.47,0.010869587452613528,98.86529150509033,1638.6933023699337,7519.202869822708,0.0,242.57383670450065,7265.030458558065,8906.558655075312,6628.331936845164,1.4696994595714827,304,32,110,3790.5603436308456,4666.315301527014,8456.87564515786,1430.3081150242724,1430.3081150242724,0.036483363173966256,0.052772026605997696,0.0,0.6822428587895976,3.036345351140068,0.5135359177521401,0.44822231077752706
107,1070.0,10.0,12.205502371894234,0.18166120968056293,0.0,55.0513562746346,55.04369392991066,-0.04217931135333401,27.55138025160682,3,0,0,9.465,809.465,0.010921196024047229,98.88838297862598,1638.305455741573,7520.250689822771,0.0,242.5387557045293,7263.978639204736,8905.27174109722,6627.068977046883,1.4695044832227597,304,32,110,3789.5058272671527,4665.0165776669555,8454.522404934109,1429.9093763016701,1429.9093763016701,0.0364838892572499,0.05277266943556371,0.0,0.6820564610651391,3.0363465152357207,0.5135358502690368,0.4482223413419042
108,1080.0,10.0,12.387163581574796,0.18168648260825182,0.0,55.04369392991066,55.03604184836149,-0.042116955754295304,27.543711285906213,3,0,0,9.46,809.46,0.010972794600150054,98.91138097757592,1637.9229005848126,7521.297544586357,0.0,242.50372049898402,7262.927795368199,8903.98690456407,6625.807874687275,1.469309722744118,304,32,110,3788.452716886983,4663.719584754596,8452.17230164158,1429.5111710907006,1429.5111710907006,0.03648441483696743,0.0527733112075574,0.0,0.6818703097929864,3.036347673776648,0.513535782763914,0.4482223719162931
109,1090.0,10.0,12.568850064183048,0.18171172926505855,0.0,55.03604184836149,55.02839967608452,-0.04205657118493491,27.53605365758725,3,0,0,9.455,809.455,0.011024383191151411,98.93428583002398,1637.5393887663804,7522.343288070696,0.0,242.4687359494067,7261.87859755722,8902.703799069892,6624.548540091669,1.4691151781708414,304,32,110,3787.401161166784,4662.424506783154,8449.825667949939,1429.1135546454752,1429.1135546454752,0.036484939577838875,0.05277395209611208,0.0,0.6816844306814958,3.0363488295728036,0.513535715350113,0.4482224024493593
110,1100.0,10.0,12.750561793448107,0.18173695021058686,0.0,55.02839967608452,55.02076741307974,-0.04199620933407004,27.528407008280897,3,0,0,9.45,809.45,0.01107596181398465,98.95709787411688,1637.1564770618415,7523.3879676120305,0.0,242.43380042160507,7260.83086563213,8901.422495808209,6623.290980557269,1.4689208525989845,304,32,110,3786.3511100849446,4661.131281925623,8447.482392010566,1428.7165082856993,1428.7165082856993,0.03648546357007451,0.05277459206555176,0.0,0.6814988150457528,3.036349981945445,0.513535647998663,0.4482224329542241
111,1110.0,10.0,12.932298743658693,0.1817621454205016,0.0,55.02076741307974,55.01314505934715,-0.04193587017227855,27.520771333856523,3,0,0,9.445,809.445,0.01112753048376411,98.97981744384941,1636.7741652629288,7524.431582202585,0.0,242.3989138976048,7259.784599053972,8900.142994119684,6622.035195412358,1.4687267482583355,304,32,110,3785.3025630887355,4659.839909501357,8445.142472590092,1428.320031796924,1428.320031796924,0.03648598681395026,0.052775231116213586,0.0,0.6813134627992836,3.0363511309026263,0.5135355807096715,0.4482224634308387
112,1120.0,10.0,13.114060889079195,0.1817873142857174,0.0,55.01314505934715,55.00553296878934,-0.04187360701005218,27.513146630188835,3,0,0,9.44,809.44,0.011179089215611584,99.00244487211727,1636.394028763052,7525.474130835177,0.0,242.36407632854576,7258.739665151528,8898.865423418192,6620.78124902225,1.4685328671022138,304,32,110,3784.255518801895,4658.550387594236,8442.80590639613,1427.9241248927228,1427.9241248927228,0.03648650937544146,0.05277586918273451,0.0,0.6811283738557117,3.0363522757113275,0.5135355134572601,0.44822249389092383
113,1130.0,10.0,13.295848203364912,0.18181245619651631,0.0,55.00553296878934,54.9979311414063,-0.04181136728511774,27.505533247096096,3,0,0,9.435,809.435,0.011230638023315469,99.02498048848976,1636.0145110423207,7526.515564078027,0.0,242.3292893113705,7257.696242890419,8897.589711200948,6619.529132727139,1.4683392104566666,304,32,110,3783.210026100724,4657.26277662066,8440.472802721384,1427.5288058093795,1427.5288058093795,0.03648703116493649,0.052776506301461176,0.0,0.6809435567207839,3.0363534170667386,0.5135354462706145,0.4482225243212606
114,1140.0,10.0,13.477660659561428,0.18183757112763693,0.0,54.9979311414063,54.99033957719803,-0.04174915096582481,27.497931180316986,3,0,0,9.43,809.43,0.011282176922442102,99.04742462439773,1635.6356118869196,7527.555880884977,0.0,242.2945528275306,7256.654331714393,8896.315856787645,6618.27884583401,1.4681457804480458,304,32,110,3782.1660844148455,4655.977075878246,8438.143160293092,1427.1340743256565,1427.1340743256565,0.03648755218272009,0.05277714247274143,0.0,0.6807590113051752,3.0363545549771342,0.5135353791498448,0.44822255472179917
115,1150.0,10.0,13.659498230689065,0.18186265846858485,0.0,54.99033957719803,54.98275863006711,-0.04168501216663571,27.490340425595925,3,0,0,9.425,809.425,0.011333705928552274,99.06977761015989,1635.258906003083,7528.59508021054,0.0,242.25986682762587,7255.613798992667,8895.043989515725,6617.03045265919,1.4679525789274233,304,32,110,3781.123692351276,4654.693283430503,8435.816975781778,1426.739930148436,1426.739930148436,0.036488072494749196,0.05277777763125009,0.0,0.6805747375196672,3.036355688709888,0.5135353120690817,0.4482225851042561
116,1160.0,10.0,13.84136088915765,0.18188771877905774,0.0,54.98275863006711,54.975187592208385,-0.041624788685817295,27.48276133247472,3,0,0,9.42,809.42,0.011385225055877206,99.09203977278342,1634.8796881548753,7529.633112544588,0.0,242.22523296908304,7254.575087708757,8893.773776896778,6615.783814527229,1.467759607605687,304,32,110,3780.0829003942886,4653.411462115775,8433.494362510064,1426.3463916438666,1426.3463916438666,0.036488591880131,0.05277841194465623,0.0,0.6803907438640296,3.0363568204421396,0.5135352451094641,0.44822261543188147
117,1170.0,10.0,14.023248607936708,0.18191275203384355,0.0,54.975187592208385,54.96762717142701,-0.04156069707510142,27.4751931890773,3,0,0,9.415,809.415,0.011436734323067958,99.11421144554147,1634.504217879987,7530.670073760259,0.0,242.19064794313326,7253.537574414401,8892.505621794482,6614.539076673099,1.4675668696970832,304,32,110,3779.043607510174,4652.131486619509,8431.175094129683,1425.953421559897,1425.953421559897,0.036489110650142764,0.05277904521002927,0.0,0.6802070130704468,3.036357947326298,0.5135351781610057,0.4482226457544907
118,1180.0,10.0,14.205161359970552,0.1819377564505488,0.0,54.96762717142701,54.96007772162557,-0.041494684493909514,27.467636698700005,3,0,0,9.41,809.41,0.011488233742555845,99.13629295024913,1634.1309588391366,7531.705865870145,0.0,242.15611492862024,7252.501485307605,8891.239509933745,6613.296287445612,1.4673743652888012,304,32,110,3778.0059111154414,4650.853477138917,8428.859388254357,1425.5610564867318,1425.5610564867318,0.0364896286910532,0.05277967743402763,0.0,0.6800235622267424,3.0363590700042096,0.5135351112559868,0.44822267605746335
119,1190.0,10.0,14.3870991164211,0.18196273258844017,0.0,54.96007772162557,54.952538534998894,-0.04143258632921061,27.460092210610206,3,0,0,9.405,809.405,0.011539723329009675,99.1582846113735,1633.7552078199058,7532.740439286174,0.0,242.12163558166822,7251.467263163363,8889.97510894785,6612.0553082074985,1.4671820959928334,304,32,110,3776.9698616547375,4649.5774964628245,8426.547358117561,1425.1693147760323,1425.1693147760323,0.03649014578206925,0.05278030878426158,0.0,0.679840399826751,3.036360190652953,0.5135350444755336,0.4482227063040549
120,1200.0,10.0,14.56906184900954,0.18198768100744653,0.0,54.952538534998894,54.94500996544957,-0.04136856685929615,27.452559013095804,3,0,0,9.4,809.4,0.01159120310152555,99.18018675966846,1633.3816478658796,7533.773889923688,0.0,242.0872066251759,7250.434416764061,8888.712691580999,6610.816219147474,1.4669900651675387,304,32,110,3775.935358941737,4648.303420541845,8424.238779483581,1424.778159256618,1424.778159256618,0.03649066216872147,0.052780939123522864,0.0,0.6796575086061215,3.03636130716593,0.5135349777356489,0.4482227365323099
121,1210.0,10.0,14.751049530016987,0.18201260050951332,0.0,54.94500996544957,54.93749236688018,-0.041302627116738225,27.44503745548502,3,0,0,9.395,809.395,0.011642673074290137,99.20199971661845,1633.0102978149725,7534.806168209466,0.0,242.0528296230367,7249.402992896417,8887.45231530603,6609.579076553039,1.4667982736405976,304,32,110,3774.9024509626743,4647.031308475002,8421.933759437678,1424.387608067088,1424.387608067088,0.0364911778271222,0.052781568422507315,0.0,0.6794748970599593,3.036362419498155,0.5135349110395456,0.4482227667407728
122,1220.0,10.0,14.9330621305265,0.1820374910680707,0.0,54.93749236688018,54.929985385388136,-0.041238656103178076,27.437527886918343,3,0,0,9.39,809.39,0.011694133261953352,99.22372380340887,1632.6380298168535,7535.837224517833,0.0,242.01850619991959,7248.373302205473,8886.193777789167,6608.3438067928855,1.466606722689914,304,32,110,3773.8711873211246,4645.761221794102,8419.632409115227,1423.9976794802853,1423.9976794802853,0.0364916926021774,0.05278219678314513,0.0,0.6792925736793262,3.036363529085917,0.5135348444423689,0.4482227969044672
123,1230.0,10.0,15.11509962159457,0.18206235265656848,0.0,54.929985385388136,54.92248937487602,-0.04117276527922513,27.430029949445036,3,0,0,9.385,809.385,0.011745583682264938,99.24535934531407,1632.2679708332753,7536.867106287774,0.0,241.98423469280706,7247.345032933313,8884.937279920492,6607.1104820468245,1.4664154147461488,304,32,110,3772.841517234226,4644.493097515226,8417.334614749452,1423.6083547659937,1423.6083547659937,0.03649220664955222,0.052782824104243356,0.0,0.6791105297880533,3.036364634510016,0.513534777889202,0.44822282704826594
124,1240.0,10.0,15.29716197425114,0.1820871846617809,0.0,54.92248937487602,54.91500433534384,-0.04110689912686212,27.422543992121543,3,0,0,9.38,809.38,0.011797024349854057,99.26690666133365,1631.898566800519,7537.89576386867,0.0,241.95001669517757,7246.318363734195,8883.682749277643,6605.879093632297,1.466224350785275,304,32,110,3771.8134894723,4643.226995923343,8415.040485395642,1423.219652120641,1423.219652120641,0.036492719879785786,0.0527834504221116,0.0,0.6789287738753651,3.0363657364662875,0.5135347114092236,0.44822285715895327
125,1250.0,10.0,15.47924915891292,0.18211198764357253,0.0,54.91500433534384,54.907529912889004,-0.041043000801596466,27.415070010462113,3,0,0,9.375,809.375,0.011848455281129492,99.28836607236673,1631.5282448277137,7538.923196142689,0.0,241.91585221825756,7245.29342590663,8882.430055310539,6604.649575902752,1.4660335328276841,304,32,110,3770.7871042549464,4641.962917509183,8412.75002176413,1422.8315713832485,1422.8315713832485,0.03649323222759537,0.05278407580269884,0.0,0.6787473058469352,3.036366835703641,0.5135346450285054,0.44822288722472026
126,1260.0,10.0,15.661361146556493,0.18213676098843815,0.0,54.907529912889004,54.90006681531668,-0.04097524042824716,27.407607646680002,3,0,0,9.37,809.37,0.011899876493812328,99.30973790042808,1631.1617029840152,7539.949450591067,0.0,241.88173956905405,7244.26977596226,8881.179528641345,6603.422065917528,1.4658429629732745,304,32,110,3769.7623100028754,4640.7007980882845,8410.46310809116,1422.4440937603715,1422.4440937603715,0.03649374391415527,0.05278470007927858,0.0,0.6785661170300609,3.0363679300626867,0.5135345786661835,0.44822291728219243
127,1270.0,10.0,15.84349790754493,0.18216150349508012,0.0,54.90006681531668,54.89261504262686,-0.040907505410564225,27.400157602965777,3,0,0,9.365,809.365,0.011951288001192923,99.33102245908862,1630.7958346920066,7540.974428914489,0.0,241.84768195220954,7243.247771628064,8879.931025185908,6602.196547029582,1.465652641275058,304,32,110,3768.7392048008396,4639.440758900157,8408.179963700997,1422.0572558564184,1422.0572558564184,0.03649425476032492,0.05278532332408348,0.0,0.6783852244886935,3.0363690209268346,0.5135345123804967,0.44822294730499174
128,1280.0,10.0,16.02565941104001,0.1821862157229476,0.0,54.89261504262686,54.88517424091697,-0.040841738110452754,27.39271987470931,3,0,0,9.36,809.36,0.012002689820122652,99.35222006680094,1630.4290677251665,7541.99812995807,0.0,241.8136793783709,7242.227544129385,8878.684414428675,6600.972953599323,1.4654625696615808,304,32,110,3767.7177888507586,4638.182800413516,8405.900589264274,1421.6710575038717,1421.6710575038717,0.036494764700856705,0.052785945603045975,0.0,0.6782046281257854,3.0363701090450212,0.5135344461975135,0.4482229772813109
129,1290.0,10.0,16.207845626762957,0.1822108982321494,0.0,54.88517424091697,54.877744410187006,-0.04077599530021416,27.385294104143775,3,0,0,9.355,809.355,0.012054081968752685,99.3733310431206,1630.0629545941567,7543.02060120568,0.0,241.77973021617396,7241.208913768665,8877.4397673096,6599.75129284658,1.465272750626626,304,32,110,3766.6980122171217,4636.926860908861,8403.624873125984,1421.2854800541877,1421.2854800541877,0.03649527382574929,0.05278656688061233,0.0,0.6780243192690089,3.0363711937384514,0.5135343800882871,0.44822300722426034
130,1300.0,10.0,16.390056524995106,0.18222323288753264,0.0,54.877744410187006,54.877744410187006,0.0,27.377880286816463,3,0,0,9.35,809.35,0.012105464463450752,99.39435570357229,1662.6442083247643,7544.041841543852,0.0,241.74519045619965,7237.428968343054,8878.917062070257,6599.891553523282,1.4650780958518494,304,32,110,3765.6627012362246,4635.647180050797,8401.309881287021,1420.8990178685647,1420.8990178685647,0.036497156107147335,0.05278581318529931,0.0,0.6778442978246597,3.036356758519018,0.5135337699765126,0.44822328356484237
131,1310.0,10.0,16.57227975788264,0.1800773553979444,0.0,54.877744410187006,56.185636967238004,7.262948493222529,0.0,3,0,0,9.345,809.345,0.012156809584354174,99.41524821253957,7544.041842060211,7544.041841543852,0.0,245.18767594324146,6851.217629490803,9494.627433391961,4747.3137166959805,1.4791815452857076,305,33,0,3769.4368019322346,4639.445116700528,8408.881918632764,1420.6231178697808,1420.6231178697808,0.036738830173444925,0.05253644461282718,0.0,0.0,3.0390934040058974,0.5134340556655514,0.4482684901996012
132,1320.0,10.0,16.752357113280585,0.17606320427867095,0.0,56.185636967238004,57.40993277113967,6.953728968625773,0.0,3,0,0,9.34,809.34,0.012207714024628979,99.43533795079043,7368.414938434393,7368.431192502178,0.0,251.2912459026771,7054.412663676857,9698.337063168285,4849.168531584142,1.4757795085938061,305,33,0,3951.795564015822,4864.040051829321,8815.835615845142,1489.1926890641323,1489.1926890641323,0.03663775717478998,0.052435397116230915,0.0,0.0,3.039563112322694,0.5134504954566393,0.4482610311963011
133,1330.0,10.0,16.928420317559254,0.17245782735461326,0.0,57.40993277113967,58.5604485492475,6.671287675114354,0.0,3,0,0,9.335,809.335,0.012259859880038075,99.45742641540964,7211.285092294229,7211.295676836611,0.0,257.13511769844087,7248.042607713222,9894.298572182834,4947.149286091417,1.4725716927050103,305,33,0,4126.395540270612,5079.080561875444,9205.476102146056,1554.8433640571116,1554.8433640571116,0.03654144679855109,0.05233819226318064,0.0,0.0,3.0399782585746515,0.5134650255754578,0.44825444056159497
134,1340.0,10.0,17.100878144913867,0.1691965704081532,0.0,58.5604485492475,59.64525710869794,6.411528063680907,0.0,3,0,0,9.33,809.33,0.012313197654903723,99.48142459960683,7069.6111777012975,7069.617980330853,0.0,262.7416224361982,7433.051460300083,10083.056702113128,5041.528351056564,1.4695356041699748,305,33,0,4293.904407589988,5285.387710323223,9579.29211791321,1617.8275474862303,1617.8275474862303,0.036449426611416036,0.05224455727595839,0.0,0.0,3.040345418517542,0.513477876173459,0.44824861323107756
135,1350.0,10.0,17.27007471532202,0.16622844537000764,0.0,59.64525710869794,60.67109401569614,6.1712476749378995,0.0,3,0,0,9.325,809.325,0.012367681709307686,99.50725020835424,6941.033769548641,6941.0380651981,0.0,268.1296867110845,7610.221083354796,10265.091364050839,5132.545682025419,1.466652425477949,305,33,0,4454.888013668889,5483.657422486745,9938.545436155633,1678.359058318441,1678.359058318441,0.03636130547784547,0.05215425208188015,0.0,0.0,3.040670052857083,0.513489238375343,0.4482434620122943
136,1360.0,10.0,17.436303160692027,0.1635125888788452,0.0,60.67109401569614,61.64364723532164,5.9478797705668285,0.0,3,0,0,9.32,809.32,0.012423269638403013,99.53482660329334,6823.6751842419,6823.677843898688,0.0,273.31557605575534,7780.21086441147,10440.827539305556,5220.413769652778,1.4639062354337897,305,33,0,4609.832612304399,5674.487813412626,10284.320425717026,1736.6215522709986,1736.6215522709986,0.036276753682481566,0.05206706430927929,0.0,0.0,3.0409567703537093,0.5134992734877248,0.44823891336339805
137,1370.0,10.0,17.599815749570872,0.16092775048429747,0.0,61.64364723532164,62.63572620904587,6.164747663088951,0.0,3,1,1,9.315,809.315,0.01247992187071389,99.564082115525,6716.019005705116,6716.020523892349,0.0,256.4603087027404,7918.528585590025,9178.825327926004,4589.412663963002,1.4730010408930372,305,33,0,4762.796123365261,4397.888845400768,9160.684968766029,1470.3359420495403,1470.3359420495403,0.03620984733039525,0.05269754350949835,0.0,0.0,2.6239139872190447,0.4211513721308951,0.5199170301788932
138,1380.0,10.0,17.76074350005517,0.15845694127699225,0.0,62.63572620904587,63.58152775800376,5.968823715362328,0.0,3,1,1,9.31,809.31,0.012532732861159794,99.58684886022827,6609.64554166658,6609.646364093884,0.0,260.93512717396925,8086.7943576277,9308.880787303584,4654.440393651792,1.4705092987920487,305,33,0,4917.867790876024,4541.1874425552605,9459.055233431285,1518.0816934127254,1518.0816934127254,0.03612630288445823,0.052633185942842775,0.0,0.0,2.624229580528634,0.4211620280461718,0.5199110978329767
139,1390.0,10.0,17.919200441332162,0.15616889391339098,0.0,63.58152775800376,64.48494885475698,5.784897837941048,0.0,3,1,1,9.305,809.305,0.012586460373844149,99.61106483611943,6511.3246858781,6511.325137950698,0.0,265.26777231378924,8249.324469537602,9435.193684715015,4717.596842357508,1.4681164371528792,305,33,0,5068.013136386341,4679.934139616276,9747.947276002618,1564.3101688294307,1564.3101688294307,0.03604560837592432,0.052570678963082484,0.0,0.0,2.6245179820016014,0.4211717658370826,0.5199056778715573
140,1400.0,10.0,18.075369335245554,0.15404246012761547,0.0,64.48494885475698,65.34938372751371,5.611666238260523,0.0,3,1,1,9.3,809.3,0.012641076818984616,99.63667931405281,6420.102486461247,6420.102789140379,0.0,269.4668784233099,8406.506282302418,9557.952279251575,4778.976139625787,1.465813908514835,305,33,0,5213.531575937773,4814.40514061622,10027.936716553992,1609.114121413696,1609.114121413696,0.035967570073736244,0.05250992844865819,0.0,0.0,2.624781548787114,0.42118066509207575,0.5199007256728436
141,1410.0,10.0,18.22941179537317,0.15205980956658735,0.0,65.34938372751371,66.17780979591333,5.448027790912465,0.0,3,1,1,9.295,809.295,0.012696556109965345,99.66364423480509,6335.178033739599,6335.178335058969,0.0,273.5401464817805,8558.681105001588,9677.328660450445,4838.664330225222,1.4635941969607913,305,33,0,5354.690143967964,4944.846809734068,10299.536953702032,1652.5762362113155,1652.5762362113155,0.03589201735733039,0.05245084844755541,0.0,0.0,2.625022357969055,0.42118879594327774,0.5198962019397669
142,1420.0,10.0,18.381471604939758,0.15020578328639148,0.0,66.17780979591333,66.97285566060097,5.2930442975803995,0.0,3,1,1,9.29,809.29,0.012752873518823695,99.69191395973577,6255.87300364695,6255.873400415341,0.0,277.4944891056024,8706.151905090417,9793.480701949742,4896.740350974871,1.4614506559123794,305,33,0,5491.728523064487,5071.480305475671,10563.208828540159,1694.7706949525063,1694.7706949525063,0.03581879884625634,0.05239336018538051,0.0,0.0,2.625242252115715,0.42119622060446504,0.5198920718320634
143,1430.0,10.0,18.53167738822615,0.1484673957477228,0.0,66.97285566060097,67.7368555138591,5.145909978486634,0.0,3,1,1,9.285,809.285,0.012810005551935453,99.72144505588572,6181.608337956417,6181.6088908920365,0.0,281.3361470689709,8849.189409301625,9906.553728629768,4953.276864314884,1.459377377056262,305,33,0,5624.863087017421,5194.505305663971,10819.368392681392,1735.7644339478907,1735.7644339478907,0.035747779337289794,0.052337391219370026,0.0,0.0,2.6254428754697936,0.42120299459300864,0.5198883042768263
144,1440.0,10.0,18.680144783973873,0.14683344644165022,0.0,67.7368555138591,68.47189313761216,5.005927747157739,0.0,3,1,1,9.28,809.28,0.012867929842314744,99.75219610943581,6111.886157634048,6111.886902032155,0.0,285.0707839960383,8988.036989627566,10016.681943441654,5008.340971720827,1.457369083420365,305,33,0,5754.290186495886,5314.103034573335,11068.393221069222,1775.618166418194,1775.618166418194,0.03567883735120927,0.052282874714684506,0.0,0.0,2.6256257030577865,0.42120916771274436,0.5198848714140654
145,1450.0,10.0,18.826978230415524,0.1852942135994514,0.04,68.47189313761216,69.1798378193839,4.872490543384037,0.0,4,1,1,9.275,809.275,0.012926625055697938,99.7841275627214,6046.275570218058,6046.276523535852,0.0,288.7035640807887,9122.914619229,10123.989652823579,5061.994826411789,1.4554210413946191,305,33,0,5880.188845832928,5430.438747469652,11310.627593302579,1814.387221640153,1814.387221640153,0.035611863146362256,0.05222974882311869,0.0,0.0,2.6257920643659536,0.42121478485338487,0.5198817481458584
146,1460.0,10.0,19.012272444014975,0.14384121015503665,0.0,69.1798378193839,69.86237392538217,4.74506648868296,0.0,4,1,1,9.27,809.27,0.012986070808153777,99.81720157096757,5984.401413719721,5984.402581007481,0.0,292.23921645523285,9254.02210723711,10228.592323111747,5114.296161555873,1.4535289877650426,305,33,0,6002.722996536815,5543.663788312043,11546.386784848859,1852.1222399680287,1852.1222399680287,0.03554675709419331,0.05217795614770146,0.0,0.0,2.625943162792592,0.4212198866473196,0.5198789117660231
147,1470.0,10.0,19.156113654170014,0.1424669874764881,0.0,69.86237392538217,70.52102544495041,4.623186965871218,0.0,4,1,1,9.265,809.265,0.013046247593402447,99.85138187565589,5925.935242124551,5925.936619934795,0.0,295.68208894161717,9381.541767963638,10330.597494810843,5165.298747405422,1.4516890687575863,305,33,0,6122.043342445784,5653.917308078696,11775.960650524481,1888.8697532471633,1888.8697532471633,0.03548342833871091,0.05212744327950088,0.0,0.0,2.626080091778087,0.42122451001424155,0.5198763416531219
148,1480.0,10.0,19.298580641646502,0.14116497614937348,0.0,70.52102544495041,71.15717651101517,4.506436960621295,0.0,4,1,1,9.26,809.26,0.013107136718368571,99.88663369201275,5870.588041231571,5870.589620441262,0.0,299.0361932810574,9505.64064177914,10430.105576958023,5215.052788479012,1.449897788772134,305,33,0,6238.288929125172,5761.327710611992,11999.616639737163,1924.6726731981244,1924.6726731981244,0.03542179368105539,0.05207816039531795,0.0,0.0,2.6262038482934953,0.4212286886165854,0.5198740190138119
149,1490.0,10.0,19.439745617795875,0.13992935578516688,0.0,71.15717651101517,71.77208867266751,4.394447170873946,0.0,4,1,1,9.255,809.255,0.013168720245761356,99.92292360856466,5818.104293959377,5818.106061809698,0.0,302.30524345696784,9626.47235714123,10527.21053998996,5263.60526999498,1.4481519669975267,305,33,0,6351.588473659197,5866.013877721993,12217.602351381189,1959.5707052368145,1959.5707052368145,0.03536177664426309,0.05203006090690545,0.0,0.0,2.6263153442080185,0.4212324532433463,0.5198719266666226
150,1500.0,10.0,19.579674973581042,0.13875494777609623,0.0,71.77208867266751,72.36691552539011,4.286887511085024,0.0,4,1,1,9.25,809.25,0.013230980942687414,99.96021949706548,5768.2571081037295,5768.25904967234,0.0,305.4926883779365,9744.178702813557,10622.000522382208,5311.000261191104,1.4464487004836408,305,33,0,6462.061498717352,5968.086213978413,12430.147712695765,1993.600701380237,1993.600701380237,0.03530330668357556,0.051983101153949454,0.0,0.0,2.6264154159376165,0.4212358321358634,0.5198700488584865
151,1510.0,10.0,19.71842992135714,0.13763712634540282,0.0,72.36691552539011,72.94271517562906,4.183461726699898,0.0,4,1,1,9.245,809.245,0.013293902234471052,99.99849043138808,5720.844187948092,5720.8462872063,0.0,308.60173991770927,9858.890964089296,10714.558363757988,5357.279181878994,1.4447853325402062,305,33,0,6569.819305512068,6067.647543085215,12637.466848597283,2026.796963007124,2026.796963007124,0.03524631851528157,0.05193724013436122,0.0,0.0,2.626504832688928,0.42123885126617233,0.5198683711080355
152,1520.0,10.0,19.856067047702542,0.13657174430025454,0.0,72.94271517562906,73.50046091817386,4.083902899552823,0.0,4,1,1,9.24,809.24,0.013357468162992898,100.0377066142039,5675.68448158542,5675.686722151547,0.0,311.63539710626156,9970.731065361171,10804.962075056266,5402.481037528133,1.4431594255580396,305,33,0,6674.965813197348,6164.793881220087,12839.759694417437,2059.1915020450324,2059.1915020450324,0.03519075154283584,0.051892439266499765,0.0,0.0,2.6265843035462293,0.4212415345762953,0.5198668800709361
153,1530.0,10.0,19.992638792002797,0.13555507068728379,0.0,73.50046091817386,74.04105042918563,3.9879696736603365,0.0,4,1,1,9.235,809.235,0.013421663348967904,100.07783931046123,5632.615373435663,5632.617739103642,0.0,314.59646710901467,10079.81255264556,10893.285254622086,5446.642627311043,1.441568737523822,305,33,0,6777.598286813438,6259.61510770421,13037.213394517647,2090.814267462126,2090.814267462126,0.03513654936338059,0.05184866217882408,0.0,0.0,2.6266544835985224,0.4212439041851198,0.5198655634235092
154,1540.0,10.0,20.128193862690082,0.13458373815039903,0.0,74.04105042918563,74.56531371898319,3.8954430676586527,0.0,4,1,1,9.23,809.23,0.013486472957673544,100.11886078682565,5591.490319775842,5591.492794878133,0.0,317.48758350924413,10186.2414429541,10979.597457662174,5489.798728831087,1.4400112016369486,305,33,0,6877.8079716492175,6352.195549467056,13230.003521116272,2121.6933426251867,2121.6933426251867,0.03508365934116604,0.05180587452319559,0.0,0.0,2.6267159792648607,0.4212459805682068,0.5198644097616164
155,1550.0,10.0,20.262777600840483,0.1336546982483276,0.0,74.56531371898319,75.07402004271086,3.806123768148427,0.0,4,1,1,9.225,809.225,0.013551882667712744,100.16074425637134,5552.176846645627,5552.179416293422,0.0,320.3112223130424,10290.116962196633,11063.964525339528,5531.982262669764,1.4384849085453544,305,33,0,6975.680648574125,6442.614492712035,13418.29514128616,2151.8551180526733,2151.8551180526733,0.03503203223698019,0.05176404380864603,0.0,0.0,2.6267693529457126,0.4212477827148426,0.5198634085123796
156,1560.0,10.0,20.39643229908881,0.13276518334185738,0.0,75.07402004271086,75.56788393072738,3.719829819726692,0.0,4,1,1,9.22,809.22,0.013617878642456826,100.20346382791585,5514.554846015084,5514.55749624795,0.0,323.0697160205722,10391.532189223897,11146.44887881425,5573.224439407125,1.4369880908033503,305,33,0,7071.297122267168,6530.946632770979,13602.243755038147,2181.324443275277,2181.324443275277,0.03498162188474407,0.05172313925291662,0.0,0.0,2.6268151271044347,0.4212493282658489,0.5198625498567487
157,1570.0,10.0,20.529197482430668,0.1319126739343623,0.0,75.56788393072738,76.04757047171837,3.6363946441543704,0.0,4,1,1,9.215,809.215,0.013684447503864265,100.24699445947647,5478.515118882686,5478.517836750746,0.0,325.76526604710693,10490.574620403982,11227.10978273648,5613.55489136824,1.435519109223431,305,33,0,7164.733652180598,6617.262471209862,13781.996123390461,2210.1247608661997,2210.1247608661997,0.034932384908042236,0.051683131649482,0.0,0.0,2.626853787864168,0.4212506336350304,0.5198618246612906
158,1580.0,10.0,20.66111015636503,0.13109487056318944,0.0,76.04757047171837,76.51369995846021,3.555665334115065,0.0,4,1,1,9.21,809.21,0.013751576308413177,100.29131191539852,5443.958123930146,5443.960897527477,0.0,328.3999537290539,10587.326666573097,11306.003582030497,5653.001791015248,1.4340764408495188,305,33,0,7256.0623343997,6701.628667703893,13957.691002103595,2238.2782251818403,2238.2782251818403,0.03488428047064021,0.05164399324811034,0.0,0.0,2.62688578819054,0.42125171411663853,0.5198612244178584
159,1590.0,10.0,20.79220502692822,0.13030966950803777,0.0,76.51369995846021,76.96685198758213,3.47750117725509,0.0,4,1,1,9.205,809.205,0.013819252524920741,100.33639272676604,5410.792898184329,5410.795716646344,0.0,330.97575011115197,10681.86609215759,11383.183915252543,5691.591957626271,1.4326586683240536,305,33,0,7345.351441206815,6784.108352953318,14129.459794160133,2265.805807932472,2265.805807932472,0.03483727005606664,0.05160569764729416,0.0,0.0,2.6269115507185883,0.4212525839808208,0.51986074119003
160,1600.0,10.0,20.922514696436256,0.12955514171611454,0.0,76.96685198758213,77.40756908961951,3.401772374292159,0.0,4,1,1,9.2,809.2,0.013887464014052619,100.38221415475606,5378.936122317016,5378.938975791747,0.0,333.49452467935976,10774.266404618831,11458.701907338485,5729.350953669243,1.4312644704579982,305,33,0,7432.665724058599,6864.761407898718,14297.427131957316,2292.727392360441,2292.727392360441,0.03479131727216434,0.051568219697123004,0.0,0.0,2.626931470272657,0.42125325655870527,0.5198603675653822
161,1610.0,10.0,21.05206983815237,0.128829514450512,0.0,77.40756908961951,77.83635995338493,3.3283589214343463,0.0,4,1,1,9.195,809.195,0.01395619900935057,100.42875415664106,5348.311308131968,5348.314187733847,0.0,335.9580531780631,10864.597201038876,11532.606344165331,5766.303172082666,1.429892613842819,305,33,0,7518.066684787216,6943.644713666992,14461.711398454208,2319.0618575238386,2319.0618575238386,0.034746387677183944,0.051531535411367915,0.0,0.0,2.626945916120187,0.4212537443184984,0.5198600966128263
162,1620.0,10.0,21.180899352602882,0.12813115525387062,0.0,77.83635995338493,78.25370229863583,3.2571496325308544,0.0,4,1,1,9.19,809.19,0.014025446099627956,100.47599135418054,5318.848089730488,5318.850987481154,0.0,338.36802462896264,10952.924477577513,11604.943831019998,5802.471915509999,1.4285419453682293,305,33,0,7601.612819098148,7020.812375999361,14622.425195097509,2344.8271539538828,2344.8271539538828,0.034702448624540194,0.05149562188771595,0.0,0.0,2.626955233993892,0.4212540589337635,0.5198599218443434
163,1630.0,10.0,21.309030507856754,0.1274585578885252,0.0,78.25370229863583,78.66004544274321,3.1880412805452125,0.0,4,1,1,9.185,809.185,0.014095194212601117,100.52390500417407,5290.4816030139355,5290.4845117751975,0.0,340.7260476514338,11039.310906640412,11675.758936788508,5837.879468394254,1.4272113855299196,305,33,0,7683.359835827742,7096.315927351178,14779.67576317892,2370.0403717645245,2370.0403717645245,0.034659469123798255,0.05146045723523473,0.0,0.0,2.6269597479115654,0.42125421134486607,0.5198598371805654
164,1640.0,10.0,21.436489065745278,0.12688078025500552,0.0,78.66004544274321,78.96824120401226,2.429018490031649,0.0,4,0,0,9.18,809.18,0.014165432599640326,100.57247497097532,5263.1516307666825,5263.154854154659,0.0,378.39454072855517,11157.40301457518,14068.899700661832,7034.449850330916,1.4126347151310175,305,33,0,7750.290508572165,9540.667159664848,17290.957668237013,2919.2439082743176,2919.2439082743176,0.03459406743772029,0.05026219261175725,0.0,0.0,3.0416480545453815,0.5135234684344334,0.448227949965387
165,1650.0,10.0,21.563369846000285,0.1263931746081599,0.0,78.96824120401226,79.26815140186511,2.3728353906974915,0.0,4,0,0,9.175,809.175,0.014243812250920966,100.63442949164008,5242.61084598557,5242.61391273034,0.0,380.4233708160947,11221.839628479473,14139.718425926843,7069.859212963422,1.4114086690219454,305,33,0,7810.959678730941,9615.302361925374,17426.262040656315,2942.148397901833,2942.148397901833,0.03456185869845769,0.05022680422835849,0.0,0.0,3.0415685487683857,0.5135206857322385,0.44822921063091975
166,1660.0,10.0,21.689763020608446,0.12592220658151398,0.0,79.26815140186511,79.56006915550954,2.3182388680225356,0.0,4,0,0,9.17,809.17,0.014322611813112065,100.69687652743879,5222.776407518544,5222.778539405411,0.0,382.4048665144089,11284.75551941182,14208.902248215441,7104.451124107721,1.4101961205719973,305,33,0,7870.215156923302,9688.195630203958,17558.41078712726,2964.52219616634,2964.52219616634,0.034530404634435054,0.05019222468843021,0.0,0.0,3.0414875581267333,0.5135178510597807,0.44823049490864264
167,1670.0,10.0,21.81568522718996,0.125467096648362,0.0,79.56006915550954,79.84427297295005,2.265166127475095,0.0,4,0,0,9.165,809.165,0.014401821430045581,100.75979803978862,5203.613836361469,5203.615386391736,0.0,384.34037436844375,11346.195108100705,14276.496516462214,7138.248258231107,1.4089964045261396,305,33,0,7928.09712763307,9759.39654967985,17687.49367731292,2986.38031245464,2986.38031245464,0.03449968332689949,0.05015843175790494,0.0,0.0,3.04140526231542,0.5135149707063847,0.4482317999526491
168,1680.0,10.0,21.94115232383832,0.12502711457030277,0.0,79.84427297295005,80.12102790387694,2.213559289743216,0.0,4,0,0,9.16,809.16,0.014481431536478132,100.82317653420245,5185.091984611603,5185.093239439434,0.0,386.23118762624625,11406.200893223328,14342.544948526423,7171.272474263212,1.4078088929188195,305,33,0,7984.644184830713,9828.952742919038,17813.59692774975,3007.737162096736,3007.737162096736,0.034469673806621415,0.050125404000700084,0.0,0.0,3.0413218285338814,0.5135120505240309,0.44823312311464486
169,1690.0,10.0,22.06617943840862,0.12460157531166818,0.0,80.12102790387694,80.39058641539339,2.163363591850248,0.0,4,0,0,9.155,809.155,0.014561432835794546,100.88699502137932,5167.181630421684,5167.182833658668,0.0,388.07855040533457,11464.813697066078,14407.089663289564,7203.544831644782,1.406632992385835,305,33,0,8039.893456325544,9896.9100232801,17936.803479605645,3028.606612852762,3028.606612852762,0.034440355931843435,0.05009312076398343,0.0,0.0,3.0412374127177526,0.5135090959704663,0.4482344619244447
170,1700.0,10.0,22.19078101372029,0.1241898351947222,0.0,80.39058641539339,80.6531895799705,2.1145302605915277,0.0,4,0,0,9.15,809.15,0.014641816291060355,100.95123700063567,5149.857834746355,5149.856699151112,0.0,389.8836602346395,11522.072547962753,14470.17146767988,7235.08573383994,1.4054681416683217,305,33,0,8093.88067995089,9963.312488191743,18057.193168142632,3049.0020141540813,3049.0020141540813,0.03441171044636905,0.05006156203336,0.0,0.0,3.041152159371217,0.5135061121033376,0.4482358140926633
171,1710.0,10.0,22.314970848915014,0.12379121568821742,0.0,80.6531895799705,80.90916271465699,2.0677810882089034,30.975890425822204,4,0,0,9.145,809.145,0.014722573089292843,101.01588639883016,5133.092204785811,5133.088996926827,0.0,391.0136845481668,11559.007762803109,14508.571207074681,9698.024322251027,1.396786108718443,306,33,210,8127.684840442175,10004.892315185614,18132.57715562779,3068.9437916188517,3068.9437916188517,0.03439323165891794,0.05004235152047464,0.0,0.7648651606068355,3.0339941517867763,0.5135043648797621,0.44823660589910097
172,1720.0,10.0,22.43876206460323,0.12340514999904799,0.0,80.90916271465699,81.15862781235334,2.021512859862696,31.172821958032575,4,0,0,9.14,809.14,0.014815708140521163,101.10091673359155,5116.850373606845,5116.84939145962,0.0,392.72652018620937,11613.336637225386,14568.431375188573,9743.475460608728,1.3954563917755962,306,33,210,8178.915128727829,10067.900102686132,18246.81523141396,3088.436937991334,3088.436937991334,0.034366044478948615,0.05001239345475134,0.0,0.7696073169485751,3.033821046656724,0.5135013899641535,0.44823795413058715
173,1730.0,10.0,22.56216721460228,0.12303117640448707,0.0,81.15862781235334,81.40179454958856,1.976464375466594,31.365346992305213,4,0,0,9.135,809.135,0.01490933615872348,101.1864843495609,5101.120260572994,5101.121238239862,0.0,394.4005657274905,11666.424520138005,14626.946528361364,9787.906267946022,1.3941339513207902,306,33,210,8228.986708854103,10129.480591895266,18358.46730074937,3107.4931924023404,3107.4931924023404,0.03433947396218923,0.049983102085973334,0.0,0.7742411932380302,3.033648985344514,0.5134983991670996,0.4482393096355166
174,1740.0,10.0,22.685198391006768,0.16266878854608555,0.04,81.40179454958856,81.63886344538449,1.932593438035474,31.553581694730603,5,0,0,9.13,809.13,0.015003446743842824,101.27257015421112,5085.880278891048,5085.882962295117,0.0,396.0368575076219,11718.305186901347,14684.151980273447,9831.343571910817,1.392818304516245,306,33,210,8277.930509419482,10189.67194325531,18467.602452674793,3126.1240928657835,3126.1240928657835,0.034313503438990214,0.049954460086264564,0.0,0.7787697193854267,3.0334780572839932,0.513495396295023,0.4482406706897966
175,1750.0,10.0,22.847867179552853,0.12231750835772642,0.0,81.63886344538449,81.87002639815738,1.8898598890425546,31.737638212638743,5,0,0,9.125,809.125,0.015098029742903061,101.35915552966677,5071.1100564845565,5071.114203800271,0.0,397.63639576693754,11769.011198452754,14740.081852676416,9873.813286921337,1.3915089944907675,306,33,210,8325.77638211705,10248.510987762118,18574.287369879166,3144.3407779960617,3144.3407779960617,0.03428811683797338,0.049926450710205364,0.0,0.7831957218985679,3.033308344309658,0.513492384893075,0.44824203568738114
176,1760.0,10.0,22.97018468791058,0.12197688405787226,0.0,81.87002639815738,82.09546718266691,1.8482254752676455,31.917624868738034,5,0,0,9.12,809.12,0.015193075242623803,101.44622231883645,5056.790349210985,5056.795731158061,0.0,399.20014638478256,11818.573962064665,14794.769130254173,9915.340456921935,1.390205588805652,306,33,210,8372.55315351038,10306.03329080846,18678.58644431884,3162.1540062776457,3162.1540062776457,0.034263298655944255,0.04989905776784577,0.0,0.7875219288907217,3.033139921166506,0.5134893682618336,0.4482434031327313
177,1770.0,10.0,23.092161571968454,0.12164648831406938,0.0,82.09546718266691,82.31536191059547,1.807653726598619,32.093646342573045,5,0,0,9.115,809.115,0.015288573562347077,101.53375281211025,5042.902961577126,5042.90936159517,0.0,400.7290425017884,11867.023788016362,14848.245712102864,9955.949295447354,1.3889076780334624,306,33,210,8418.288673461933,10362.273211907292,18780.561885369225,3179.5741740784956,3179.5741740784956,0.034239033929842906,0.04987226559940194,0.0,0.7917509747644567,3.0329728559836653,0.5134863494728271,0.4482447716338083
178,1780.0,10.0,23.213808060282524,0.12132591656245553,0.0,82.31536191059547,82.52987945796654,1.7681098437088167,32.26580384034435,5,0,0,9.11,809.11,0.015384515247256866,101.62172973458864,5029.430674192977,5029.437888515324,0.0,402.223986039263,11914.389942525038,14900.542460092496,9995.663223209198,1.387614874439628,306,33,210,8463.009860486976,10417.263960630558,18880.273821117535,3196.611332510473,3196.611332510473,0.034215308210559923,0.049846059051503445,0.0,0.7958854045978194,3.0328072107147617,0.5134833313829794,0.4482461398955519
179,1790.0,10.0,23.33513397684498,0.12101478546698596,0.0,82.52987945796654,82.73918186228181,1.7295605946627801,32.4341952540309,5,0,0,9.105,809.105,0.015480891061874206,101.71013623381235,5016.357177298383,5016.3650149380765,0.0,403.6858491239385,11960.70069724661,14951.689244349294,10034.504903398381,1.386326810757825,306,33,210,8506.742744279496,10471.03764906641,18977.780393345907,3213.2752032298154,3213.2752032298154,0.034192107538462094,0.04982042345487142,0.0,0.799927678256657,3.032643041547699,0.5134803166480635,0.44824750671380814
180,1800.0,10.0,23.456148762311965,0.12071273150481036,0.0,82.73918186228181,82.9434246919656,1.6919742196012977,32.59891531066545,5,0,0,9.1,809.1,0.015577691983811821,101.79895586796503,5003.667009766708,5003.675292427923,0.0,405.11547542552387,12005.983375626247,15001.714986075347,10072.496274878966,1.3850431390510303,306,33,210,8549.512505632865,10523.62534106873,19073.137846701597,3229.575193261774,3229.575193261774,0.03416941842048728,0.04979534460331888,0.0,0.803880174254631,3.0324803992862694,0.5134773077352425,0.4482488709696696
181,1810.0,10.0,23.576861493816775,0.12041940966573518,0.0,82.9434246919656,83.14275739044757,1.6553203427527479,32.76005571253224,5,0,0,9.095,809.095,0.01567490919777356,101.88817259452239,4991.345503058896,4991.354064984762,0.0,406.51368141381096,12050.264396351267,15050.647697902798,10109.658583432698,1.3837635296509543,306,33,210,8591.343513957061,10575.057098547002,19166.40061250406,3245.52040892555,3245.52040892555,0.03414722780868208,0.049770808733974194,0.0,0.8077451933804227,3.032319329705812,0.513474306934769,0.44825023162419514
182,1820.0,10.0,23.69728090348251,0.12013449225502022,0.0,83.14275739044757,83.33732359698618,1.6195698910982628,32.91770526898488,5,0,0,9.09,809.09,0.01577253408978495,101.97777075932372,4979.378729658731,4979.387417424831,0.0,407.88125754145494,12093.569314134704,15098.514521962294,10146.012411199237,1.3824876701692803,306,33,210,8632.259362575429,10625.362025021572,19257.621387597,3261.119668928582,3261.119668928582,0.03412552308006783,0.04974680250863765,0.0,0.8115249621098359,3.0321598738848885,0.5134713163709098,0.4482515877134802
183,1830.0,10.0,23.81741539573753,0.11985766778991426,0.0,83.33732359698618,83.52726144613239,1.584695019088167,33.07195002051805,5,0,0,9.085,809.085,0.0158705582416423,102.0677350860434,4967.753455569814,4967.762127832144,0.0,409.2189693579925,12135.922858036613,15145.341765829555,10181.577704443986,1.381215264574775,306,33,210,8672.282901967359,10674.568306648809,19346.851208616168,3276.3815166928716,3276.3815166928716,0.03410429201773129,0.049723312996189026,0.0,0.8152216358188829,3.0320020685148226,0.513468338012151,0.4482529383440514
184,1840.0,10.0,23.937273063527446,0.11958863998135047,0.0,83.52726144613239,83.71270384755226,1.5506690388719107,33.22287335566931,5,0,0,9.08,809.08,0.01596897342556852,102.15805066604143,4956.457096501042,4956.465623705298,0.0,410.52755856015796,12177.348967510692,15191.154936499841,10216.3737997739,1.3799460323309118,306,33,210,8711.436271108232,10722.7032509023,19434.139522010533,3291.3142319703984,3291.3142319703984,0.03408352279304617,0.049700327655971,0.0,0.8188373018124963,3.031845946188752,0.5134653736807412,0.4482542826885603
185,1850.0,10.0,24.056861703508797,0.11932712679311754,0.0,83.71270384755226,83.89377874776608,1.5174663555567804,33.37055612127615,5,0,0,9.075,809.075,0.016067771599064883,102.24870294857374,4945.4776774048005,4945.485941463892,0.0,411.8077439831143,12217.87082634688,15235.97877252741,10250.419448911302,1.3786797075891466,306,33,210,8749.740927044555,10769.793323079733,19519.53425012429,3305.925841799584,3305.925841799584,0.034063203948940045,0.049677834322080054,0.0,0.8223739821822212,3.03169153567171,0.5134624250616202,0.44825561998175456
186,1860.0,10.0,24.176188830301914,0.11907285957161365,0.0,83.89377874776608,84.07060937521722,1.485062407061696,33.51507672656727,5,0,0,9.07,809.07,0.01616694489994857,102.33967773134412,4934.803795068444,4934.811689013638,0.0,413.060222536811,12257.5108946652,15279.837274455534,10283.732842126235,1.3774160384334555,306,33,210,8787.21767283032,10815.864180790417,19603.081853620737,3320.224130850226,3320.224130850226,0.034043324384129055,0.04965582118850182,0.0,0.8258336365050742,3.0315388621531247,0.5134594937107779,0.4482569495167057
187,1870.0,10.0,24.295261689873527,0.11882558223998993,0.0,84.07060937521722,84.24331446995572,1.4534336081745096,33.65651124152553,5,0,0,9.065,809.065,0.016266485641566544,102.4309611513812,4924.424583489237,4924.432011099959,0.0,414.28567009131865,12296.290939102293,15322.753733652284,10316.331630419565,1.3761547861721344,306,33,210,8823.886683939601,10860.940706564978,19684.82739050458,3334.216651200209,3334.216651200209,0.03402387333824961,0.04963427679503345,0.0,0.8292181643947147,3.031387947482999,0.5134565810630844,0.4482582706412758
188,1880.0,10.0,24.414087272113516,0.11858505055111054,0.0,84.24331446995572,84.4120084991055,1.4225572984603787,33.7949334899231,5,0,0,9.06,809.06,0.016366386308177033,102.52253967622443,4914.329681790662,4914.3365572071325,0.0,415.4847423146671,12334.232061319843,15364.750759657963,10348.232946541308,1.374895724673233,306,33,210,8859.767533260872,10905.047038716935,19764.814571977808,3347.910731583641,3347.910731583641,0.03400484037782257,0.049613190013939996,0.0,0.8325294079151351,3.031238810392943,0.5134536884396306,0.44825958275480554
189,1890.0,10.0,24.532672322664627,0.11835103139430633,0.0,84.4120084991055,84.57680185918062,1.392411693701979,33.93041513739552,5,0,0,9.055,809.055,0.016466639550490388,102.6144000954047,4904.509204461197,4904.515451784175,0.0,416.6580754664202,12371.354724953137,15405.850306141543,10379.45342492186,1.3736386397403202,306,33,210,8894.879214769642,10948.20660057504,19843.085815344682,3361.3134861467233,3361.3134861467233,0.03398621538299084,0.0495925500372964,0.0,0.8357691538662249,3.0310914667031303,0.5134508170546107,0.4482608853050074
190,1900.0,10.0,24.651023354058932,0.11812330215138957,0.0,84.57680185918062,84.73780106622301,1.362975840584386,34.063025774890946,5,0,0,9.05,809.05,0.01656723818136166,102.7065295122058,4894.953713719413,4894.959266600138,0.0,417.80628714995123,12407.678781107614,15446.0736955558,10410.009220587513,1.3723833285255744,306,33,210,8929.240165968014,10990.4421281954,19919.682294163416,3374.431822744664,3374.431822744664,0.033967988534976394,0.049572346364970134,0.0,0.8389391359498001,3.030945929516142,0.5134479680217819,0.448262177785051
191,1910.0,10.0,24.76914665621032,0.11790165009783235,0.0,84.73780106622301,84.89510893464985,1.3342295743639625,34.19283299780375,5,0,0,9.045,809.045,0.01666817517162774,102.79891533569369,4885.654193827692,4885.65899505059,0.0,418.92997702614923,12443.223492502693,15485.441642573922,10439.916027126004,1.371129598977442,306,33,210,8962.868289172802,11031.775696653813,19994.643985826617,3387.272450810251,3387.272450810251,0.033950150304207394,0.04955256879320337,0.0,0.8420410368239923,3.0308022093986278,0.5134451423605276,0.44826345973082654
192,1920.0,10.0,24.887048306308152,0.11768587184540139,0.0,84.89510893464985,85.04882474562314,1.306153479282648,34.319902481076504,5,0,0,9.04,809.04,0.016769443646082367,102.8915452730018,4876.602027192117,4876.606028254077,0.0,420.0297274910634,12478.00755635384,15523.974276383724,10469.18909376265,1.369877269320369,306,33,210,8995.780971727076,11072.228745010489,20068.009716737564,3399.8418888222204,3399.8418888222204,0.033932691439069775,0.04953320740375679,0.0,0.8450764900532677,3.0306603145515956,0.5134423410015527,0.4482647307183739
193,1930.0,10.0,25.004734178153555,0.11747577282318872,0.0,85.04882474562314,85.19904440525059,1.2787288478071788,34.444298050532,5,0,0,9.035,809.035,0.01687103687958266,102.98440732186081,4867.7889691051405,4867.79213279259,0.0,421.10610431990074,12512.049126329053,15561.69116166433,10497.8432414801,1.3686261675645186,306,33,210,9027.995105207026,11111.822100036357,20139.817205243384,3412.146471399559,3412.146471399559,0.033915602955116655,0.04951425255370488,0.0,0.8480470819607696,3.0305202509711284,0.5134395647922704,0.44826599036145154
194,1940.0,10.0,25.122209950976742,0.11727116674316318,0.0,85.19904440525059,85.34586066764096,1.2519382766261515,34.56608175032316,5,0,0,9.03,809.03,0.01697294829352662,103.0774897637706,4859.207637167868,4859.209429988469,0.0,422.15965725903703,12545.36579007879,15598.61136052368,10525.892899312075,1.367376131002835,306,33,210,9059.527103132028,11150.575997970443,20210.10310110247,3424.1923559699753,3424.1923559699753,0.033898876146279906,0.049495694844369865,0.0,0.8509543533807375,3.0303820224265308,0.5134368144958009,0.44826723831200177
195,1950.0,10.0,25.239481117719905,0.11707187517288528,0.0,85.34586066764096,85.48936316784561,1.2257640871706372,34.685313967144694,5,0,0,9.025,809.025,0.017075171444424258,103.17078114403942,4850.850246979911,4850.85037237159,0.0,423.1909211672934,12577.974709673626,15634.753368145935,10553.352081969218,1.3661270058284092,306,33,210,9090.392934913061,11188.5101266565,20278.90306156956,3435.985535189393,3435.985535189393,0.03388250251529216,0.04947752515461629,0.0,0.8537998027584329,3.030245630952045,0.5134340908090625,0.4482684742519538
196,1960.0,10.0,25.35655299289279,0.11687772721752704,0.0,85.48936316784561,85.6296385113793,1.200188837284759,34.80205340401809,5,0,0,9.02,809.02,0.017177700031172347,103.26427028301049,4842.709023288121,4842.707731804865,0.0,424.2004157979583,12609.89258058654,15670.13513927735,10580.23440101825,1.3648786467563743,306,33,210,9120.60811933155,11225.64361753234,20346.251736863887,3447.5318343500476,3447.5318343500476,0.033866473794235456,0.04945973462761631,0.0,0.8565848856526427,3.0301110769322412,0.5134313943640798,0.44826969789263865
197,1970.0,10.0,25.47343072011032,0.11668855909502655,0.0,85.6296385113793,85.76677048629107,1.1751964029317605,34.91635710280711,5,0,0,9.015,809.015,0.01728052789644262,103.35794627745648,4834.777077475344,4834.774585028566,0.0,425.18864598639794,12641.135564428305,15704.774167998226,10606.553106548045,1.3636309165843283,306,33,210,9150.187730200625,11261.995052475906,20412.18278267653,3458.836913571108,3458.836913571108,0.033850781978001024,0.04944231463059322,0.0,0.8593110153979651,3.029978358969426,0.5134287257225341,0.4482709089772718
198,1980.0,10.0,25.590119279205346,0.11650421370809025,0.0,85.76677048629107,85.90084018152092,1.1507712121535405,35.028280569752994,5,0,0,9.01,809.01,0.017383649014629878,103.45179847960664,4827.047801416282,4827.04429294296,0.0,426.1561027780212,12671.71937422156,15738.687477646523,10632.321092037508,1.3623836858153353,306,33,210,9179.146429991923,11297.58250537616,20476.728935368083,3469.9062802939247,3469.9062802939247,0.03383541928201047,0.049425256760472644,0.0,0.8619795662185645,3.0298474741187773,0.5134260853850799,0.4482721072767339
199,1990.0,10.0,25.706623492913437,0.11632454029951653,0.0,85.90084018152092,86.03192609895005,1.1268982202002007,35.137877828053334,5,0,0,9.005,809.005,0.017487057488701083,103.54581649105386,4819.514853050613,4819.510485871361,0.0,427.1032639039921,12701.65929026342,15771.891636669392,10657.550906432414,1.3611368323085573,306,33,210,9207.498484020341,11332.42355966247,20539.92204368281,3480.745294513558,3480.745294513558,0.03382037813443608,0.04940855283618528,0.0,0.864591874594538,3.029718417997932,0.5134234737950603,0.44827329258789317
200,2000.0,10.0,25.822948033212953,0.11614939412910157,0.0,86.03192609895005,86.16010425955305,1.103562886092459,35.245201468072395,5,0,0,9.0,809.0,0.017590747547136344,103.63999015683498,4812.1721428593255,4812.167049751226,0.0,428.03059423561365,12730.97017525507,15804.402773785841,10682.254765690801,1.3598902409479772,306,33,210,9235.25777399247,11366.53532504844,20601.79309904091,3491.359173774913,3491.359173774913,0.03380565116878225,0.049392194891305995,0.0,0.8671492405665425,3.0295911848899584,0.5134208913420056,0.44827446473202404
201,2010.0,10.0,25.939097427342055,0.11597863617054285,0.0,86.16010425955305,86.28544830402981,1.0807511505174716,35.3503026953193,5,0,0,8.995,808.995,0.01769471354095823,103.73430955967784,4805.013821178501,4805.008113184793,0.0,428.93854621859714,12759.666488741357,15836.236592498453,10706.44456382671,1.3586438033280481,306,33,210,9262.43781095493,11399.93445353488,20662.372264489808,3501.752997947021,3501.752997947021,0.033791231216806904,0.04937617516701075,0.0,0.8696529289822076,3.0294657678401293,0.5134183383649336,0.44827562355331696
202,2020.0,10.0,26.055076063512598,0.11581213282688883,0.0,86.28544830402981,86.4080295882664,1.058449414966026,35.453231376320964,5,0,0,8.99,808.99,0.017798949940846034,103.82876501440863,4798.034266289743,4798.028035286511,0.0,429.8275602883475,12787.762300900275,15867.408384989561,10730.131883479946,1.3573974174552128,306,33,210,9289.051747676389,11432.637154713448,20721.688902389837,3511.9317137880303,3511.9317137880303,0.033777111301762905,0.0493604861053337,0.0,0.8721041706876093,3.0293421587468776,0.5134158151554564,0.44827676891747376
203,2030.0,10.0,26.170888196339487,0.11564975566320428,0.0,86.4080295882664,86.52791727394823,1.0366445220253808,35.554036082508205,5,0,0,8.985,808.985,0.017903451334331747,103.923347062514,4791.228073230698,4791.221394269802,0.0,430.6980652673196,12815.271305719692,15897.933045434947,10753.328006037744,1.3561509874642939,306,33,210,9315.11239049475,11464.659210409887,20779.771600904638,3521.9001393126755,3521.9001393126755,0.03376328463194103,0.04934512034270831,0.0,0.8745041636668677,3.0292203484473044,0.5134133219607139,0.44827790071038226
204,2040.0,10.0,26.28653795200269,0.11549138115522906,0.0,86.52791727394823,86.64517841462532,1.0153237367512247,35.6527641322249,5,0,0,8.98,808.98,0.018008212423074706,104.01804646685204,4784.590043275546,4784.582976720357,0.0,431.550478745424,12842.206833595712,15927.825082765887,10776.043921332455,1.3549044233488554,306,33,210,9340.632210658796,11496.015988702802,20836.648199361596,3531.662967973117,3531.662967973117,0.03374974459449744,0.04933007070377701,0.0,0.8768540741327137,3.0291003267975527,0.513410858986137,0.4482790188368674
205,2050.0,10.0,26.40202933315792,0.11533689045290824,0.0,86.64517841462532,86.75987803750739,0.9944747290451688,35.74946163096312,5,0,0,8.975,808.975,0.018113228020212032,104.11285420650705,4778.115174037081,4778.107767507565,0.0,432.38520744440495,12868.581863385101,15957.098632908564,10798.29033693785,1.3536576407046792,306,33,210,9365.623355191712,11526.722457351954,20892.345812543666,3541.2247726633605,3541.2247726633605,0.0337364847495495,0.04931533019545541,0.0,0.8791550375706876,3.0289820827483913,0.5134084263980563,0.4482801232195111
