sample_index,distance_m,step_m,time_s,dt_s,shift_loss_s,speed_mps,exit_speed_mps,acceleration_mps2,lateral_acceleration_mps2,gear,drs,drs_zone,fuel_kg,mass_kg,tyre_wear,tyre_temperature_c,engine_force_n,available_engine_force_n,brake_force_n,rolling_force_n,front_tyre_load_n,rear_tyre_load_n,max_wheel_load_n,tyre_mu,segment_id,sector_id,radius_m,front_downforce_n,rear_downforce_n,downforce_n,drag_n,drag_longitudinal_n,front_height_m,rear_height_m,yaw_deg,roll_deg,cl_down,cd,front_aero_fraction
0,0.0,10.0,0.0,0.12067744427666661,0.0,82.81391927972436,82.91713443854755,0.8552978515732775,0.0,5,0,0,10.0,810.0,0.0,85.0,4999.1603488558085,4999.159605061237,0.0,422.09975306470244,12471.795870020378,15668.187667626451,7834.0938338132255,1.448374797857106,201,21,0,8955.004550001575,11241.592487645254,20196.59703764683,3884.269336016751,3884.269336016751,0.02534588674948377,0.052555163527220276,0.0,0.0,3.205308405649427,0.6164544021615749,0.44339175224961325
1,10.0,10.0,0.12067744427666663,0.12052920396003444,0.0,82.91713443854755,83.01775389467066,0.8348139107969018,0.0,5,0,0,9.995,809.995,8.675253107706775e-05,85.12770792034648,4992.9279451671855,4992.936656618641,0.0,422.83080267032284,12494.856967200021,15693.863210821504,7846.931605410752,1.4484571843245773,201,21,0,8976.704698302185,11268.678012969342,20245.382711271526,3893.9020488209258,3893.9020488209258,0.025333833736918804,0.05254154468943924,0.0,0.0,3.2050567280631155,0.616445593446054,0.4433951595938191
2,20.0,10.0,0.24120664823670107,0.12038503602810796,0.0,83.01775389467066,83.115850910916,0.8148605464754837,0.0,5,0,0,9.99,809.99,0.0001736522164790042,85.25523570522583,4986.876762146497,4986.885100809464,0.0,423.544169971087,12517.358355044758,15718.91964302771,7859.459821513855,1.4485333726249625,201,21,0,8997.880967806399,11295.10859676607,20292.98956457247,3903.3036981357327,3903.3036981357327,0.025322070737653052,0.052528250665885026,0.0,0.0,3.2048106358670614,0.6164369802191921,0.44339849183754143
3,30.0,10.0,0.36159168426480903,0.12024480937251941,0.0,83.115850910916,83.2114949792491,0.7954112017991065,0.0,5,0,0,9.985,809.985,0.00026069540166986693,85.38257787333694,4980.991745121531,4980.9993576764,0.0,424.2403192372707,12539.315563300575,15743.372385850804,7871.686192925402,1.4486032276550198,201,21,0,9018.547095045511,11320.901453855866,20339.448548901375,3912.480283595011,3912.480283595011,0.02531058980727678,0.052515273475662136,0.0,0.0,3.204569998868659,0.616428557924248,0.44340175070934473
4,40.0,10.0,0.48183649363732844,0.12010839903541908,0.0,83.2114949792491,83.30475334824835,0.7764516865448968,0.0,5,0,0,9.98,809.98,0.00034787861014675683,85.50972925784704,4975.2675345207845,4975.27415056347,0.0,424.91969192641733,12560.742610734595,15767.236851026562,7883.618425513281,1.4486666248675908,201,21,0,9038.716140340232,11346.072954420924,20384.789094761156,3921.4375055267315,3921.4375055267315,0.025299383771530237,0.0525026051648304,0.0,0.0,3.204334698226104,0.6164203224017586,0.4434049377858494
5,50.0,10.0,0.6019448926727475,0.11997568491558237,0.0,83.30475334824835,83.39569111324779,0.7579682921870698,0.0,5,0,0,9.975,809.975,0.0004351984562467619,85.6366848602654,4969.698987401919,4969.704408934609,0.0,425.5827167970008,12581.653108669034,15790.528011131019,7895.264005565509,1.4487234473720425,201,21,0,9058.400789103553,11370.6389969465,20429.039786050052,3930.180903140697,3930.180903140697,0.025288445660912227,0.052490238000612026,0.0,0.0,3.2041046176309838,0.6164122695809294,0.44340805461101856
6,60.0,10.0,0.72192057758833,0.1198465515325898,0.0,83.39569111324779,83.48437130190992,0.7399477709461735,0.0,5,0,0,9.97,809.97,0.0005226516424246611,85.7634398453535,4964.281166403112,4964.285258309157,0.0,426.2298103492634,12602.060275383075,15813.260414567818,7906.630207283909,1.4487735856184991,201,21,0,9077.613364827514,11394.61502462338,20472.228389450895,3938.7158600205776,3938.7158600205776,0.025277768703574257,0.05247816446403931,0.0,0.0,3.2038796432540004,0.616404395477735,0.4434111026968175
7,70.0,10.0,0.8417671291209199,0.1197208878049783,0.0,83.48437130190992,83.57085495551135,0.7223773159978009,0.0,5,0,0,9.965,809.965,0.0006102349566312201,85.88998953621953,4959.0093293753,4959.012010796908,0.0,426.8613772466323,12621.976949864975,15835.448199910516,7917.724099955258,1.448816937096902,201,21,0,9096.365841498487,11418.016041027004,20514.381882525493,3947.0476093765083,3947.0476093765083,0.025267346318532072,0.05246637724291371,0.0,0.0,3.2036596636920387,0.6163966961930664,0.44341408352385847
8,80.0,10.0,0.9614880169258982,0.11959858684138992,0.0,83.57085495551135,83.6552012062035,0.7052445427637395,0.0,5,0,0,9.96,809.96,0.0006979452697873723,86.01632940958876,4953.8789196471835,4953.880156190713,0.0,427.4778107187868,12641.415604951177,15857.105109634613,7928.552554817306,1.4488534060500322,201,21,0,9114.669855472588,11440.856625113202,20555.526480585788,3955.181239071478,3955.181239071478,0.025257172109176614,0.052454869225059625,0.0,0.0,3.2034445699165204,0.6163891679109232,0.44341699854203104
9,90.0,10.0,1.0810866037672882,0.11947954574382139,0.0,83.6552012062035,83.73746735049173,0.68853747121384,0.0,5,0,0,9.955,809.955,0.0007857795333498511,86.14245509124183,4948.885556878289,4948.885353577986,0.0,428.0794929473822,12660.38835988686,15878.244503271953,7939.122251635977,1.448882903199689,201,21,0,9132.536716840777,11463.150945568035,20595.68766240881,3963.121696433901,3963.121696433901,0.025247239857067665,0.052443633491856954,0.0,0.0,3.203234255223008,0.6163818068966502,0.4434198491711183
10,100.0,10.0,1.2005661495111095,0.11928438403272905,0.0,83.73746735049173,83.92907309551028,1.6062936198419266,0.0,5,1,1,9.95,809.95,0.000873734776964095,86.26836235161338,4944.024849065253,4944.023423435541,0.0,385.9959292170716,12628.334935864563,13104.72701194021,6552.363505970105,1.4633851576101453,201,21,0,9162.44978693881,8627.71599336596,17790.16578030477,3257.0114024572126,3257.0114024572126,0.025269067673481544,0.05386762235300529,0.0,0.0,2.7614593305346187,0.5055660884807692,0.5150289154181139
11,110.0,10.0,1.3198505335438386,0.11901552190355955,0.0,83.92907309551028,84.11623460986924,1.572580713552861,0.0,5,1,1,9.945,809.945,0.0009528863177250767,86.37920220931731,4932.73899936006,4932.736472960603,0.0,387.1820112902006,12671.444728931103,13140.68935708227,6570.344678541135,1.4631481622710272,201,21,0,9203.305509021817,8665.981442741557,17869.286951763374,3271.8531020312876,3271.8531020312876,0.025246592040800618,0.05384860373272106,0.0,0.0,2.761090671023656,0.5055536408008109,0.5150348491165518
12,120.0,10.0,1.4388660554473982,0.11875404832919054,0.0,84.11623460986924,84.29907654280217,1.5396690513327485,0.0,5,1,1,9.94,809.94,0.0010322789502483103,86.49007436657017,4921.76463384124,4921.760964695226,0.0,388.34275197386086,12713.629366560648,13175.887431696741,6587.943715848371,1.4629122072833936,201,21,0,9243.290183730353,8703.428513527037,17946.71869725739,3286.382330430932,3286.382330430932,0.025224591288526953,0.05382998111381885,0.0,0.0,2.7607285571177367,0.5055414141312816,0.5150406790040626
13,130.0,10.0,1.5576201037765887,0.11849970212845481,0.0,84.29907654280217,84.47771901673273,1.5075352150414347,0.0,5,1,1,9.935,809.935,0.0011119074893817373,86.60097008835314,4911.0908502111315,4911.085826542772,0.0,389.4787683773886,12754.911597469367,13210.339627689873,6605.1698138449365,1.4626769805800612,201,21,0,9282.424978181416,8740.077179227825,18022.50215740924,3300.6065474391585,3300.6065474391585,0.025203053982663065,0.053811745232321816,0.0,0.0,2.7603728753584242,0.5055294046412907,0.5150464068256646
14,140.0,10.0,1.6761198059050435,0.11825223427035633,0.0,84.47771901673273,84.65227775165503,1.476155913665116,0.0,5,1,1,9.93,809.93,0.0011917668763284925,86.71188087895706,4900.70661195984,4900.700502081477,0.0,390.5906590880586,12795.31352786136,13244.063744675881,6622.0318723379405,1.462442184488208,201,21,0,9320.73042559926,8775.946812437982,18096.677238037242,3314.532993716994,3314.532993716994,0.0251819690045859,0.05379388711382305,0.0,0.0,2.7600235138619653,0.5055176085531161,0.5150520343042921
15,150.0,10.0,1.7943720401753998,0.11801140717299817,0.0,84.65227775165503,84.82286434779567,1.44550938105981,0.0,5,1,1,9.925,809.925,0.0012718521799063634,86.82279848328164,4890.601882075528,4890.594925449669,0.0,391.6790043811465,12834.856533966868,13277.0770914429,6638.53854572145,1.4622075352368205,201,21,0,9358.226432192274,8811.056191967493,18169.282624159765,3328.1686922395147,3328.1686922395147,0.025161325596531947,0.053776398024716454,0.0,0.0,2.759680363077101,0.505506022167792,0.5150575631284751
16,160.0,10.0,1.9123834473483976,0.11777699398734848,0.0,84.82286434779567,84.98958647896245,1.4155746850245579,0.0,5,1,1,9.92,809.92,0.0013521585885483186,86.93371487272455,4880.767078714248,4880.759488414503,0.0,392.7443673734592,12873.561348306192,13309.396476591091,6654.698238295546,1.4619727621705483,201,21,0,9394.932316780783,8845.4235401165,18240.355856897284,3341.5204624456987,3341.5204624456987,0.025141113318022257,0.053759269476380864,0.0,0.0,2.7593433153322753,0.5054946418498196,0.5150629949595116
17,170.0,10.0,2.030160441335746,0.11754877798205102,0.0,84.98958647896245,85.15254807435359,1.3863316845031022,0.0,5,1,1,9.915,809.915,0.0014326814067669644,87.04462223854486,4871.193049001042,4871.185013972009,0.0,393.78729468975604,12911.448085367902,13341.038227282503,6670.519113641251,1.4617376071567376,201,21,0,9430.866833584929,8879.066544315476,18309.933377900405,3354.594928056956,3354.594928056956,0.025121322033339995,0.053742493216159815,0.0,0.0,2.7590122648002637,0.505483464025974,0.5150683314319281
18,180.0,10.0,2.147709219317797,0.11732655197100199,0.0,85.15254807435359,85.31184948966182,1.3577609895806746,0.0,5,1,1,9.91,809.91,0.001513416051753765,87.1555129854729,4861.871044660708,4861.862731794039,0.0,394.80831709498204,12948.536265929244,13372.018207069563,6686.009103534781,1.461501824025641,201,21,0,9466.048193843517,8912.00237765529,18378.050571498807,3367.398524494442,3367.398524494442,0.025101941899670854,0.053726061218784045,0.0,0.0,2.7586871074637704,0.5054724851841418,0.5150735741539273
19,190.0,10.0,2.265035771288799,0.11711011778021267,0.0,85.31184948966182,85.46758766823733,1.3298439240560582,0.0,5,1,1,9.905,809.905,0.0015943580501063543,87.26637972555446,4852.792699328459,4852.784255370867,0.0,395.80795009453215,12984.844840109423,13402.351832859385,6701.175916429693,1.4612651780414843,201,21,0,9500.49408633964,8944.247718379169,18444.74180471881,3379.9375059213053,3379.9375059213053,0.02508296335586179,0.05370996567820907,0.0,0.0,2.758367741081951,0.505461701872191,0.5150787247078233
20,200.0,10.0,2.3821458890690117,0.11689928575080132,0.0,85.46758766823733,85.61985629300949,1.3025624903881634,0.0,5,1,1,9.9,809.9,0.0016755030346776876,87.37721527221824,4843.950007403992,4843.9415607123365,0.0,396.7866945045911,13020.392209239393,13432.05409106668,6716.02704553334,1.4610274454022842,201,21,0,9534.221696903174,8975.8187684029,18510.040465306076,3392.2179519340266,3392.2179519340266,0.02506437711175707,0.05369419899984225,0.0,0.0,2.7580540651578174,0.5054511106968702,0.5150837846504686
21,210.0,10.0,2.499045174819813,0.11669387427524668,0.0,85.61985629300949,85.76874592981035,1.2758993368381197,0.0,5,1,1,9.895,809.895,0.0017568467415411536,87.48801263455593,4835.335304327978,4835.3269664831405,0.0,397.7450369944351,13055.19624662464,13461.139553004365,6730.569776502182,1.4607884127664639,201,21,0,9567.247726954518,9006.731270924489,18573.978997879007,3404.245773925034,3404.245773925034,0.025046174138074084,0.05367875379313565,0.0,0.0,2.7577459809064693,0.5054407083227365,0.5150887555136687
22,220.0,10.0,2.6157390490950596,0.1164937093642962,0.0,85.76874592981035,85.91434416268984,1.2498377266379521,0.0,5,1,1,9.89,809.89,0.0018383850070661373,87.59876501180516,4826.941248166445,4826.933115459106,0.0,398.683450602439,13089.27431727215,13489.622389557117,6744.811194778558,1.4605478768044804,201,21,0,9599.588411149383,9037.000527179882,18636.588938329267,3416.0267211371947,3416.0267211371947,0.02502834565678402,0.05366362286452278,0.0,0.0,2.7574433912241325,0.5054304914711094,0.5150936388045895
23,230.0,10.0,2.732232758459356,0.11629862424215527,0.0,85.91434416268984,86.05673572176602,1.2243615090380444,0.0,5,1,1,9.885,809.885,0.0019201137650988393,87.70946578802591,4818.760802403834,4818.7529572016265,0.0,399.60239522740324,13122.643296646635,13517.51638518025,6758.758192590125,1.460305643773816,201,21,0,9631.25953417974,9066.641412397144,18697.900946576883,3427.5663864291537,3427.5663864291537,0.025010883131965502,0.05364879921067889,0.0,0.0,2.757146200657953,0.5054204569190512,0.5150984360061541
24,240.0,10.0,2.8485313827015113,0.11610845896779327,0.0,86.05673572176602,86.19600260410992,1.1994550920922393,0.0,5,1,1,9.88,809.88,0.002002029044243476,87.8201085269617,4810.787219849473,4810.779731856463,0.0,400.50231809669395,13155.319588516733,13544.834951262867,6772.417475631433,1.4600615291158154,201,21,0,9662.276446782038,9095.668390997562,18757.9448377796,3438.870211769117,3438.870211769117,0.024993778261101503,0.053634276012085806,0.0,0.0,2.7568543153765264,0.5054106014983725,0.5151031485774309
25,250.0,10.0,2.9646398416693045,0.11592306008039269,0.0,86.19600260410992,86.33222418812618,1.1751034170576986,0.0,5,1,1,9.875,809.875,0.0020841269652392565,87.93068696707718,4803.014027575539,4803.006954991437,0.0,401.3836542125788,13187.319141946726,13571.59113889186,6785.79556944593,1.4598153570729713,201,21,0,9692.654081000026,9124.095531088558,18816.749612088584,3449.9434934733567,3449.9434934733567,0.024977022966792252,0.053620046626883903,0.0,0.0,2.7565676431411203,0.5054009220946594,0.5151077779540151
26,260.0,10.0,3.080562901749697,0.11574228026713664,0.0,86.33222418812618,86.46547734185407,1.1512919342900658,0.0,5,1,1,9.87,809.87,0.0021664037384288106,88.04119501676445,4795.435012806121,4795.428403394941,0.0,402.2468267780467,13218.6574674859,13597.797651050547,6798.898825525273,1.4595669603253567,201,21,0,9722.406964746191,9151.936518290255,18874.343483036446,3460.7913872045788,3460.7913872045788,0.024960609388858676,0.05360610458499474,0.0,0.0,2.7562860932775757,0.5053914156463256,0.5151123255483999
27,270.0,10.0,3.196305182016834,0.11556597805168566,0.0,86.46547734185407,86.595836525582,1.12800658053211,0.0,5,1,1,9.865,809.865,0.0022488556613139694,88.15162674971067,4788.04420969009,4788.038101763895,0.0,403.0922476033025,13249.34965260316,13623.46685428367,6811.733427141835,1.4593161796450145,201,21,0,9751.549235702547,9179.204668934282,18930.75390463683,3471.41891274415,3471.41891274415,0.024944529876813098,0.053592443582499226,0.0,0.0,2.756009576648843,0.5053820791436849,0.5151167927503425
28,280.0,10.0,3.3118711600685193,0.11539401750183258,0.0,86.595836525582,86.72337388913797,1.105233757494807,0.0,5,1,1,9.86,809.86,0.002331479116195051,88.26197640042001,4780.835886890049,4780.830310215859,0.0,403.9203174940463,13279.410376411715,13648.610789858038,6824.305394929019,1.4590628635671996,201,21,0,9780.094654598777,9205.912942670975,18986.007597269752,3481.8309585512575,3481.8309585512575,0.02492877698267522,0.05357905747625711,0.0,0.0,2.755738005628147,0.5053729096280449,0.5151211809272206
29,290.0,10.0,3.427265177570352,0.11522626795495162,0.0,86.72337388913797,86.84815936419206,1.0829603116441375,0.0,5,1,1,9.855,809.855,0.002414270567889996,88.37223835988335,4773.804535930237,4773.799512565472,0.0,404.73142662257135,13308.853923724977,13673.241184446448,6836.620592223224,1.458806868077438,201,21,0,9808.056617903025,9232.0739545184,19040.130572421425,3492.032286121103,3492.032286121103,0.02491334345411337,0.053565940278754554,0.0,0.0,2.7554712940727404,0.5053639041908211,0.515125491424384
30,300.0,10.0,3.542491445525304,0.11506260375997114,0.0,86.84815936419206,86.97026075188178,1.0611735151103858,0.0,5,1,1,9.85,809.85,0.002497226561529914,88.48240717138962,4766.944860248238,4766.940405310355,0.0,405.525954882641,13337.694198482202,13697.369460360533,6848.684730180266,1.4585480563134645,201,21,0,9835.448169958216,9257.69998638452,19093.148156342737,3502.027534153451,3502.027534153451,0.024898222227892078,0.05355308615316749,0.0,0.0,2.7552093572982383,0.5053550599726704,0.5151297255654973
31,310.0,10.0,3.657554049285275,0.11490290403470388,0.0,86.97026075188178,87.08974380604866,1.0398610476441263,0.0,5,1,1,9.845,809.845,0.0025803437204277766,88.59247752647265,4760.251764900412,4760.247887276138,0.0,406.30427222904086,13365.944736579633,13721.006745356424,6860.503372678212,1.458286298281147,201,21,0,9862.282014594579,9282.802998091478,19145.085012686057,3511.821222542014,3511.821222542014,0.024883406423608655,0.05354048940862921,0.0,0.0,2.7549521120535054,0.5053463741626423,0.5151338846528789
32,320.0,10.0,3.772456953319979,0.11474705243746211,0.0,87.08974380604866,87.20667231235342,1.0190109795498756,0.0,5,1,1,9.84,809.84,0.0026636187440171708,88.70244426098817,4753.7203468758635,4753.717049874321,0.0,407.06673900264445,13393.618718140404,13744.163882035895,6872.081941017947,1.458021470583587,201,21,0,9888.57052624696,9307.39463792934,19195.965164176298,3521.417756194547,3521.417756194547,0.02486888933770239,0.05352814449569133,0.0,0.0,2.754699476496071,0.50533784399735,0.51513796996783
33,330.0,10.0,3.8872040057574413,0.1145949369519714,0.0,87.20667231235342,87.32110816351809,0.9986117555318742,0.0,5,1,1,9.835,809.835,0.0027470484058581923,88.81230235131561,4747.345885975691,4747.343167930444,0.0,407.8137062417725,13420.728979254398,13766.851436863766,6883.425718431883,1.457753456162625,201,21,0,9914.32576060366,9331.486252764502,19245.812013368162,3530.8214286927637,3530.8214286927637,0.024854664437721285,0.05351604600196819,0.0,0.0,2.754451370168071,0.5053294667601576,0.5151419827709612
34,340.0,10.0,4.001798942709413,0.11444644968467392,0.0,87.32110816351809,87.43311143092599,0.9786521793947486,0.0,5,1,1,9.83,809.83,0.0028306295517077046,88.9220469106795,4741.123836220481,4741.121691043371,0.0,408.5455159805755,13447.28802321683,13789.07970882154,6894.53985441077,1.45748214405205,201,21,0,9939.559464811768,9355.088897726602,19294.64836253837,3540.0364258006566,3540.0364258006566,0.02484072535683222,0.05350418864795509,0.0,0.0,2.7542077139726793,0.5053212397803838,0.5151459243025115
35,350.0,10.0,4.116245392394086,0.11430148667358396,0.0,87.43311143092599,87.54274043279408,0.9591213995418911,0.0,5,1,1,9.825,809.825,0.002914359097651335,89.03167318558599,4735.04981774837,4735.0482354396,0.0,409.2625015351251,13473.308031292809,13810.858737715535,6905.429368857767,1.4572074291418473,201,21,0,9964.28308726231,9378.213345496033,19342.496432758344,3549.0668288292322,3549.0668288292322,0.024827065888561272,0.053492567283011556,0.0,0.0,2.753968430151028,0.5053131604325234,0.5151497957826611
36,360.0,10.0,4.230546879067671,0.11415994770792268,0.0,87.54274043279408,87.6500517991176,0.9400088952220358,0.0,5,1,1,9.82,809.82,0.002998234028294717,89.14117655236971,4729.119609171697,4729.118576289313,0.0,409.9649877778506,13498.800873033078,13832.198312156963,6916.099156078481,1.45692921195288,201,21,0,9988.507786977138,9400.870095212902,19389.37788219004,3557.916617865138,3557.916617865138,0.02481367998175192,0.053481176881501384,0.0,0.0,2.753733442259592,0.5053052261354831,0.5151535984118398
37,370.0,10.0,4.344706826775593,0.1140217361578183,0.0,87.6500517991176,87.7551005335732,0.921304463476963,0.0,5,1,1,9.815,809.815,0.003082251395011608,89.25055251384681,4723.329140361729,4723.328640453443,0.0,410.6532914009218,13523.778116164593,13853.107977230195,6926.553988615097,1.4566473984214097,201,21,0,10012.244442617974,9423.069381026811,19435.313823644785,3566.58967487021,3566.58967487021,0.024800561735729636,0.05347001253908155,0.0,0.0,2.753502675148021,0.5052974343518336,0.5151573333710305
38,380.0,10.0,4.458728562933412,0.11388675881326164,0.0,87.7551005335732,87.85794007278642,0.9029982087895405,0.0,5,1,1,9.81,809.81,0.003166408314246626,89.35979669606998,4717.674487287815,4717.674499633358,0.0,411.32772116923735,13548.25103594327,13873.597042005891,6936.798521002946,1.4563618996929009,201,21,0,10035.503661139925,9444.821180309238,19480.32484144916,3575.0897866587197,3575.0897866587197,0.02478770539573095,0.05345906946906377,0.0,0.0,2.753276054938336,0.5052897825871066,0.5151610018220504
39,390.0,10.0,4.572615321746674,0.11375492571852612,0.0,87.85794007278642,87.95862236326818,0.8850807105345666,0.0,5,1,1,9.805,809.805,0.0032507019657531115,89.46890484498631,4712.152010764169,4712.152363884463,0.0,411.9885781734477,13572.2306124857,13893.674599077482,6946.837299538741,1.456072631920338,201,21,0,10058.295786422737,9466.135221890445,19524.431008313182,3583.420647796276,3583.420647796276,0.024775105354470937,0.053448342992905205,0.0,0.0,2.753053509083959,0.5052822683917881,0.515164604906544
40,400.0,10.0,4.6863702474652,0.11362615003020525,0.0,87.95862236326818,88.05719789187026,0.8675426261989742,0.0,5,1,1,9.8,809.8,0.003335129589854393,89.57787282148142,4706.758039855085,4706.758574391768,0.0,412.63615617794926,13595.72756953452,13913.349508995429,6956.674754497714,1.4557795160428102,201,21,0,10080.63091125918,9487.020997270767,19567.651908529948,3591.585864981206,3591.585864981206,0.02476275613244346,0.05343782854764058,0.0,0.0,2.7528349661321725,0.5052748893532985,0.5151681437497784
41,410.0,10.0,4.799996397495405,0.1135003479162994,0.0,88.05719789187026,88.15371570593615,0.8503746097506791,0.0,5,1,1,9.795,809.795,0.003419688487469271,89.68669660103927,4701.488806590718,4701.489598935124,0.0,413.270741691758,13618.752382366902,13932.630397083634,6966.315198541817,1.4554824776528466,201,21,0,10102.518879754656,9507.48776294588,19610.006642700537,3599.5889577959088,3599.5889577959088,0.024750652374128504,0.053427521687657055,0.0,0.0,2.7526203557190967,0.5052676430958217,0.5151716194606764
42,420.0,10.0,4.913496745411704,0.11337743842376909,0.0,88.15371570593615,88.24822349863744,0.8335678951225873,0.0,5,1,1,9.79,809.79,0.003504376020344444,89.79537227374765,4696.340918578721,4696.342028066343,0.0,413.8926140111724,13641.31523975009,13951.525694328066,6975.762847164033,1.4551814468711741,201,21,0,10123.969288657701,9527.544541920457,19651.51383057816,3607.433358776229,3607.433358776229,0.02473878886773151,0.05341741806504584,0.0,0.0,2.7524096088834336,0.5052605272908999,0.5151750331266896
43,430.0,10.0,5.026874183835473,0.11325734333308518,0.0,88.24822349863744,88.34076765561225,0.8171139658701122,0.0,5,1,1,9.785,809.785,0.0035891896073979644,89.9038960378326,4691.311097262243,4691.312567967922,0.0,414.5020456457171,13663.426080905607,13970.043628808864,6985.021814404432,1.4548763581147477,201,21,0,10144.991502030785,9547.200137433687,19692.191639464472,3615.122418764396,3615.122418764396,0.024727160526330096,0.05340751343347357,0.0,0.0,2.7522026578267846,0.50525353964934,0.5151783858176325
44,440.0,10.0,5.140131527168559,0.1131399870428067,0.0,88.34076765561225,88.43139329958537,0.8010045461541722,0.0,5,1,1,9.78,809.78,0.0036741267233250147,90.01226419697879,4686.396173147593,4686.39803554728,0.0,415.0993025163677,13685.09460289995,13988.192231524565,6994.096115762282,1.4545671499377117,201,21,0,10165.59465803201,9566.463139392503,19732.057797424513,3622.6594092465,3622.6594092465,0.024715762384253822,0.0533978036453543,0.0,0.0,2.751999435894871,0.5052466779205801,0.5151816785859432
45,450.0,10.0,5.253271514211366,0.11302529646008766,0.0,88.43139329958537,88.5201443330768,0.7852315921398713,0.0,5,1,1,9.775,809.775,0.0037591848972440343,90.12047315772585,4681.593081276885,4681.595353784176,0.0,415.68464414651066,13706.330267759004,14005.979342008375,7002.989671004188,1.4542537648787248,201,21,0,10185.787675448593,9585.341930568786,19771.129606017377,3630.0475246053097,3630.0475246053097,0.024704589593597687,0.05338828464912054,0.0,0.0,2.751799877559056,0.505239939892065,0.5151849124669402
46,460.0,10.0,5.366296810671454,0.11291320089675475,0.0,88.5201443330768,88.60706347929886,0.7697872837874457,0.0,5,1,1,9.77,809.77,0.0038443617113817505,90.22851942693812,4676.898856930854,4676.901547315972,0.0,416.25832384597595,13727.142309319226,14023.412613745837,7011.7063068729185,1.4539361493143237,201,21,0,10205.579259993607,9603.844692571456,19809.423952565063,3637.289884292318,3637.289884292318,0.02469363742086316,0.05337895248658909,0.0,0.0,2.7516039183981906,0.5052333233886334,0.5151880884790755
47,470.0,10.0,5.479210011568209,0.11280363197062251,0.0,88.60706347929886,88.69219232133534,0.754664017011919,0.0,5,1,1,9.765,809.765,0.003929654799795736,90.33639960934525,4672.310631546825,4672.313738246412,0.0,416.82058888845626,13747.539739827938,14040.499519402485,7020.2497597012425,1.4536142533180367,201,21,0,10224.977910376743,9621.979411603681,19846.957321980422,3644.3895349227123,3644.3895349227123,0.024682901243720714,0.053369803290417295,0.0,0.0,2.7514114950807427,0.5052268262719148,0.5151912076241845
48,480.0,10.0,5.592013643538832,0.11269652351173559,0.0,88.69219232133534,88.7755713396911,0.7398543961923678,0.0,5,1,1,9.76,809.76,0.004015061847133179,90.44411040515129,4667.825628840066,4667.82914216464,0.0,417.37168068261286,13767.531356304251,14057.247355869946,7028.623677934973,1.4532880305249694,201,21,0,10243.99192415931,9639.753884014885,19883.745808174193,3651.349452296722,3651.349452296722,0.02467237654788828,0.05336083328164605,0.0,0.0,2.75122254534723,0.5052204464397363,0.5151942708877325
49,490.0,10.0,5.7047101670505675,0.11259181147324838,0.0,88.7755713396911,88.85723994829468,0.7253512270116061,0.0,5,1,1,9.755,809.755,0.004100580587424597,90.55164860770984,4663.441161116567,4663.44506436201,0.0,417.9118349371467,13787.125746671476,14073.663249138306,7036.831624569153,1.4529574380016006,201,21,0,10262.629403403042,9657.17572165674,19919.805125059782,3658.1725433506376,3658.1725433506376,0.02466205892412038,0.05335203876732552,0.0,0.0,2.751037007992935,0.5052141818255383,0.5151972792390579
50,500.0,10.0,5.817301978523816,0.1124894338466725,0.0,88.85723994829468,88.93723652903195,0.711147509607963,0.0,5,1,1,9.75,809.75,0.004186208802911296,90.65901110126302,4659.15462576575,4659.158896235167,0.0,418.4412818201047,13806.331295671458,14089.754159002185,7044.877079501092,1.4526224361205524,201,21,0,10280.898260121878,9674.252357051764,19955.15061717364,3664.8616480405976,3664.8616480405976,0.024651944065302904,0.05334341613822023,0.0,0.0,2.750854822850897,0.5052080303978013,0.5152002336316126
51,510.0,10.0,5.929791412370489,0.11238933058123975,0.0,88.93723652903195,89.01559846488377,0.6972364320221004,0.0,5,1,1,9.745,809.745,0.004271944322905418,90.76619485874235,4654.963501922477,4654.968111864564,0.0,418.9602461126705,13825.156190570464,14105.52688360757,7052.763441803785,1.4522829884400907,201,21,0,10298.806221545276,9690.991048382757,19989.797269928033,3671.4195411620713,3671.4195411620713,0.024642027763648808,0.05333496186659015,0.0,0.0,2.750675930775186,0.5052019901594802,0.5152031350031973
52,520.0,10.0,6.042180742951729,0.11236614072975172,0.0,89.01559846488377,88.97396200334812,-0.37054277440906846,0.0,5,0,1,9.74,809.74,0.004357785022681471,90.87319693962917,4650.864697527631,4650.870264758384,0.0,467.3220722605251,13896.50447049817,17258.30034687017,8629.150173435086,1.437209469149763,201,21,0,10298.124314702338,12915.843731666006,23213.968046368343,4483.585931417105,4483.585931417105,0.024596728205821598,0.05170507021605947,0.0,0.0,3.188713126697519,0.6158735673982582,0.4436175794733811
53,530.0,10.0,6.154546883681481,0.11241816490006681,0.0,88.97396200334812,88.9332295771125,-0.3623295778918873,0.0,5,0,0,9.735,809.735,0.004454645151192079,90.99817807972467,4653.041710404001,4653.046696790023,0.0,467.00898962266535,13886.65179108365,17247.280850427374,8623.640425213687,1.4370763315138402,201,21,0,10288.848064033293,12904.296839727731,23193.144903761022,4479.423661535622,4479.423661535622,0.024601927649353934,0.05171099265086919,0.0,0.0,3.188835237538645,0.6158778412776975,0.443615909214832
54,540.0,10.0,6.266965048581548,0.11246910559119117,0.0,88.9332295771125,88.89338240553354,-0.35429437594884805,0.0,5,0,0,9.73,809.73,0.004551419481025225,91.12260054985798,4655.173580009721,4655.177844868746,0.0,466.7027957933745,13877.015821114159,17236.503898444145,8618.251949222073,1.436931276351796,201,21,0,10279.77650533607,12893.004509722232,23172.781015058303,4475.353569253408,4475.353569253408,0.02460701198239925,0.051716783676253056,0.0,0.0,3.188954546855995,0.6158820171038049,0.44361427739967824
55,550.0,10.0,6.379434154172738,0.11251898304568739,0.0,88.89338240553354,88.85440253382349,-0.3464292926841154,0.0,5,0,0,9.725,809.725,0.004648109930916644,91.246469401731,4657.264545360733,4657.2645656717505,0.0,466.40334327436835,13867.591640737635,17225.964577553594,8612.982288776797,1.4367744789055175,201,21,0,10270.905250423582,12881.961296617648,23152.86654704123,4471.37366110501,4471.37366110501,0.02461198383522875,0.05172244600446477,0.0,0.0,3.1890711217628724,0.6158860972255455,0.44361268310148533
56,560.0,10.0,6.491953137218426,0.11256781732202602,0.0,88.85440253382349,88.81627169436574,-0.3387365977672744,0.0,5,0,0,9.72,809.72,0.004744718339224414,91.36978953649496,4659.31072315012,4659.307678563321,0.0,466.1104905444499,13858.375194221439,17215.657508741886,8607.828754370943,1.4366061116376156,201,21,0,10262.230090626095,12871.16197433723,23133.392064963326,4467.482030549788,4467.482030549788,0.024616845391078293,0.05172798255839757,0.0,0.0,3.1891850214681514,0.6158900837152302,0.44361112550237514
57,570.0,10.0,6.604520954540452,0.11379802312460836,0.0,88.81627169436574,86.93370577316972,-16.543045911567514,0.0,5,0,0,9.715,809.715,0.004841246560741625,91.49256586633716,0.0,4661.308025005322,8468.79089388224,464.8823001736066,14918.161177732807,16073.9921671743,8036.99608358715,1.4372951338493725,201,21,0,10228.6322539049,12822.92948625221,23051.561740157107,4461.479226229045,4461.479226229045,0.024074449690247662,0.05228054547200513,0.0,0.0,3.1806331158442207,0.6155907670183927,0.44372838461899317
58,580.0,10.0,6.71831897766506,0.11786445752947852,0.0,86.93370577316972,82.75273252395556,-35.472722963735535,0.0,5,0,0,9.71,809.71,0.004960756357811264,91.65317248216259,0.0,4762.24953621812,23999.966571291592,449.7554095341427,15749.784867646864,14233.90910129598,7874.892433823432,1.441166377816483,201,21,0,9782.989167891337,12260.162229551503,22043.151397442838,4272.896530140567,4272.896530140567,0.023655329033599334,0.053196207302149495,0.0,0.0,3.174648135410001,0.615381292703195,0.44381082321224874
59,590.0,10.0,6.836183435194538,0.12409321371175738,0.0,82.75273252395556,78.41643540859411,-34.94386989955596,0.0,5,0,0,9.705,809.705,0.005101978295552723,91.84937129044515,0.0,5002.855946541146,23999.974153356998,419.84229795329736,14825.742684646833,13163.743845572993,7412.871342323417,1.4496217226659527,201,21,0,8894.668411016004,11154.324580953822,20048.992991969826,3874.409725709667,3874.409725709667,0.024144393449372744,0.0537718602051618,0.0,0.0,3.1865899115982397,0.6157992548697834,0.44364664173300694
60,600.0,10.0,6.960276648906295,0.17130853759974726,0.04,78.41643540859411,73.89658524939009,-34.421601533491824,0.0,4,0,0,9.7,809.7,0.005231779109979991,92.02591367608125,0.0,5279.505474111711,23999.980633570947,390.0604822444738,13906.998054264397,12097.034095367193,6953.4990271321985,1.4587473714845043,201,21,0,8011.200463542036,10052.387181089553,18063.58764463159,3481.129645852911,3481.129645852911,0.02462621040751753,0.05433888698831897,0.0,0.0,3.197334815799115,0.616175326516814,0.44349996363667693
61,610.0,10.0,7.131585186506043,0.13980849919056818,0.0,73.89658524939009,69.15623425580098,-33.906028753857754,0.0,4,0,0,9.695,809.695,0.00535043670425792,92.18332745224379,0.0,5602.423963202237,23999.986100246642,360.4551461967688,12994.746522986296,11035.596556798293,6497.373261493148,1.4686330821014544,201,21,0,7133.773398044224,8956.174209990364,16089.947608034588,3093.1007054114443,3093.1007054114443,0.02510086363593531,0.05489740156409025,0.0,0.0,3.2070386131844884,0.6165149594253021,0.4433683422612229
62,620.0,10.0,7.271393685696611,0.15003559969605162,0.0,69.15623425580098,64.14546241163549,-33.397219422033956,0.0,4,0,0,9.69,809.69,0.0054582458246577505,92.32216670076699,0.0,5986.445104408975,23999.990641559758,331.06132967993295,12089.909945995509,9980.845366000021,6044.954972997754,1.4793892018712087,201,21,0,6263.304499184953,7867.104374310577,14130.40887349553,2710.342622586988,2710.342622586988,0.025568439787714538,0.0554475182480819,0.0,0.0,3.215809800989901,0.6168219509984915,0.44325005420990055
63,630.0,10.0,7.421429285392663,0.20268167521944733,0.04,64.14546241163549,58.79401416445252,-32.89521232163493,0.0,3,0,0,9.685,809.685,0.0055555142817645215,92.44300539722728,0.0,6454.080841186727,23999.994342662783,301.907198555923,11193.224736068656,8933.921834326211,5596.612368034328,1.4911521260024792,201,21,0,5400.527571319241,6786.321593825627,12186.849165144868,2332.8584474242693,2332.8584474242693,0.026029027398781126,0.05598935150992881,0.0,0.0,3.223724017437066,0.6170989485741423,0.44314387567584573
64,640.0,10.0,7.624110960612111,0.17890444725912732,0.0,58.79401416445252,52.99750531092286,-32.40002661942733,0.0,3,0,0,9.68,809.68,0.005642560704841403,92.54643360824612,0.0,7041.53315407249,23999.997283435063,273.01626283616343,10305.301727170387,7895.782461907174,5152.650863585193,1.5040919555316907,201,21,0,4546.052163668894,5714.783653408668,10260.835817077561,1960.6400069466933,1960.6400069466933,0.026482716182326727,0.056523015806094166,0.0,0.0,3.2308352492815082,0.6173478416886977,0.4430489138226633
65,650.0,10.0,7.803015407871238,0.22869829178071172,0.04,52.99750531092286,52.9917954467237,-0.030259225694499035,29.56563757032944,2,0,0,9.675,809.675,0.0057197134201108415,92.6330555715234,1822.1380130402413,7811.688447808392,0.0,251.7983205246405,7495.678393476558,9290.876308166142,6979.447520059328,1.496194361035687,202,21,95,3705.8289513950735,4663.375163874734,8369.204115269808,1594.8398310797943,1594.8398310797943,0.028009575623835544,0.055977642680072784,0.0,0.7308414774087021,3.243184122106248,0.6180228306325459,0.4427934723964615
66,660.0,10.0,8.03171369965195,0.18871870262634022,0.0,52.9917954467237,52.9860420525074,-0.030486613866196423,29.559267207025336,2,0,0,9.67,809.67,0.005774035724395829,92.68140193805061,1821.5817797380653,7812.530156979163,0.0,251.7692432285052,7494.833726220062,9289.782489013616,6978.383302759247,1.4960415427353548,202,21,95,3705.0387631466597,4662.381996488539,8367.420759635199,1594.4966331586033,1594.4966331586033,0.028009967376729207,0.05597815343779705,0.0,0.7306875337648538,3.243191841436137,0.6180229990110868,0.44279340905383024
67,670.0,10.0,8.220432402278291,0.1887392716920319,0.0,52.9860420525074,52.98024583607912,-0.030710176935190247,29.552848972527187,2,0,0,9.665,809.665,0.0058283498560968185,92.72957382001856,1821.025853953323,7813.3784665353905,0.0,251.7399532064953,7493.982511626535,9288.681035473153,6977.311495412346,1.49588757687467,202,21,95,3704.2426340784746,4661.381362064084,8365.623996142558,1594.1508561550584,1594.1508561550584,0.028010362261345758,0.05597866784826692,0.0,0.7305324310203398,3.2431996196103885,0.6180231687041694,0.44279334521686897
68,680.0,10.0,8.409171673970324,0.18875999781885128,0.0,52.98024583607912,52.97440679743886,-0.0309336655421248,29.54638367211978,2,0,0,9.66,809.66,0.005882655748285064,92.77757168671195,1820.4672456665153,7814.23327632182,0.0,251.71045398100154,7493.125107055537,9287.571825011233,6976.232100392545,1.4957324789928208,202,21,95,3703.4406626091913,4660.373383955111,8363.814046564303,1593.8025433283506,1593.8025433283506,0.028010760100632325,0.055979185974500495,0.0,0.7303761885856556,3.2432074543076745,0.6180233396437571,0.44279328091117653
69,690.0,10.0,8.597931671789175,0.1887808785863199,0.0,52.97440679743886,52.96852635219693,-0.031149580857800174,29.539871321479332,2,0,0,9.655,809.655,0.005936953338028219,92.8253960125034,1819.9120275846838,7815.0945905451,0.0,251.6807457193875,7492.261011212817,9286.455370079682,6975.145375232095,1.4955762652460916,202,21,95,3702.632853279264,4659.35806851079,8361.990921790053,1593.4516957547185,1593.4516957547185,0.028011161146714855,0.055979707562203766,0.0,0.7302188067897466,3.24321534810501,0.618023511920934,0.44279321610249256
70,700.0,10.0,8.786712550375494,0.18880191157251772,0.0,52.96852635219693,52.962604500353336,-0.03136542312665824,29.533313514982954,2,0,0,9.65,809.65,0.005991242558118027,92.87304726307227,1819.3542196496742,7815.962204559782,0.0,251.65083539832776,7491.390936720491,9285.331423168027,6974.051322106094,1.495418949065336,202,21,95,3701.819401030045,4658.335660071278,8360.155061101323,1593.0983990858454,1593.0983990858454,0.028011565046513632,0.055980232738626214,0.0,0.7300603241140253,3.2432232964055485,0.6180236854005139,0.4427931508416767
71,710.0,10.0,8.975514461948013,0.18882309561585284,0.0,52.962604500353336,52.95664194971323,-0.03157744353602539,29.52671026800892,2,0,0,9.645,809.645,0.006045523347358715,92.92052591255234,1818.7968581249427,7816.836122499188,0.0,251.62072313322307,7490.514633916291,9284.200241631912,6972.950070972809,1.4952605468855569,202,21,95,3701.0003090149335,4657.3061629139065,8358.30647192884,1592.742654263445,1592.742654263445,0.02801197192560973,0.05598076137605976,0.0,0.7299007408813147,3.2432313004764675,0.6180238601276251,0.4427930851117567
72,720.0,10.0,9.164337557563865,0.1888444276612094,0.0,52.95664194971323,52.95063976198435,-0.031783769334447244,29.52006238515923,2,0,0,9.64,809.64,0.00609979564287025,92.96783243069716,1818.241506203545,7817.716244038428,0.0,251.59041251959914,7489.632082684908,9283.062085288368,6971.841815322415,1.4951010728988643,202,21,95,3700.1756775997,4656.269703333104,8356.445380932804,1592.3845046878878,1592.3845046878878,0.028012381796781432,0.055981293347785524,0.0,0.729740076488048,3.2432393599636846,0.6180240361032,0.44279301891238604
73,730.0,10.0,9.353181985225074,0.18886590654492172,0.0,52.95063976198435,52.94459758326411,-0.031991897483089816,29.513371065299346,2,0,0,9.635,809.635,0.0061540593812079705,93.01496728475756,1817.682163563049,7818.602416532638,0.0,251.55990877773937,7488.743943486992,9281.916641695634,6970.726493637047,1.4949405413341958,202,21,95,3699.3456526797986,4655.226464027346,8354.572116707144,1592.024014704031,1592.024014704031,0.028012794331857646,0.05598182881217534,0.0,0.7295783598602038,3.2432474707572143,0.6180242132027534,0.44279295229039833
74,740.0,10.0,9.542047891769997,0.18888753047155085,0.0,52.94459758326411,52.938516829162836,-0.0321924591109564,29.506635928987116,2,0,0,9.63,809.63,0.006208314505788668,93.06193095184618,1817.1263938360128,7819.494696298649,0.0,251.52921034525602,7487.84953765854,9280.764485358526,6969.604363279882,1.4947789686056612,202,21,95,3698.5101904622165,4654.176390761169,8352.686581223386,1591.6611641607606,1591.6611641607606,0.028013209870851957,0.055982367483024056,0.0,0.7294155817796256,3.243255636571231,0.6180243915508956,0.4427928851989212
75,750.0,10.0,9.730935422241547,0.18890929638165727,0.0,52.938516829162836,52.9323978535831,-0.03239107707743187,29.499858569174283,2,0,0,9.625,809.625,0.006262560953161265,93.10872389606054,1816.569737132528,7820.392878327395,0.0,251.4983242183072,7486.949451642781,9279.605496244363,6968.475490043786,1.4946163672219837,202,21,95,3697.6694864010506,4653.11972868573,8350.789215086781,1591.2960386930365,1591.2960386930365,0.028013628124133473,0.0559829094243291,0.0,0.7292517806981842,3.2432638534694624,0.6180245710355456,0.4427928176801221
76,760.0,10.0,9.919844718623205,0.18893120374007347,0.0,52.9323978535831,52.9262406565249,-0.03258962488098405,29.49303939505272,2,0,0,9.62,809.62,0.0063167986657456775,93.15534658972244,1816.0107003709272,7821.296914324003,0.0,251.4672521857641,7486.043864811126,9278.439614239815,6967.33987623461,1.4944527525859492,202,21,95,3696.8235904763487,4652.056540441041,8348.88013091739,1590.9286602813056,1590.9286602813056,0.028014049002836123,0.05598345466703281,0.0,0.7290869664590512,3.243272120273944,0.618024751622367,0.44279274974692145
77,770.0,10.0,10.108775922363279,0.18895325011638026,0.0,52.9262406565249,52.92004665359855,-0.032780610667100515,29.486178421393564,2,0,0,9.615,809.615,0.006371027587913606,93.20179950682945,1815.4553502582987,7822.206808277453,0.0,251.43599441088597,7485.132276243995,9277.267351148406,6966.197778981266,1.4942881398056678,202,21,95,3695.9725071149965,4650.986832232454,8346.95933934745,1590.5590299526573,1590.5590299526573,0.028014472758905642,0.05598400295714608,0.0,0.7289211393726706,3.243280439560987,0.6180249334023763,0.4427926813650851
78,780.0,10.0,10.29772917247966,0.18897543307844283,0.0,52.92004665359855,52.91381584480405,-0.03297152806053418,29.479277240200492,2,0,0,9.61,809.61,0.006425247659353211,93.24808311200887,1814.8977122600738,7823.122354935568,0.0,251.40455786068745,7484.215397804317,9276.088459574845,6965.049200315198,1.494122541272982,202,21,95,3695.116430989351,4649.910848066385,8345.027279055736,1590.1872332324756,1590.1872332324756,0.028014899039630742,0.055984554421877594,0.0,0.7287543378712391,3.243288806743718,0.61802511624063,0.44279261258537966
79,790.0,10.0,10.486704605558103,0.18899775082444698,0.0,52.91381584480405,52.907549291849136,-0.03315675941948939,29.47233586587196,2,0,0,9.605,809.605,0.006479458826111279,93.29419787892192,1814.3423355304312,7824.043558193948,0.0,251.37294267154428,7483.292854304834,9274.90332379812,6963.894333571263,1.4939559721118163,202,21,95,3694.255365807643,4648.828593081148,8343.08395888879,1589.8132710687028,1589.8132710687028,0.028015328033725223,0.05598510887052157,0.0,0.7285865622575084,3.243297223744552,0.6180253002051922,0.442792543382205
80,800.0,10.0,10.67570235638255,0.189020202183614,0.0,52.907549291849136,52.90124664083123,-0.033343795769428655,29.465355495467854,2,0,0,9.6,809.6,0.006533661030874655,93.34014427406295,1813.7832247117185,7824.970264948187,0.0,251.34115405643448,7482.365305566256,9273.711631529377,6962.7331171549395,1.4937884456495776,202,21,95,3693.3894572618537,4647.740249723057,8341.12970698491,1589.4372077102134,1589.4372077102134,0.02801575941332863,0.05598566646138841,0.0,0.7284178414200551,3.243305686461534,0.6180254851717778,0.4427924738023182
81,810.0,10.0,10.864722558566163,0.18904278535218189,0.0,52.90124664083123,52.89490930736065,-0.03352327600746321,29.45833574899008,2,0,0,9.595,809.595,0.0065878542227493075,93.38592277305469,1813.227936786379,7825.902531386827,0.0,251.3091904502968,7481.432073397679,9272.513956622106,6961.565808054656,1.4936199774029424,202,21,95,3692.518661485198,4646.645763662269,8339.164425147468,1589.0590229753443,1589.0590229753443,0.028016193518226214,0.05598622690857777,0.0,0.7282481661294599,3.243314198606755,0.6180256712648969,0.44279240379888546
82,820.0,10.0,11.053765343918345,0.18906549726010236,0.0,52.89490930736065,52.888537645339966,-0.033700818568286196,29.451278217199036,2,0,0,9.59,809.59,0.006642038344981355,93.4315338401869,1812.6720155178552,7826.84015193858,0.0,251.27705884029345,7480.4937436598575,9271.310179026372,6960.392471869747,1.493450578985783,202,21,95,3691.6431736812874,4645.54537973862,8337.188553419906,1588.6788023822608,1588.6788023822608,0.02801663005907032,0.05598679027610639,0.0,0.7280775747921122,3.2433227562523284,0.6180258583726634,0.4427923334139995
83,830.0,10.0,11.242830841178447,0.18908833736555888,0.0,52.888537645339966,52.88213165476918,-0.033878295510089626,29.444183308026766,2,0,0,9.585,809.585,0.006696213345614853,93.47697794618757,1812.113968983708,7827.783077993228,0.0,251.24476101008116,7479.550495466605,9270.100238538807,6959.213110753716,1.4932802649120156,202,21,95,3690.7630436851277,4644.439160411547,8335.202204096675,1588.2965678441626,1588.2965678441626,0.0280170689471204,0.05598735659496489,0.0,0.7279060772251869,3.2433313582246184,0.6180260464608351,0.4427922626605449
84,840.0,10.0,11.431919178544007,0.18911130386100353,0.0,52.88213165476918,52.87569239735603,-0.03405009262630756,29.437051035287798,2,0,0,9.58,809.58,0.006750379174785587,93.52225556369861,1811.5583433824245,7828.731313304829,0.0,251.2122970934374,7478.601953797459,9268.884519098368,6958.027917821143,1.4931090496756418,202,21,95,3689.878275132922,4643.327110728455,8333.205385861378,1587.912320277393,1587.912320277393,0.028017510371009937,0.05598792567460827,0.0,0.7277336737194744,3.2433400064460924,0.6180262355974507,0.44279219151293137
85,850.0,10.0,11.621030482405011,0.18913439367160345,0.0,52.87569239735603,52.869220580905676,-0.03421808336772756,29.42988259473489,2,0,0,9.575,809.575,0.006804535779742809,93.56736715898619,1811.00369156913,7829.684704435216,0.0,251.17967237358926,7477.648401326998,9267.663090245618,6956.837022281978,1.4929369451630332,202,21,95,3688.9890155836515,4642.20941597457,8331.198431558221,1587.5261240379689,1587.5261240379689,0.02801795419255148,0.05598849748385438,0.0,0.7275603931364508,3.2433486987810003,0.6180264257271291,0.44279211999199536
86,860.0,10.0,11.810164876076614,0.18914596981237916,0.0,52.869220580905676,52.869220580905676,0.0,29.422678787710108,2,0,0,9.57,809.57,0.006858683109322835,93.61231319940555,1838.2864564839845,7830.643150232498,0.0,251.14735285653322,7474.382704158373,9268.774152943844,6956.809587923153,1.492758981908515,202,21,95,3688.1076963333335,4641.104698935463,8329.212395268796,1587.1391036274513,1587.1391036274513,0.028019560763053092,0.05598791155790446,0.0,0.7273862548050681,3.24336943932203,0.6180270378964339,0.44279188971435907
87,870.0,10.0,11.999310845888994,0.18670315649926378,0.0,52.869220580905676,54.25269623617218,7.410028203095521,0.0,2,0,0,9.565,809.565,0.0069127968990867865,93.65705386248246,7830.643148620562,7830.643150232498,0.0,244.38415154251473,6771.136304887961,9521.140464613021,4760.570232306511,1.5140649543849387,203,22,0,3698.440321812047,4654.715840438935,8353.156162250982,1587.3595148390211,1587.3595148390211,0.02826572428716592,0.055732879612794814,0.0,0.0,3.2526930678245733,0.618112865337705,0.4427596288126144
88,880.0,10.0,12.186014002388257,0.2221660691140833,0.04,54.25269623617218,55.53723389332304,7.051464981364939,0.0,3,0,0,9.56,809.56,0.006963594551157502,93.6961279434108,7630.955770075325,7630.957145388318,0.0,250.9736110601709,6989.983489592265,9741.590581085795,4870.795290542897,1.5103542040140105,203,22,0,3893.116613818415,4899.385882859647,8792.502496678062,1671.3981687013545,1671.3981687013545,0.028155188804996022,0.05562100235916791,0.0,0.0,3.251383119276192,0.6180670171385116,0.44277685622373064
89,890.0,10.0,12.40818007150234,0.17813754288424874,0.0,55.53723389332304,56.735562038277514,6.7269825638783685,0.0,3,0,0,9.555,809.555,0.007015717356765936,93.737276906574,7454.456288111402,7454.458405242489,0.0,257.2380153229079,7196.946667340524,9952.254354186669,4976.1271770933345,1.506895340176637,203,22,0,4078.20838812807,5131.970092649124,9210.178480777195,1751.3559032879405,1751.3559032879405,0.028050566663101427,0.05551397407613895,0.0,0.0,3.250108466158109,0.6180224042793788,0.44279363278787764
90,900.0,10.0,12.586317614386589,0.17452994134126643,0.0,56.735562038277514,57.857956107088036,6.430954254524454,0.0,3,0,0,9.55,809.55,0.007069103460005662,93.7803909256661,7297.008204866224,7297.010642473033,0.0,263.20835777612626,7393.31906367507,10153.90478806668,5076.95239403334,1.5036568243826534,203,22,0,4254.629236695926,5353.621107545825,9608.250344241751,1827.6208303398262,1827.6208303398262,0.027951215234953773,0.05541141445149675,0.0,0.0,3.2488666535616373,0.6179789408385022,0.4428099897756865
91,910.0,10.0,12.760847555727855,0.1712756852955028,0.0,57.857956107088036,58.91285094292551,6.159046066681663,0.0,3,0,0,9.545,809.545,0.007123696249822432,93.8253692667268,7155.452512560263,7155.45497725043,0.0,268.9105343166542,7580.1563711478375,10347.212583295774,5173.606291647887,1.5006126920823541,203,22,0,4423.142436739655,5565.302043453958,9988.444480193612,1900.5170301918017,1900.5170301918017,0.027856610267362362,0.0553129936855376,0.0,0.0,3.2476557196400067,0.6179365581512452,0.4428259520799698
92,920.0,10.0,12.932123241023358,0.16832165984042644,0.0,58.91285094292551,59.907270121473154,5.907850359189547,0.0,3,0,0,9.54,809.54,0.007179443601210914,93.87211899531742,7027.326948191996,7027.329239270414,0.0,274.36651181243747,7758.335931835332,10532.764855660496,5266.382427830248,1.4977412828246903,203,22,0,4584.395415033525,5767.8299314623055,10352.22534649583,1970.319256601253,1970.319256601253,0.027766316343482082,0.05521842322725305,0.0,0.0,3.246474056955579,0.6178951999572903,0.44284154001586884
93,930.0,10.0,13.100444900863785,0.1656254279812345,0.0,59.907270121473154,60.84713482573106,5.674640154677195,0.0,3,0,0,9.535,809.535,0.007236297271399515,93.92055394588259,6910.678458121094,6910.680442633054,0.0,279.59516573565674,7928.598017599054,10711.079698111396,5355.539849055698,1.495024318260837,203,22,0,4738.944452246271,5961.906855714179,10700.851307960449,2037.2634747688348,2037.2634747688348,0.02767996628558904,0.05512744856720284,0.0,0.0,3.2453203187478397,0.6178548191200194,0.4428567705375863
94,940.0,10.0,13.26607032884502,0.16315259641839214,0.0,60.84713482573106,61.73749109533952,5.4571995123216315,0.0,3,0,0,9.53,809.53,0.007294212411535984,93.97059388672243,6803.9342221019715,6803.935816956948,0.0,284.6128958650284,8091.575432994411,10882.617624674152,5441.308812337076,1.4924462183227942,203,22,0,4887.272841236889,6148.142841931674,11035.415683168563,2101.554605027213,2101.554605027213,0.027597246388300658,0.055039843574103235,0.0,0.0,3.2441933538747256,0.6178153753494604,0.4428716580827177
95,950.0,10.0,13.429222925263412,0.1608749390625841,0.0,61.73749109533952,62.582680315693835,5.253703437460308,0.0,3,0,0,9.525,809.525,0.007353147166192536,94.02216383386576,6705.81070109871,6705.811860100876,0.0,289.4340887305821,8247.8152555963,11047.790659775841,5523.8953298879205,1.4899935845644137,203,22,0,5029.804524967971,6327.073049154171,11356.877574122142,2163.372337158072,2163.372337158072,0.027517885576973603,0.05495540599761614,0.0,0.0,3.2430921606315253,0.6177768335859484,0.4428862151714057
96,960.0,10.0,13.590097864325996,0.1587690323782481,0.0,62.582680315693835,63.38646933782555,5.06263098093832,0.0,3,0,0,9.52,809.52,0.007413062340784195,94.07519348022686,6615.248081953289,6615.248786271325,0.0,294.07147153568513,8397.795136190678,11206.969632854998,5603.484816427499,1.4876548033843808,203,22,0,5166.914533564778,6499.170927480898,11666.085461045677,2222.8755787284153,2222.8755787284153,0.027441647281522343,0.05487395386024253,0.0,0.0,3.2420158533281147,0.617739162830329,0.44290045283978635
97,970.0,10.0,13.748866896704245,0.15681524465562996,0.0,63.38646933782555,64.1521513104442,4.8827011321514195,0.0,3,0,0,9.515,809.515,0.007473921122305541,94.12961671537789,6531.362109453408,6531.3623605305875,0.0,298.5363875324174,8541.935744426959,11360.490091067535,5680.245045533768,1.4854197368759348,203,22,0,5298.937104705589,6664.858456038905,11963.795560744495,2280.205914927435,2280.205914927435,0.027368323233903338,0.05479532253388203,0.0,0.0,3.240963637687168,0.6177023352828959,0.44291438095886704
98,980.0,10.0,13.905682141359875,0.15499697515408484,0.0,64.1521513104442,64.88262488514091,4.712824711388976,0.0,3,0,0,9.51,809.51,0.007535688842498202,94.18537121751963,6453.408084708843,6453.407898927301,0.0,302.83901343962214,8680.610425644316,11508.657136997159,5754.328568498579,1.4832794788195995,203,22,0,5426.17209464569,6824.514226495786,12250.686321141475,2335.4903391527305,2335.4903391527305,0.02729772865716515,0.05471936234900321,0.0,0.0,3.2399347924636155,0.6176663257000715,0.4429280084725979
99,990.0,10.0,14.06067911651396,0.15330007294576745,0.0,64.88262488514091,65.5804571975098,4.552067712425424,0.0,3,0,0,9.505,809.505,0.007598332775199077,94.24239810368309,6380.753543226256,6380.752947848326,0.0,306.98853335757957,8814.152802119832,11651.749421718809,5825.874710859404,1.481226159842977,203,22,0,5548.89010620291,6978.47990938573,12527.37001558864,2388.843436321734,2388.843436321734,0.02722969848000109,0.05464593662226762,0.0,0.0,3.238928655529376,0.6176311109073731,0.4429413435779463
100,1000.0,10.0,14.213979189459728,0.1517123871574637,0.0,65.5804571975098,66.2479345029109,4.399622983377822,0.0,3,0,0,9.5,809.5,0.007661821961529149,94.30064162741886,6312.857233716042,6312.856263766948,0.0,310.9932795250227,8942.86283385015,11790.02246781803,5895.011233909015,1.4792527901989188,203,22,0,5667.336638853847,7127.065487814334,12794.402126668181,2440.369149146673,2440.369149146673,0.027164084319671208,0.05457492001606008,0.0,0.0,3.2379446132131884,0.6175966694263065,0.4429543938626924
101,1010.0,10.0,14.365691576617191,0.15022341474163517,0.0,66.2479345029109,66.88710329660532,4.25478807543891,0.0,3,0,0,9.495,809.495,0.00772612705798756,94.36004891560444,6249.252742798348,6249.251438651406,0.0,314.8608474535184,9067.011707545023,11923.71145602287,5961.855728011435,1.4773531316833024,203,22,0,5781.735483184808,7270.553538633084,13052.28902181789,2490.162222217409,2490.162222217409,0.02710075204927833,0.05450619716366696,0.0,0.0,3.236982092046402,0.617562981185469,0.4429671664119756
102,1020.0,10.0,14.515914991358827,0.1488240216282533,0.0,66.88710329660532,67.49980401300823,4.116947719188602,0.0,3,0,0,9.49,809.49,0.007791220203564067,94.42056973777187,6189.535594270939,6189.5339997630235,0.0,318.59819101377934,9186.845822173562,12053.033578745062,6026.516789372531,1.4755215923793368,203,22,0,5892.291524115727,7409.202768302897,13301.494292418625,2538.3093940511785,2538.3093940511785,0.027039579815479813,0.05443966150889109,0.0,0.0,3.2360405523092597,0.6175300272946691,0.44297966789145804
103,1030.0,10.0,14.66473901298708,0.14750621977641784,0.0,67.49980401300823,68.08769887544588,3.9855598179436127,0.0,3,0,0,9.485,809.485,0.007857074902775736,94.48215630269928,6133.352980634185,6133.351141585774,0.0,322.2117016570144,9302.590069366754,12178.190041100872,6089.095020550436,1.473753139467307,203,22,0,5999.193076273262,7543.250958944364,13542.444035217626,2584.890389749086,2584.890389749086,0.02698045640768202,0.054375214320159355,0.0,0.0,3.235119482939683,0.6174977898667339,0.4429919046127965
104,1040.0,10.0,14.812245232763498,0.18626298729479113,0.04,68.08769887544588,68.65229508960466,3.8601441458381034,0.0,4,0,0,9.48,809.48,0.007923665922140524,94.54476307803681,6080.395512391944,6080.393475440227,0.0,325.70727495109304,9414.4505572645,12299.36777280837,6149.683886404185,1.4720432264667942,203,22,0,6102.613845295586,7672.917442777282,13775.531288072867,2629.978754267823,2629.978754267823,0.026923279904582185,0.05431276384769379,0.0,0.0,3.2342183974834935,0.6174662518757672,0.4430038825855923
105,1050.0,10.0,14.998508220058289,0.14508812209265903,0.0,68.65229508960466,69.19496429684742,3.740273148591632,0.0,4,0,0,9.475,809.475,0.00799096919806995,94.60834662953292,6030.390530909133,6030.388342584164,0.0,329.0903668773322,9522.616890560666,12416.740901261483,6208.370450630741,1.470387732109256,203,22,0,6202.71458720285,7798.405195869298,14001.119783072148,2673.64255707559,2673.64255707559,0.026867956541809446,0.0542522245988118,0.0,0.0,3.233336830847987,0.6174353970435245,0.4430156075589149
106,1060.0,10.0,15.143596342150948,0.1439761218878884,0.0,69.19496429684742,69.71695899813925,3.6255643953119945,0.0,4,0,0,9.47,809.47,0.008058961754530263,94.67286547704947,5983.096644976107,5983.094350969442,0.0,332.36604178966877,9627.26409330643,12530.47202600482,6265.23601300241,1.468782908658159,203,22,0,6299.644521920863,7919.902621890386,14219.547143811249,2715.944992113238,2715.944992113238,0.02681439975748982,0.05419351671141829,0.0,0.0,3.2324743366803164,0.617405209747656,0.4430270850547197
107,1070.0,10.0,15.287572464038837,0.1429220851178804,0.0,69.71695899813925,70.21942650522254,3.5156743387060487,0.0,4,0,0,9.465,809.465,0.00812762162911129,94.7382799650454,5938.299233954665,5938.2968785406965,0.0,335.5390135297923,9728.554241636944,12640.71332701588,6320.35666350794,1.4672253379606455,203,22,0,6393.542545006169,8037.585081396654,14431.127626402824,2756.944891844181,2756.944891844181,0.02676252938223934,0.05413656540962955,0.0,0.0,3.231630485235527,0.6173756749470884,0.4430383203949154
108,1080.0,10.0,15.430494549156718,0.14192162856552337,0.0,70.21942650522254,70.70342085885108,3.410293121073346,0.0,4,0,0,9.46,809.46,0.008196927806373017,94.80455214560074,5895.806720945366,5895.804346525229,0.0,338.6136808821239,9826.637859054683,12747.607533086912,6373.803766543456,1.4657118938701337,203,22,0,6484.538272486686,8151.61621065491,14636.154483141596,2796.697170279211,2796.697170279211,0.026712270947341042,0.05408130052850112,0.0,0.0,3.230804861630971,0.617346778120929,0.44304931872342496
109,1090.0,10.0,15.572416177722241,0.14097081845424903,0.0,70.70342085885108,71.16991306444484,3.3091402228410063,0.0,4,0,0,9.455,809.455,0.008266860157525242,94.87164567236755,5855.447464269797,5855.445111015064,0.0,341.5941583151116,9921.655115894042,12851.288771780066,6425.644385890033,1.4642397099525315,203,22,0,6572.7529467298555,8262.14906519425,14834.902011924105,2835.2532068749188,2835.2532068749188,0.026663555090354278,0.05402765609722203,0.0,0.0,3.2299970644075624,0.6173185052181096,0.4430600850242732
110,1100.0,10.0,15.71338699617649,0.14006611247464568,0.0,71.16991306444484,71.61979992641393,3.211960794946208,0.0,4,0,0,9.45,809.45,0.00833739938564562,94.93952570408888,5817.067149133166,5817.0648547107285,0.0,344.484302771565,10013.736866166717,12951.883318604285,6475.941659302142,1.462806151600678,203,22,0,6658.300225830818,8369.327116440183,15027.627342271,2872.6611808923926,2872.6611808923926,0.02661631704160828,0.05397556997203441,0.0,0.0,3.2292067043361214,0.6172908426156092,0.4430706241365049
111,1110.0,10.0,15.853453108651136,0.13920431074277625,0.0,71.61979992641393,72.05391170853888,3.118522550117723,0.0,4,0,0,9.445,809.445,0.008408526975763582,95.00815881653527,5780.526586704925,5780.5243860687415,0.0,347.28773712725484,10103.005548478495,13049.510260005161,6524.755130002581,1.4614087918473873,203,22,0,6741.286874780999,8473.285124452657,15214.571999233656,2908.9663639976297,2908.9663639976297,0.02657049617827876,0.05392498351165393,0.0,0.0,3.2284334034205626,0.6172637770835646,0.4430809407665593
112,1120.0,10.0,15.992657419393915,0.13838251410216884,0.0,72.05391170853888,72.47301880548439,3.0286131139088868,0.0,4,0,0,9.44,809.44,0.008480225149237916,95.07751292187838,5745.69984721002,5745.697772449156,0.0,350.0078708240001,10189.575972634599,13144.282082298743,6572.141041149372,1.4600453902981252,203,22,0,6821.813373344799,8574.149905588542,15395.963278933341,2944.2113774636105,2944.2113774636105,0.026526035635277,0.05387584128918633,0.0,0.0,3.2276767940599678,0.6172372957559438,0.44309103949859685
113,1130.0,10.0,16.131039933496083,0.1375980884994992,0.0,72.47301880548439,72.87783757703572,2.9420377562353224,0.0,4,0,0,9.435,809.435,0.008552476821938527,95.14755719466271,5712.4726685181795,5712.470748750852,0.0,352.64791809379153,10273.556009563255,13236.305196689515,6618.152598344757,1.458713874708046,203,22,0,6899.974452927284,8672.041010575487,15572.015463502772,2978.4364192060502,2978.4364192060502,0.026482881964169563,0.053828090835522265,0.0,0.0,3.2269365183395116,0.6172113861057279,0.44310092480316626
114,1140.0,10.0,16.26863802199558,0.13684863441155817,0.0,72.87783757703572,73.26903546995473,2.858617439634236,0.0,4,0,0,9.43,809.43,0.008625265565811682,95.21826200365336,5680.741093265206,5680.739354572372,0.0,355.21091411880536,10355.047199029525,13325.680408890836,6662.840204445418,1.457412324811059,203,22,0,6975.859572601454,8767.071325818906,15742.93089842036,3011.6794649832605,3011.6794649832605,0.026440984832921306,0.05378168240999701,0.0,0.0,3.2262122274263545,0.6171860359237674,0.443110601044524
115,1150.0,10.0,16.405486656407138,0.13613196049523169,0.0,73.26903546995473,73.64723553093593,2.7781871325833434,0.0,4,0,0,9.425,809.425,0.008698575573465431,95.28959884893601,5650.410296570595,5650.408761962863,0.0,357.69972941445036,10434.145287091587,13412.503340538437,6706.251670269218,1.45613895807526,203,22,0,7049.553342761696,8859.347608618331,15908.900951380027,3043.9764473648725,3043.9764473648725,0.026400296760510915,0.05373656879475932,0.0,0.0,3.2255035810513886,0.6171612333006435,0.44312007248685387
116,1160.0,10.0,16.54161861690237,0.13544606078551688,0.0,73.64723553093593,74.01302039685093,2.700594345776062,0.0,4,0,0,9.42,809.42,0.008772391625460146,95.36154030372698,5621.3935735202795,5621.392262932897,0.0,360.1170826758398,10510.940703228085,13496.864808494569,6748.4324042472845,1.454892117113065,203,22,0,7121.135903491256,8948.970965231398,16070.106868722654,3075.3614154863794,3075.3614154863794,0.02636077288147687,0.05369270510983575,0.0,0.0,3.224810247061507,0.6171369666109977,0.4431293432995872
117,1170.0,10.0,16.677064677687884,0.13478909488843968,0.0,74.01302039685093,74.36693583442516,2.6256978568418616,0.0,4,0,0,9.415,809.415,0.00884669906002978,95.43405996042164,5593.611461213035,5593.610391525309,0.0,362.4655522899678,10585.51898542886,13578.85116723566,6789.42558361783,1.4536702585183299,203,22,0,7190.683263607664,9036.037279306856,16226.720542914522,3105.8666781274114,3105.8666781274114,0.026322370736267375,0.0536500486463249,0.0,0.0,3.2241319010300016,0.617113224499895,0.4431384175619831
118,1180.0,10.0,16.811853772576324,0.13415937071318548,0.0,74.36693583442516,74.70949389002013,2.553366595072248,0.0,4,0,0,9.41,809.41,0.008921483744993937,95.50713238046745,5566.990974661014,5566.990159736492,0.0,364.7475866846277,10657.961160210594,13658.544618764587,6829.272309382293,1.4524719429386908,203,22,0,7258.267605428714,9120.637597046469,16378.905202475184,3135.522932258958,3135.522932258958,0.02628505008393116,0.05360855871552838,0.0,0.0,3.2234682259150773,0.6170899958708727,0.44314729926709895
119,1190.0,10.0,16.94601314328951,0.13355532936614764,0.0,74.70949389002013,75.04117570077655,2.4834786625930976,0.0,4,0,0,9.405,809.405,0.008996732051650282,95.580733047699,5541.464939436682,5541.464390181113,0.0,366.96551365935454,10728.344083429958,13736.023493860348,6868.011746930174,1.4512958262209683,203,22,0,7323.957559542138,9202.858474498167,16526.816034040305,3164.359378881161,3164.359378881161,0.02624877273422854,0.053568196512136595,0.0,0.0,3.222818911758317,0.6170672698753861,0.4431559923252594
120,1200.0,10.0,17.079568472655655,0.13297553189301548,0.0,75.04117570077655,75.36243401060148,2.4159204723722723,0.0,4,0,0,9.4,809.4,0.009072430830461853,95.65483832481478,5516.971406865634,5516.9711313000635,0.0,369.1215488223367,10796.740746871352,13811.362507951097,6905.681253975548,1.4501406514919146,203,22,0,7387.818453232862,9282.782291589587,16670.600744822448,3192.4038277051804,3192.4038277051804,0.02621350239668826,0.05352892498984839,0.0,0.0,3.222183655416456,0.617045035903421,0.4431645005671058
121,1210.0,10.0,17.212544004548672,0.1324186476059802,0.0,75.36243401060148,75.67369542874475,2.350585992008109,0.0,4,0,0,9.395,809.395,0.00914856738837553,95.72942541271291,5493.45314425096,5493.4531432697795,0.0,371.21780323964873,10863.220554489893,13884.632994820024,6942.316497410012,1.4490052420564308,203,22,0,7449.912535702512,9360.487536857407,16810.400072559918,3219.682792009908,3219.682792009908,0.02617920454468508,0.053490708747842675,0.0,0.0,3.22156216032324,0.6170232835751583,0.44317282774627187
122,1220.0,10.0,17.344962652154653,0.13188344368210056,0.0,75.67369542874475,75.97536256984036,2.287376888813742,0.0,4,0,0,9.39,809.39,0.009225129467324388,95.80447231193209,5470.857845396197,5470.857444643064,0.0,373.2562904194329,10927.849518193489,13955.903176435371,6977.951588217686,1.4478884949405446,203,22,0,7510.299183621569,9436.04906750729,16946.34825112886,3246.2215749398097,3246.2215749398097,0.02614584631998153,0.053453513899483725,0.0,0.0,3.220954136613403,0.617002002745314,0.4431809775372272
123,1230.0,10.0,17.476846095836752,0.1313687759682995,0.0,75.97536256984036,76.26781586113009,2.226200930427376,0.0,4,0,0,9.385,809.385,0.009302105219264943,95.8799577784551,5449.136930634078,5449.134903692371,0.0,375.23893333115376,10990.690572593943,14025.238316149638,7012.619158074819,1.4467893750249252,203,22,0,7569.035107987608,9509.538370505974,17078.57347849358,3272.0443572289623,3272.0443572289623,0.026113396376466355,0.053417307997475,0.0,0.0,3.2203593003067708,0.616981183474582,0.44318895354574056
124,1240.0,10.0,17.60821487180505,0.13087358127916132,0.0,76.26781586113009,76.55141476219015,2.166968293280843,0.0,4,0,0,9.38,809.38,0.009379483189676109,95.95586129373903,5428.242633767464,5428.239885010202,0.0,377.167569931412,11051.803986952913,14092.700675141223,7046.350337570611,1.4457069101742042,203,22,0,7626.174517070884,9581.023768023253,17207.198285094135,3297.174266620403,3297.174266620403,0.026081824674529314,0.05338206005638249,0.0,0.0,3.2197773718376306,0.6169608159781621,0.44319675932816527
125,1250.0,10.0,17.73908845308421,0.13039687021233834,0.0,76.55141476219015,76.82649965732,2.1095973751663224,0.0,4,0,0,9.375,809.375,0.009457252320118863,96.03216306656002,5408.132737589756,5408.1299644964965,0.0,379.04395577829024,11111.247049013416,14158.3500028726,7079.1750014363,1.444640186797284,203,22,0,7681.769192286352,9650.570515849664,17332.339708136016,3321.6334062862243,3321.6334062862243,0.02605110264523715,0.05334774031615856,0.0,0.0,3.2192080793533915,0.6169408907412136,0.44320439834677566
126,1260.0,10.0,17.869485323296548,0.12993772037695922,0.0,76.82649965732,77.09339321119019,2.054011360949789,0.0,4,0,0,9.37,809.37,0.00953540191335791,96.10884397255907,5388.767894680144,5388.765619241046,0.0,380.86977136033175,11169.074513101734,14222.243577587049,7111.1217887935245,1.4435883451050424,203,22,0,7735.868704644396,9718.241075544389,17454.109780188784,3345.4429481078814,3345.4429481078814,0.026021202965214825,0.05331432022049576,0.0,0.0,3.218651156577021,0.6169213984440407,0.443211873998006
127,1270.0,10.0,17.999423043673506,0.12949527064673258,0.0,77.09339321119019,77.3524016052141,2.0001378639571157,0.0,4,0,0,9.365,809.365,0.009613921618187199,96.18588552677424,5370.111396137105,5370.109976426715,0.0,382.6466265202092,11225.338754523624,14284.436346823655,7142.218173411828,1.442550575245658,203,22,0,7788.520544949594,9784.095279147685,17572.61582409728,3368.6231873552447,3368.6231873552447,0.02599209948095133,0.05328177234883652,0.0,0.0,3.2181063426833996,0.616902329957764,0.44321918961371803
128,1280.0,10.0,18.128918314320238,0.1299106975271196,0.0,77.3524016052141,76.59950828907992,-5.795468198275239,0.0,4,0,0,9.36,809.36,0.009692801414018468,96.26326985586981,0.0,5352.128588236276,915.9854404696562,384.09557734797295,11794.875207151483,13811.49661604672,6905.74830802336,1.442101342349314,203,22,0,7832.290585605147,9836.970993593055,17669.261579198203,3390.5391231384187,3390.5391231384187,0.025702428172029126,0.05351140932022305,0.0,0.0,3.214171866453584,0.6167646232897204,0.44327209433732095
129,1290.0,10.0,18.258829011847357,0.13459637010644085,0.0,76.59950828907992,71.992909056081,-34.22528578858364,0.0,4,0,0,9.355,809.355,0.009776404215264163,96.34825523743365,0.0,5404.734432988784,24000.03063437045,377.9276078322783,13533.064299966367,11662.109555518853,6766.532149983183,1.4437565643823722,203,22,0,7653.019573510607,9605.093071224614,17258.11264473522,3322.447937216384,3322.447937216384,0.024819908169979414,0.054567880878444074,0.0,0.0,3.2013977475723907,0.6163175291288786,0.44344475731795885
130,1300.0,10.0,18.393425381953797,0.14374006670072906,0.0,71.992909056081,67.14714047263234,-33.712024035286504,0.0,4,0,0,9.35,809.35,0.00989066229824634,96.48396488321248,0.0,5750.5663464370145,24000.033213275805,348.39220293837667,12623.350095871408,10602.796766687037,6311.675047935704,1.4534792686119538,203,22,0,6777.959061583148,8511.175623475297,15289.134685058445,2936.40123674495,2936.40123674495,0.025291875565189442,0.055123188850753735,0.0,0.0,3.2107150250834433,0.6166436338417655,0.44331868357514165
131,1310.0,10.0,18.537165448654527,0.19485605352593735,0.04,67.14714047263234,62.005059551954595,-33.20555318049924,0.0,3,0,0,9.345,809.345,0.00999418469560943,96.60135989548739,0.0,6165.564119126369,24000.034990438646,319.0806628760732,11721.375802857947,9550.668388880269,5860.687901428973,1.4641644276948558,203,22,0,5910.180018039518,7424.901029448699,13335.081047488216,2555.632785556438,2555.632785556438,0.025756795656711313,0.05567013852401944,0.0,0.0,3.2191329531107513,0.6169382613227212,0.4432054066257628
132,1320.0,10.0,18.732021502180466,0.16879110891752644,0.0,62.005059551954595,56.484593891653404,-32.705903146821335,0.0,3,0,0,9.34,809.34,0.01008728433067158,96.70102189199889,0.0,6676.87448397829,24000.03604985915,290.0190745509122,10827.821725928867,8506.783244131946,5413.910862964433,1.4759577102297612,203,22,0,5050.360738241502,6347.33012081931,11397.69085906081,2180.1405284383145,2180.1405284383145,0.026214757644182164,0.05620884452810033,0.0,0.0,3.2267172795545918,0.6172037127482557,0.4431038532885476
133,1330.0,10.0,18.900812611097994,0.18701210177418331,0.0,56.484593891653404,50.46035678405183,-32.213087016560166,0.0,3,0,0,9.335,809.335,0.010170284392018367,96.78354763528534,0.0,7329.432177455662,24000.036468456547,261.2295211609444,9943.26019224456,7472.041218485067,4971.63009612228,1.4890419896138722,203,22,0,4199.0726755447495,5279.363657434877,9478.436332979625,1809.9127909302335,1809.9127909302335,0.02666585169308742,0.05673942142513708,0.0,0.0,3.233515709807238,0.6174416578070983,0.44301322792392867
134,1340.0,10.0,19.087824712872177,0.2517281611271163,0.04,50.46035678405183,44.00038898321764,-30.51066880496727,0.0,2,0,0,9.33,809.33,0.010243517584848066,96.84954773660384,0.0,8204.460419725889,23015.473368465824,232.7503915652096,8986.655919515593,6530.036851498382,4493.327959757797,1.5038539519934966,203,22,0,3357.3220674969134,4222.554659017061,7579.876726513974,1444.9758238931267,1444.9758238931267,0.027151223298709518,0.0572209288401401,0.0,0.0,3.240110400086816,0.6176724719668836,0.44292568185880826
135,1350.0,10.0,19.339552873999292,0.2458519215580718,0.0,44.00038898321764,37.34939210960928,-27.052856985855804,0.0,2,0,0,9.325,809.325,0.010306543278731336,96.89834402828606,0.0,9409.007728497703,20589.79919927856,205.6721138860169,7953.369647501586,5758.104611566207,3976.684823750793,1.5203136381902573,203,22,0,2557.2783690992724,3217.428878718518,5774.707247817791,1099.082166913172,1099.082166913172,0.02767322470832729,0.057614708198680274,0.0,0.0,3.2464987493119857,0.6178960641897645,0.4428412141698862
136,1360.0,10.0,19.585404795557363,0.3357836774122185,0.04,37.34939210960928,30.267591271549463,-23.94250047878835,0.0,1,0,0,9.32,809.32,0.010359267703497608,96.92983773745944,0.0,11084.517755604535,18403.429459088526,181.5615860772526,7031.496903911504,5072.608834572004,3515.748451955752,1.5371947394982348,203,22,0,1845.2117731870894,2322.175987296418,4167.387760483507,792.1534423272099,792.1534423272099,0.028137566321501915,0.057962360786935306,0.0,0.0,3.2515851820315778,0.6180740893349502,0.4427741979481662
137,1370.0,10.0,19.921188472969583,0.3303872714221681,0.0,30.267591271549463,30.26742847636342,-0.0004927404900968213,18.322541627631544,1,0,0,9.315,809.315,0.0104034329814133,96.94698514663487,678.1433340999697,13468.467064266657,0.0,157.97962811880427,4719.192315377624,5812.78289254266,4352.190454564576,1.5384150191710604,204,22,50,1214.5647047980756,1529.4229948472396,2743.987699645315,520.5624882509081,520.5624882509081,0.029264164594433602,0.057555542488346746,0.0,0.4560716572565754,3.2600535820876435,0.6184654562198622,0.4426276054207783
138,1380.0,10.0,20.25157574439175,0.3303890561609579,0.0,30.26742847636342,30.267264265567064,-0.0004970225051181387,18.322344531435505,1,0,0,9.31,809.31,0.010433660591832393,96.94088471987106,678.1331336719412,13468.485187405944,0.0,157.9784889318815,4719.1586434938,5812.740618631633,4352.144832957583,1.5384002697867574,204,22,50,1214.55167814702,1529.4065952973501,2743.95827344437,520.5568900236768,520.5568900236768,0.02926417097919269,0.05755555085656705,0.0,0.4560667939076728,3.260053690164052,0.6184654579793543,0.4426276047639918
139,1390.0,10.0,20.581964800552708,0.3303908583031319,0.0,30.267264265567064,30.267098285257816,-0.0005023756108130329,18.322145722433458,1,0,0,9.305,809.305,0.010463888140835329,96.93480449181965,678.1220141566233,13468.50346729591,0.0,157.97734611282598,4719.12493676177,5812.69813742663,4352.098972742981,1.5383853963784915,204,22,50,1214.5385381858928,1529.3900530734666,2743.9285912593596,520.5512431375064,520.5512431375064,0.029264177384543563,0.05755555933240275,0.0,0.4560618882938957,3.260053798867893,0.6184654597432369,0.44262760410556656
140,1400.0,10.0,20.91235565885584,0.33039267978084785,0.0,30.267098285257816,30.266930535435677,-0.0005077286284063121,18.321944772189134,1,0,0,9.3,809.3,0.010494115627830633,96.92874439427952,678.1108294121798,13468.521943308235,0.0,157.97619875827118,4719.091096291096,5812.65548759365,4352.05285944976,1.5383704008365955,204,22,50,1214.5252567075165,1529.3733326913061,2743.898589398823,520.5455354328778,520.5455354328778,0.029264183860831478,0.05755556789757778,0.0,0.4560569298435352,3.260053908759115,0.6184654615267203,0.4426276034398247
141,1410.0,10.0,21.242748338636687,0.33039452059474483,0.0,30.266930535435677,30.266761016100645,-0.0005130815569373226,18.32174168073777,1,0,0,9.295,809.295,0.010524343051523295,96.92270435810595,678.0995794404545,13468.540615415275,0.0,157.97504686828557,4719.057122083733,5812.612669135306,4352.006493085139,1.5383552837815138,204,22,50,1214.5118337141841,1529.3564341537515,2743.8682678679356,520.5397669107906,520.5397669107906,0.029264190408055307,0.05755557655209065,0.0,0.45605191855741517,3.2600540198376757,0.6184654633298041,0.44262760276676644
142,1420.0,10.0,21.57314285923143,0.3303963788138375,0.0,30.266761016100645,30.2665900811553,-0.0005173632530670602,18.321536448114998,1,0,0,9.29,809.29,0.010554570410619241,96.91668431438582,678.0891311216882,13468.559483589092,0.0,157.9738904470066,4719.022942011405,5812.569754455702,4351.9599098571125,1.5383400455927485,204,22,50,1214.4982693166953,1529.3393576264411,2743.8376269431365,520.5339375817562,520.5339375817562,0.029264197062364977,0.0575555852597888,0.0,0.45604685443636916,3.2600541324257595,0.6184654651637754,0.44262760208217844
143,1430.0,10.0,21.90353923804527,0.3303982525070593,0.0,30.2665900811553,30.266417730599642,-0.0005216448766020676,18.321329502813768,1,0,0,9.285,809.285,0.010584797703377934,96.9106841936925,678.0786306308521,13468.578508413531,0.0,157.97273039791142,4718.988654965193,5812.526704895568,4351.913124249537,1.5383246856151633,204,22,50,1214.484591725921,1529.3221385983038,2743.806730324225,520.5280596069016,520.5280596069016,0.029264203773414005,0.05755559403894532,0.0,0.45604174805343173,3.260054245963353,0.618465467013423,0.44262760139173873
144,1440.0,10.0,22.23393749055233,0.3304001436066119,0.0,30.266417730599642,30.26624361053109,-0.000526997557113873,18.321120844863128,1,0,0,9.28,809.28,0.010615024928763456,96.90470392800283,678.0672111115186,13468.59768986581,0.0,157.97156671698863,4718.954333075261,5812.483448057314,4351.866100068412,1.5383092046946516,204,22,50,1214.470800835272,1529.3047769089974,2743.7755777442694,520.5221329775511,520.5221329775511,0.029264210505050816,0.05755560292570962,0.0,0.4560365994092822,3.260054360128194,0.6184654688674591,0.44262760069966095
145,1450.0,10.0,22.56433763415894,0.3304020540447908,0.0,30.26624361053109,30.26606772094965,-0.0005323501451925949,18.320910045840282,1,0,0,9.275,809.275,0.010645252086185728,96.8987434502618,678.0557263717142,13468.61706730704,0.0,157.97039850089772,4718.919877456154,5812.440022603693,4351.818822843217,1.538293604705312,204,22,50,1214.4568684384378,1529.2872370753264,2743.744105513764,520.5161455345673,520.5161455345673,0.029264217307619238,0.05755561190180608,0.0,0.45603139793252684,3.2600544754802048,0.6184654707410938,0.44262760000026735
146,1460.0,10.0,22.894739688203728,0.3304039818905459,0.0,30.26606772094965,30.265890415757895,-0.0005366315222374851,18.320697105782205,1,0,0,9.27,809.27,0.010675479174349368,96.89280269246403,678.045043250276,13468.63664070821,0.0,157.96922575377857,4718.885215983126,5812.396500935447,4351.771328780369,1.53827788601388,204,22,50,1214.4427946462986,1529.2695192630276,2743.7123139093264,520.5100972884985,520.5100972884985,0.029264224217268306,0.057555620931082914,0.0,0.4560261436240302,3.260054592341561,0.6184654726456138,0.44262759928934486
147,1470.0,10.0,23.225143670094273,0.3304059271444863,0.0,30.265890415757895,30.265711341053247,-0.0005419839353180578,18.320482453173312,1,0,0,9.265,809.265,0.010705706191514518,96.88688158609087,678.0334411363409,13468.656370659879,0.0,157.96804937502446,4718.850519669305,5812.352771998994,4351.723596165059,1.5382620481902067,204,22,50,1214.4286075607042,1529.2516587976338,2743.680266358338,520.5040003907316,520.5040003907316,0.029264231147502633,0.05755563006796276,0.0,0.45602084705662743,3.260054709830047,0.6184654745545213,0.44262759857678474
148,1480.0,10.0,23.55554959723876,0.3304078898072266,0.0,30.265711341053247,30.265530850738287,-0.0005462651484094749,18.320265659599183,1,0,0,9.26,809.26,0.010735933137091133,96.88098006476484,678.022640623242,13468.676296516569,0.0,157.96686846537872,4718.8156175072245,5812.308946851359,4351.675646725184,1.538246092861227,204,22,50,1214.4142790843546,1529.2336203593322,2743.6478994436866,520.497842691865,520.497842691865,0.02926423818481494,0.05755563925802046,0.0,0.4560154976591206,3.2600548288277866,0.6184654764943127,0.4426275978526961
149,1490.0,10.0,23.885957487045985,0.33040986794759747,0.0,30.265530850738287,30.265348944813013,-0.0005505462848418574,18.32004715353982,1,0,0,9.255,809.255,0.010766160009337914,96.87509806041382,678.011787947214,13468.6963788723,0.0,157.96568392829388,4718.7806083821,5812.264986837494,4351.627494944439,1.538230019352933,204,22,50,1214.399837427289,1529.2154394360093,2743.6152768632983,520.4916363526598,520.4916363526598,0.0292642452788604,0.05755564851952841,0.0,0.4560101060042414,3.2600549487747954,0.618465478449778,0.44262759712275684
150,1500.0,10.0,24.216367354993583,0.33041186349796714,0.0,30.265348944813013,30.265165269374847,-0.0005558984360334307,18.319826935025883,1,0,0,9.25,809.25,0.010796386807220512,96.86923550636847,678.0000163148896,13468.716617703001,0.0,157.9644957597624,4718.745564418958,5812.220819565202,4351.579104631646,1.5382138284923115,204,22,50,1214.385282483035,1529.1971158674737,2743.582398350509,520.4853813644874,520.4853813644874,0.029264252393488684,0.05755565788863466,0.0,0.4560046720927069,3.2600550693488204,0.6184654804096296,0.44262759639118016
151,1510.0,10.0,24.54677921849155,0.3304138783908023,0.0,30.265165269374847,30.26497982442379,-0.0005612504897214877,18.31960457565147,1,0,0,9.245,809.245,0.01082661353014731,96.863392336918,677.9881794726097,13468.737052356537,0.0,157.96330305647643,4718.710386738491,5812.176483693272,4351.5304613168855,1.5381975221346165,204,22,50,1214.3705860463695,1529.1786141718928,2743.5492002182623,520.4790655686879,520.4790655686879,0.029264259579041798,0.05755566734706415,0.0,0.45599918535351847,3.2600551911097506,0.6184654823890767,0.4426275956522888
152,1520.0,10.0,24.877193096882355,0.33041591069495013,0.0,30.26497982442379,30.26479296386242,-0.0005655313661407036,18.31938007545558,1,0,0,9.24,809.24,0.010856840176823214,96.85756848539977,677.9771441957107,13468.757682802312,0.0,157.96210582257982,4718.675003221366,5812.132051617289,4351.481601204157,1.538181100627954,204,22,50,1214.3557482282922,1529.1599345151517,2743.515682743444,520.4726889758666,520.4726889758666,0.02926426687166741,0.05755567685866633,0.0,0.45599364578758816,3.2600553143797457,0.6184654843994057,0.4426275949018699
153,1530.0,10.0,25.207609007577304,0.330417958479169,0.0,30.26479296386242,30.264604687690735,-0.0005698121632121911,18.319153862909126,1,0,0,9.235,809.235,0.010887066745509518,96.85176388463485,677.9660567621379,13468.77846964145,0.0,157.96090496150774,4718.639512748783,5812.087484685065,4351.4325387770305,1.538164563286067,204,22,50,1214.3407972382597,1529.1411123844052,2743.4819096226647,520.4662637465273,520.4662637465273,0.029264274221021853,0.057555686441713105,0.0,0.4559880639674352,3.260055438598841,0.6184654864254067,0.44262759414560116
154,1540.0,10.0,25.538026966056474,0.33042002367594203,0.0,30.264604687690735,30.26441464200616,-0.0005751639457628243,18.31892593804384,1,0,0,9.23,809.23,0.01091729323516978,96.84597846883636,677.9540504214975,13468.799412849035,0.0,157.9597004692551,4718.603987442269,5812.042710508072,4351.383237846249,1.5381479109237237,204,22,50,1214.325732969878,1529.1221476195626,2743.4478805894405,520.4597898720721,520.4597898720721,0.029264281590955652,0.057555696132351584,0.0,0.4559824398938018,3.260055563444793,0.6184654884557923,0.44262759338769553
155,1550.0,10.0,25.868446989732416,0.33042210435398933,0.0,30.26441464200616,30.264223534613848,-0.0005783735101033471,18.318695872465536,1,0,0,9.225,809.225,0.010947519645213807,96.84021217317888,677.9437123601267,13468.820551763749,0.0,157.95849145067118,4718.568184189055,5811.997912522358,4351.333756332281,1.5381311449087223,204,22,50,1214.310527435589,1529.1030050651054,2743.4135325006946,520.4532552131689,520.4532552131689,0.029264289104106018,0.05755570584001064,0.0,0.4559767629959633,3.2600556901218694,0.6184654905283445,0.4426275926140499
156,1560.0,10.0,26.198869094086405,0.3304231476007565,0.0,30.264223534613848,30.264223534613848,0.0,18.318464523061493,1,0,0,9.22,809.22,0.010977745973455985,96.83446493039807,678.403971167397,13468.841807630624,0.0,157.95728192091315,4718.493140583102,5811.992320811108,4351.303776887356,1.5381141342529199,204,22,50,1214.2952959412512,1529.0838440266236,2743.379139967875,520.4466892464839,520.4466892464839,0.029264316288215422,0.05755569597280832,0.0,0.4559710544176822,3.2600559924644035,0.6184654987411355,0.4426275895483665
157,1570.0,10.0,26.529292241687163,0.3115601646804662,0.0,30.264223534613848,33.928835358238686,11.762132130669647,0.0,1,0,0,9.215,809.215,0.011007971978049258,96.8287362746827,10198.899493436405,13468.841807630624,0.0,160.2618892364718,3994.301249511941,6689.82469958618,3344.91234979309,1.5516199297729267,205,23,0,1216.4160029677612,1532.0216663803594,2748.437669348121,520.5438520800938,520.5438520800938,0.029660782529877004,0.05715808705586845,0.0,0.0,3.266067224662998,0.6185809608270499,0.44258453321820207
158,1580.0,10.0,26.840852406367627,0.28045503857182746,0.0,33.928835358238686,37.38384314397975,12.319292972360723,0.0,1,0,0,9.21,809.21,0.011041094574614342,96.82784629882605,10793.927500435822,12202.010343967539,0.0,170.8329069814745,4268.686228594241,7120.174236837394,3560.087118418697,1.5427407531700243,205,23,0,1528.3898231829091,1924.831395748726,3453.221218931635,654.1995272903266,654.1995272903266,0.029523339880340407,0.05694248813602305,0.0,0.0,3.2650121035198585,0.6185440315870401,0.4425982948337627
159,1590.0,10.0,27.121307444939454,0.25651295419494385,0.0,37.38384314397975,40.58492869746287,12.479235458223162,0.0,1,0,0,9.205,809.205,0.011076995379715982,96.83158192349933,11074.313471224403,11074.302831988798,0.0,181.89350877086932,4584.337101936933,7541.896816121021,3770.9484080605107,1.5341869795481509,205,23,0,1854.8431500553895,2335.8005547525654,4190.643704807955,794.1602334820602,794.1602334820602,0.029365089849924503,0.056730973358806995,0.0,0.0,3.2637068704917356,0.6184983484310557,0.4426153308923197
160,1600.0,10.0,27.377820399134396,0.2385379867042439,0.0,40.58492869746287,43.25915951812772,11.210922241833725,0.0,1,0,0,9.2,809.2,0.011115660388684015,96.8399044534451,10200.846610346613,10200.831029817255,0.0,193.07748567908675,4999.998918502511,7871.833460103274,3935.916730051637,1.5264904012898572,205,23,0,2184.995244010164,2751.2959545956196,4936.291198605783,935.8908465756751,935.8908465756751,0.029156511531732657,0.05656498617969664,0.0,0.0,3.261891387869782,0.6184348065392873,0.44263904946031113
161,1610.0,10.0,27.61635838583864,0.2651521429113222,0.04,43.25915951812772,45.569664144799354,10.261970402749615,0.0,2,0,0,9.195,809.195,0.011156408423235684,96.85166521735695,9570.237284346362,9570.227545140206,0.0,203.11289710294062,5360.25437669693,8180.605430165778,4090.302715082889,1.5198304481110272,205,23,0,2481.277505663845,3124.0901544488624,5605.367660112708,1063.1892471904448,1063.1892471904448,0.028975559788807836,0.05640944097304577,0.0,0.0,3.2602150530242486,0.6183761348196937,0.44266097357366807
162,1620.0,10.0,27.881510528749963,0.21463854183649492,0.0,45.569664144799354,47.61024580462338,9.507060765342317,0.0,2,0,0,9.19,809.19,0.011199075431115276,96.8665798083037,9084.995057243337,9084.991249540464,0.0,212.2883930100466,5682.067983182956,8470.491550820152,4235.245775410076,1.5139480596723451,205,23,0,2752.203457166901,3464.9129633362063,6217.116420503107,1179.6881635259404,1179.6881635259404,0.02881376273869153,0.05626322395771117,0.0,0.0,3.258634443926057,0.618320813501257,0.4426816663896708
163,1630.0,10.0,28.09614907058646,0.2060774619508252,0.0,47.61024580462338,49.44063889994686,8.882063462914015,0.0,2,0,0,9.185,809.185,0.011243526243188275,96.8844128241925,8695.607199757758,8695.607279553195,0.0,220.77950549307187,5974.94115915654,8743.692540381584,4371.846270190792,1.5086738126117465,205,23,0,3002.949866647214,3780.2897526409106,6783.239619288124,1287.5951710266097,1287.5951710266097,0.028666378363803986,0.056125252955230125,0.0,0.0,3.257126386376801,0.618268031487033,0.4427014281064661
164,1640.0,10.0,28.302226532537286,0.1989213412528715,0.0,49.44063889994686,51.10161500822345,8.34991408068745,0.0,2,0,0,9.18,809.18,0.011289646559324384,96.90496437006637,8373.67582726993,8373.678196954792,0.0,228.7038572988131,6244.842004914933,9002.08181500594,4501.04090750297,1.5038899513062536,205,23,0,3236.985356749156,4074.5934161717187,7311.578772920875,1388.3884941604465,1388.3884941604465,0.028530429999436738,0.05599460529861566,0.0,0.0,3.255677019338072,0.6182173036406775,0.442720437990443
165,1650.0,10.0,28.501147873790156,0.19269580111908946,0.0,51.10161500822345,52.6889184847178,8.237353732027486,0.0,2,1,1,9.175,809.175,0.011337337676595973,96.92806116823593,8101.501829774227,8101.505205527804,0.0,219.84467519036963,6472.694636193867,8183.617043164109,4091.8085215820547,1.5102507045386606,205,23,0,3457.266488849145,3263.749176758831,6721.015665607976,1216.1964484705168,1216.1964484705168,0.028415711776934315,0.056404843430096975,0.0,0.0,2.8013279570569125,0.5069122409292279,0.5143964336432482
166,1660.0,10.0,28.693843674909246,0.187188560558069,0.0,52.6889184847178,54.15521739823145,7.833272018023649,0.0,2,1,1,9.17,809.17,0.011382842488234434,96.94744332885843,7857.4360453342615,7857.4397028111125,0.0,226.16081843336045,6716.6755832188,8360.712312338563,4180.356156169281,1.5063481403407122,205,23,0,3674.018501895817,3468.122413161546,7142.140915057363,1292.826508076706,1292.826508076706,0.02829264994724488,0.05631511549625997,0.0,0.0,2.800194160685369,0.5068739586282123,0.5144141715476512
167,1670.0,10.0,28.881032235467316,0.18235995632438343,0.0,54.15521739823145,55.51798281039237,7.472942194265602,0.0,2,1,1,9.165,809.165,0.01142960069425381,96.96884650268706,7644.689183692254,7644.69279027435,0.0,232.16134525799905,6946.893080060143,8530.529937139794,4265.264968569897,1.5027130253803465,205,23,0,3879.957609682887,3662.267460267051,7542.225069949938,1365.6845678113298,1365.6845678113298,0.028176432519467234,0.05622898151913524,0.0,0.0,2.799092047192244,0.506836746090268,0.5144314275559851
168,1680.0,10.0,29.0633921917917,0.2180802666261386,0.04,55.51798281039237,56.79092361093484,7.148129462400698,0.0,3,1,1,9.16,809.16,0.011477555676062949,96.99216975700719,7457.0399310218445,7457.043268555205,0.0,237.8804369273413,7165.073468745889,8693.6223264102,4346.8111632051,1.499309783922867,205,23,0,4076.254827095569,3847.2920540605214,7923.54688115609,1435.1790582983547,1435.1790582983547,0.028066200374013826,0.05614617040651149,0.0,0.0,2.798018457212037,0.506800496640348,0.5144482500368346
169,1690.0,10.0,29.281472458417838,0.1742525331670462,0.0,56.79092361093484,57.98502619306092,6.852712901346218,0.0,3,1,1,9.155,809.155,0.01152665596876161,97.0173210701714,7289.89435639638,7289.897287746983,0.0,243.34586290625109,7372.580815600131,8850.476711483276,4425.238355741638,1.4961095877918675,205,23,0,4263.861444903365,4024.0962014300426,8287.957646333407,1501.641585801331,1501.641585801331,0.02796127512478144,0.05606644305644531,0.0,0.0,2.796970969320401,0.5067651285197716,0.5144646759614774
170,1700.0,10.0,29.455724991584884,0.17080253801778192,0.0,57.98502619306092,59.10925256945863,6.58202383550456,0.0,3,1,1,9.15,809.15,0.011576854450944488,97.04421595386681,7139.771858653325,7139.774303482914,0.0,248.58062440571211,7570.517857943965,9001.52376910351,4500.761884551755,1.4930887114916336,205,23,0,4443.565358777175,4193.425420770302,8636.990779547476,1565.3466477490977,1565.3466477490977,0.02786110870857277,0.05598958816153527,0.0,0.0,2.79594767767578,0.5067305773783591,0.5144807343432165
171,1710.0,10.0,29.626527529602665,0.1676723132827772,0.0,59.10925256945863,60.17102458798868,6.33242303241434,0.0,3,1,1,9.145,809.145,0.011628107709992305,97.07277637195864,7003.977696372032,7003.979614080099,0.0,253.60408378076505,7759.793223094517,9147.145695623154,4573.572847811577,1.4902273677897973,205,23,0,4616.029776228926,4355.907328238745,8971.93710446767,1626.525178028366,1626.525178028366,0.027765249824052984,0.05591541825512953,0.0,0.0,2.794947047057808,0.5066967913798464,0.514496448479373
172,1720.0,10.0,29.794199842885444,0.16481579392004886,0.0,60.17102458798868,61.17656913656589,6.10102056763435,0.0,3,1,1,9.14,809.14,0.011680375536506523,97.10292987781281,6880.386696623747,6880.388074406207,0.0,258.43276532450875,7941.167763920979,9287.683257712937,4643.841628856469,1.487508862830497,205,23,0,4781.820660978951,4512.077579654965,9293.898240633916,1685.3741492035804,1685.3741492035804,0.027673320802183834,0.055843766248011455,0.0,0.0,2.7939678151393137,0.5066637279021278,0.5145118374625968
173,1730.0,10.0,29.959015636805493,0.16219582096998492,0.0,61.17656913656589,62.13117011585968,5.88548443224347,0.0,3,1,1,9.135,809.135,0.011733620515567606,97.13460891559318,6767.29594650038,6767.296790962862,0.0,263.0809383067358,8115.287446718479,9423.441773730576,4711.720886865288,1.4849189698717473,205,23,0,4941.426714071255,4662.398758627799,9603.825472699054,1742.0635621103231,1742.0635621103231,0.027585001193004048,0.05577448248527226,0.0,0.0,2.7930089247135443,0.5066313512489283,0.5145269172287987
174,1740.0,10.0,30.121211457775477,0.1597820237283013,0.0,62.13117011585968,63.03935616317072,5.683906275059781,0.0,3,1,1,9.13,809.13,0.01178780769183817,97.1677502467538,6663.321785966044,6663.322117191574,0.0,267.56105121571824,8282.707286421148,9554.69612796007,4777.348063980035,1.4824454563461738,205,23,0,5095.27425525774,4807.2744446234765,9902.548699881216,1796.741650411206,1796.741650411206,0.027500015823142838,0.05570743227655848,0.0,0.0,2.7920694755478346,0.5065996310241566,0.5145417013014901
175,1750.0,10.0,30.280993481503778,0.1575492902812071,0.0,63.03935616317072,63.90504304232448,5.494705038712686,0.0,3,1,1,9.125,809.125,0.011842904291870304,97.20229447362134,6567.326109001955,6567.325956318537,0.0,271.88406160542644,8443.909148529492,9681.694958498938,4840.847479249469,1.4800777208023712,205,23,0,5243.73852650436,4947.05989927407,10190.79842577843,1849.5388329481275,1849.5388329481275,0.027418125915716005,0.05564249383212348,0.0,0.0,2.791148689460874,0.50656854095275,0.5145562013315766
176,1760.0,10.0,30.438542771784984,0.1554766416724731,0.0,63.90504304232448,64.73164337473857,5.316556387649553,0.0,3,1,1,9.12,809.12,0.011898879491357622,97.23818563934603,6478.362562669308,6478.361961603041,0.0,276.05969100077107,8599.315243308918,9804.664156742487,4902.332078371243,1.4778065101138884,205,23,0,5387.152427073502,5082.070324977902,10469.222752051402,1900.570767293531,1900.570767293531,0.027339122360787324,0.05557955653761538,0.0,0.0,2.7902458845282068,0.5065380580097293,0.5145704274959582
177,1770.0,10.0,30.594019413457456,0.15354638903326331,0.0,64.73164337473857,65.52215240594454,5.148340095674394,0.0,3,1,1,9.115,809.115,0.011955704218156438,97.27537088869987,6395.636566465784,6395.635556528492,0.0,280.0966249096647,8749.298527587425,9923.809799723555,4961.904899861777,1.4756236963297864,205,23,0,5525.813367325892,5212.58734523509,10738.400712560982,1949.9407450445324,1949.9407450445324,0.0272628205294345,0.05551851950829692,0.0,0.0,2.7893604557239584,0.5065081617665741,0.5145843887965743
178,1780.0,10.0,30.74756580249072,0.15174349293682443,0.0,65.52215240594454,66.27921589606645,4.989100194478169,0.0,3,1,1,9.11,809.11,0.01201335098410816,97.3138001779257,6318.475126618099,6318.473749687741,0.0,284.00267190397,8894.190843245615,10039.320617019053,5019.660308509527,1.4735220985210515,205,23,0,5659.988719766801,5338.864158997868,10998.852878764668,1997.7415963598976,1997.7415963598976,0.027189056217396538,0.055459290372784756,0.0,0.0,2.7884918601863564,0.5064788338937162,0.5145980932879339
179,1790.0,10.0,30.899309295427543,0.15005506978998184,0.0,66.27921589606645,67.00518447769063,4.8380143545983625,0.0,3,1,1,9.105,809.105,0.012071793740300723,97.35342602455192,6246.303718826603,6246.302017953869,0.0,287.7848916911204,9034.289370399012,10151.37007567568,5075.68503783784,1.47149533904229,205,23,0,5789.920207384623,5461.129690440071,11251.049897824694,2044.0572227581738,2044.0572227581738,0.027117682429698,0.055401784245266705,0.0,0.0,2.7876396058605435,0.5064500577770682,0.5146115482524044
180,1800.0,10.0,31.049364365217524,0.14847000680743333,0.0,67.00518447769063,67.70215763175067,4.694370055253057,0.0,3,1,1,9.1,809.1,0.012131007751591856,97.39420329008935,6178.628355348084,6178.62637387173,0.0,291.4496993555724,9169.861806104225,10260.118150933935,5130.059075466967,1.469537726444835,205,23,0,5915.827475329663,5579.591966708498,11495.419442038161,2088.963844287264,2088.963844287264,0.027048566801137652,0.05534592285281485,0.0,0.0,2.78680324264504,0.5064218182190858,0.5146247603367812
181,1810.0,10.0,31.197834372024957,0.14697865830714824,0.0,67.70215763175067,68.37201960155254,4.557545820033465,0.0,3,1,1,9.095,809.095,0.012190969487103456,97.43608899002544,6115.0215106960695,6115.01929158376,0.0,295.00295104977806,9301.150565728678,10365.71283758986,5182.85641879493,1.4676441592631055,205,23,0,6037.911026879509,5694.440894689027,11732.351921568537,2132.5310243863155,2132.5310243863155,0.02698158950430702,0.05529163379075657,0.0,0.0,2.7859823554190295,0.506394101203337,0.5146377356597637
182,1820.0,10.0,31.344813030332105,0.18557260369417913,0.04,68.37201960155254,69.01646897708324,4.4269962834804115,0.0,4,1,1,9.09,809.09,0.012251656524067733,97.47904212666667,6055.11095776709,6055.108543123965,0.0,298.45001507487547,9428.376225303578,10468.291446354786,5234.145723177393,1.4658100463181765,205,23,0,6156.3546587286755,5805.850564429688,11962.205223158364,2174.8225196910485,2174.8225196910485,0.026916641536164257,0.05523884988421545,0.0,0.0,2.785176558499608,0.5063668937073519,0.5146504798973196
183,1830.0,10.0,31.530385634026285,0.14424445279059925,0.0,69.01646897708324,69.63704325907985,4.3022401901132525,0.0,4,1,1,9.085,809.085,0.012313047462920331,97.52302354125095,5998.5708260644005,5998.5682567659,0.0,301.7958313311294,9551.740367576776,10567.981721165186,5283.990860582593,1.4640312402156823,205,23,0,6271.3274977324245,5913.981175759538,12185.308673491963,2215.8969905154895,2215.8969905154895,0.02685362330195213,0.05518750863807267,0.0,0.0,2.7843854911980683,0.5063401835525823,0.5146629983510496
184,1840.0,10.0,31.674630086816883,0.14298768789602734,0.0,69.63704325907985,70.23513940424768,4.18285066335734,0.0,4,1,1,9.08,809.08,0.012375121851934012,97.56799578242666,5945.114375492267,5945.11169091056,0.0,305.0449614195704,9671.427954633302,10664.902806671395,5332.451403335697,1.4623039814757413,205,23,0,6382.9857172923985,6018.980662012298,12401.966379304697,2255.8085993635395,2255.8085993635395,0.026792443435144656,0.05513755176091239,0.0,0.0,2.7836088142292312,0.5063139592831638,0.5146752960033628
185,1850.0,10.0,31.81761777471291,0.1417965346265054,0.0,70.23513940424768,70.81203112555656,4.068447249634301,0.0,4,1,1,9.075,809.075,0.012437860119998229,97.61392298872326,5894.488108303094,5894.485346105288,0.0,308.2016311610618,9787.609320976515,10759.166089760938,5379.583044880469,1.4606248512992714,205,23,0,6491.473993913837,6120.986068073616,12612.460061987453,2294.6075186441603,2294.6075186441603,0.02673301780657193,0.055088924751164926,0.0,0.0,2.782846206788875,0.5062882100672366,0.5146873775623215
186,1860.0,10.0,31.95941430933942,0.14066585550817187,0.0,70.81203112555656,71.36888355162404,3.958689363924077,0.0,4,1,1,9.07,809.07,0.012501243516395888,97.66077078305548,5846.466934733826,5846.464130734198,0.0,311.2697669142682,9900.4418596136,10850.875934670947,5425.437967335473,1.458990731402033,205,23,0,6596.926751277771,6220.124727506776,12817.051478784546,2332.340364149504,2332.340364149504,0.02667526868653004,0.05504157653578421,0.0,0.0,2.7820973641587248,0.5062629256160773,0.5146992474983305
187,1870.0,10.0,32.10008016484759,0.13959106171602625,0.0,71.36888355162404,71.90676572086679,3.8532708515175274,0.0,4,1,1,9.065,809.065,0.01256525405662459,97.70850617763607,5800.850175636132,5800.847363690884,0.0,314.25302678334947,10010.071457766031,10940.130327790603,5470.065163895301,1.457398769672773,205,23,0,6699.46922921045,6316.515274096182,13015.984503306632,2369.050567369754,2369.050567369754,0.02661912403163081,0.054995459153501666,0.0,0.0,2.7813619957311735,0.5062380961174059,0.514710910074339
188,1880.0,10.0,32.239671226563615,0.13856803939632906,0.0,71.90676572086679,72.42666128820322,3.751915446024623,0.0,4,1,1,9.06,809.06,0.012629874473466834,97.75709748793857,5757.458235402465,5757.45544733714,0.0,317.15482758429636,10116.633726813801,11027.021445472623,5513.510722736311,1.455846350661663,205,23,0,6799.218407327193,6410.268515959234,13209.486923286426,2404.7786970574875,2404.7786970574875,0.026564516874141228,0.05495052747607272,0.0,0.0,2.7806398233702927,0.5062137121800444,0.5147223693708458
189,1890.0,10.0,32.37823926595994,0.1375930877965705,0.0,72.42666128820322,72.92947774670037,3.654372952517497,0.0,4,1,1,9.055,809.055,0.012695088172640907,97.80651425456826,5716.129815769666,5716.127081332574,0.0,319.97836826773135,10220.255061926786,11111.636155921971,5555.818077960986,1.454331070098972,205,23,0,6896.283807264207,6501.488194834552,13397.772002098758,2439.5627384028917,2439.5627384028917,0.0265113847961315,0.0549067389620449,0.0,0.0,2.7799305800439837,0.5061897647877326,0.5147336293067165
190,1900.0,10.0,32.51583235375651,0.13666286702117725,0.0,72.92947774670037,73.41605440799096,3.560416021531137,0.0,4,1,1,9.05,809.05,0.012760879192467708,97.85672717207508,5676.719569167593,5676.716916003571,0.0,322.72665036286173,10321.05355978929,11194.056464401492,5597.028232200746,1.4528507127953911,205,23,0,6990.768192849271,6590.271648841512,13581.039841690783,2473.4383365849653,2473.4383365849653,0.026459669474267214,0.05486405343847988,0.0,0.0,2.7792340086760676,0.5061662452603688,0.5147446936566051
191,1910.0,10.0,32.65249522077769,0.13577435368485818,0.0,73.41605440799096,73.88716933941429,3.469837407709747,0.0,4,1,1,9.045,809.045,0.012827232167073712,97.90770802388734,5639.096111634629,5639.093565275258,0.0,325.40249590279313,10419.139817350684,11274.359909502191,5637.1799547510955,1.4514032333948381,205,23,0,7082.768183981562,6676.710393621313,13759.478577602877,2506.439010211304,2506.439010211304,0.02640931628381214,0.05482243290679993,0.0,0.0,2.778549861177756,0.5061431452213081,0.514755566065607
192,1920.0,10.0,32.78826957446255,0.1349248030849141,0.0,73.88716933941429,74.34354541962908,3.3824476284584764,0.0,4,1,1,9.04,809.04,0.012894132292720314,97.95942962266373,5603.140331705094,5603.137915572526,0.0,328.00856320875926,10514.617630247738,11352.619917002878,5676.309958501439,1.4499867395453323,205,23,0,7172.37479715841,6760.890634092206,13933.265431250617,2538.596339168288,2538.596339168288,0.026360273952546993,0.05478184136953385,0.0,0.0,2.7778778976261904,0.5061204565696259,0.5147662500616437
193,1930.0,10.0,32.92319437754746,0.1341117167850993,0.0,74.34354541962908,74.78585564566345,3.298072954677946,0.0,4,1,1,9.035,809.035,0.012961565296907914,98.01186575546089,5568.74394434675,5568.741679767813,0.0,330.5473608449486,10607.584606159406,11428.906116837168,5714.453058418584,1.4485994771292947,205,23,0,7259.673923329227,6842.893716917346,14102.567640246572,2569.9401306139293,2569.9401306139293,0.02631249425699825,0.05474224467523523,0.0,0.0,2.7772178855641196,0.5060981714564713,0.5147767490659806
194,1940.0,10.0,33.05730609433256,0.13333281471580058,0.0,74.78585564566345,75.21472780133028,3.2165536787097606,0.0,4,1,1,9.03,809.03,0.013029517409951615,98.0649911331958,5535.808248901322,5535.806155130971,0.0,333.0212600027447,10698.132705662976,11503.284627853336,5751.642313926668,1.4472398172555778,205,23,0,7344.74675194519,6922.796532071123,14267.543284016312,2600.49856621202,2600.49856621202,0.026265931754713655,0.05470361037925799,0.0,0.0,2.77656959939985,0.506076282264807,0.5147870664022015
195,1950.0,10.0,33.19063890904836,0.13258601106244466,0.0,75.21472780133028,75.63074857837995,3.1377426148957057,0.0,4,1,1,9.025,809.025,0.013097975338766086,98.11878134395226,5504.243057740785,5504.241151992546,0.0,335.4325055304752,10786.34872100376,11575.818314361253,5787.909157180627,1.4459062447648414,205,23,0,7427.67014860926,7000.671870505753,14428.342019115013,2630.298333194312,2630.298333194312,0.02622054354739686,0.054665907618415735,0.0,0.0,2.775932819890504,0.5060547815919622,0.5147972053039015
196,1960.0,10.0,33.3232249201108,0.13186939334659833,0.0,75.63074857837995,76.0344672267242,3.0615037962838416,0.0,4,1,1,9.02,809.02,0.013166926242631424,98.17321280973884,5473.965768481039,5473.964065963872,0.0,337.78322579005027,10872.314701452333,11646.567017884352,5823.283508942176,1.444597348040077,205,23,0,7508.516992541462,7076.588743795222,14585.105736336685,2659.3647414214347,2659.3647414214347,0.026176289070580422,0.05462910699783669,0.0,0.0,2.7753073336948137,0.5060336622345312,0.514807168921311
197,1970.0,10.0,33.4550943134574,0.13118120421001417,0.0,76.0344672267242,76.42639879780978,2.987711337503151,0.0,4,1,1,9.015,809.015,0.01323635771074089,98.22826274635564,5444.900557476594,5444.899071437031,0.0,340.07544149346955,10956.108332512726,11715.587767051908,5857.793883525954,1.4433118099469089,205,23,0,7587.356479101069,7150.6126707135645,14737.969149814635,2687.7218282730128,2687.7218282730128,0.02613312990621982,0.0545931804885648,0.0,0.0,2.7746929329841734,0.5060129171752424,0.5148169603270271
198,1980.0,10.0,33.58627551766742,0.13051982549681096,0.0,76.42639879780978,76.80702703517733,2.916248439030005,0.0,4,1,1,9.01,809.01,0.01330625774135608,98.28390912606916,5416.97767622629,5416.976417994778,0.0,342.3110736488343,11037.803275094164,11782.934968161453,5891.4674840807265,1.4420483997553846,205,23,0,7664.254391807469,7222.805934948147,14887.060326755616,2715.3924529177907,2715.3924529177907,0.026091029615164848,0.05455810133465789,0.0,0.0,2.7740894151026536,0.5059925395714783,0.5148265825209942
199,1990.0,10.0,33.71679534316423,0.12988376429755624,0.0,76.80702703517733,77.17680695797019,2.847006512266762,0.0,4,1,1,9.005,809.005,0.013376614722416226,98.34013064283096,5390.132835465965,5390.131814506888,0.0,344.4919507262015,11117.469469814532,11848.660578598903,5924.330289299452,1.4408059659172805,205,23,0,7739.273347640063,7293.227817523373,15032.501165163436,2742.3983812833917,2742.3983812833917,0.026049953586935674,0.054523843968703335,0.0,0.0,2.7734965822683586,0.5059725227451909,0.5148360384348535
200,2000.0,10.0,33.84667910746178,0.1292716406746932,0.0,77.17680695797019,77.53616717631176,2.779884408258522,0.0,4,1,1,9.0,809.0,0.01344741741346638,98.39690667980642,5364.3066642720605,5364.3058882373925,0.0,346.6198151375863,11195.173410824853,11912.814265014233,5956.407132507116,1.439583429591547,205,23,0,7812.473018848282,7361.934806990802,15174.407825839084,2768.7603628533307,2768.7603628533307,0.02600986890461901,0.05449038393481484,0.0,0.0,2.7729142413097794,0.5059528601740012,0.5148453309357581
201,2010.0,10.0,33.975950748136476,0.12868217683418176,0.0,77.53616717631176,77.88551197177841,2.7147877356536356,0.0,4,1,1,8.995,808.995,0.013518654928784849,98.45421727900715,5339.4442335758185,5339.443708361199,0.0,348.6963291120351,11270.978392897943,11975.443547904397,5987.721773952198,1.4383797788259882,205,23,0,7883.9103340442025,7428.980790008137,15312.89112405234,2794.4982002586703,2794.4982002586703,0.025970744223021907,0.05445769781829552,0.0,0.0,2.7723422034318865,0.5059335454833005,0.5148544628297362
202,2020.0,10.0,34.10463292497066,0.1281992964357919,0.0,77.88551197177841,78.12158444795054,1.8414490776114234,0.0,4,0,0,8.99,808.99,0.013590316721603683,98.51204311284303,5315.494666889495,5315.494364985515,0.0,387.89860111395484,11391.655238250023,14468.251502680298,7234.125751340149,1.423444874983074,205,23,0,7945.731259783095,9980.693697647224,17926.424957430318,3437.882176478675,3437.882176478675,0.025905206111225168,0.053184430487470555,0.0,0.0,3.216463509160334,0.6168448307844566,0.4432412641478563
203,2030.0,10.0,34.232832221406454,0.12781801229396036,0.0,78.12158444795054,78.35088481564038,1.793959736773968,0.0,4,0,0,8.985,808.985,0.013670300304810586,98.58352307502295,5299.431794748588,5299.431686204887,0.0,389.48856025176906,11441.960156672214,14523.94386011239,7261.971930056195,1.4223979732104481,205,23,0,7992.855962197554,10039.615304337049,18032.4712665346,3458.656716842731,3458.656716842731,0.025879141745472928,0.053155223575441286,0.0,0.0,3.2159661003727265,0.6168274214768904,0.4432479522111328
204,2040.0,10.0,34.36065023370041,0.12744979592682978,0.0,78.35088481564038,78.5736504851631,1.7478699585412414,0.0,4,0,0,8.98,808.98,0.013750605892639541,98.65530094823814,5283.922661396795,5283.922459512,0.0,391.03684438650794,11490.937982409076,14578.184976691451,7289.0924883457255,1.4213618102372745,205,23,0,8038.747963014133,10096.991279086393,18135.739242100528,3478.8939779495936,3478.8939779495936,0.025853755457971122,0.05312676398246473,0.0,0.0,3.2154795472902116,0.6168103921190023,0.44325449631261155
205,2050.0,10.0,34.48810002962724,0.1270940667009637,0.0,78.5736504851631,78.79010786444952,1.7031273363509627,0.0,4,0,0,8.975,808.975,0.013831224963398666,98.72736156193028,5268.94200466446,5268.941909198616,0.0,392.54470932884817,11538.629315313887,14631.017973275993,7315.508986637997,1.4203358420485557,205,23,0,8083.444327370096,10152.868277469785,18236.31260483988,3498.609858411092,3498.609858411092,0.025829026888367513,0.053099030060881895,0.0,0.0,3.2150036193976907,0.6167937346427641,0.4432608994224395
206,2060.0,10.0,34.6151940963282,0.12675027797140928,0.0,78.79010786444952,79.00047311172274,1.6596827292218677,0.0,4,0,0,8.97,808.97,0.013912149259140447,98.79969023486761,5254.466559600501,5254.4667245822975,0.0,394.0133628936854,11585.073121183557,14682.484405062136,7341.242202531068,1.4193195539760206,205,23,0,8126.980706580108,10207.291169165585,18334.271875745693,3517.819659248201,3517.819659248201,0.025804936482686048,0.05307200092964582,0.0,0.0,3.214538091322546,0.6167774411601341,0.4432671644479782
207,2070.0,10.0,34.741944374299614,0.1264179145005739,0.0,79.00047311172274,79.20495274909703,1.6174894055332516,0.0,4,0,0,8.965,808.965,0.01399337077147068,98.87227274990403,5240.474405858925,5240.474945188237,0.0,395.44396785860715,11630.306876724922,14732.624313848886,7366.312156924443,1.4183124587618625,205,23,0,8169.391425374691,10260.303147949118,18429.69457332381,3536.538121053111,3536.538121053111,0.02578146542104981,0.05304565644858186,0.0,0.0,3.2140827422706915,0.6167615039433192,0.4432732942411066
208,2080.0,10.0,34.868362288800185,0.12609649016020946,0.0,79.20495274909703,79.40374424627043,1.576503017021605,0.0,4,0,0,8.96,808.96,0.014074881732188018,98.94509533686,5226.944976385188,5226.9458617247865,0.0,396.8376442010117,11674.366637126823,14781.476309607293,7390.7381548036465,1.4173140948441005,205,23,0,8210.709547714305,10311.94581501981,18522.655362734113,3554.779451534379,3554.779451534379,0.025758595584797737,0.05301997717895379,0.0,0.0,3.2136373559923515,0.6167459154235773,0.443279291598412
209,2090.0,10.0,34.99445877896039,0.12578554568543915,0.0,79.40374424627043,79.59703673388623,1.5366828244254065,0.0,4,0,0,8.955,808.955,0.014156674602971896,99.018144653877,5213.860078439091,5213.859924740834,0.0,398.19547135013164,11717.287019585843,14829.0777370896,7414.5388685448,1.4163240246506255,205,23,0,8250.96694293443,10362.25926299101,18613.226205925443,3572.5573528559044,3572.5573528559044,0.025736309566189875,0.05299494430222179,0.0,0.0,3.2132017212563606,0.6167306682078176,0.44328515925453965
210,2100.0,10.0,35.12024432464583,0.1254846470477457,0.0,79.59703673388623,79.7850109551047,1.4979858145271465,0.0,4,0,0,8.95,808.95,0.014238742058732488,99.09140775828818,5201.199178026354,5201.19864994611,0.0,399.5184912168968,11759.101689918623,14875.464391207832,7437.732195603916,1.4153418332966217,205,23,0,8290.194375765435,10411.28218786102,18701.476563626456,3589.8850621477222,3589.8850621477222,0.02571459042191598,0.05297053975820937,0.0,0.0,3.2127756288557956,0.6167157549737978,0.4432908999222819
211,2110.0,10.0,35.24572897169358,0.12519338385375292,0.0,79.7850109551047,79.96784006906277,1.4603736102512812,0.0,4,0,0,8.945,808.945,0.01432107700625338,99.16487213630946,5188.944963540393,5188.944577985447,0.0,400.8077066238158,11799.842849051633,14920.67092586942,7460.33546293471,1.4143671275222232,205,23,0,8328.421458651192,10459.05183201986,18787.473290671052,3606.7753267718545,3606.7753267718545,0.025693421936518305,0.052946746049933525,0.0,0.0,3.2123588757127184,0.6167011686137901,0.4432965162370547
212,2120.0,10.0,35.370922355547336,0.12491123318563079,0.0,79.96784006906277,80.14586219723354,1.4251891013373097,42.63236963540802,4,0,0,8.94,808.94,0.014403672558384924,99.2385256586727,5177.0810236439365,5177.081182165936,0.0,400.8716649293397,11804.114243327314,14920.663418628666,10822.817045868862,1.3994140163118707,206,23,150,8330.34246301363,10461.44374794235,18791.78621095598,3623.3168870787936,3623.3168870787936,0.02569121654899427,0.05294665145689767,0.0,1.041282507199605,3.1984210165480595,0.6166999108626381,0.4432970005883144
213,2130.0,10.0,35.495833588732964,0.12463783098227088,0.0,80.14586219723354,80.319061192238,1.3896181732261539,42.82239484891966,4,0,0,8.935,808.935,0.014503473295233117,99.3405616467662,5165.578932555525,5165.58171127006,0.0,402.082237008369,11842.388566918047,14963.093900306554,10858.999012921582,1.398225152620478,206,23,150,8366.24037701044,10506.299672464163,18872.540049474603,3639.385918588457,3639.385918588457,0.025671322907672607,0.05292430776521126,0.0,1.0457098314995987,3.1979115259498427,0.6166861559664614,0.44330229821095807
214,2140.0,10.0,35.62047141971524,0.12437296496098536,0.0,80.319061192238,80.48759004642801,1.3550280339693017,43.00767727201648,4,0,0,8.93,808.93,0.014603655243798053,99.44289237625208,5154.43784333449,5154.442717017325,0.0,403.26205701982883,11879.68656613901,15004.450568516248,10894.269820884221,1.397039856861116,206,23,150,8401.228112073908,10550.015638081348,18951.243750155256,3655.052958795874,3655.052958795874,0.025651930810091476,0.05290252098032837,0.0,1.0500240090770103,3.197413245098341,0.616672704760819,0.44330748012277993
215,2150.0,10.0,35.74484438467622,0.1241163030281424,0.0,80.48759004642801,80.65159563706078,1.3213863661052074,43.18834767654572,4,0,0,8.925,808.925,0.014704209241533395,99.54550162080734,5143.6435933412195,5143.650092656403,0.0,404.41199539968466,11916.036133211252,15044.763560101059,10928.654859114878,1.3958577795246045,206,23,150,8435.331380665557,10592.623961396754,19027.955342062312,3670.3291317398803,3670.3291317398803,0.025633026166785648,0.052881275820881694,0.0,1.0542282739437794,3.1969259350352686,0.6166595506684093,0.44331254877494936
216,2160.0,10.0,35.868960687704366,0.1238675296918334,0.0,80.65159563706078,80.81121911154563,1.2886627745137957,43.36453252535974,4,0,0,8.92,808.92,0.014805126361842013,99.64837360070071,5133.183177987169,5133.1904437828625,0.0,405.5328930334669,11951.464159670035,15084.062042561094,10962.178692195912,1.3946785901431407,206,23,150,8468.57502420001,10634.15586003112,19102.730884231132,3685.2251933940024,3685.2251933940024,0.02561459538476666,0.0528605574842274,0.0,1.0583257491045168,3.1964493617591385,0.616646687259086,0.4433175065660704
217,2170.0,10.0,35.9928282173962,0.12362634507241238,0.0,80.81121911154563,80.96659603202498,1.2568269359443094,43.53635422862825,4,0,0,8.915,808.915,0.01490639790190792,99.75149296106008,5123.043277211098,5123.051038600792,0.0,406.62556293715073,11985.996710864536,15122.37415161218,10994.865048939046,1.3935019763360752,206,23,150,8500.983062801151,10674.641514925566,19175.624577726718,3699.7515533845562,3699.7515533845562,0.02559662527943042,0.052840351676605966,0.0,1.0623194531043278,3.1959832951822564,0.6166341082144521,0.4433223558556416
218,2180.0,10.0,36.11645456246861,0.12339246398993962,0.0,80.96659603202498,81.11785672378214,1.2258503223461958,43.703931153420825,4,0,0,8.91,808.91,0.015008015388532612,99.85484478016974,5113.211650908646,5113.219775674517,0.0,407.6907904989661,12019.658916497983,15159.727116766428,11026.736885941293,1.3923276428937639,206,23,150,8532.578702010405,10714.110079754008,19246.688781764413,3713.918276160619,3713.918276160619,0.025579103131368155,0.05282064455327763,0.0,1.0662123008070843,3.1955275102761305,0.6166218073642372,0.4433270989498586
219,2190.0,10.0,36.23984702645855,0.12316561499307153,0.0,81.11785672378214,81.26512655548022,1.1957057309084576,43.867377863066984,4,0,0,8.905,808.905,0.015109970565718911,99.95841454736976,5103.676780737798,5103.685140618655,0.0,408.7293350938693,12052.475049966552,15196.147289624734,11057.816420618976,1.391155310821015,206,23,150,8563.384380442427,10752.589740898859,19315.974121341285,3727.7351013834227,3727.7351013834227,0.02556201664657927,0.05280142270424845,0.0,1.0700071094879382,3.195081786625864,0.6166097786720912,0.44333173810691523
220,2200.0,10.0,36.36301264145162,0.1229455395110006,0.0,81.26512655548022,81.40852618171806,1.1663670500628995,44.02680529385478,4,0,0,8.9,808.9,0.015212255386712654,100.06218814844632,5094.427697122379,5094.436168967995,0.0,409.741931300815,12084.468580008997,15231.660173378672,11088.125159903751,1.3899847164857118,206,23,150,8593.421805658654,10790.107762729016,19383.52956838767,3741.2114590256842,3741.2114590256842,0.025545353930834337,0.05278267313982449,0.0,1.0737066034361535,3.1946459082242638,0.616598016228697,0.4433362755394945
221,2210.0,10.0,36.48595818096262,0.1627319910830268,0.04,81.40852618171806,81.54817177057237,1.1378092021650446,44.18232090052983,5,0,0,8.895,808.895,0.015314862008055565,100.16615185441707,5085.453946345989,5085.462413063217,0.0,410.7292899222919,12115.662204578932,15266.290456907196,11117.68392877492,1.388815610832189,206,23,150,8622.711984173538,10826.690525562588,19449.402509736126,3754.3564818384034,3754.3564818384034,0.02552910347308985,0.05276438327409352,0.0,1.0773134178046306,3.1942196634017446,0.6165865142492094,0.4433407134155981
222,2220.0,10.0,36.64869017204565,0.12252473464399583,0.0,81.54817177057237,81.68417521725335,1.1100080900085687,44.33402879415184,5,0,0,8.89,808.89,0.01541778278384436,100.27029231069687,5076.745560039015,5076.753911353741,0.0,411.6920989498837,12146.07788287097,15300.062047121277,11146.512897312532,1.3876477586422977,206,23,150,8651.275249873222,10862.363561619024,19513.638811492245,3767.1790171620996,3767.1790171620996,0.02551325412980331,0.052746540909248456,0.0,1.080830102255812,3.193802844756132,0.6165752670707468,0.4433450538593649
223,2230.0,10.0,36.77121490668964,0.12232354586086337,0.0,81.68417521725335,81.81664434490152,1.0829405468579352,44.482029872819645,5,0,0,8.885,808.885,0.015521010260186638,100.37459652662717,5068.293026850886,5068.301159911262,0.0,412.63102447944686,12175.73686562758,15332.99809966888,11174.631606367822,1.386480937840623,206,23,150,8679.131290952178,10897.151589094281,19576.28288004646,3779.6876381262578,3779.6876381262578,0.025497795110086447,0.05272913422069808,0.0,1.0842591244174173,3.193395249082469,0.6165642691499299,0.4433492989518744
224,2240.0,10.0,36.89353845255051,0.12212821051610301,0.0,81.81664434490152,81.94568309346647,1.0565842897365656,44.62642194573404,5,0,0,8.879999999999999,808.88,0.015624537169844726,100.4790518653528,5060.087266138546,5060.095085967661,0.0,413.54671157919944,12204.65972384134,15365.121048105288,11202.058991940516,1.3853149388406054,206,23,150,8706.299175464848,10931.07854448178,19637.377719946628,3791.890654277233,3791.890654277233,0.02548271596164057,0.05271215174291464,0.0,1.08760287316038,3.192996677302936,0.6165535150604705,0.4433534507319397
225,2250.0,10.0,37.01566666306661,0.12193852393408523,0.0,81.94568309346647,82.07139169752533,1.030917875689647,44.76729985103225,5,0,0,8.875,808.875,0.015728356427059022,100.58364603403122,5052.119603484033,5052.127023308788,0.0,414.439785113773,12232.866375961354,15396.45263162351,11228.813408344617,1.3841495639286292,206,23,150,8732.797375582059,10964.167613252806,19696.964988834865,3803.7961216717968,3803.7961216717968,0.025468006557420788,0.05269558235597257,0.0,1.0908636617104241,3.192606934396961,0.6165429994908064,0.4433575111968877
226,2260.0,10.0,37.137605187000695,0.12175429044692059,0.0,82.07139169752533,82.19386685382817,1.0059206608101703,44.904755567790865,5,0,0,8.87,808.87,0.015832461122543103,100.68836707436013,5044.381747906898,5044.388689371807,0.0,415.31085052702133,12260.376113700224,15427.01392143453,11254.912650238868,1.382984626683359,206,23,150,8758.64379063435,10996.441259000403,19755.085049634756,3815.411852470355,3815.411852470355,0.025453657082982056,0.05267941527273535,0.0,1.0940437306037853,3.1922258293316057,0.6165327172417819,0.44336148230332656
227,2270.0,10.0,37.25935947744762,0.12157532289658707,0.0,82.19386685382817,82.31320187929096,0.9815727618037726,45.03887832256556,5,0,0,8.865,808.865,0.015936844518643134,100.79320335340995,5036.865770624001,5036.8721639079085,0.0,416.1604945861796,12287.207626533065,15456.825345878908,11280.373973591697,1.3818199514278646,206,23,150,8783.855769018599,11027.921251143374,19811.77702016197,3826.745424061413,3826.745424061413,0.025439658024462308,0.05266364002665109,0.0,1.0971452504968149,3.1918531749923065,0.6165226632243734,0.44336536596790277
228,2280.0,10.0,37.38093480034421,0.12140144217045319,0.0,82.31320187929096,82.42948686009882,0.9578550199147685,45.16975469080606,5,0,0,8.86,808.86,0.016041500044654666,100.89814355474874,5029.564085244357,5029.5698690850895,0.0,416.9892860897622,12313.379024970767,15485.906714346713,11305.214115645882,1.3806553727122577,206,23,150,8808.450129038123,11058.628691279358,19867.07882031748,3837.8041877463347,3837.8041877463347,0.025426000157162558,0.05264824646011999,0.0,1.1001703248384476,3.1914887881140332,0.6165128324574584,0.443369164068045
229,2290.0,10.0,37.50233624251466,0.12123247676757276,0.0,82.42948686009882,82.54280879252615,0.9347489670163668,45.29746869346136,5,0,0,8.855,808.855,0.016146421292290176,101.0031766698474,5022.469429268835,5022.474550917078,0.0,417.79777654141975,12338.907862686141,15514.27724007518,11329.449313942434,1.379490734824766,206,23,150,8832.443178741643,11088.584038269677,19921.02721701132,3848.595277011392,3848.595277011392,0.025412674534685632,0.052633224713400394,0.0,1.103120992413893,3.1911324892129276,0.6165032200656273,0.44337287844269824
230,2300.0,10.0,37.62356871928223,0.12106826239336135,0.0,82.54280879252615,82.65325171603436,0.9122367937302898,45.42210188906355,5,0,0,8.85,808.85,0.016251602011291263,101.10829198975424,5015.574846812388,5015.579261914888,0.0,418.58650079179324,12363.811157561924,15541.955561890958,11353.095324459962,1.3783258913293255,206,23,150,8855.850734820986,11117.807132131897,19973.657866952883,3859.12561541185,3859.12561541185,0.025399672478599825,0.05261856521402109,0.0,1.1059992297672172,3.1907841025184736,0.6164938212770378,0.44337651089304486
231,2310.0,10.0,37.74463698167559,0.1209086415804771,0.0,82.65325171603436,82.76089683916175,0.8903013194117648,45.54373346156092,5,0,0,8.845,808.845,0.0163570361051795,101.21347909702787,5008.873672441203,5008.877344866589,0.0,419.3559776502787,12388.105411728067,15568.959764957177,11376.167438920922,1.3771607046279408,206,23,150,8878.688140623868,11146.317216811374,20025.005357435242,3869.401924091315,3869.401924091315,0.02538698556859465,0.05260425866667138,0.0,1.1088069535100271,3.190443455906254,0.616484631421309,0.4433800631832156
232,2320.0,10.0,37.86554562325607,0.12075346333359935,0.0,82.76089683916175,82.86582265911909,0.8689259675101312,45.66244030414915,5,0,0,8.84,808.84,0.01646271762714046,101.31872785791869,5002.359518987549,5002.3624176592875,0.0,420.10671046861484,12411.806630407458,15595.30740083353,11398.680501438545,1.3759950455458647,206,23,150,8900.970283337532,11174.132961903457,20075.10324524099,3879.430728958039,3879.430728958039,0.02537460563322211,0.05259029604341848,0.0,1.1115460225228775,3.1901103808329783,0.6164756459275148,0.4433835370409664
233,2330.0,10.0,37.98629908658967,0.1206596547190442,0.0,82.86582265911909,82.8896657563746,0.1976062115462355,45.77829709981717,5,0,0,8.835,808.835,0.01656864077578493,101.42402841437182,4469.794956044299,4996.02835903833,0.0,420.81125922053354,12478.030404731155,15576.053543304419,11398.167942788445,1.3748851900625074,206,23,150,8921.966851003323,11200.155344282251,20122.122195285574,3889.152876707766,3889.152876707766,0.025340570753104297,0.05259862256221116,0.0,1.114218240066782,3.189489589001835,0.6164564795855476,0.4433909487486194
234,2340.0,10.0,38.10695874130871,0.1206974489757898,0.0,82.8896657563746,82.81391927972436,-0.6275731367398748,45.804644594690004,5,0,0,8.83,808.83,0.01667395759040553,101.52796967900862,3804.637203163541,4994.591258418261,0.0,420.9417431700177,12537.624545160794,15525.158332840387,11374.775808453698,1.3739769143688487,206,23,150,8925.963823036684,11204.906335464495,20130.87015850118,3891.295440182836,3891.295440182836,0.025310133572711373,0.05262321353256731,0.0,1.1148257902706984,3.1890407608913662,0.6164413000385529,0.44339682054266727
235,2350.0,10.0,38.2276561902845,0.12075264746524728,0.0,82.81391927972436,82.81391927972436,0.0,45.720968176458015,5,0,0,8.825,808.825,0.016779875534164348,101.63256526352136,4304.727024844631,4999.159605061237,0.0,420.43811497038587,12480.311073931498,15548.896590760894,11380.023848699504,1.3731628385051435,206,23,150,8910.972415118997,11186.371563323393,20097.34397844239,3884.288909874245,3884.288909874245,0.02533953149570303,0.05261238276377465,0.0,1.1128960926458418,3.189556412164515,0.6164575086378709,0.44339055074528444
