front_wing_deg,rear_wing_deg,front_height_m,rear_height_m,package,method,objective,lap_time_s,top_speed_mps,fuel_used_kg,tyre_wear_end,tyre_wear_delta,distance_m,high_speed_corner_mps,braking_distance_m,mean_downforce_n,mean_drag_n,max_tyre_load_n,solver_iterations,shift_loss_s,feasible,constraint_reasons,objective_value,pareto,circuit,seed
16.532279633393614,15.180591949593744,0.0351689561244392,0.06072621129700724,standard,local,qualifying,49.067067571816196,87.09689314660937,1.47,0.020131890478698632,0.020131890478698632,2940.0,57.286765454337,250.0,11570.76482035809,2204.082032909108,8596.610862050537,17,0.64,True,,49.067067571816196,True,Velocity Park,42
16.532279633393614,15.160531944187989,0.0351689561244392,0.06072621129700724,standard,local,qualifying,49.067521699573796,87.10657454540265,1.47,0.020130745812597682,0.020130745812597682,2940.0,57.27801906177774,250.0,11568.814147622432,2202.8525088537967,8595.900898633588,17,0.64,True,,49.067521699573796,True,Velocity Park,42
16.532279633393614,15.198032032642326,0.0351689561244392,0.06072621129700724,standard,local,qualifying,49.067637554199315,87.08783019228228,1.47,0.020132379195529876,0.020132379195529876,2940.0,57.28658898966387,250.0,11571.993507439098,2205.0627348495163,8597.138082517853,17,0.64,True,,49.067637554199315,False,Velocity Park,42
16.532279633393614,15.154715557578172,0.0351689561244392,0.06072621129700724,standard,local,qualifying,49.067689098683374,87.10938032852752,1.47,0.02013039551337129,0.02013039551337129,2940.0,57.2749586449936,250.0,11568.231770764472,2202.4930782394963,8595.6946896837,17,0.64,True,,49.067689098683374,True,Velocity Park,42
16.532279633393614,15.22625067978155,0.0351689561244392,0.06072621129700724,standard,local,qualifying,49.06857572351469,87.07313496059959,1.47,0.020133159016789453,0.020133159016789453,2940.0,57.286279457621276,250.0,11573.972996727265,2206.6503991499017,8597.985324531994,17,0.64,True,,49.06857572351469,False,Velocity Park,42
16.532279633393614,15.02585789918236,0.0351689561244392,0.06072621129700724,standard,local,qualifying,49.071434804761395,87.17131655055708,1.47,0.020122591123757846,0.020122591123757846,2940.0,57.207283845636994,250.0,11555.309927180102,2194.561891190717,8591.075861980602,17,0.64,True,,49.071434804761395,True,Velocity Park,42
17.929056836980184,15.675506962100929,0.0351689561244392,0.06072621129700724,standard,differential_evolution,qualifying,49.079237787382056,86.24372830792406,1.47,0.02018986031338175,0.02018986031338175,2940.0,57.538707240018994,250.0,11676.780865724351,2294.827978628051,8520.761521220333,17,0.56,True,,49.079237787382056,False,Velocity Park,42
16.532279633393614,15.583494391362988,0.0351689561244392,0.06072621129700724,standard,local,qualifying,49.08078472647858,86.88539513948761,1.47,0.02014260268534892,0.02014260268534892,2940.0,57.28254556423053,250.0,11599.118116003328,2227.0318404334025,8608.31206694151,17,0.64,True,,49.08078472647858,False,Velocity Park,42
16.532279633393614,14.721359549995794,0.0351689561244392,0.06072621129700724,standard,local,qualifying,49.081005334987054,87.31618342881524,1.47,0.020098106594902628,0.020098106594902628,2940.0,57.051971266046166,250.0,11524.283089308892,2175.993750179737,8579.807386235698,17,0.64,True,,49.081005334987054,True,Velocity Park,42
16.532279633393614,15.675506962100929,0.0351689561244392,0.06072621129700724,standard,local,qualifying,49.08403327450149,86.83653549488018,1.47,0.020144905180183994,0.020144905180183994,2940.0,57.28164001600817,250.0,11605.447828754082,2232.332863985227,8610.852533414733,17,0.64,True,,49.08403327450149,False,Velocity Park,42
16.528946279293287,15.675506962100929,0.0351689561244392,0.06072621129700724,standard,local,qualifying,49.084040057268595,86.83782835969645,1.47,0.020144703824595288,0.020144703824595288,2940.0,57.27990350453183,250.0,11605.166957526959,2232.1686317000876,8611.050941242294,17,0.64,True,,49.084040057268595,False,Velocity Park,42
16.535863576224717,15.675506962100929,0.0351689561244392,0.06072621129700724,standard,local,qualifying,49.08407175998586,86.83514562048893,1.47,0.02014510819199052,0.02014510819199052,2940.0,57.28351251455024,250.0,11605.732190319286,2232.5060567729024,8610.639238645866,17,0.64,True,,49.08407175998586,False,Velocity Park,42
16.52561292519296,15.675506962100929,0.0351689561244392,0.06072621129700724,standard,local,qualifying,49.08411057135067,86.83912119376014,1.47,0.020144485930008095,0.020144485930008095,2940.0,57.27817420382053,250.0,11604.861358029895,2231.999635860116,8611.24934219945,17,0.64,True,,49.08411057135067,False,Velocity Park,42
16.542178529371046,15.675506962100929,0.0351689561244392,0.06072621129700724,standard,local,qualifying,49.08414760229886,86.83269580340799,1.47,0.02014546233410111,0.02014546233410111,2940.0,57.2868136735633,250.0,11606.229556647142,2232.81060119971,8610.26329198524,17,0.64,True,,49.08414760229886,False,Velocity Park,42
16.55167554286015,15.675506962100929,0.0351689561244392,0.06072621129700724,standard,local,qualifying,49.084261889291014,86.82901061353108,1.47,0.020145994604034545,0.020145994604034545,2940.0,57.29177932487801,250.0,11606.97742681752,2233.268806676898,8609.697790973481,17,0.64,True,,49.084261889291014,False,Velocity Park,42
16.517753857747955,15.675506962100929,0.0351689561244392,0.06072621129700724,standard,local,qualifying,49.084304279868,86.84216947610409,1.47,0.020143964011723102,0.020143964011723102,2940.0,57.27410096209496,250.0,11604.129344716695,2231.5990969761006,8611.71714751308,17,0.64,True,,49.084304279868,False,Velocity Park,42
16.6179730369685,15.675506962100929,0.0351689561244392,0.06072621129700724,standard,local,qualifying,49.085068017761785,86.80323320320167,1.47,0.02014970070418016,0.02014970070418016,2940.0,57.32647779164836,250.0,11612.193260413163,2236.4740711495865,8605.743135516805,17,0.64,True,,49.085068017761785,False,Velocity Park,42
16.47823390889774,15.675506962100929,0.0351689561244392,0.06072621129700724,standard,local,qualifying,49.08528145104079,86.85747788717804,1.47,0.020141336274108433,0.020141336274108433,2940.0,57.25363101577386,250.0,11600.446758077504,2229.587538074421,8614.066809441783,17,0.64,True,,49.08528145104079,False,Velocity Park,42
16.845802361816702,15.675506962100929,0.0351689561244392,0.06072621129700724,standard,local,qualifying,49.08794525257185,86.71398690314385,1.47,0.02016230858111777,0.02016230858111777,2940.0,57.446177552919835,250.0,11630.053695099825,2247.577114915514,8592.063973691049,17,0.64,True,,49.08794525257185,False,Velocity Park,42
15.729490168751576,15.675506962100929,0.0351689561244392,0.06072621129700724,standard,local,qualifying,49.105127966923575,87.14180708802078,1.47,0.02008488027454332,0.02008488027454332,2940.0,56.873185478616506,250.0,11529.55963653966,2192.1722819920255,8657.81097062606,17,0.64,True,,49.105127966923575,True,Velocity Park,42
17.5609858684237,15.655945539540298,0.033309896909953965,0.05832128435803828,standard,differential_evolution,qualifying,49.12742215685017,86.43931284058644,1.47,0.020124372362634115,0.020124372362634115,2940.0,57.48516421299428,250.0,11626.940301705794,2277.837764583674,8498.76311489178,17,0.64,True,,49.12742215685017,False,Velocity Park,42
15.325458995305386,15.655945539540298,0.029872161578330482,0.05832128435803828,standard,differential_evolution,qualifying,49.13542685270123,87.37518918057695,1.47,0.01982328400412159,0.01982328400412159,2940.0,56.47199426079169,250.0,11312.11184287875,2164.186996130866,8538.439939223039,17,0.64,True,,49.13542685270123,True,Velocity Park,42
13.75,15.0,0.0325,0.051250000000000004,standard,grid,qualifying,49.15059652807831,88.27563158587533,1.47,0.019673119795541507,0.019673119795541507,2940.0,55.685505722649395,275.0,11111.425124663523,2056.3521372950436,8583.49956139854,17,0.64,True,,49.15059652807831,True,Velocity Park,42
16.532279633393614,17.639320225002102,0.0351689561244392,0.06072621129700724,standard,local,qualifying,49.158114145706996,85.7473285986909,1.47,0.020160727711275975,0.020160727711275975,2940.0,57.27635523304343,225.0,11695.033822613326,2343.897413508349,8653.719181492119,16,0.56,True,,49.158114145706996,False,Velocity Park,42
14.035227102774567,11.444993150420252,0.0418105600620148,0.05509289268426351,standard,differential_evolution,qualifying,49.168434517704014,89.869204176975,1.47,0.01955921053616918,0.01955921053616918,2940.0,54.9793690838851,275.0,10843.500161101561,1883.381062150115,8524.47228525677,17,0.64,True,,49.168434517704014,True,Velocity Park,42
17.75980976144078,16.474526867492948,0.04109350127301468,0.05067993083877401,standard,differential_evolution,qualifying,49.18107077268354,85.95428369555117,1.47,0.01993217357825209,0.01993217357825209,2940.0,57.336564413271844,250.0,11477.307358021108,2320.3662857514832,8437.690772769745,16,0.56,True,,49.18107077268354,False,Velocity Park,42
19.27050983124842,15.675506962100929,0.0351689561244392,0.06072621129700724,standard,local,qualifying,49.18788776206399,85.62410950293098,1.47,0.020208509513127658,0.020208509513127658,2940.0,57.530936556868255,225.0,11735.57509459427,2358.1362441741185,8427.64739278987,16,0.56,True,,49.18788776206399,False,Velocity Park,42
13.541019662496845,15.675506962100929,0.0351689561244392,0.06072621129700724,standard,local,qualifying,49.1973852511002,87.90572461991135,1.47,0.019910764761227526,0.019910764761227526,2940.0,55.79943934921175,250.0,11313.655411693628,2091.145234452678,8776.387163164203,17,0.64,True,,49.1973852511002,False,Velocity Park,42
16.69234413361046,17.62042452192965,0.034045362674436294,0.06836271669034999,standard,random,qualifying,49.20224425897252,85.72038703039563,1.47,0.020044704506121912,0.020044704506121912,2940.0,57.1558634378016,225.0,11595.002023447752,2343.631549164736,8616.783597900734,17,0.56,True,,49.20224425897252,False,Velocity Park,42
13.999607117419103,15.772119235877327,0.029478208149437347,0.051580929632907835,standard,differential_evolution,qualifying,49.228486796239594,87.82044309287656,1.47,0.019555870208609435,0.019555870208609435,2940.0,55.64626500476152,250.0,11056.05479138989,2103.414015640374,8513.26410112799,17,0.64,True,,49.228486796239594,True,Velocity Park,42
13.75,15.0,0.0325,0.07375000000000001,standard,grid,qualifying,49.25528931369329,88.27902107888868,1.47,0.01953448790736051,0.01953448790736051,2940.0,55.35986478673294,275.0,10969.074470559017,2045.5046668334253,8623.533397719153,17,0.64,True,,49.25528931369329,True,Velocity Park,42
18.541583067089114,18.808063015899997,0.03826271420230063,0.06472837652452096,standard,differential_evolution,qualifying,49.26069170675489,84.27186795750596,1.47,0.020248250869259302,0.020248250869259302,2940.0,58.218307776842266,225.0,11884.848414100703,2518.5910431081256,8567.003364735388,16,0.56,True,,49.26069170675489,False,Velocity Park,42
14.887380372072279,17.40919412069738,0.03908667433827424,0.04852621115879286,standard,random,qualifying,49.297895226875625,86.53533441580714,1.47,0.01972737584519821,0.01972737584519821,2940.0,55.9945392049849,250.0,11255.929335052906,2234.047292110797,8590.998489553329,16,0.56,True,,49.297895226875625,False,Velocity Park,42
19.13083025836837,18.83937902364297,0.04123889410818508,0.06857843959680533,standard,differential_evolution,qualifying,49.34341414915542,84.03407677804742,1.47,0.020094072527596284,0.020094072527596284,2940.0,58.18694758461788,225.0,11762.786019032725,2541.073674670951,8485.905764914152,16,0.56,True,,49.34341414915542,False,Velocity Park,42
18.997593088875877,14.485386189211196,0.03477405184660487,0.04732203040518657,standard,differential_evolution,qualifying,49.36328212805678,86.38218089809278,1.47,0.019791888277332557,0.019791888277332557,2940.0,56.387107365299016,250.0,11333.830474950164,2259.268725567338,8212.39218238656,16,0.64,True,,49.36328212805678,False,Velocity Park,42
21.25,15.0,0.0325,0.051250000000000004,standard,grid,qualifying,49.422275027598374,85.02785022551762,1.47,0.019934583027105154,0.019934583027105154,2940.0,56.8364008446224,225.0,11551.344782220578,2407.4239361857867,8111.368314389853,16,0.56,True,,49.422275027598374,False,Velocity Park,42
17.5,20.0,0.04,0.06,standard,baseline,qualifying,49.42405591403282,83.96676115880335,1.47,0.02014445242109313,0.02014445242109313,2940.0,57.61539412429556,225.0,11809.79860786464,2536.86605888774,8622.06467848341,16,0.56,True,,49.42405591403282,False,Velocity Park,42
13.75,15.0,0.0475,0.051250000000000004,standard,grid,qualifying,49.42458569032052,88.32916757743142,1.47,0.019140588417485466,0.019140588417485466,2940.0,54.66462657786906,275.0,10611.076743090542,2023.5995278729106,8455.027382150447,17,0.64,True,,49.42458569032052,True,Velocity Park,42
20.555106232750017,13.385090722245057,0.03662438834154692,0.04835287145920561,standard,differential_evolution,qualifying,49.453560593226115,86.06786115959721,1.47,0.01979993098666044,0.01979993098666044,2940.0,55.90743325185031,250.0,11328.850797218061,2274.7959201678614,8099.495531681603,16,0.56,True,,49.453560593226115,False,Velocity Park,42
20.026044426857077,19.42192412286265,0.04195708319443567,0.07442494858372116,standard,random,qualifying,49.49285085125101,83.36202899129975,1.47,0.019871856459300372,0.019871856459300372,2940.0,58.2489948021248,200.0,11624.381263523406,2613.4651341846366,8349.820440063379,16,0.56,True,,49.49285085125101,False,Velocity Park,42
18.723075408600035,16.42436732581505,0.04620945826766765,0.045248620409992,standard,differential_evolution,qualifying,49.507044974729354,85.63595824367779,1.47,0.01935364776635091,0.01935364776635091,2940.0,56.14671651739627,250.0,10989.404276654395,2326.282210701955,8146.3309432626975,16,0.56,True,,49.507044974729354,False,Velocity Park,42
13.75,15.0,0.0475,0.07375000000000001,standard,grid,qualifying,49.520236823244026,88.34375541757842,1.47,0.018989542996914046,0.018989542996914046,2940.0,54.35236780438572,275.0,10463.837262713854,2013.2170724420932,8470.779069197099,17,0.64,True,,49.520236823244026,True,Velocity Park,42
19.520774800008862,21.071588013159918,0.041776214822362406,0.05367775441281755,standard,random,qualifying,49.52953194208626,82.54386622492457,1.47,0.020073332543558427,0.020073332543558427,2940.0,58.45034842612222,200.0,11881.5588927528,2712.3065808787555,8421.15158536828,16,0.56,True,,49.52953194208626,False,Velocity Park,42
19.48941084516698,14.015423888347845,0.04381447847709104,0.07068246363084657,standard,differential_evolution,qualifying,49.53481710569174,86.31286615164797,1.47,0.019632958708330487,0.019632958708330487,2940.0,55.58219908270985,250.0,11135.400142074197,2235.996582274244,8254.598769098624,16,0.56,True,,49.53481710569174,False,Velocity Park,42
21.25,15.0,0.0325,0.07375000000000001,standard,grid,qualifying,49.545848135883475,85.03396296643334,1.47,0.019779468847267837,0.019779468847267837,2940.0,56.437390772625804,225.0,11393.405875851498,2393.4723911595283,8132.145837640514,16,0.56,True,,49.545848135883475,False,Velocity Park,42
21.762540886884324,23.11897113763909,0.0392641465973152,0.06655042888864263,standard,differential_evolution,qualifying,49.61843817641255,80.3151924423391,1.47,0.020278214508989187,0.020278214508989187,2940.0,60.015063071623445,200.0,12234.863386811938,2995.730480446015,8351.833502798194,16,0.48,True,,49.61843817641255,False,Velocity Park,42
11.948822580032076,19.514098524518673,0.031807280471526526,0.07014162976071298,standard,random,qualifying,49.658969917497146,86.15335384744048,1.47,0.019541590814424765,0.019541590814424765,2940.0,54.72213747212663,250.0,11093.88718742534,2242.161465878086,8829.933929578228,17,0.56,True,,49.658969917497146,False,Velocity Park,42
22.801046099022493,14.678789717306815,0.026749082250671984,0.052662275140989846,standard,random,qualifying,49.67116765834905,84.45873182195541,1.47,0.019531648051829616,0.019531648051829616,2940.0,56.15584968123585,225.0,11260.853294125773,2455.525870097646,7920.870127444046,16,0.56,True,,49.67116765834905,False,Velocity Park,42
10.462267518519091,18.734347784647248,0.031437540184585874,0.05838378896760863,standard,random,qualifying,49.67272431674373,87.02170531002942,1.47,0.019530576643925917,0.019530576643925917,2940.0,54.30639692116529,275.0,11037.208901747319,2148.2908439778057,8883.701404160023,17,0.64,True,,49.67272431674373,False,Velocity Park,42
20.237432559624633,12.795049672186195,0.030997246074253252,0.040331302138795246,standard,random,qualifying,49.6857626786944,86.61135990298632,1.47,0.01915711203993617,0.01915711203993617,2940.0,54.79222774505615,250.0,10778.953027606567,2202.9282004510674,7794.549970734593,16,0.64,True,,49.6857626786944,False,Velocity Park,42
21.67575245610643,13.892774157039351,0.03900163011181103,0.0419711694604253,standard,random,qualifying,49.68576766995268,85.33982114950574,1.47,0.019472132109855416,0.019472132109855416,2940.0,55.480731630232185,225.0,11100.73659706637,2340.9821992428974,7891.92553577063,16,0.56,True,,49.68576766995268,False,Velocity Park,42
16.8837366330751,21.374823919057874,0.029193909943829727,0.04515385330911881,standard,random,qualifying,49.68705104626541,83.49752462148282,1.47,0.0194779224453085,0.0194779224453085,2940.0,56.62577453069389,225.0,11310.474393289553,2574.6090615993303,8316.681694940979,16,0.56,True,,49.68705104626541,False,Velocity Park,42
23.207961720673673,14.448589416970693,0.030598073646108524,0.06871567045057994,standard,differential_evolution,qualifying,49.687637212929026,84.24364968909794,1.47,0.019831795765071856,0.019831795765071856,2940.0,56.404134635813534,225.0,11498.535096715374,2475.978409324416,8129.136014401827,16,0.56,True,,49.687637212929026,False,Velocity Park,42
19.96470310491081,18.12773722880141,0.049420611539981035,0.04751378139584668,standard,random,qualifying,49.69389908896566,84.206437313376,1.47,0.019230652123037085,0.019230652123037085,2940.0,56.54318751534447,225.0,10993.570913190528,2485.1781779823536,8043.413692460347,16,0.56,True,,49.69389908896566,False,Velocity Park,42
16.532279633393614,22.360679774997894,0.0351689561244392,0.06072621129700724,standard,local,qualifying,49.69566885572999,82.81603776519134,1.47,0.02008444766090653,0.02008444766090653,2940.0,57.313204852398485,200.0,11850.566887878134,2654.63470574213,8673.602788236749,16,0.56,True,,49.69566885572999,False,Velocity Park,42
12.419076685504027,20.02089550206727,0.02956936308139505,0.07133441687849812,standard,random,qualifying,49.72263537812345,85.73810961166406,1.47,0.019420583673260095,0.019420583673260095,2940.0,54.752440999727696,250.0,11030.932223378957,2287.57796216286,8736.569369095263,17,0.56,True,,49.72263537812345,False,Velocity Park,42
21.25,15.0,0.0475,0.051250000000000004,standard,grid,qualifying,49.74384645869923,85.05583002203622,1.47,0.019433129899107025,0.019433129899107025,2940.0,55.59543977258727,225.0,11065.915849483337,2368.5496738330808,8005.602665061806,16,0.56,True,,49.74384645869923,False,Velocity Park,42
21.25,15.0,0.0475,0.07375000000000001,standard,grid,qualifying,49.855819292079964,85.07116104013133,1.47,0.019268129448481424,0.019268129448481424,2940.0,55.19907786510885,225.0,10905.280526394848,2355.4610989495823,8006.152397833393,16,0.56,True,,49.855819292079964,False,Velocity Park,42
21.25,25.0,0.0325,0.051250000000000004,standard,grid,qualifying,49.86405366254163,79.37243885121315,1.47,0.020036404074300032,0.020036404074300032,2940.0,59.59270701976493,200.0,12121.2068172522,3100.413134767194,8238.830979817456,16,0.48,True,,49.86405366254163,False,Velocity Park,42
16.052565610203473,21.18610692156667,0.03492277121600353,0.08319086873132572,standard,differential_evolution,qualifying,49.87703887112855,83.90790930676238,1.47,0.01923773993059984,0.01923773993059984,2940.0,55.67455296870321,225.0,11014.896893190027,2499.8402122370335,8436.274776774997,16,0.56,True,,49.87703887112855,False,Velocity Park,42
21.803865662532075,23.297017131840644,0.046154961358790055,0.07513280639598856,standard,random,qualifying,49.923274914786795,80.29806706941123,1.47,0.019560139420771002,0.019560139420771002,2940.0,58.713289017323405,200.0,11591.487472629296,2963.214165310663,8126.592050785758,16,0.48,True,,49.923274914786795,False,Velocity Park,42
23.068280257716427,18.481469951741268,0.04931797117705855,0.06477361754157755,standard,differential_evolution,qualifying,49.9261867488972,82.45031165894173,1.47,0.019506991071713817,0.019506991071713817,2940.0,57.15874685905874,200.0,11349.142043970602,2681.421390097592,7985.3596828319705,16,0.56,True,,49.9261867488972,False,Velocity Park,42
21.60934072833945,18.77756879504105,0.05075793759734147,0.07138156130767137,standard,random,qualifying,49.92722926454145,83.0743122003119,1.47,0.019180050547773626,0.019180050547773626,2940.0,56.615713965147734,200.0,11018.698536984877,2602.9835913283587,7981.323748604938,16,0.56,True,,49.92722926454145,False,Velocity Park,42
21.25,25.0,0.0325,0.07375000000000001,standard,grid,qualifying,49.94779057641,79.38372083762255,1.47,0.019919695219710723,0.019919695219710723,2940.0,59.363613228779286,200.0,11999.71559807689,3088.648300268686,8260.599418134929,16,0.48,True,,49.94779057641,False,Velocity Park,42
18.318771805237525,11.276345122083507,0.04982893515977746,0.06842489796049292,standard,random,qualifying,49.95090645988312,88.06810016452643,1.47,0.018868519613926986,0.018868519613926986,2940.0,53.311637865845114,275.0,10335.109821474429,2010.835793281224,7990.643940318773,16,0.72,True,,49.95090645988312,True,Velocity Park,42
11.921704490133187,19.00771875791134,0.03612394072697744,0.08170442449818709,standard,random,qualifying,49.973767168567505,86.5710205759942,1.47,0.019031035940420778,0.019031035940420778,2940.0,53.87511177454144,275.0,10625.295419322643,2182.7335873000893,8677.017105389472,17,0.72,True,,49.973767168567505,False,Velocity Park,42
22.483897020928016,26.095287149936038,0.036624351370905237,0.05297476467686099,standard,random,qualifying,49.986052249415316,78.13037597834685,1.47,0.020180989518965773,0.020180989518965773,2940.0,60.51290897652507,150.0,12337.437397874837,3266.2655196256337,8486.72051066785,16,0.48,True,,49.986052249415316,False,Velocity Park,42
11.809022943877096,18.519152396129833,0.04931797117705855,0.06477361754157755,standard,differential_evolution,qualifying,50.00057655145711,86.90738692058868,1.47,0.01890886635391804,0.01890886635391804,2940.0,53.54939921759069,275.0,10480.086558760468,2139.2653468474505,8631.274670497183,17,0.72,True,,50.00057655145711,False,Velocity Park,42
16.799590203586266,23.92059593349946,0.030697114418252264,0.07240019130956259,standard,differential_evolution,qualifying,50.00441717549148,81.75942861510923,1.47,0.01968142778186429,0.01968142778186429,2940.0,56.91821555607021,200.0,11589.82107087026,2763.0074814650047,8518.633832254836,16,0.56,True,,50.00441717549148,False,Velocity Park,42
11.047627279039663,21.816665211380215,0.025915007498171484,0.06450353353608278,standard,differential_evolution,qualifying,50.04153778421745,84.9575697699385,1.47,0.019128906074707026,0.019128906074707026,2940.0,54.085377152077854,225.0,10845.019061973151,2356.643534217541,8673.51056970143,16,0.6,True,,50.04153778421745,False,Velocity Park,42
12.43854532350926,18.808063015899997,0.05133480116670726,0.04895332518396278,standard,differential_evolution,qualifying,50.09030972022525,86.65567162295785,1.47,0.01854897264713328,0.01854897264713328,2940.0,53.333713291212916,275.0,10212.227753451207,2164.368767334808,8379.690690253,16,0.72,True,,50.09030972022525,True,Velocity Park,42
17.117888658308164,25.23106806940691,0.043157936924710295,0.060167099097870505,standard,differential_evolution,qualifying,50.10310410115307,80.70312755189312,1.47,0.01978203858272335,0.01978203858272335,2940.0,57.174826201517135,200.0,11723.227129161955,2878.1213957671625,8548.798773751423,16,0.48,True,,50.10310410115307,False,Velocity Park,42
10.351131361419402,21.37209014250798,0.02878859592680463,0.07240019130956259,standard,differential_evolution,qualifying,50.103229248931235,85.38875593828588,1.47,0.019136900920917375,0.019136900920917375,2940.0,53.73439382761717,250.0,10795.994418105409,2300.2846080125996,8790.048129300361,17,0.64,True,,50.103229248931235,False,Velocity Park,42
21.25,25.0,0.0475,0.051250000000000004,standard,grid,qualifying,50.111278011336296,79.42920669660637,1.47,0.01953440525160522,0.01953440525160522,2940.0,58.56268192641437,200.0,11643.706292264595,3060.9264815502274,8116.439369294006,16,0.48,True,,50.111278011336296,False,Velocity Park,42
17.117888658308164,25.23106806940691,0.03238060235008962,0.04311169401528039,standard,differential_evolution,qualifying,50.11577434683546,80.813135544374,1.47,0.01942491724416312,0.01942491724416312,2940.0,56.79836675757542,200.0,11444.411597567296,2867.256023134848,8313.600808571622,16,0.48,True,,50.11577434683546,False,Velocity Park,42
14.403906366500255,23.238330294537903,0.04171096457023835,0.07527541940978862,standard,random,qualifying,50.131452890674744,82.99043294722645,1.47,0.019398611576635447,0.019398611576635447,2940.0,55.320811902638525,225.0,11193.15967519447,2584.0966758441264,8655.615572892504,16,0.56,True,,50.131452890674744,False,Velocity Park,42
19.65797680120997,26.455232265416598,0.03830242596481993,0.05022574248031496,standard,random,qualifying,50.14657576828512,78.99246207814882,1.47,0.01989630640127191,0.01989630640127191,2940.0,58.68727359455079,200.0,11999.032629324889,3116.0826990578726,8339.462408263145,16,0.48,True,,50.14657576828512,False,Velocity Park,42
21.25,25.0,0.0475,0.07375000000000001,standard,grid,qualifying,50.18924767282408,79.4456586766154,1.47,0.019406211002462842,0.019406211002462842,2940.0,58.305258543696254,200.0,11516.354665135323,3049.519799908317,8122.450653462903,16,0.48,True,,50.18924767282408,False,Velocity Park,42
13.75,25.0,0.0325,0.051250000000000004,standard,grid,qualifying,50.201969502742614,81.93517931204639,1.47,0.019558356222814655,0.019558356222814655,2940.0,55.70423433557153,200.0,11455.07251824947,2715.1944067313875,8644.976872433032,16,0.56,True,,50.201969502742614,False,Velocity Park,42
18.32238153326113,26.83760658883827,0.03592267940165567,0.05183411272754969,standard,differential_evolution,qualifying,50.20996249113662,79.19198541864841,1.47,0.01986921725522951,0.01986921725522951,2940.0,58.11773366294801,200.0,11953.040442387513,3078.460975468653,8427.766339913127,16,0.48,True,,50.20996249113662,False,Velocity Park,42
13.75,25.0,0.0325,0.07375000000000001,standard,grid,qualifying,50.29379779204757,81.94145573022242,1.47,0.019449128858647545,0.019449128858647545,2940.0,55.435883149039,200.0,11338.009078100495,2704.0867064340255,8680.709229008246,16,0.56,True,,50.29379779204757,False,Velocity Park,42
21.371316101280605,17.09051936259737,0.0541209407318471,0.08019045045949891,standard,random,qualifying,50.33003054554737,84.21113761455719,1.47,0.01831653144218002,0.01831653144218002,2940.0,54.23916511936113,225.0,10159.165280597705,2428.3293722508106,7645.947852467796,16,0.6400000000000001,True,,50.33003054554737,True,Velocity Park,42
16.55727878308496,26.65356392115675,0.04600795306006747,0.054056498862191854,standard,random,qualifying,50.43091724587971,79.95284984223679,1.47,0.019373015371837096,0.019373015371837096,2940.0,56.41425961162895,200.0,11420.211168638061,2944.3309418129734,8424.122157711343,16,0.48000000000000004,True,,50.43091724587971,False,Velocity Park,42
13.75,25.0,0.0475,0.051250000000000004,standard,grid,qualifying,50.45661591700402,82.00894377612236,1.47,0.019028456532809743,0.019028456532809743,2940.0,54.68385768821463,200.0,10954.193512655178,2678.362069117044,8500.954759720667,16,0.56,True,,50.45661591700402,False,Velocity Park,42
13.75,25.0,0.0475,0.07375000000000001,standard,grid,qualifying,50.53901893968915,82.02243790905804,1.47,0.018908990228885772,0.018908990228885772,2940.0,54.41574750933796,200.0,10833.161827331542,2667.949699121994,8518.116238330003,16,0.56,True,,50.53901893968915,False,Velocity Park,42
15.26111208880223,27.744978578023932,0.030965921813513313,0.07593006106570314,standard,differential_evolution,qualifying,50.6009320529652,79.57673907588389,1.47,0.019278365018080317,0.019278365018080317,2940.0,55.994987732265145,200.0,11369.245835148418,2978.329155422301,8486.46987126201,16,0.48000000000000004,True,,50.6009320529652,False,Velocity Park,42
11.083767475414785,24.578152855442475,0.026983906772815376,0.07915527128600251,standard,differential_evolution,qualifying,50.60724360657232,83.05963371079214,1.47,0.018696457073412727,0.018696457073412727,2940.0,53.46301066922024,225.0,10585.215925508908,2540.257258061359,8563.263406873275,16,0.64,True,,50.60724360657232,False,Velocity Park,42
12.314342381013217,23.660979064849094,0.04734286467723452,0.08353793795953945,standard,random,qualifying,50.66668106439047,83.46986495055171,1.47,0.018359174188228945,0.018359174188228945,2940.0,53.02918352885172,225.0,10232.067778577271,2482.5783563937416,8413.510629087396,16,0.64,True,,50.66668106439047,False,Velocity Park,42
13.592914975750396,27.36853418803456,0.026372488640896384,0.08028999155527168,standard,differential_evolution,qualifying,50.758607046006354,80.4240573327771,1.47,0.01867929748402444,0.01867929748402444,2940.0,54.460139190778136,200.0,10772.87099403068,2848.7718077928575,8362.765962221692,16,0.48000000000000004,True,,50.758607046006354,False,Velocity Park,42
24.42688495908389,29.089186289717368,0.05467888282965987,0.041683726986804163,standard,differential_evolution,qualifying,51.08023721892784,75.69121117626183,1.47,0.01839966452881967,0.01839966452881967,2940.0,58.35628045722842,150.0,10927.394966361953,3504.353110311713,7775.336949735268,16,0.48000000000000004,True,,51.08023721892784,False,Velocity Park,42
10.340681097007907,11.800957215512835,0.04667078051789351,0.060784475361312436,standard,random,qualifying,49.486470513433154,91.13982757889185,1.47,0.018965267206340557,0.018965267206340557,2940.0,53.418923078570515,275.0,10249.188394800245,1748.8089081958651,8635.211220776273,17,0.8,False,braking_limit,49.486470513433154,False,Velocity Park,42
19.978190287541292,10.093097379940389,0.03492277121600353,0.053729122571669244,standard,differential_evolution,qualifying,49.5726448915452,87.54786337135174,1.47,0.01969106588639807,0.01969106588639807,2940.0,54.686765528749675,275.0,11115.210949851074,2096.139825614599,8036.41590981887,16,0.64,False,balance,49.5726448915452,False,Velocity Park,42
20.373480374010967,10.783071080901808,0.03437280543591797,0.06751811698895563,standard,differential_evolution,qualifying,49.61493048999417,87.10578631526656,1.47,0.019735333617565118,0.019735333617565118,2940.0,54.888635363895446,250.0,11177.795085750746,2143.4145438645237,8094.395593676558,16,0.64,False,balance,49.61493048999417,False,Velocity Park,42
23.207961720673673,11.188392883012394,0.05049606246027079,0.05206908195680699,standard,differential_evolution,qualifying,50.30580529793561,85.56533500293321,1.47,0.01885933899755441,0.01885933899755441,2940.0,53.25432449346408,250.0,10487.276422359346,2257.573664616266,7876.979705492644,16,0.64,False,balance;balance_shift,50.30580529793561,False,Velocity Park,42
11.412660218314743,29.512447032735118,0.04783419105971059,0.07537289373746292,standard,random,qualifying,51.34478430666064,79.30351358598436,1.47,0.01839990382832906,0.01839990382832906,2940.0,53.29136743210256,200.0,10556.175950228402,2936.2799083728883,8447.953930667632,16,0.52,False,balance_shift,51.34478430666064,False,Velocity Park,42
15.62434051064092,14.458158019199306,0.029872161578330482,0.05832128435803828,standard,local,qualifying,38.23345855837139,88.91801959122427,1.18,0.017004430629175858,0.017004430629175858,2360.0,68.13116128206084,175.0,12073.898746931443,2279.0046431792257,11391.072347155809,16,0.48000000000000004,True,,38.23345855837139,True,Apex Ring,42
15.62434051064092,14.278271069654568,0.029872161578330482,0.05832128435803828,standard,local,qualifying,38.23631830216349,89.00194947141199,1.18,0.01699643045407163,0.01699643045407163,2360.0,68.12872049961634,175.0,12055.179079433497,2267.810366195862,11382.377981878575,16,0.48000000000000004,True,,38.23631830216349,True,Apex Ring,42
15.62434051064092,14.648038980756315,0.029872161578330482,0.05832128435803828,standard,local,qualifying,38.23983798942762,88.82952210089722,1.18,0.01700874498389477,0.01700874498389477,2360.0,68.09861843689684,150.0,12088.18766406995,2289.923160221094,11400.47114657504,16,0.48000000000000004,True,,38.23983798942762,False,Apex Ring,42
15.62434051064092,14.721359549995794,0.029872161578330482,0.05832128435803828,standard,local,qualifying,38.24274288199814,88.7949315826899,1.18,0.017010799338525878,0.017010799338525878,2360.0,68.08459076495811,150.0,12093.430337735046,2294.1264085592643,11406.835063872899,16,0.48000000000000004,True,,38.24274288199814,False,Apex Ring,42
15.62434051064092,13.987207871158645,0.029872161578330482,0.05832128435803828,standard,local,qualifying,38.25607965947461,89.0419076752493,1.18,0.016962144247900716,0.016962144247900716,2360.0,68.08936094732671,175.0,12012.674526437766,2247.6362657377326,11328.807130321673,16,0.48000000000000004,True,,38.25607965947461,True,Apex Ring,42
15.62434051064092,15.194247132368426,0.029872161578330482,0.05832128435803828,standard,local,qualifying,38.261995612752195,88.56867241071188,1.18,0.017023512817982315,0.017023512817982315,2360.0,67.99264008152859,150.0,12126.94051963114,2321.7106227978106,11449.148154322034,17,0.48000000000000004,True,,38.261995612752195,False,Apex Ring,42
15.62434051064092,15.655945539540298,0.029872161578330482,0.05832128435803828,standard,local,qualifying,38.282508507277846,88.34166739114757,1.18,0.017033277153277817,0.017033277153277817,2360.0,67.88962603373825,150.0,12158.192372468859,2349.2354712110186,11469.185403820631,17,0.48000000000000004,True,,38.282508507277846,False,Apex Ring,42
15.627673848407383,15.655945539540298,0.029872161578330482,0.05832128435803828,standard,local,qualifying,38.28255537661246,88.34005107674753,1.18,0.017033369873441725,0.017033369873441725,2360.0,67.88972275447009,150.0,12158.437188150801,2349.393142602804,11468.900306381229,17,0.48000000000000004,True,,38.28255537661246,False,Apex Ring,42
15.617990722370093,15.655945539540298,0.029872161578330482,0.05832128435803828,standard,local,qualifying,38.28261471667359,88.34330187635861,1.18,0.017032830044299684,0.017032830044299684,2360.0,67.88945902581573,150.0,12157.566244142065,2348.903482843991,11469.183485994836,17,0.48000000000000004,True,,38.28261471667359,False,Apex Ring,42
15.634614683884484,15.655945539540298,0.029872161578330482,0.05832128435803828,standard,local,qualifying,38.2826531500479,88.33668433447119,1.18,0.01703356280911128,0.01703356280911128,2360.0,67.88992389775791,150.0,12158.946817970962,2349.7215401782823,11468.30650220595,17,0.48000000000000004,True,,38.2826531500479,False,Apex Ring,42
15.644294074348299,15.655945539540298,0.029872161578330482,0.05832128435803828,standard,local,qualifying,38.28278975236087,88.33198777516243,1.18,0.01703383149656774,0.01703383149656774,2360.0,67.89020399804846,150.0,12159.657329467012,2350.1797272710237,11467.478118982053,17,0.48000000000000004,True,,38.28278975236087,False,Apex Ring,42
15.647627412460162,15.655945539540298,0.029872161578330482,0.05832128435803828,standard,local,qualifying,38.28283678847152,88.33037001550663,1.18,0.017033923937421223,0.017033923937421223,2360.0,67.89030044166314,150.0,12159.901999668693,2350.3375821104464,11467.192789535999,17,0.48000000000000004,True,,38.28283678847152,False,Apex Ring,42
15.607716549126529,15.655945539540298,0.029872161578330482,0.05832128435803828,standard,local,qualifying,38.283181397533106,88.34305652920305,1.18,0.017031550443169962,0.017031550443169962,2360.0,67.88922460283973,150.0,12156.23027545106,2348.3024773709103,11468.061326354324,17,0.48000000000000004,True,,38.283181397533106,False,Apex Ring,42
15.712204545854332,15.655945539540298,0.029872161578330482,0.05832128435803828,standard,local,qualifying,38.28375747299498,88.29897877616489,1.18,0.01703570516346717,0.01703570516346717,2360.0,67.89215638199524,150.0,12164.634983226837,2353.4013268890117,11461.656043068155,17,0.48000000000000004,True,,38.28375747299498,False,Apex Ring,42
15.729490168751576,15.655945539540298,0.029872161578330482,0.05832128435803828,standard,local,qualifying,38.28400647915278,88.29056092700563,1.18,0.017036178858446004,0.017036178858446004,2360.0,67.89264971745986,150.0,12165.899898247193,2354.22327664511,11460.171307588342,17,0.48000000000000004,True,,38.28400647915278,False,Apex Ring,42
15.84599422444775,15.655945539540298,0.029872161578330482,0.05832128435803828,standard,local,qualifying,38.28571230657094,88.23365797965094,1.18,0.017039337655714453,0.017039337655714453,2360.0,67.89593692723501,150.0,12174.40389986376,2359.7837645283425,11450.134651412754,17,0.48000000000000004,True,,38.28571230657094,False,Apex Ring,42
15.54313941573236,15.655945539540298,0.029872161578330482,0.05832128435803828,standard,local,qualifying,38.28674770531093,88.34148882703619,1.18,0.017023505755658017,0.017023505755658017,2360.0,67.88773759842906,150.0,12147.832419959928,2344.533300032548,11461.018673296488,17,0.48000000000000004,True,,38.28674770531093,False,Apex Ring,42
16.408478362212424,15.655945539540298,0.029872161578330482,0.05832128435803828,standard,local,qualifying,38.29462846145729,87.9548838175863,1.18,0.01705376895108578,0.01705376895108578,2360.0,67.91089599627996,150.0,12215.063262822932,2387.1592433305764,11400.960760411841,17,0.48000000000000004,True,,38.29462846145729,False,Apex Ring,42
15.325458995305386,15.655945539540298,0.029872161578330482,0.05832128435803828,standard,differential_evolution,qualifying,38.30270397829723,88.3366850803253,1.18,0.016995289023108717,0.016995289023108717,2360.0,67.86852134177576,150.0,12117.430285968094,2331.523006393774,11414.818797790307,17,0.48000000000000004,True,,38.30270397829723,False,Apex Ring,42
17.5609858684237,15.655945539540298,0.033309896909953965,0.05832128435803828,standard,differential_evolution,qualifying,38.32798116563287,87.45887669849618,1.18,0.017200140598067987,0.017200140598067987,2360.0,67.86759206300566,150.0,12408.639079495792,2442.75103844898,11367.938007209581,17,0.48000000000000004,True,,38.32798116563287,False,Apex Ring,42
15.62434051064092,12.91796067500631,0.029872161578330482,0.05832128435803828,standard,local,qualifying,38.439089662416734,89.08962911113137,1.18,0.016789704473644838,0.016789704473644838,2360.0,67.69914581587749,175.0,11848.757752517453,2175.4549892274713,11067.322109887751,16,0.56,True,,38.439089662416734,True,Apex Ring,42
15.62434051064092,17.639320225002102,0.029872161578330482,0.05832128435803828,standard,local,qualifying,38.470649509212635,87.01520482436638,1.18,0.016998208204234908,0.016998208204234908,2360.0,67.42024514720089,150.0,12228.492894808976,2464.17059925782,11426.851167208039,17,0.48000000000000004,True,,38.470649509212635,False,Apex Ring,42
16.69234413361046,17.62042452192965,0.034045362674436294,0.06836271669034999,standard,random,qualifying,38.48081686174756,86.45781759168588,1.18,0.01714262020997594,0.01714262020997594,2360.0,67.43748997241022,150.0,12401.258847569148,2517.506953424632,11409.129751125856,17,0.48,True,,38.48081686174756,False,Apex Ring,42
19.27050983124842,15.655945539540298,0.029872161578330482,0.05832128435803828,standard,local,qualifying,38.490152022467285,86.60599882814722,1.18,0.017034239140360976,0.017034239140360976,2360.0,67.44848663751573,150.0,12305.630747382085,2516.105094048801,11133.760007114372,17,0.48,True,,38.490152022467285,False,Apex Ring,42
15.365653040437467,14.485386189211196,0.029188948497147503,0.04732203040518657,standard,differential_evolution,qualifying,38.49087951029451,88.49086632134745,1.18,0.016525350543173382,0.016525350543173382,2360.0,67.53701479470936,175.0,11657.445048927773,2237.377223225476,10955.613560354222,16,0.56,True,,38.49087951029451,True,Apex Ring,42
13.541019662496845,15.655945539540298,0.029872161578330482,0.05832128435803828,standard,local,qualifying,38.4909812572808,88.29177414743252,1.18,0.016720554704261755,0.016720554704261755,2360.0,67.19868247599062,175.0,11835.047005024027,2224.7059684011842,11154.770475642368,16,0.48,True,,38.4909812572808,True,Apex Ring,42
13.75,15.0,0.0325,0.051250000000000004,standard,grid,qualifying,38.521634787179735,88.56998274169395,1.18,0.016704198991798522,0.016704198991798522,2360.0,67.29287789076692,175.0,11815.878653321573,2199.0251493575547,11110.949323210554,16,0.56,True,,38.521634787179735,True,Apex Ring,42
14.887380372072279,17.40919412069738,0.03908667433827424,0.04852621115879286,standard,random,qualifying,38.5264428570238,87.39587843444232,1.18,0.01688764017224414,0.01688764017224414,2360.0,67.32945016299354,150.0,12053.495969530357,2404.6079122169085,11405.814016047829,17,0.48000000000000004,True,,38.5264428570238,False,Apex Ring,42
14.035227102774567,11.444993150420252,0.0418105600620148,0.05509289268426351,standard,differential_evolution,qualifying,38.55952453450192,90.19215281764545,1.18,0.016533124415720465,0.016533124415720465,2360.0,67.05329860902594,200.0,11499.15285485141,2005.9285399566602,10891.194291895177,16,0.56,True,,38.55952453450192,True,Apex Ring,42
16.306056193970804,18.808063015899997,0.03482497887067714,0.06472837652452096,standard,differential_evolution,qualifying,38.58242239431068,85.95267812445181,1.18,0.017152284664877063,0.017152284664877063,2360.0,67.18769885226634,150.0,12457.108588215402,2569.153342744192,11428.263042469252,17,0.48000000000000004,True,,38.58242239431068,False,Apex Ring,42
13.75,15.0,0.0325,0.07375000000000001,standard,grid,qualifying,38.584273997893774,88.65939444774648,1.18,0.016636098917464127,0.016636098917464127,2360.0,67.23252746574549,175.0,11701.696248509203,2191.1853851644237,11152.482714868118,16,0.56,True,,38.584273997893774,False,Apex Ring,42
20.555106232750017,13.385090722245057,0.03662438834154692,0.04835287145920561,standard,differential_evolution,qualifying,38.64289832965333,86.93622416083718,1.18,0.016929729707020717,0.016929729707020717,2360.0,67.1017955459438,150.0,12117.722679826586,2448.756787893286,10991.198234245172,17,0.48000000000000004,True,,38.64289832965333,False,Apex Ring,42
16.895303385250056,18.83937902364297,0.03780115877656159,0.06857843959680533,standard,differential_evolution,qualifying,38.66198064136945,84.56180506373107,1.18,0.017208809463034443,0.017208809463034443,2360.0,67.10077193570953,150.0,12544.555759045663,2627.203747094169,11368.357496778643,17,0.48000000000000004,True,,38.66198064136945,False,Apex Ring,42
21.25,15.0,0.0325,0.051250000000000004,standard,grid,qualifying,38.669429829942395,85.84284567153894,1.18,0.016970178996203254,0.016970178996203254,2360.0,67.02100819410025,150.0,12286.77319651653,2575.131501848402,10930.899885616793,17,0.48000000000000004,True,,38.669429829942395,False,Apex Ring,42
16.346250239102883,10.093097379940389,0.03492277121600353,0.053729122571669244,standard,differential_evolution,qualifying,38.67455080978169,89.33288083665055,1.18,0.016443980845573126,0.016443980845573126,2360.0,66.09142011031508,175.0,11491.261777314348,2030.9390764624263,10427.383639881557,17,0.48000000000000004,True,,38.67455080978169,True,Apex Ring,42
19.48941084516698,14.015423888347845,0.04381447847709104,0.07068246363084657,standard,differential_evolution,qualifying,38.69417713970038,87.26145953874334,1.18,0.016849636857271626,0.016849636857271626,2360.0,67.02340531556845,150.0,11959.552571450296,2410.6663943387207,11126.434820028764,17,0.48000000000000004,True,,38.69417713970038,False,Apex Ring,42
13.6683631222464,17.02810430971104,0.02878859592680463,0.07240019130956259,standard,differential_evolution,qualifying,38.70289176130399,87.47654087447924,1.18,0.016482485244443033,0.016482485244443033,2360.0,66.70583951738884,150.0,11633.892102376301,2292.701865195537,11075.855667188198,16,0.48000000000000004,True,,38.70289176130399,False,Apex Ring,42
17.5,20.0,0.04,0.06,standard,baseline,qualifying,38.70326666451681,84.24082471010605,1.18,0.01715417162896335,0.01715417162896335,2360.0,66.86541812531077,150.0,12581.039185488213,2715.0352115087094,11273.700457834246,17,0.44000000000000006,True,,38.70326666451681,False,Apex Ring,42
14.712932765196456,18.399571678340088,0.026290551495338425,0.05431911913052456,standard,differential_evolution,qualifying,38.714361040404384,86.49268181186667,1.18,0.016490956042079848,0.016490956042079848,2360.0,66.7883207328726,150.0,11756.620128194088,2434.80536071874,11052.790497684327,17,0.48000000000000004,True,,38.714361040404384,False,Apex Ring,42
11.039317579011385,14.971773459235514,0.0389679405439738,0.05935822227814775,standard,differential_evolution,qualifying,38.71581123232152,89.0329427002938,1.18,0.01647094468348985,0.01647094468348985,2360.0,65.94166336581111,175.0,11526.689073593569,2055.4206025557637,10883.248982746496,16,0.48000000000000004,True,,38.71581123232152,False,Apex Ring,42
18.723075408600035,16.42436732581505,0.04620945826766765,0.045248620409992,standard,differential_evolution,qualifying,38.7178419970348,86.43293060538007,1.18,0.01653643283331057,0.01653643283331057,2360.0,66.93015140398347,150.0,11751.308580481082,2499.9908220021957,10991.382205916605,17,0.48,True,,38.7178419970348,False,Apex Ring,42
13.785877490931767,15.695450892006964,0.047735383313931075,0.05498979541519819,standard,differential_evolution,qualifying,38.740359272612295,88.04293185289924,1.18,0.016275467539913914,0.016275467539913914,2360.0,66.45476719757824,175.0,11351.749652689097,2198.0092428028843,10895.148430366491,16,0.48000000000000004,True,,38.740359272612295,True,Apex Ring,42
13.75,15.0,0.0475,0.051250000000000004,standard,grid,qualifying,38.74373770927316,88.28822974087689,1.18,0.01613760089399855,0.01613760089399855,2360.0,66.22428525239229,175.0,11216.735679663932,2148.2226087893596,10730.3635392765,16,0.48000000000000004,True,,38.74373770927316,True,Apex Ring,42
21.25,15.0,0.0325,0.07375000000000001,standard,grid,qualifying,38.769327117246334,85.70426243476334,1.18,0.016881783062816187,0.016881783062816187,2360.0,66.8241886910289,150.0,12161.766914188252,2567.4231248951346,10931.263446830617,17,0.48000000000000004,True,,38.769327117246334,False,Apex Ring,42
15.552380503831666,18.519152396129833,0.04931797117705855,0.06477361754157755,standard,differential_evolution,qualifying,38.7742555429773,86.57096370660268,1.18,0.016476662097599168,0.016476662097599168,2360.0,66.64257484633552,150.0,11642.540707253627,2471.1190075917916,11264.090901325277,17,0.44000000000000006,True,,38.7742555429773,False,Apex Ring,42
19.520774800008862,21.071588013159918,0.041776214822362406,0.05367775441281755,standard,random,qualifying,38.810702101759304,82.88136548112291,1.18,0.016970411606685304,0.016970411606685304,2360.0,66.54946468913609,125.0,12555.150809615792,2876.98631926351,10983.328520643357,18,0.4,True,,38.810702101759304,False,Apex Ring,42
13.75,15.0,0.0475,0.07375000000000001,standard,grid,qualifying,38.8162463309658,88.30769265850041,1.18,0.01602474257793735,0.01602474257793735,2360.0,66.07518499717116,175.0,11076.900366545866,2138.0049472317282,10716.359650328717,16,0.48000000000000004,True,,38.8162463309658,True,Apex Ring,42
20.026044426857077,19.42192412286265,0.04195708319443567,0.07442494858372116,standard,random,qualifying,38.829664274846586,83.80939731500922,1.18,0.016847850667343994,0.016847850667343994,2360.0,66.77105858068674,150.0,12317.372732214504,2777.314437898977,10961.32378665491,17,0.48000000000000004,True,,38.829664274846586,False,Apex Ring,42
21.67575245610643,13.892774157039351,0.03900163011181103,0.0419711694604253,standard,random,qualifying,38.87573903028293,85.97771061810049,1.18,0.01659214560201959,0.01659214560201959,2360.0,66.57311992220613,150.0,11831.855022058415,2511.0909745652225,10682.058935064677,17,0.48000000000000004,True,,38.87573903028293,False,Apex Ring,42
22.801046099022493,14.678789717306815,0.026749082250671984,0.052662275140989846,standard,random,qualifying,38.88501912619558,85.22553696315698,1.18,0.016586775181295997,0.016586775181295997,2360.0,66.4858066540632,150.0,11952.153177555609,2623.2621998611744,10624.642118818829,17,0.48000000000000004,True,,38.88501912619558,False,Apex Ring,42
21.25,15.0,0.0475,0.051250000000000004,standard,grid,qualifying,38.91402498515746,85.78602847036552,1.18,0.01659448879226869,0.01659448879226869,2360.0,66.48290233933004,150.0,11824.101250485857,2542.894903493378,10819.108130429659,17,0.48000000000000004,True,,38.91402498515746,False,Apex Ring,42
16.8837366330751,21.374823919057874,0.029193909943829727,0.04515385330911881,standard,random,qualifying,38.9569723536075,84.07801489078541,1.18,0.016503102673564626,0.016503102673564626,2360.0,66.25513578821614,150.0,11979.759334986187,2740.9092173821314,11006.396846578753,17,0.48,True,,38.9569723536075,False,Apex Ring,42
19.96470310491081,18.12773722880141,0.049420611539981035,0.04751378139584668,standard,random,qualifying,38.95713248706365,84.22657309176412,1.18,0.0163968198680967,0.0163968198680967,2360.0,66.43083135458595,150.0,11752.646596607598,2673.985482883669,10779.110977665547,17,0.48000000000000004,True,,38.95713248706365,False,Apex Ring,42
11.948822580032076,19.514098524518673,0.031807280471526526,0.07014162976071298,standard,random,qualifying,38.963073336148895,86.28042876296881,1.18,0.01655604585947136,0.01655604585947136,2360.0,66.05901297655605,150.0,11775.641383574155,2388.4637999198376,11212.298946147277,16,0.48000000000000004,True,,38.963073336148895,False,Apex Ring,42
11.764080244300791,15.772119235877327,0.02604047281781386,0.051580929632907835,standard,differential_evolution,qualifying,38.965954019882425,88.11047860067909,1.18,0.015796003546695577,0.015796003546695577,2360.0,64.63272880762815,200.0,10981.869629454997,2083.2528823394036,10164.20915118641,16,0.48000000000000004,True,,38.965954019882425,True,Apex Ring,42
21.762540886884324,23.11897113763909,0.0392641465973152,0.06655042888864263,standard,differential_evolution,qualifying,38.987255201809404,80.33363812161532,1.18,0.01702066356143267,0.01702066356143267,2360.0,66.15495269147208,125.0,12830.028413402875,3152.0395529630473,10737.16733499333,15,0.32,True,,38.987255201809404,False,Apex Ring,42
21.25,15.0,0.0475,0.07375000000000001,standard,grid,qualifying,38.999784388863574,85.81779483193444,1.18,0.016476157672042045,0.016476157672042045,2360.0,66.30352370511142,150.0,11673.19359650416,2530.1186067906615,10805.71593981845,17,0.48000000000000004,True,,38.999784388863574,False,Apex Ring,42
20.237432559624633,12.795049672186195,0.030997246074253252,0.040331302138795246,standard,random,qualifying,39.01142482752879,86.42205601350962,1.18,0.016057335099313313,0.016057335099313313,2360.0,65.55305173620582,150.0,11320.1470634695,2328.737363700462,10132.019254039933,17,0.48000000000000004,True,,39.01142482752879,False,Apex Ring,42
15.62434051064092,22.360679774997894,0.029872161578330482,0.05832128435803828,standard,local,qualifying,39.01629736212386,83.71255280365847,1.18,0.016798533786825644,0.016798533786825644,2360.0,66.1483785782097,150.0,12291.25969332299,2769.7604605135703,11227.788557603151,17,0.48,True,,39.01629736212386,False,Apex Ring,42
12.419076685504027,20.02089550206727,0.02956936308139505,0.07133441687849812,standard,random,qualifying,39.0167983571531,85.88100904921342,1.18,0.016449409368751305,0.016449409368751305,2360.0,65.96668735587194,150.0,11705.520445793267,2436.3870527388453,11146.780839432071,16,0.48000000000000004,True,,39.0167983571531,False,Apex Ring,42
10.462267518519091,18.734347784647248,0.031437540184585874,0.05838378896760863,standard,random,qualifying,39.05412552912075,86.63288361530932,1.18,0.016352790089618506,0.016352790089618506,2360.0,65.11543340981007,150.0,11582.905527616153,2263.398845048421,10842.557677243496,16,0.48000000000000004,True,,39.05412552912075,False,Apex Ring,42
16.052565610203473,21.18610692156667,0.03492277121600353,0.08319086873132572,standard,differential_evolution,qualifying,39.086214762194366,84.43625881737424,1.18,0.01638551251866141,0.01638551251866141,2360.0,66.00337721774392,150.0,11744.607575461812,2673.086870337437,11108.192505494912,16,0.48,True,,39.086214762194366,False,Apex Ring,42
21.60934072833945,18.77756879504105,0.05075793759734147,0.07138156130767137,standard,random,qualifying,39.17413097970102,83.4315707229146,1.18,0.016275130767908527,0.016275130767908527,2360.0,65.93221257830878,150.0,11707.861946496652,2775.0705743531366,10617.326686682045,18,0.48000000000000004,True,,39.17413097970102,False,Apex Ring,42
23.068280257716427,18.481469951741268,0.04931797117705855,0.06477361754157755,standard,differential_evolution,qualifying,39.19474190064894,82.8384037167001,1.18,0.01650142893225462,0.01650142893225462,2360.0,65.90515669983608,150.0,12011.074296560164,2847.082951531823,10575.752527885761,18,0.48,True,,39.19474190064894,False,Apex Ring,42
21.803865662532075,23.297017131840644,0.046154961358790055,0.07513280639598856,standard,random,qualifying,39.21304332778555,80.36914922075056,1.18,0.016434128768922973,0.016434128768922973,2360.0,65.54551269323316,125.0,12177.934037712483,3121.5649319790696,10528.054038448889,18,0.32,True,,39.21304332778555,False,Apex Ring,42
11.921704490133187,19.00771875791134,0.03612394072697744,0.08170442449818709,standard,random,qualifying,39.213569824744205,86.28163895276853,1.18,0.015969009964138508,0.015969009964138508,2360.0,64.91752825677395,150.0,11179.413272377173,2302.983562990844,10703.883988206737,16,0.48,True,,39.213569824744205,False,Apex Ring,42
21.25,25.0,0.0325,0.051250000000000004,standard,grid,qualifying,39.2175350017713,79.33519634604748,1.18,0.016767595728196166,0.016767595728196166,2360.0,65.59278840378614,125.0,12671.73858169194,3254.8459566958663,10595.767805228179,15,0.32,True,,39.2175350017713,False,Apex Ring,42
17.830379016396694,14.422141815245016,0.05467888282965987,0.05265543257500521,standard,differential_evolution,qualifying,39.228576873359756,86.85446767634173,1.18,0.015458143237625626,0.015458143237625626,2360.0,64.91198912262917,150.0,10606.457257243193,2238.687285185186,10025.9384774255,17,0.48000000000000004,True,,39.228576873359756,True,Apex Ring,42
18.318771805237525,11.276345122083507,0.04982893515977746,0.06842489796049292,standard,random,qualifying,39.2363433367194,87.83233328857645,1.18,0.01572430947970238,0.01572430947970238,2360.0,64.53200772404671,200.0,10801.250761192821,2109.7064520562585,9902.628095709773,16,0.48000000000000004,True,,39.2363433367194,True,Apex Ring,42
21.25,25.0,0.0325,0.07375000000000001,standard,grid,qualifying,39.28142629696021,79.35079907389951,1.18,0.01668621893934639,0.01668621893934639,2360.0,65.4575071816955,125.0,12561.235654133583,3243.581410901879,10597.462195003234,16,0.32,True,,39.28142629696021,False,Apex Ring,42
14.403906366500255,23.238330294537903,0.04171096457023835,0.07527541940978862,standard,random,qualifying,39.31378700527585,83.40379564862147,1.18,0.016499123864004026,0.016499123864004026,2360.0,65.49171762832589,150.0,11920.849592373032,2758.602313453379,11232.555200889008,16,0.48000000000000004,True,,39.31378700527585,False,Apex Ring,42
21.371316101280605,17.09051936259737,0.0541209407318471,0.08019045045949891,standard,random,qualifying,39.35712345876071,84.83923484911196,1.18,0.015606225514943478,0.015606225514943478,2360.0,65.47471043418936,150.0,10855.300809028251,2602.510303681943,10408.074904658202,17,0.48,True,,39.35712345876071,False,Apex Ring,42
17.117888658308164,25.23106806940691,0.043157936924710295,0.060167099097870505,standard,differential_evolution,qualifying,39.385089099512086,80.88598824719516,1.18,0.01667187921946964,0.01667187921946964,2360.0,65.22449269621232,125.0,12354.144351248005,3041.770358557123,10962.16099663223,18,0.4,True,,39.385089099512086,False,Apex Ring,42
22.483897020928016,26.095287149936038,0.036624351370905237,0.05297476467686099,standard,random,qualifying,39.385437049696584,77.9712038278093,1.18,0.01682301875245836,0.01682301875245836,2360.0,65.38121460003765,125.0,12846.516681346018,3414.1637556982487,10470.208734142238,15,0.32,True,,39.385437049696584,False,Apex Ring,42
21.25,25.0,0.0475,0.051250000000000004,standard,grid,qualifying,39.39848835526604,79.43555789290741,1.18,0.01636793050712904,0.01636793050712904,2360.0,65.13011933611332,125.0,12196.332121159283,3217.2663830939505,10473.230970612836,19,0.32,True,,39.39848835526604,False,Apex Ring,42
13.75,25.0,0.0325,0.051250000000000004,standard,grid,qualifying,39.41416375562056,82.2041169413444,1.18,0.016558857852574046,0.016558857852574046,2360.0,65.23052673674694,150.0,12132.555813755436,2888.2115307985428,11178.13945095797,17,0.48000000000000004,True,,39.41416375562056,False,Apex Ring,42
19.65797680120997,26.455232265416598,0.03830242596481993,0.05022574248031496,standard,random,qualifying,39.438984404751544,78.96051263680019,1.18,0.016655477494300595,0.016655477494300595,2360.0,65.05656239659085,125.0,12553.156973172883,3272.0796255751898,10654.986002665126,16,0.32,True,,39.438984404751544,False,Apex Ring,42
10.351131361419402,21.37209014250798,0.02878859592680463,0.07240019130956259,standard,differential_evolution,qualifying,39.443819851964705,84.95061306518858,1.18,0.015992613093451805,0.015992613093451805,2360.0,64.22756783664227,150.0,11322.14046089053,2419.775607627895,10692.236751602033,16,0.48,True,,39.443819851964705,False,Apex Ring,42
17.117888658308164,25.23106806940691,0.02679549900063225,0.04311169401528039,standard,differential_evolution,qualifying,39.44815969040129,81.01244276043815,1.18,0.01609865897652539,0.01609865897652539,2360.0,64.97833770785991,125.0,11780.496294003226,3021.9776943797283,10681.821345429023,17,0.4,True,,39.44815969040129,False,Apex Ring,42
12.43854532350926,18.808063015899997,0.05133480116670726,0.04895332518396278,standard,differential_evolution,qualifying,39.45754184658703,85.92236425135457,1.18,0.015391982711688842,0.015391982711688842,2360.0,63.69943864643574,175.0,10627.564200102168,2261.1073352829085,10050.20678708829,16,0.48,True,,39.45754184658703,True,Apex Ring,42
13.75,25.0,0.0325,0.07375000000000001,standard,grid,qualifying,39.48653461895065,82.21359547888085,1.18,0.01648863398010146,0.01648863398010146,2360.0,65.0917901015888,150.0,12029.286782309953,2877.273198957639,11189.905594421563,17,0.48000000000000004,True,,39.48653461895065,False,Apex Ring,42
21.25,25.0,0.0475,0.07375000000000001,standard,grid,qualifying,39.50001733260736,79.45835823409713,1.18,0.016274085683793012,0.016274085683793012,2360.0,64.99726067220858,125.0,12074.38276868706,3205.585422494864,10464.571385395822,18,0.36,True,,39.50001733260736,False,Apex Ring,42
16.08685466014282,26.83760658883827,0.03248494407003218,0.05183411272754969,standard,differential_evolution,qualifying,39.57556936775463,79.80781575825833,1.18,0.01655983568739059,0.01655983568739059,2360.0,64.79563293073808,125.0,12335.201219278222,3138.718197221391,10893.2668806705,18,0.4,True,,39.57556936775463,False,Apex Ring,42
23.207961720673673,26.840461500239627,0.030831401019846192,0.07271603515350268,standard,differential_evolution,qualifying,39.577280754274945,77.20374338325318,1.18,0.016573337583935893,0.016573337583935893,2360.0,64.99743172126136,125.0,12642.504701435098,3497.467677054572,10299.733282859583,16,0.32,True,,39.577280754274945,False,Apex Ring,42
13.75,25.0,0.0475,0.051250000000000004,standard,grid,qualifying,39.60600074251234,82.32917610773005,1.18,0.016128695549497758,0.016128695549497758,2360.0,64.80142796776941,150.0,11625.708080028775,2851.649231870533,11038.624229495337,17,0.48000000000000004,True,,39.60600074251234,False,Apex Ring,42
13.75,25.0,0.0475,0.07375000000000001,standard,grid,qualifying,39.67032275502433,82.3478919091901,1.18,0.016046180933552447,0.016046180933552447,2360.0,64.67407537203302,150.0,11515.034057945632,2841.424602013384,11037.890357048065,16,0.48000000000000004,True,,39.67032275502433,False,Apex Ring,42
16.55727878308496,26.65356392115675,0.04600795306006747,0.054056498862191854,standard,random,qualifying,39.67731937192549,79.97088543791122,1.18,0.016314841508388554,0.016314841508388554,2360.0,64.55976679628199,125.0,12035.369284868673,3113.326125109687,10801.465704092156,18,0.4,True,,39.67731937192549,False,Apex Ring,42
11.083767475414785,24.578152855442475,0.026983906772815376,0.07915527128600251,standard,differential_evolution,qualifying,39.84191445993857,82.75675189673535,1.18,0.015649451331677132,0.015649451331677132,2360.0,63.672167509794235,150.0,11114.078783101526,2674.1168384945036,10629.664013462418,16,0.48000000000000004,True,,39.84191445993857,False,Apex Ring,42
15.26111208880223,27.744978578023932,0.030965921813513313,0.07593006106570314,standard,differential_evolution,qualifying,39.86172450751857,78.99403993190194,1.18,0.016291928821195414,0.016291928821195414,2360.0,64.21722076022249,125.0,12053.732592147342,3170.850184347581,10833.707498663833,17,0.4,True,,39.86172450751857,False,Apex Ring,42
12.314342381013217,23.660979064849094,0.04734286467723452,0.08353793795953945,standard,random,qualifying,39.893242499670606,83.15003511487733,1.18,0.015358899592243562,0.015358899592243562,2360.0,63.50271159783006,150.0,10747.113633633691,2613.058236997085,10431.608602303426,16,0.48000000000000004,True,,39.893242499670606,True,Apex Ring,42
13.592914975750396,27.36853418803456,0.026372488640896384,0.08028999155527168,standard,differential_evolution,qualifying,39.90051626564737,80.56063085005063,1.18,0.015766363953335874,0.015766363953335874,2360.0,63.96756120945899,125.0,11389.273321158726,3020.031146342588,10802.11140909546,17,0.4,True,,39.90051626564737,False,Apex Ring,42
24.42688495908389,29.089186289717368,0.05467888282965987,0.041683726986804163,standard,differential_evolution,qualifying,40.38852079495902,75.47466073524566,1.18,0.015249602684505687,0.015249602684505687,2360.0,63.19966701025701,125.0,11323.358212235793,3644.2686280079574,9615.345718528113,16,0.36000000000000004,True,,40.38852079495902,True,Apex Ring,42
10.340681097007907,11.800957215512835,0.04667078051789351,0.060784475361312436,standard,random,qualifying,39.05166129223265,90.1344121949953,1.18,0.015606908581619302,0.015606908581619302,2360.0,64.13590392097831,225.0,10594.633132522658,1814.5075932967623,9883.490523283817,16,0.56,False,braking_limit,39.05166129223265,False,Apex Ring,42
23.207961720673673,11.188392883012394,0.05049606246027079,0.05206908195680699,standard,differential_evolution,qualifying,39.563496241522834,85.20001023697182,1.18,0.015750838425277358,0.015750838425277358,2360.0,64.13441149517894,150.0,10998.328972723086,2380.720571554488,9713.963105732937,17,0.48000000000000004,False,balance;balance_shift,39.563496241522834,False,Apex Ring,42
11.412660218314743,29.512447032735118,0.04783419105971059,0.07537289373746292,standard,random,qualifying,40.3601277983137,79.36493738490655,1.18,0.015517379409963238,0.015517379409963238,2360.0,62.98121229548196,125.0,11160.177010081266,3108.6010895588265,10774.816065046478,17,0.4,False,balance_shift,40.3601277983137,False,Apex Ring,42
14.999985699325274,14.053510557975713,0.03640468759318217,0.07151938198190322,standard,local,qualifying,38.275940253239476,89.38018393248637,1.18,0.017029634498979807,0.017029634498979807,2360.0,68.08257215290415,175.0,12006.82908781676,2222.4945047282085,11502.208967535495,16,0.48000000000000004,True,,38.275940253239476,True,Apex Ring,43
14.999985699325274,13.619769098602367,0.03640468759318217,0.07151938198190322,standard,local,qualifying,38.280876699962846,89.57656070610871,1.18,0.0170051698941597,0.0170051698941597,2360.0,68.08625490599226,175.0,11961.856440734344,2196.6003557513536,11475.902865806169,16,0.48000000000000004,True,,38.280876699962846,True,Apex Ring,43
14.999985699325274,14.269094380681087,0.03640468759318217,0.07151938198190322,standard,local,qualifying,38.28324776740422,89.28261460060575,1.18,0.017035621818488177,0.017035621818488177,2360.0,68.04286224828446,175.0,12023.390483164803,2234.5901433909357,11513.432466463302,16,0.48000000000000004,True,,38.28324776740422,False,Apex Ring,43
14.999985699325274,13.417185370350353,0.03640468759318217,0.07151938198190322,standard,local,qualifying,38.28576288782298,89.66718289206423,1.18,0.016991802351277535,0.016991802351277535,2360.0,68.0778647437478,175.0,11939.303135959128,2184.503922608845,11465.40730332178,16,0.48000000000000004,True,,38.28576288782298,True,Apex Ring,43
14.996652353083185,13.417185370350353,0.03640468759318217,0.07151938198190322,standard,local,qualifying,38.28583051838707,89.66691374123968,1.18,0.016991336477906762,0.016991336477906762,2360.0,68.07783886242164,175.0,11938.906814143138,2184.3255431390317,11464.97907814027,16,0.48000000000000004,True,,38.28583051838707,True,Apex Ring,43
15.00636015077342,13.417185370350353,0.03640468759318217,0.07151938198190322,standard,local,qualifying,38.28585447056704,89.6661077083414,1.18,0.01699245119142582,0.01699245119142582,2360.0,68.07764056398798,175.0,11939.871989372768,2184.811117945752,11466.145591648183,16,0.48000000000000004,True,,38.28585447056704,False,Apex Ring,43
14.99192483688012,13.417185370350353,0.03640468759318217,0.07151938198190322,standard,local,qualifying,38.28592636094796,89.6665321338727,1.18,0.016990675773770076,0.016990675773770076,2360.0,68.07780214689414,175.0,11938.344787847964,2184.0726324556776,11464.37191942332,16,0.48000000000000004,True,,38.28592636094796,True,Apex Ring,43
15.009693497110057,13.417185370350353,0.03640468759318217,0.07151938198190322,standard,local,qualifying,38.28601278056926,89.66485227993415,1.18,0.01699257104200747,0.01699257104200747,2360.0,68.07718815640722,175.0,11940.075132931841,2184.9547643712276,11466.007587399008,16,0.48000000000000004,True,,38.28601278056926,False,Apex Ring,43
14.957978236199391,13.417185370350353,0.03640468759318217,0.07151938198190322,standard,local,qualifying,38.28661775669717,89.66377434616686,1.18,0.016985964734213512,0.016985964734213512,2360.0,68.07753289153688,175.0,11934.307177986178,2182.2584866257034,11460.011387784176,16,0.48000000000000004,True,,38.28661775669717,True,Apex Ring,43
15.036261818420963,13.417185370350353,0.03640468759318217,0.07151938198190322,standard,local,qualifying,38.28727544567788,89.65484015260877,1.18,0.01699352458345457,0.01699352458345457,2360.0,68.07357961336149,175.0,11941.693440001656,2186.100783490006,11464.906831218335,16,0.48000000000000004,True,,38.28727544567788,False,Apex Ring,43
14.923247797786283,13.417185370350353,0.03640468759318217,0.07151938198190322,standard,local,qualifying,38.28739949026228,89.66045818988053,1.18,0.016982329421083,0.016982329421083,2360.0,68.07710217695757,175.0,11930.114321351175,2180.3953825835374,11455.379481116826,16,0.48000000000000004,True,,38.28739949026228,True,Apex Ring,43
14.83578672710817,13.417185370350353,0.03640468759318217,0.07151938198190322,standard,local,qualifying,38.28941614791416,89.65230876464409,1.18,0.016972617653116355,0.016972617653116355,2360.0,68.07495312953748,175.0,11919.52229287349,2175.7156866196187,11441.621432544625,16,0.48000000000000004,True,,38.28941614791416,True,Apex Ring,43
15.08464373299499,13.417185370350353,0.03640468759318217,0.07151938198190322,standard,local,qualifying,38.28957974605255,89.63657339251233,1.18,0.0169952536058097,0.0169952536058097,2360.0,68.06699598635777,175.0,11944.635812540882,2188.1925597586637,11462.899714110308,16,0.48000000000000004,True,,38.28957974605255,False,Apex Ring,43
14.65642773912587,13.417185370350353,0.03640468759318217,0.07151938198190322,standard,local,qualifying,38.29414314682855,89.63799961087618,1.18,0.016946462750061654,0.016946462750061654,2360.0,68.0571826542715,175.0,11897.340391940472,2166.1147959166847,11413.421318576553,16,0.48000000000000004,True,,38.29414314682855,True,Apex Ring,43
14.999985699325274,14.721359549995794,0.03640468759318217,0.07151938198190322,standard,local,qualifying,38.29989745956074,89.07331110545537,1.18,0.017048939260261138,0.017048939260261138,2360.0,67.95797654507507,175.0,12057.072701822795,2260.3971712392345,11552.211702434148,16,0.48000000000000004,True,,38.29989745956074,False,Apex Ring,43
15.345787841808756,13.417185370350353,0.03640468759318217,0.07151938198190322,standard,local,qualifying,38.30212869688262,89.53720932114034,1.18,0.017004421579241827,0.017004421579241827,2360.0,68.03118311248953,175.0,11960.413633056582,2199.5904149700605,11452.007631938424,16,0.48000000000000004,True,,38.30212869688262,False,Apex Ring,43
15.729490168751576,13.417185370350353,0.03640468759318217,0.07151938198190322,standard,local,qualifying,38.32099864249645,89.38939428189964,1.18,0.017016155421447857,0.017016155421447857,2360.0,67.97532190397537,175.0,11983.202666792737,2216.6501863578446,11439.168045312417,16,0.48000000000000004,True,,38.32099864249645,False,Apex Ring,43
14.129677607544306,13.417185370350353,0.03640468759318217,0.07151938198190322,standard,differential_evolution,qualifying,38.328895113863176,89.59684017522008,1.18,0.016861530090666578,0.016861530090666578,2360.0,67.89180318416403,175.0,11819.332197613896,2136.222984415838,11321.334661164807,16,0.48000000000000004,True,,38.328895113863176,True,Apex Ring,43
14.999985699325274,12.91796067500631,0.03640468759318217,0.07151938198190322,standard,local,qualifying,38.33504537156588,89.6568871794588,1.18,0.016910085879305075,0.016910085879305075,2360.0,67.94425759780336,175.0,11852.051361365993,2149.795385240434,11337.207816054437,16,0.48000000000000004,True,,38.33504537156588,False,Apex Ring,43
16.044911004531542,13.417185370350353,0.03640468759318217,0.07151938198190322,standard,local,qualifying,38.33695097358642,89.26658352861627,1.18,0.01702351498721817,0.01702351498721817,2360.0,67.92508008163848,175.0,12001.721068856446,2230.9764416914904,11425.703039970715,16,0.48000000000000004,True,,38.33695097358642,False,Apex Ring,43
18.05809731367599,15.404652575574447,0.03232014501148444,0.06582132229916285,standard,differential_evolution,qualifying,38.39728572059507,87.36783742038595,1.18,0.01713374580518942,0.01713374580518942,2360.0,67.7012878674465,150.0,12335.2985929797,2444.7365917720695,11314.928904028491,17,0.48000000000000004,True,,38.39728572059507,False,Apex Ring,43
14.331943904674372,11.654897133768644,0.034614402767094,0.0591024637069327,standard,random,qualifying,38.40674032700887,90.21064145044775,1.18,0.016808956198547956,0.016808956198547956,2360.0,67.65914423165786,200.0,11781.776687295083,2050.8779230605574,11098.08923129241,16,0.56,True,,38.40674032700887,True,Apex Ring,43
15.858728788475204,13.417185370350353,0.04145374961212266,0.07151938198190322,standard,differential_evolution,qualifying,38.41184617655407,89.27323158203585,1.18,0.01689366906128692,0.01689366906128692,2360.0,67.77627453447936,175.0,11846.257720076977,2210.381948425456,11368.461694419759,16,0.48000000000000004,True,,38.41184617655407,False,Apex Ring,43
18.05809731367599,15.404652575574447,0.038134617904495856,0.06582132229916285,standard,differential_evolution,qualifying,38.41714907147966,87.31294804666376,1.18,0.017211756945257978,0.017211756945257978,2360.0,67.67942950048491,150.0,12396.726806136086,2445.043691375301,11362.95485874909,17,0.48000000000000004,True,,38.41714907147966,False,Apex Ring,43
14.129677607544306,13.417185370350353,0.02844331545625872,0.06101853862759889,standard,differential_evolution,qualifying,38.44387611649013,89.27398407562225,1.18,0.01661737919880291,0.01661737919880291,2360.0,67.5072640238817,175.0,11680.49642022456,2127.4123348656785,11011.015865569912,16,0.56,True,,38.44387611649013,True,Apex Ring,43
13.541019662496845,13.417185370350353,0.03640468759318217,0.07151938198190322,standard,local,qualifying,38.466253347225376,89.5532648873084,1.18,0.016751718505497632,0.016751718505497632,2360.0,67.57547927684334,175.0,11736.621340968753,2104.8746386888406,11211.95569654106,16,0.56,True,,38.466253347225376,True,Apex Ring,43
15.558046341695766,17.199027471245948,0.03273372472938779,0.04695804048280482,standard,differential_evolution,qualifying,38.47558185087301,87.32299757685338,1.18,0.016823018841824567,0.016823018841824567,2360.0,67.42380486236235,150.0,12026.247338794257,2423.5375761085074,11316.593158230853,17,0.48000000000000004,True,,38.47558185087301,False,Apex Ring,43
13.583212732224403,13.419624517478619,0.028738766626840485,0.06192152471669392,standard,differential_evolution,qualifying,38.485063280148296,89.56652072396396,1.18,0.016531498729507703,0.016531498729507703,2360.0,67.20863939096091,175.0,11598.578448453163,2092.7778226516493,10947.286463609824,16,0.56,True,,38.485063280148296,True,Apex Ring,43
13.75,15.0,0.0325,0.051250000000000004,standard,grid,qualifying,38.521634787179735,88.56998274169395,1.18,0.016704198991798522,0.016704198991798522,2360.0,67.29287789076692,175.0,11815.878653321573,2199.0251493575547,11110.949323210554,16,0.56,True,,38.521634787179735,False,Apex Ring,43
16.042898463287237,18.33715581465226,0.032249966201686,0.05362156945252104,standard,differential_evolution,qualifying,38.53222273280403,86.31922994992412,1.18,0.01703863589784965,0.01703863589784965,2360.0,67.27702341826053,150.0,12320.124960863055,2529.477082192253,11382.04863519167,17,0.48,True,,38.53222273280403,False,Apex Ring,43
14.999985699325274,17.639320225002102,0.03640468759318217,0.07151938198190322,standard,local,qualifying,38.54174265554123,87.24392668330408,1.18,0.0170212582918364,0.0170212582918364,2360.0,67.28856728247906,150.0,12181.993210645873,2428.9052610977533,11540.430822799932,17,0.48000000000000004,True,,38.54174265554123,False,Apex Ring,43
20.26847520717507,17.464331364294235,0.038134617904495856,0.06582132229916285,standard,differential_evolution,qualifying,38.55671645343882,84.52072150744115,1.18,0.017249710713544163,0.017249710713544163,2360.0,67.2257161479608,150.0,12660.051084974984,2696.693597163619,11109.183922650418,17,0.4,True,,38.55671645343882,False,Apex Ring,43
19.27050983124842,13.417185370350353,0.03640468759318217,0.07151938198190322,standard,local,qualifying,38.56360056202266,87.66217889404813,1.18,0.017029658643985996,0.017029658643985996,2360.0,67.31901975401736,150.0,12134.478096346164,2383.951205493894,11206.480162643267,17,0.48000000000000004,True,,38.56360056202266,False,Apex Ring,43
12.500452840131638,15.788021829840082,0.03164713212913184,0.06165626624509754,standard,differential_evolution,qualifying,38.57742281378625,88.32451321789011,1.18,0.016696208454290175,0.016696208454290175,2360.0,66.81911478684579,175.0,11793.612165559296,2182.7462395375233,11144.792937968235,16,0.48000000000000004,True,,38.57742281378625,False,Apex Ring,43
13.75,15.0,0.0325,0.07375000000000001,standard,grid,qualifying,38.584273997893774,88.65939444774648,1.18,0.016636098917464127,0.016636098917464127,2360.0,67.23252746574549,175.0,11701.696248509203,2191.1853851644237,11152.482714868118,16,0.56,True,,38.584273997893774,False,Apex Ring,43
12.72302135094026,14.985108740382433,0.028755372271057608,0.06111924969063036,standard,differential_evolution,qualifying,38.58692447501941,88.82702935470951,1.18,0.016440335354479734,0.016440335354479734,2360.0,66.52003915980458,175.0,11550.938715647824,2126.352086913038,10894.255542440891,17,0.48000000000000004,True,,38.58692447501941,True,Apex Ring,43
15.336596051932993,12.071898896988117,0.04449802207851313,0.06192777737381472,standard,differential_evolution,qualifying,38.620951505809835,89.3889796100728,1.18,0.016619023971817814,0.016619023971817814,2360.0,67.20802052591104,175.0,11584.783458475138,2096.6191298757785,10994.025552283087,16,0.56,True,,38.620951505809835,False,Apex Ring,43
21.629129915383196,19.07788102824548,0.03264374256249334,0.05674699785186812,standard,differential_evolution,qualifying,38.664806840288854,83.11328555961381,1.18,0.017133156656477768,0.017133156656477768,2360.0,66.98573041545906,125.0,12729.827823116178,2870.1546591580723,10876.917328097385,17,0.4,True,,38.664806840288854,False,Apex Ring,43
21.25,15.0,0.0325,0.051250000000000004,standard,grid,qualifying,38.669429829942395,85.84284567153894,1.18,0.016970178996203254,0.016970178996203254,2360.0,67.02100819410025,150.0,12286.77319651653,2575.131501848402,10930.899885616793,17,0.48000000000000004,True,,38.669429829942395,False,Apex Ring,43
14.179495382784154,15.570685955587514,0.037659987245417886,0.04018349762436949,standard,random,qualifying,38.68910893582463,87.88677072119712,1.18,0.016183723622691864,0.016183723622691864,2360.0,66.36811779811978,175.0,11338.578188588557,2207.9852247642484,10709.174452550538,16,0.48000000000000004,True,,38.68910893582463,True,Apex Ring,43
11.89206203489959,16.836857102371297,0.03400057869389416,0.06479702907653753,standard,random,qualifying,38.696191579309975,87.858743208439,1.18,0.016712815464428505,0.016712815464428505,2360.0,66.55491995368929,175.0,11824.567260300684,2220.1743505551285,11218.14736496089,16,0.48000000000000004,True,,38.696191579309975,False,Apex Ring,43
17.5,20.0,0.04,0.06,standard,baseline,qualifying,38.70326666451681,84.24082471010605,1.18,0.01715417162896335,0.01715417162896335,2360.0,66.86541812531077,150.0,12581.039185488213,2715.0352115087094,11273.700457834246,17,0.44000000000000006,True,,38.70326666451681,False,Apex Ring,43
18.807145713820876,14.494104604072488,0.047553768154558466,0.05186614888652687,standard,random,qualifying,38.7081018876105,87.3962500213774,1.18,0.016600659481510766,0.016600659481510766,2360.0,66.99479584786947,150.0,11708.478427789732,2388.9761385504394,11020.218865941077,17,0.48000000000000004,True,,38.7081018876105,False,Apex Ring,43
17.9458715940693,13.43255351835877,0.043031783233965636,0.044334518722047064,standard,differential_evolution,qualifying,38.71909621197451,87.71824660438499,1.18,0.01643339002075022,0.01643339002075022,2360.0,66.79855018537206,150.0,11534.880548738367,2272.4133049728002,10735.671806453673,17,0.48000000000000004,True,,38.71909621197451,False,Apex Ring,43
21.629129915383196,15.333931937836972,0.032558353921011314,0.06354536371608219,standard,differential_evolution,qualifying,38.72364759889897,84.48355022771003,1.18,0.0171833244957459,0.0171833244957459,2360.0,66.99586393565686,150.0,12548.50268972402,2648.9914157714734,10965.666979516418,17,0.48000000000000004,True,,38.72364759889897,False,Apex Ring,43
12.500452840131638,18.664076542937728,0.03758231958928061,0.06165626624509754,standard,differential_evolution,qualifying,38.73035114928257,86.96616819512323,1.18,0.01692636072421257,0.01692636072421257,2360.0,66.83875219967136,150.0,12082.73796634049,2378.8269487136968,11489.367781731156,16,0.48000000000000004,True,,38.73035114928257,False,Apex Ring,43
15.121376290336574,20.09103498306295,0.03411895331717165,0.058802635081890764,standard,random,qualifying,38.73418282691167,85.23499158127369,1.18,0.01709503839887012,0.01709503839887012,2360.0,66.82628470204459,150.0,12427.93392204868,2608.264872293122,11456.127994835939,17,0.48000000000000004,True,,38.73418282691167,False,Apex Ring,43
13.75,15.0,0.0475,0.051250000000000004,standard,grid,qualifying,38.74373770927316,88.28822974087689,1.18,0.01613760089399855,0.01613760089399855,2360.0,66.22428525239229,175.0,11216.735679663932,2148.2226087893596,10730.3635392765,16,0.48000000000000004,True,,38.74373770927316,True,Apex Ring,43
11.94165920545171,15.244590717070729,0.02748945615676667,0.059398089756198064,standard,differential_evolution,qualifying,38.76489943093703,88.59545282936988,1.18,0.016166834726056352,0.016166834726056352,2360.0,65.58638179674745,175.0,11303.65370310898,2087.7186040118054,10560.252905061496,16,0.48000000000000004,True,,38.76489943093703,True,Apex Ring,43
21.25,15.0,0.0325,0.07375000000000001,standard,grid,qualifying,38.769327117246334,85.70426243476334,1.18,0.016881783062816187,0.016881783062816187,2360.0,66.8241886910289,150.0,12161.766914188252,2567.4231248951346,10931.263446830617,17,0.48000000000000004,True,,38.769327117246334,False,Apex Ring,43
18.898165709014876,13.088252539879196,0.03698213617538485,0.07768524124160521,standard,differential_evolution,qualifying,38.78385987300164,87.74511040550573,1.18,0.016673592424334138,0.016673592424334138,2360.0,67.03775810288722,150.0,11759.98835395432,2322.0407627369277,10959.767080092925,17,0.56,True,,38.78385987300164,False,Apex Ring,43
20.769470250318832,17.199027471245948,0.03306890857190153,0.0756991523541305,standard,differential_evolution,qualifying,38.78754411387202,84.374381583663,1.18,0.01690492609693901,0.01690492609693901,2360.0,66.83719896373361,150.0,12297.318550318612,2687.2741296343684,10935.8948640575,17,0.48000000000000004,True,,38.78754411387202,False,Apex Ring,43
22.416674845962866,19.9307057899159,0.028680730849767366,0.06252594708167937,standard,random,qualifying,38.81429712348566,82.20975345791346,1.18,0.016935161211278867,0.016935161211278867,2360.0,66.65250277807904,125.0,12603.401966630543,2960.6188168486888,10705.704886829051,17,0.4,True,,38.81429712348566,False,Apex Ring,43
13.75,15.0,0.0475,0.07375000000000001,standard,grid,qualifying,38.8162463309658,88.30769265850041,1.18,0.01602474257793735,0.01602474257793735,2360.0,66.07518499717116,175.0,11076.900366545866,2138.0049472317282,10716.359650328717,16,0.48000000000000004,True,,38.8162463309658,True,Apex Ring,43
20.562920959026357,11.517631489925034,0.03270365082774153,0.04905914405092479,standard,differential_evolution,qualifying,38.847634837750334,86.90055695536566,1.18,0.016550395384242807,0.016550395384242807,2360.0,66.29716199587969,150.0,11747.360982364158,2321.061175045528,10461.943685018809,17,0.48000000000000004,True,,38.847634837750334,False,Apex Ring,43
16.218415024691694,11.866276843137094,0.042639892017679544,0.043332513770757614,standard,random,qualifying,38.85494517432123,88.73416646371118,1.18,0.016002363272890844,0.016002363272890844,2360.0,65.56020617485046,175.0,11079.702381828878,2071.0848328997627,10223.19464895241,17,0.48000000000000004,True,,38.85494517432123,True,Apex Ring,43
15.26691486433075,11.532180548239035,0.03179969318361449,0.08026258355105953,standard,differential_evolution,qualifying,38.880995752574215,89.21037285547759,1.18,0.015852689288636437,0.015852689288636437,2360.0,65.33343505114317,225.0,10893.91899562185,2003.4608479002086,10156.548196936057,16,0.48000000000000004,True,,38.880995752574215,True,Apex Ring,43
19.87261433512183,17.247101206510408,0.033445039582703444,0.08469516972087993,standard,random,qualifying,38.89683163455537,84.81678752034769,1.18,0.016456621660551268,0.016456621660551268,2360.0,66.56486695227649,150.0,11762.377019069363,2615.636665161621,10850.2578122476,17,0.48000000000000004,True,,38.89683163455537,False,Apex Ring,43
22.3819741057809,20.053617961180535,0.041093962987385615,0.07144568299744089,standard,random,qualifying,38.90755128766989,82.10056894878782,1.18,0.01695552817265907,0.01695552817265907,2360.0,66.4910199055369,125.0,12592.125827881453,2958.5045097780967,10755.801934876094,17,0.4,True,,38.90755128766989,False,Apex Ring,43
21.25,15.0,0.0475,0.051250000000000004,standard,grid,qualifying,38.91402498515746,85.78602847036552,1.18,0.01659448879226869,0.01659448879226869,2360.0,66.48290233933004,150.0,11824.101250485857,2542.894903493378,10819.108130429659,17,0.48000000000000004,True,,38.91402498515746,False,Apex Ring,43
15.336596051932993,12.071898896988117,0.04296784025103568,0.08044275002401674,standard,differential_evolution,qualifying,38.92083134926168,89.11020478844297,1.18,0.015845643851701768,0.015845643851701768,2360.0,65.51186330616474,200.0,10853.645443540623,2028.8068744029467,10303.565095179683,16,0.48000000000000004,True,,38.92083134926168,True,Apex Ring,43
15.930522688552887,20.09505738679884,0.045422813643390014,0.07273522430685524,standard,differential_evolution,qualifying,38.948237475901664,85.04253011540347,1.18,0.01661908861895091,0.01661908861895091,2360.0,66.34804151339536,150.0,11905.300139683883,2606.5687621979437,11242.175268198389,16,0.48000000000000004,True,,38.948237475901664,False,Apex Ring,43
18.707791478384205,11.657430319143945,0.041173714529659365,0.07828460423181208,standard,random,qualifying,38.969297534086714,87.71036834675913,1.18,0.016227796665828447,0.016227796665828447,2360.0,65.89921551270913,175.0,11295.54485920591,2195.4614285346406,10468.715808397812,16,0.48000000000000004,True,,38.969297534086714,False,Apex Ring,43
22.929010977248524,16.439020733413635,0.030813836603180378,0.04057166119965842,standard,random,qualifying,38.995369088499174,84.21980133579869,1.18,0.016435678464192867,0.016435678464192867,2360.0,66.2379776843276,150.0,11884.778559919208,2721.2375898225464,10528.797411285366,17,0.48000000000000004,True,,38.995369088499174,False,Apex Ring,43
21.25,15.0,0.0475,0.07375000000000001,standard,grid,qualifying,38.999784388863574,85.81779483193444,1.18,0.016476157672042045,0.016476157672042045,2360.0,66.30352370511142,150.0,11673.19359650416,2530.1186067906615,10805.71593981845,17,0.48000000000000004,True,,38.999784388863574,False,Apex Ring,43
20.901986683639525,20.795467096964405,0.04537190710113846,0.07500173522262724,standard,differential_evolution,qualifying,39.01930156891966,82.50692041325352,1.18,0.016595246919595144,0.016595246919595144,2360.0,66.2457038245914,125.0,12166.679510546794,2903.0111483799587,10748.3847446082,18,0.44,True,,39.01930156891966,False,Apex Ring,43
12.72302135094026,18.651473049445265,0.042100635522420146,0.044829339505859225,standard,differential_evolution,qualifying,39.022150248402546,86.42248341337971,1.18,0.016181974063831078,0.016181974063831078,2360.0,65.57174105197191,150.0,11413.896753623987,2330.837236268066,10823.633732684568,16,0.48000000000000004,True,,39.022150248402546,False,Apex Ring,43
15.992601438461087,19.72687075844349,0.05145189696839897,0.06886870774684499,standard,random,qualifying,39.02767411216571,85.61704986944348,1.18,0.01617737130797039,0.01617737130797039,2360.0,66.13694463360004,150.0,11402.990029804861,2552.225245598551,11075.612106819557,16,0.48000000000000004,True,,39.02767411216571,False,Apex Ring,43
23.753261091908485,19.797284315631167,0.04449802207851313,0.06192777737381472,standard,differential_evolution,qualifying,39.0430593796094,81.50993547361718,1.18,0.016905796016805807,0.016905796016805807,2360.0,66.18729066459001,125.0,12584.27002835524,3012.1157185477437,10613.342520454813,15,0.4,True,,39.0430593796094,False,Apex Ring,43
14.999985699325274,22.360679774997894,0.03640468759318217,0.07151938198190322,standard,local,qualifying,39.08777818145504,83.77481961654551,1.18,0.016829220959754827,0.016829220959754827,2360.0,66.0175023480685,150.0,12261.110558950524,2741.148421430718,11327.338752008112,17,0.48,True,,39.08777818145504,False,Apex Ring,43
22.43548178168499,23.740768213495514,0.043725785529797626,0.05807927155342307,standard,random,qualifying,39.12866233607142,79.62853455540927,1.18,0.016840590592126743,0.016840590592126743,2360.0,65.86353123432818,125.0,12702.09967173463,3225.300089787305,10581.506154619427,15,0.32,True,,39.12866233607142,False,Apex Ring,43
19.182484100946958,13.03063660799359,0.025118840911708566,0.07793870410420627,standard,random,qualifying,39.13072048620233,86.69187229981918,1.18,0.015692684224171295,0.015692684224171295,2360.0,64.93415404111147,150.0,10925.846871440413,2254.2567514232856,9908.79333157248,16,0.48,True,,39.13072048620233,True,Apex Ring,43
16.205283021000046,12.41504341031575,0.05239292475861071,0.059398089756198064,standard,differential_evolution,qualifying,39.14815324346105,88.37325008595867,1.18,0.015531777006709113,0.015531777006709113,2360.0,64.61747568100691,200.0,10588.940204890487,2055.13113239465,9915.820774794402,16,0.48000000000000004,True,,39.14815324346105,True,Apex Ring,43
23.753261091908485,21.906569588883933,0.04183413275140376,0.08089384693051091,standard,differential_evolution,qualifying,39.20561545858756,80.32012358174815,1.18,0.016454341193264613,0.016454341193264613,2360.0,65.67863286712503,125.0,12203.362290666313,3130.4753184343385,10395.875613992248,16,0.32,True,,39.20561545858756,False,Apex Ring,43
16.82633976932494,21.472612176424246,0.04903984489169355,0.07434611670663273,standard,random,qualifying,39.20630937676695,83.9321579887785,1.18,0.01621808875952326,0.01621808875952326,2360.0,65.74173453214024,150.0,11595.954172000667,2714.7707372953146,10971.465035119725,17,0.48000000000000004,True,,39.20630937676695,False,Apex Ring,43
15.940855768084202,22.130102771081525,0.04199552893703819,0.0795467298654913,standard,random,qualifying,39.21008698477771,83.72931229767094,1.18,0.016416037490604322,0.016416037490604322,2360.0,65.73530875104404,150.0,11820.120812311436,2735.417702260206,11108.67010972001,17,0.48000000000000004,True,,39.21008698477771,False,Apex Ring,43
21.25,25.0,0.0325,0.051250000000000004,standard,grid,qualifying,39.2175350017713,79.33519634604748,1.18,0.016767595728196166,0.016767595728196166,2360.0,65.59278840378614,125.0,12671.73858169194,3254.8459566958663,10595.767805228179,15,0.32,True,,39.2175350017713,False,Apex Ring,43
20.418644171397183,14.389469141623323,0.05280804207750965,0.05011031573585813,standard,random,qualifying,39.223682765495184,85.96799459935544,1.18,0.015805613717167787,0.015805613717167787,2360.0,65.50868401245056,150.0,10998.335619579862,2396.3488409760444,10251.801977965717,17,0.48000000000000004,True,,39.223682765495184,False,Apex Ring,43
24.25570173523122,23.01494122923295,0.0281239191495588,0.07768524124160521,standard,differential_evolution,qualifying,39.22923920312346,79.36666213773341,1.18,0.016437043763603644,0.016437043763603644,2360.0,65.69069882950288,125.0,12313.632696536113,3254.9789937628593,10276.88176515061,15,0.32,True,,39.22923920312346,False,Apex Ring,43
16.29966864574402,19.020627740022178,0.05365943737663713,0.08013557511323693,standard,random,qualifying,39.26848654776192,85.49301913344526,1.18,0.0154257457567411,0.0154257457567411,2360.0,65.39322788421673,150.0,10656.021073523392,2460.276545980997,10460.826136700842,17,0.48,True,,39.26848654776192,True,Apex Ring,43
19.2907685085439,12.323921863685747,0.05073810248493998,0.04905914405092479,standard,differential_evolution,qualifying,39.28009653019516,86.79847564419984,1.18,0.015672985915075884,0.015672985915075884,2360.0,64.55672737210989,150.0,10825.651744756575,2210.94607857766,9868.708687261009,17,0.48,True,,39.28009653019516,False,Apex Ring,43
21.25,25.0,0.0325,0.07375000000000001,standard,grid,qualifying,39.28142629696021,79.35079907389951,1.18,0.01668621893934639,0.01668621893934639,2360.0,65.4575071816955,125.0,12561.235654133583,3243.581410901879,10597.462195003234,16,0.32,True,,39.28142629696021,False,Apex Ring,43
17.9458715940693,15.39512058877276,0.054617010371530085,0.044334518722047064,standard,differential_evolution,qualifying,39.284005367519185,86.39498299446552,1.18,0.015287266648928897,0.015287266648928897,2360.0,64.78874795138836,150.0,10479.982470244773,2290.4452098870547,9947.220544796292,17,0.48,True,,39.284005367519185,True,Apex Ring,43
10.759296434476552,19.019407586550752,0.041662496864839665,0.04536267359448364,standard,random,qualifying,39.29892918240548,86.17343977686312,1.18,0.01589048397582533,0.01589048397582533,2360.0,64.15071403607726,175.0,11135.915378299682,2254.0102107867933,10405.23877307926,16,0.48,True,,39.29892918240548,False,Apex Ring,43
13.043381557844944,24.38053979888921,0.03963383621864916,0.05362156945252104,standard,differential_evolution,qualifying,39.365129031684674,82.89119755108507,1.18,0.016635622898329712,0.016635622898329712,2360.0,65.34994252981159,150.0,12124.50118720497,2810.9371492627624,11313.294079387242,17,0.48,True,,39.365129031684674,False,Apex Ring,43
16.841878281895717,24.094448470811187,0.029490531284558138,0.04067665830615254,standard,differential_evolution,qualifying,39.36799972028259,81.97221679812954,1.18,0.016196630418199857,0.016196630418199857,2360.0,65.32714810742705,125.0,11815.122668613734,2928.233869490074,10789.903184497094,17,0.48000000000000004,True,,39.36799972028259,False,Apex Ring,43
18.898165709014876,26.21027778959821,0.03698213617538485,0.06480781491497858,standard,differential_evolution,qualifying,39.3736807925944,79.39221633975613,1.18,0.016823156540533832,0.016823156540533832,2360.0,65.20012904305989,125.0,12678.013032829924,3221.7770584090654,10815.162479103823,18,0.32,True,,39.3736807925944,False,Apex Ring,43
21.25,25.0,0.0475,0.051250000000000004,standard,grid,qualifying,39.39848835526604,79.43555789290741,1.18,0.01636793050712904,0.01636793050712904,2360.0,65.13011933611332,125.0,12196.332121159283,3217.2663830939505,10473.230970612836,19,0.32,True,,39.39848835526604,False,Apex Ring,43
13.75,25.0,0.0325,0.051250000000000004,standard,grid,qualifying,39.41416375562056,82.2041169413444,1.18,0.016558857852574046,0.016558857852574046,2360.0,65.23052673674694,150.0,12132.555813755436,2888.2115307985428,11178.13945095797,17,0.48000000000000004,True,,39.41416375562056,False,Apex Ring,43
13.75,25.0,0.0325,0.07375000000000001,standard,grid,qualifying,39.48653461895065,82.21359547888085,1.18,0.01648863398010146,0.01648863398010146,2360.0,65.0917901015888,150.0,12029.286782309953,2877.273198957639,11189.905594421563,17,0.48000000000000004,True,,39.48653461895065,False,Apex Ring,43
21.25,25.0,0.0475,0.07375000000000001,standard,grid,qualifying,39.50001733260736,79.45835823409713,1.18,0.016274085683793012,0.016274085683793012,2360.0,64.99726067220858,125.0,12074.38276868706,3205.585422494864,10464.571385395822,18,0.36,True,,39.50001733260736,False,Apex Ring,43
13.75,25.0,0.0475,0.051250000000000004,standard,grid,qualifying,39.60600074251234,82.32917610773005,1.18,0.016128695549497758,0.016128695549497758,2360.0,64.80142796776941,150.0,11625.708080028775,2851.649231870533,11038.624229495337,17,0.48000000000000004,True,,39.60600074251234,False,Apex Ring,43
16.67980001985632,26.21027778959821,0.04679533671898858,0.06480781491497858,standard,differential_evolution,qualifying,39.63625615583871,80.2644898409587,1.18,0.01633992964176935,0.01633992964176935,2360.0,64.65562362711046,125.0,12025.66554796537,3080.8497704660754,10836.34539255954,18,0.4,True,,39.63625615583871,False,Apex Ring,43
13.051019805493638,26.241965615492628,0.03954066238699758,0.06769967128632204,standard,differential_evolution,qualifying,39.65634883282,81.36682647676213,1.18,0.016534797498609873,0.016534797498609873,2360.0,64.72779705676103,125.0,12135.380668384369,2955.840152958595,11209.239191155324,17,0.48,True,,39.65634883282,False,Apex Ring,43
13.051019805493638,26.241965615492628,0.042070035530977684,0.06121525707422614,standard,differential_evolution,qualifying,39.66407464134201,81.37894846251876,1.18,0.016497222841642147,0.016497222841642147,2360.0,64.7042478805332,125.0,12095.391166592131,2953.6965373496396,11188.28204455565,17,0.48,True,,39.66407464134201,False,Apex Ring,43
13.75,25.0,0.0475,0.07375000000000001,standard,grid,qualifying,39.67032275502433,82.3478919091901,1.18,0.016046180933552447,0.016046180933552447,2360.0,64.67407537203302,150.0,11515.034057945632,2841.424602013384,11037.890357048065,16,0.48000000000000004,True,,39.67032275502433,False,Apex Ring,43
13.051019805493638,26.241965615492628,0.03306844549329878,0.07527079698677024,standard,differential_evolution,qualifying,39.69883723346495,81.44922155595722,1.18,0.016331356015464402,0.016331356015464402,2360.0,64.61426766274906,125.0,11920.402917941461,2944.2642377649536,11130.226322176375,17,0.48,True,,39.69883723346495,False,Apex Ring,43
13.653221597867343,27.872624529354624,0.033413746418900284,0.05933372078420428,standard,differential_evolution,qualifying,39.75963879170487,79.59201662677228,1.18,0.01654323623270074,0.01654323623270074,2360.0,64.37783674894351,125.0,12289.513923739803,3129.8375900424508,11042.239088815226,17,0.4,True,,39.75963879170487,False,Apex Ring,43
23.792291336495232,27.617116221580954,0.04522226779919192,0.06965075828965145,standard,random,qualifying,39.78739066249067,76.42468852186585,1.18,0.01642789353144117,0.01642789353144117,2360.0,64.61056459264384,125.0,12528.362897753806,3577.2801357247963,10179.55685639977,16,0.32,True,,39.78739066249067,False,Apex Ring,43
11.902200460397838,26.764069361358295,0.02525010805784873,0.07001549859852675,standard,differential_evolution,qualifying,39.84667742438836,81.37730156413892,1.18,0.01594292585300919,0.01594292585300919,2360.0,64.25977664675906,150.0,11531.602962518258,2927.7381946466126,10959.549741981977,16,0.48,True,,39.84667742438836,False,Apex Ring,43
24.407101319579475,28.380894509850677,0.026797225272024446,0.07875081857922339,standard,differential_evolution,qualifying,39.96009099577408,75.76572299239035,1.18,0.01605124987648093,0.01605124987648093,2360.0,64.19866073510659,125.0,12203.89433739762,3656.2259341779686,9941.019478329708,16,0.32,True,,39.96009099577408,False,Apex Ring,43
11.936948829441725,28.380894509850677,0.04199456508919192,0.07207345779141336,standard,differential_evolution,qualifying,40.00617605977966,80.00525658518464,1.18,0.016113415753719808,0.016113415753719808,2360.0,63.77061941725335,125.0,11760.884836428162,3067.1611607662767,11027.485432187605,17,0.4,True,,40.00617605977966,False,Apex Ring,43
22.713121721353502,28.99895184577838,0.035097581714490886,0.08300406093748025,standard,differential_evolution,qualifying,40.03683195220523,76.01835968060546,1.18,0.016082905111474338,0.016082905111474338,2360.0,63.966896028155304,125.0,12185.565509404429,3603.324540099929,10097.243354505736,16,0.32,True,,40.03683195220523,False,Apex Ring,43
15.483380451010808,28.380894509850677,0.04887948827782585,0.047880757521143125,standard,differential_evolution,qualifying,40.09100565510963,78.719159892626,1.18,0.01580569146506604,0.01580569146506604,2360.0,63.662443262997996,125.0,11555.422429348726,3194.2037088112547,10591.71514459604,17,0.4,True,,40.09100565510963,False,Apex Ring,43
17.282328189362314,28.90253360301577,0.04279522562392492,0.08242905633559197,standard,random,qualifying,40.1603245645368,77.96627401670327,1.18,0.015863643816916004,0.015863643816916004,2360.0,63.57963225404715,125.0,11703.879217377924,3306.15418032263,10485.63808756876,18,0.4,True,,40.1603245645368,False,Apex Ring,43
14.633856516176893,29.03508032927229,0.05014614334805438,0.06408077156939218,standard,random,qualifying,40.24180471213833,78.11564051684908,1.18,0.015818873739908697,0.015818873739908697,2360.0,63.39709609601678,125.0,11575.495958620117,3223.4323545344955,10642.537488818689,17,0.4,True,,40.24180471213833,False,Apex Ring,43
10.953674067850418,11.810380764171228,0.03500609345020394,0.07612608367763181,standard,differential_evolution,qualifying,38.86857571875607,90.26476910939348,1.18,0.01585271851805506,0.01585271851805506,2360.0,64.98528452590108,225.0,10849.367680515488,1856.794071777994,10178.028369819049,16,0.56,False,braking_limit,38.86857571875607,False,Apex Ring,43
24.2157428017,13.43255351835877,0.033381752381688445,0.0563970645511265,standard,differential_evolution,qualifying,38.94102827349032,84.74727779278984,1.18,0.01696687719091262,0.01696687719091262,2360.0,66.4083154160608,150.0,12344.016711756538,2659.97378428344,10675.803524027684,17,0.48000000000000004,False,balance,38.94102827349032,False,Apex Ring,43
10.107863655990418,13.82110617081394,0.04730640113076412,0.06505561400639993,standard,differential_evolution,qualifying,39.15708143291101,89.18972034401219,1.18,0.015551512151539137,0.015551512151539137,2360.0,63.68597285822034,225.0,10577.49864375247,1891.4891814072066,9890.703051195913,16,0.48000000000000004,False,braking_limit,39.15708143291101,False,Apex Ring,43
11.244192864822942,10.761333174099352,0.05239292475861071,0.059398089756198064,standard,differential_evolution,qualifying,39.336225856963594,90.09286503357359,1.18,0.014910748044838803,0.014910748044838803,2360.0,63.010085206478834,225.0,9884.520394068812,1752.1352025657104,9247.790502684356,16,0.56,False,braking_limit,39.336225856963594,False,Apex Ring,43
19.78448894051366,10.875506472779932,0.025600887606226506,0.07776456621299635,standard,random,qualifying,39.39635553331492,86.96035614445849,1.18,0.015428890805405786,0.015428890805405786,2360.0,63.542706463485956,200.0,10642.655318007872,2149.0803646118206,9366.114773625124,16,0.48,False,balance,39.39635553331492,False,Apex Ring,43
24.968226164111805,10.675293086313925,0.028556818062770408,0.07425394770895813,standard,random,qualifying,39.45427443599452,84.5598227441128,1.18,0.016076368638158492,0.016076368638158492,2360.0,64.7424404323101,150.0,11410.425822719757,2506.492332691084,9873.877315062913,16,0.48000000000000004,False,balance;balance_shift,39.45427443599452,False,Apex Ring,43
15.240434973809538,13.922489776356587,0.03523507013182255,0.05998006457778503,standard,local,qualifying,38.16104589618134,89.49431054009368,1.18,0.01723935701692891,0.01723935701692891,2360.0,68.2951192401582,175.0,12236.463576275319,2244.1122521882703,11622.089656878228,16,0.48000000000000004,True,,38.16104589618134,True,Apex Ring,44
15.240434973809538,13.891829626399963,0.03523507013182255,0.05998006457778503,standard,local,qualifying,38.16113227565444,89.5117635571248,1.18,0.01723843775451971,0.01723843775451971,2360.0,68.2951024617301,175.0,12233.637905703144,2242.3233620429282,11621.909470483188,16,0.48000000000000004,True,,38.16113227565444,True,Apex Ring,44
15.236747883153802,13.891829626399963,0.03523507013182255,0.05998006457778503,standard,local,qualifying,38.16115558600265,89.51149358622332,1.18,0.01723801410059842,0.01723801410059842,2360.0,68.29575824672231,175.0,12233.243346618292,2242.129956737974,11621.46516160544,16,0.48000000000000004,True,,38.16115558600265,True,Apex Ring,44
15.230819379499852,13.891829626399963,0.03523507013182255,0.05998006457778503,standard,local,qualifying,38.16119310449837,89.51105827061826,1.18,0.017237332820616288,0.017237332820616288,2360.0,68.29681239888126,175.0,12232.608892822207,2241.819068397462,11620.750849263168,16,0.48000000000000004,True,,38.16119310449837,True,Apex Ring,44
15.21992515993567,13.891829626399963,0.03523507013182255,0.05998006457778503,standard,local,qualifying,38.16126230704222,89.51025738442173,1.18,0.017236080753219998,0.017236080753219998,2360.0,68.29874856529487,175.0,12231.442895058728,2241.248068187728,11619.438750020076,16,0.48000000000000004,True,,38.16126230704222,True,Apex Ring,44
15.246400811810123,13.891829626399963,0.03523507013182255,0.05998006457778503,standard,local,qualifying,38.16142084498032,89.50968222011089,1.18,0.01723862724232986,0.01723862724232986,2360.0,68.29407611560156,175.0,12233.99565649975,2242.5847290452793,11621.698433376216,16,0.48000000000000004,True,,38.16142084498032,False,Apex Ring,44
15.19268885439602,13.891829626399963,0.03523507013182255,0.05998006457778503,standard,local,qualifying,38.16143616596777,89.50825191297632,1.18,0.0172329500048623,0.0172329500048623,2360.0,68.30358423956156,175.0,12228.527464784014,2239.8222269283615,11616.16142107529,16,0.48000000000000004,True,,38.16143616596777,True,Apex Ring,44
15.240434973809538,13.850099024702402,0.03523507013182255,0.05998006457778503,standard,local,qualifying,38.16190186427116,89.53102274932326,1.18,0.01723613720792588,0.01723613720792588,2360.0,68.29514491628913,175.0,12229.224416104764,2239.7901861624423,11620.018047421756,16,0.48000000000000004,True,,38.16190186427116,True,Apex Ring,44
15.262019578467026,13.891829626399963,0.03523507013182255,0.05998006457778503,standard,local,qualifying,38.16246239318601,89.5019582885917,1.18,0.01723870888240578,0.01723870888240578,2360.0,68.29141571355889,175.0,12234.686651571696,2243.224303630923,11620.360840706551,16,0.48000000000000004,True,,38.16246239318601,False,Apex Ring,44
15.302910040437151,13.891829626399963,0.03523507013182255,0.05998006457778503,standard,local,qualifying,38.165193851507084,89.4817105216081,1.18,0.017238915777625125,0.017238915777625125,2360.0,68.28444034936716,175.0,12236.491453142282,2244.901471430044,11616.854273821227,16,0.48000000000000004,True,,38.165193851507084,False,Apex Ring,44
15.067187494815176,13.891829626399963,0.03523507013182255,0.05998006457778503,standard,local,qualifying,38.166618817126334,89.49971166632511,1.18,0.017216245768991802,0.017216245768991802,2360.0,68.3068763214757,175.0,12212.438665205169,2232.793251330039,11594.725728608644,16,0.48000000000000004,True,,38.166618817126334,True,Apex Ring,44
15.240434973809538,14.107501200115452,0.03523507013182255,0.05998006457778503,standard,local,qualifying,38.16786867025037,89.38317958597229,1.18,0.01724091985961173,0.01724091985961173,2360.0,68.27050819244835,175.0,12249.128963361798,2254.1801356927667,11621.223677545215,16,0.48000000000000004,True,,38.16786867025037,False,Apex Ring,44
15.240434973809538,13.538793802329169,0.03523507013182255,0.05998006457778503,standard,local,qualifying,38.171296532019326,89.64813143992042,1.18,0.017213336948750033,0.017213336948750033,2360.0,68.29539838977551,175.0,12193.165942038415,2220.5607001981793,11596.576051322803,16,0.48000000000000004,True,,38.171296532019326,True,Apex Ring,44
14.90903651252022,13.891829626399963,0.03523507013182255,0.05998006457778503,standard,local,qualifying,38.17724599547006,89.48932106884844,1.18,0.017194161406979467,0.017194161406979467,2360.0,68.28869085567813,175.0,12189.590075786953,2223.537231630707,11556.618861511946,16,0.48000000000000004,True,,38.17724599547006,True,Apex Ring,44
15.705848673928939,13.891829626399963,0.03523507013182255,0.05998006457778503,standard,local,qualifying,38.19246986828224,89.28016525670462,1.18,0.01724043733871783,0.01724043733871783,2360.0,68.21489395304089,175.0,12254.125545657387,2261.6736924253405,11581.937680333465,16,0.48000000000000004,True,,38.19246986828224,False,Apex Ring,44
15.729490168751576,13.891829626399963,0.03523507013182255,0.05998006457778503,standard,local,qualifying,38.1940904741928,89.26822747099087,1.18,0.017240497772768013,0.017240497772768013,2360.0,68.21076806682159,175.0,12255.13099024304,2262.6675856505613,11579.868795805736,16,0.48000000000000004,True,,38.1940904741928,False,Apex Ring,44
14.634391300379122,13.891829626399963,0.03523507013182255,0.05998006457778503,standard,differential_evolution,qualifying,38.1969237437258,89.47111457655642,1.18,0.017154912095504137,0.017154912095504137,2360.0,68.23912438882944,175.0,12148.992451078218,2207.5035237292905,11519.268331530828,16,0.48000000000000004,True,,38.1969237437258,True,Apex Ring,44
15.240434973809538,14.721359549995794,0.03523507013182255,0.05998006457778503,standard,local,qualifying,38.20382514206349,89.00744707743489,1.18,0.017239027507237378,0.017239027507237378,2360.0,68.14201179094667,150.0,12282.231367573024,2286.922924529584,11616.542545112217,16,0.48000000000000004,True,,38.20382514206349,False,Apex Ring,44
14.484243255406323,13.891829626399963,0.03523507013182255,0.05998006457778503,standard,local,qualifying,38.20835603885881,89.46113422297644,1.18,0.01713280957674606,0.01713280957674606,2360.0,68.20204097236795,175.0,12126.294655560498,2198.758224482686,11493.639692162275,16,0.48000000000000004,True,,38.20835603885881,True,Apex Ring,44
15.240434973809538,12.91796067500631,0.03523507013182255,0.05998006457778503,standard,local,qualifying,38.22590551722467,89.6468033208477,1.18,0.017121716850909525,0.017121716850909525,2360.0,68.20056432352004,175.0,12091.144598289206,2178.0358739072017,11427.02242373908,16,0.48000000000000004,True,,38.22590551722467,True,Apex Ring,44
13.541019662496845,13.891829626399963,0.03523507013182255,0.05998006457778503,standard,local,qualifying,38.29370528441078,89.40145346815817,1.18,0.016973182384975485,0.016973182384975485,2360.0,67.82598046260996,175.0,11975.10193325801,2144.091746150303,11338.712229026722,16,0.48000000000000004,True,,38.29370528441078,True,Apex Ring,44
15.240434973809538,17.639320225002102,0.03523507013182255,0.05998006457778503,standard,local,qualifying,38.461105604133756,87.08741048076506,1.18,0.017186835608283386,0.017186835608283386,2360.0,67.46814587532388,150.0,12390.325114618096,2453.294883577718,11556.242832349324,17,0.48000000000000004,True,,38.461105604133756,False,Apex Ring,44
19.27050983124842,13.891829626399963,0.03523507013182255,0.05998006457778503,standard,local,qualifying,38.4642037410703,87.35133263354123,1.18,0.017214430901326405,0.017214430901326405,2360.0,67.53813988702437,150.0,12382.026337409767,2425.6706465033276,11246.59904169841,17,0.48000000000000004,True,,38.4642037410703,False,Apex Ring,44
13.75,15.0,0.0325,0.051250000000000004,standard,grid,qualifying,38.521634787179735,88.56998274169395,1.18,0.016704198991798522,0.016704198991798522,2360.0,67.29287789076692,175.0,11815.878653321573,2199.0251493575547,11110.949323210554,16,0.56,True,,38.521634787179735,True,Apex Ring,44
13.75,15.0,0.0325,0.07375000000000001,standard,grid,qualifying,38.584273997893774,88.65939444774648,1.18,0.016636098917464127,0.016636098917464127,2360.0,67.23252746574549,175.0,11701.696248509203,2191.1853851644237,11152.482714868118,16,0.56,True,,38.584273997893774,True,Apex Ring,44
13.128971703320648,14.330736441184847,0.028612493005323595,0.05111131624679093,standard,differential_evolution,qualifying,38.59208675735685,88.94761982696816,1.18,0.01624125459027924,0.01624125459027924,2360.0,66.27786369994283,175.0,11365.846199504831,2095.425416749763,10642.92728189174,16,0.48000000000000004,True,,38.59208675735685,True,Apex Ring,44
18.77592768762608,10.838146898543942,0.03919281824558993,0.05910184056790818,standard,differential_evolution,qualifying,38.66563811518985,88.2005886129568,1.18,0.016847118796589684,0.016847118796589684,2360.0,66.92008409039526,175.0,11894.672050068397,2212.629081365421,10814.477822490433,17,0.48,True,,38.66563811518985,False,Apex Ring,44
21.25,15.0,0.0325,0.051250000000000004,standard,grid,qualifying,38.669429829942395,85.84284567153894,1.18,0.016970178996203254,0.016970178996203254,2360.0,67.02100819410025,150.0,12286.77319651653,2575.131501848402,10930.899885616793,17,0.48000000000000004,True,,38.669429829942395,False,Apex Ring,44
21.582408864282716,19.07238762633401,0.03363638801850424,0.049523026902094786,standard,random,qualifying,38.70001142197402,83.1952165044383,1.18,0.01698793430435308,0.01698793430435308,2360.0,66.86968022755161,125.0,12573.565433396394,2857.9173387246656,10818.695342958901,17,0.4,True,,38.70001142197402,False,Apex Ring,44
17.5,20.0,0.04,0.06,standard,baseline,qualifying,38.70326666451681,84.24082471010605,1.18,0.01715417162896335,0.01715417162896335,2360.0,66.86541812531077,150.0,12581.039185488213,2715.0352115087094,11273.700457834246,17,0.44000000000000006,True,,38.70326666451681,False,Apex Ring,44
13.75,15.0,0.0475,0.051250000000000004,standard,grid,qualifying,38.74373770927316,88.28822974087689,1.18,0.01613760089399855,0.01613760089399855,2360.0,66.22428525239229,175.0,11216.735679663932,2148.2226087893596,10730.3635392765,16,0.48000000000000004,True,,38.74373770927316,True,Apex Ring,44
21.25,15.0,0.0325,0.07375000000000001,standard,grid,qualifying,38.769327117246334,85.70426243476334,1.18,0.016881783062816187,0.016881783062816187,2360.0,66.8241886910289,150.0,12161.766914188252,2567.4231248951346,10931.263446830617,17,0.48000000000000004,True,,38.769327117246334,False,Apex Ring,44
22.076568202053704,18.948944079766434,0.027613336658290473,0.051851382284117335,standard,differential_evolution,qualifying,38.787832232063124,83.10437668125273,1.18,0.016739171724784035,0.016739171724784035,2360.0,66.61459260654149,125.0,12332.081558499662,2861.9579922550224,10673.751580337394,17,0.4,True,,38.787832232063124,False,Apex Ring,44
15.284530012943911,19.93150597536776,0.04238666492645666,0.05752900085576509,standard,differential_evolution,qualifying,38.80142575065163,85.13557023563997,1.18,0.016987324507955894,0.016987324507955894,2360.0,66.69373689090335,150.0,12285.567571617592,2597.4313219339215,11414.867152423205,17,0.48000000000000004,True,,38.80142575065163,False,Apex Ring,44
17.090265585774038,20.568986620903612,0.0378675143800693,0.06528668879025845,standard,differential_evolution,qualifying,38.80726648487255,84.02013980862807,1.18,0.017138477448164293,0.017138477448164293,2360.0,66.71468807324209,150.0,12581.226871417077,2733.2416720792035,11296.107046826492,17,0.48,True,,38.80726648487255,False,Apex Ring,44
13.75,15.0,0.0475,0.07375000000000001,standard,grid,qualifying,38.8162463309658,88.30769265850041,1.18,0.01602474257793735,0.01602474257793735,2360.0,66.07518499717116,175.0,11076.900366545866,2138.0049472317282,10716.359650328717,16,0.48000000000000004,True,,38.8162463309658,True,Apex Ring,44
20.04165220581534,16.42393281498113,0.04693268109663286,0.056520240208252144,standard,differential_evolution,qualifying,38.8170065826718,84.42109534468985,1.18,0.01686555199408497,0.01686555199408497,2360.0,66.8206623490115,150.0,12160.905774571285,2608.9061664531505,10989.623865784302,17,0.48000000000000004,True,,38.8170065826718,False,Apex Ring,44
22.77294761697499,15.41638712636776,0.031194979129410747,0.05441646550093658,standard,random,qualifying,38.82205909611768,84.3730456240773,1.18,0.016990019726641433,0.016990019726641433,2360.0,66.70268486243988,150.0,12411.566468844114,2696.0605760879007,10778.980633029283,18,0.48000000000000004,True,,38.82205909611768,False,Apex Ring,44
17.090265585774038,20.568986620903612,0.0378675143800693,0.06884881290877912,standard,differential_evolution,qualifying,38.83277235671892,84.0416761647684,1.18,0.017073557571866835,0.017073557571866835,2360.0,66.65365305707407,150.0,12506.780884374788,2728.228410300058,11277.421571704395,17,0.48,True,,38.83277235671892,False,Apex Ring,44
20.864712477677628,15.54788222346543,0.04671112792191855,0.05940101710412765,standard,random,qualifying,38.833239363215924,85.6219632163187,1.18,0.016804058348968885,0.016804058348968885,2360.0,66.69297111241052,150.0,12059.489662385957,2566.660655488184,10941.321083341889,17,0.48000000000000004,True,,38.833239363215924,False,Apex Ring,44
16.3403240245464,19.39936569122075,0.046508721386493763,0.048230976606800306,standard,random,qualifying,38.84417581744239,85.58615960349853,1.18,0.016529131724469383,0.016529131724469383,2360.0,66.55233144288943,150.0,11808.728154303231,2573.910547297432,11154.529543445467,17,0.48000000000000004,True,,38.84417581744239,False,Apex Ring,44
22.536138205421874,13.38768499165884,0.0399471241648106,0.07016703761471844,standard,differential_evolution,qualifying,38.89019976831563,85.68899973597408,1.18,0.01695220820664332,0.01695220820664332,2360.0,66.56133631929326,150.0,12190.100034333323,2551.448223328317,10869.215336009227,17,0.48000000000000004,True,,38.89019976831563,False,Apex Ring,44
21.25,15.0,0.0475,0.051250000000000004,standard,grid,qualifying,38.91402498515746,85.78602847036552,1.18,0.01659448879226869,0.01659448879226869,2360.0,66.48290233933004,150.0,11824.101250485857,2542.894903493378,10819.108130429659,17,0.48000000000000004,True,,38.91402498515746,False,Apex Ring,44
11.973966357606482,18.948944079766434,0.04293016330969459,0.05519344501373749,standard,differential_evolution,qualifying,38.96728826266711,86.54927184420153,1.18,0.016497138252834546,0.016497138252834546,2360.0,65.95901125574045,150.0,11685.500556554607,2342.9133663093853,11142.02726944635,16,0.48000000000000004,True,,38.96728826266711,False,Apex Ring,44
20.73303888157851,17.98910502374666,0.03180710575094323,0.08378521198634101,standard,differential_evolution,qualifying,38.97410263993743,83.89728019500035,1.18,0.016458283043237956,0.016458283043237956,2360.0,66.39753184221425,150.0,11856.49040258483,2710.64669568992,10750.501541174246,17,0.48,True,,38.97410263993743,False,Apex Ring,44
20.73303888157851,20.269155207134887,0.03587596879188775,0.0841304049530473,standard,differential_evolution,qualifying,38.98149650563946,83.02479358116958,1.18,0.016452237319616637,0.016452237319616637,2360.0,66.31713960698286,150.0,11985.114016962067,2850.9329609104434,10716.88995883989,17,0.44,True,,38.98149650563946,False,Apex Ring,44
17.690253993437658,21.721769257145528,0.0263962009031491,0.06547815321635897,standard,differential_evolution,qualifying,38.98260547269114,83.4146247659676,1.18,0.01662847363487487,0.01662847363487487,2360.0,66.24355643203265,150.0,12165.891224210774,2811.5455597118676,10993.644978431801,17,0.48,True,,38.98260547269114,False,Apex Ring,44
16.272501478404344,22.033183942009515,0.028544781029748167,0.05419146956125989,standard,random,qualifying,38.98910674249861,83.75285486872593,1.18,0.016698649961654592,0.016698649961654592,2360.0,66.20141130746974,150.0,12199.127001120489,2770.6708264998997,11130.802220878051,17,0.48,True,,38.98910674249861,False,Apex Ring,44
21.25,15.0,0.0475,0.07375000000000001,standard,grid,qualifying,38.999784388863574,85.81779483193444,1.18,0.016476157672042045,0.016476157672042045,2360.0,66.30352370511142,150.0,11673.19359650416,2530.1186067906615,10805.71593981845,17,0.48000000000000004,True,,38.999784388863574,False,Apex Ring,44
15.240434973809538,22.360679774997898,0.03523507013182255,0.05998006457778503,standard,local,qualifying,39.00967017588294,83.63670609753562,1.18,0.016988198802566832,0.016988198802566832,2360.0,66.195695722656,150.0,12461.936632335171,2765.636652308899,11343.37148336623,17,0.48,True,,39.00967017588294,False,Apex Ring,44
15.867297161750383,22.590634766747044,0.03371201980450636,0.04690924686889076,standard,differential_evolution,qualifying,39.083374558857706,83.3465106107017,1.18,0.016672022006105403,0.016672022006105403,2360.0,65.9924644386908,150.0,12180.369215079369,2795.225493682681,11130.165570501535,17,0.48,True,,39.083374558857706,False,Apex Ring,44
11.838482645108074,15.16226149545546,0.037173121834633935,0.083613277666499,standard,random,qualifying,39.085021852222,88.4577890901128,1.18,0.015633050089295785,0.015633050089295785,2360.0,64.46324357762933,200.0,10718.377954797452,2032.8193566714308,10164.01686280619,16,0.48000000000000004,True,,39.085021852222,True,Apex Ring,44
11.274353910445068,18.331063872203163,0.044861010874324876,0.06367906297524033,standard,differential_evolution,qualifying,39.0858807896996,86.83577409800819,1.18,0.016245437948904446,0.016245437948904446,2360.0,65.26077946648002,150.0,11409.304984604507,2252.682060518942,10884.700399729174,16,0.48000000000000004,True,,39.0858807896996,False,Apex Ring,44
24.350708648899023,16.10228035144562,0.031033560380024732,0.07513578482084682,standard,differential_evolution,qualifying,39.12338264326247,83.26854557455928,1.18,0.01668734619768887,0.01668734619768887,2360.0,66.03164477716179,150.0,12176.91507271325,2798.1980443704065,10544.006913005058,17,0.48000000000000004,True,,39.12338264326247,False,Apex Ring,44
14.109269727772281,22.208609359288857,0.03174972679094946,0.0421325872166053,standard,random,qualifying,39.1597333018761,84.20155109656113,1.18,0.016303943576056412,0.016303943576056412,2360.0,65.79615670592734,150.0,11710.281476884795,2665.091466135895,11036.417427196167,16,0.48,True,,39.1597333018761,False,Apex Ring,44
24.754323782764242,22.926138274154695,0.04069191677385743,0.045138797884748436,standard,random,qualifying,39.20002474690251,79.07621202546761,1.18,0.016665323671280548,0.016665323671280548,2360.0,65.81913852335369,125.0,12580.970686436902,3293.261411977828,10301.050431977486,15,0.32,True,,39.20002474690251,False,Apex Ring,44
21.25,25.0,0.0325,0.051250000000000004,standard,grid,qualifying,39.2175350017713,79.33519634604748,1.18,0.016767595728196166,0.016767595728196166,2360.0,65.59278840378614,125.0,12671.73858169194,3254.8459566958663,10595.767805228179,15,0.32,True,,39.2175350017713,False,Apex Ring,44
21.25,25.0,0.0325,0.07375000000000001,standard,grid,qualifying,39.28142629696021,79.35079907389951,1.18,0.01668621893934639,0.01668621893934639,2360.0,65.4575071816955,125.0,12561.235654133583,3243.581410901879,10597.462195003234,16,0.32,True,,39.28142629696021,False,Apex Ring,44
20.252651837819833,25.347703366155,0.0336469679907141,0.04659517979377507,standard,random,qualifying,39.29107997266655,79.57146212508334,1.18,0.016601818839254552,0.016601818839254552,2360.0,65.34620272953525,125.0,12464.060335065602,3214.886168316045,10610.432303450722,16,0.32,True,,39.29107997266655,False,Apex Ring,44
14.882360616351857,23.93743603066627,0.03649383492635141,0.07170317017334357,standard,random,qualifying,39.30077876677757,82.60238821797223,1.18,0.016725072095833203,0.016725072095833203,2360.0,65.5392354175044,150.0,12250.257986299992,2851.1323147420144,11235.842749622225,17,0.48,True,,39.30077876677757,False,Apex Ring,44
22.289662659939843,24.637788354787023,0.038449177987341814,0.07732626293231486,standard,differential_evolution,qualifying,39.30482712170888,79.14384323664473,1.18,0.016617351216275868,0.016617351216275868,2360.0,65.45350939300485,125.0,12498.7695402525,3267.3312785879475,10499.457678000686,15,0.32,True,,39.30482712170888,False,Apex Ring,44
13.051358249473363,16.025606758053588,0.05431463429591306,0.052448130109943994,standard,random,qualifying,39.36258390298685,87.50284800656912,1.18,0.01508280138839559,0.01508280138839559,2360.0,63.48958304151893,200.0,10224.23798447979,2085.7759438369353,9671.066261508782,16,0.48,True,,39.36258390298685,True,Apex Ring,44
20.16584226070805,22.330683431278178,0.05364808492205498,0.058513035139031826,standard,random,qualifying,39.36606198384226,81.8630212888065,1.18,0.016020272748567144,0.016020272748567144,2360.0,65.42200935945996,125.0,11600.35565165705,2938.343569257326,10536.740578512818,18,0.48000000000000004,True,,39.36606198384226,False,Apex Ring,44
16.35623987726693,24.568475978389305,0.03812452525360645,0.0712060283145427,standard,random,qualifying,39.36896326244667,81.68417823803526,1.18,0.01672173826686317,0.01672173826686317,2360.0,65.41814190909889,125.0,12349.840489447584,2960.420033381624,11086.926209600138,17,0.48000000000000004,True,,39.36896326244667,False,Apex Ring,44
21.25,25.0,0.0475,0.051250000000000004,standard,grid,qualifying,39.39848835526604,79.43555789290741,1.18,0.01636793050712904,0.01636793050712904,2360.0,65.13011933611332,125.0,12196.332121159283,3217.2663830939505,10473.230970612836,19,0.32,True,,39.39848835526604,False,Apex Ring,44
23.686661427936443,16.65573672270784,0.04872223171126011,0.08074015387506339,standard,random,qualifying,39.40246133789331,83.571137532561,1.18,0.01603678309420875,0.01603678309420875,2360.0,65.38672902131701,150.0,11410.799603709083,2733.7361368919037,10383.882737392809,17,0.48000000000000004,True,,39.40246133789331,False,Apex Ring,44
13.75,25.0,0.0325,0.051250000000000004,standard,grid,qualifying,39.41416375562056,82.2041169413444,1.18,0.016558857852574046,0.016558857852574046,2360.0,65.23052673674694,150.0,12132.555813755436,2888.2115307985428,11178.13945095797,17,0.48000000000000004,True,,39.41416375562056,False,Apex Ring,44
13.21342330099526,25.118714979120575,0.03303673808137797,0.06304252499641054,standard,differential_evolution,qualifying,39.428012283066316,82.21760025029342,1.18,0.016686371679463893,0.016686371679463893,2360.0,65.2201227603581,150.0,12245.007592284823,2882.1723860152338,11288.505873497097,17,0.48000000000000004,True,,39.428012283066316,False,Apex Ring,44
11.274353910445068,18.331063872203163,0.045404896716118526,0.0410139086019708,standard,differential_evolution,qualifying,39.44670233830704,86.55417821339039,1.18,0.015405496626371543,0.015405496626371543,2360.0,63.328151255846024,200.0,10632.073730492448,2182.9193534617825,9926.959637440235,16,0.48,True,,39.44670233830704,False,Apex Ring,44
23.099671591965034,26.166908833492105,0.043526914407419307,0.05810861388273179,standard,differential_evolution,qualifying,39.47868303757443,77.66450280032845,1.18,0.01670943218641325,0.01670943218641325,2360.0,65.21571500443866,125.0,12734.797098984876,3442.928145988891,10386.517771477698,16,0.32,True,,39.47868303757443,False,Apex Ring,44
13.75,25.0,0.0325,0.07375000000000001,standard,grid,qualifying,39.48653461895065,82.21359547888085,1.18,0.01648863398010146,0.01648863398010146,2360.0,65.0917901015888,150.0,12029.286782309953,2877.273198957639,11189.905594421563,17,0.48000000000000004,True,,39.48653461895065,False,Apex Ring,44
21.25,25.0,0.0475,0.07375000000000001,standard,grid,qualifying,39.50001733260736,79.45835823409713,1.18,0.016274085683793012,0.016274085683793012,2360.0,64.99726067220858,125.0,12074.38276868706,3205.585422494864,10464.571385395822,18,0.36,True,,39.50001733260736,False,Apex Ring,44
13.21342330099526,25.118714979120575,0.030550986672260628,0.07355341413458548,standard,differential_evolution,qualifying,39.521833511991524,82.32244383612483,1.18,0.016394357295679163,0.016394357295679163,2360.0,64.9967359048349,150.0,11919.829410395927,2861.7293489778585,11188.080446699945,16,0.48000000000000004,True,,39.521833511991524,False,Apex Ring,44
16.204164191794007,26.585726810890417,0.038449177987341814,0.04782359863565663,standard,differential_evolution,qualifying,39.58276852368975,79.98103125774448,1.18,0.01649164475155349,0.01649164475155349,2360.0,64.77269821221576,125.0,12236.188609396479,3115.288960218352,10873.947165627622,18,0.4,True,,39.58276852368975,False,Apex Ring,44
13.75,25.0,0.0475,0.051250000000000004,standard,grid,qualifying,39.60600074251234,82.32917610773005,1.18,0.016128695549497758,0.016128695549497758,2360.0,64.80142796776941,150.0,11625.708080028775,2851.649231870533,11038.624229495337,17,0.48000000000000004,True,,39.60600074251234,False,Apex Ring,44
21.093780824164146,27.705293306905105,0.04148982796792791,0.05729363517731186,standard,differential_evolution,qualifying,39.6507787615586,77.43808233665538,1.18,0.016655570366881253,0.016655570366881253,2360.0,64.75591007375981,125.0,12682.787192490325,3449.0127654309676,10488.217536943235,16,0.32,True,,39.6507787615586,False,Apex Ring,44
12.133776300535938,26.356696706080772,0.0340578665150615,0.04877251882626179,standard,differential_evolution,qualifying,39.66344448973928,81.62248755325814,1.18,0.016341148942655013,0.016341148942655013,2360.0,64.6530190636139,150.0,11932.639680500779,2928.326229341634,11158.657292340102,17,0.48000000000000004,True,,39.66344448973928,False,Apex Ring,44
13.75,25.0,0.0475,0.07375000000000001,standard,grid,qualifying,39.67032275502433,82.3478919091901,1.18,0.016046180933552447,0.016046180933552447,2360.0,64.67407537203302,150.0,11515.034057945632,2841.424602013384,11037.890357048065,16,0.48000000000000004,True,,39.67032275502433,False,Apex Ring,44
12.71189845971065,26.907902782510376,0.027617232799434,0.06457928930785327,standard,random,qualifying,39.672377467137274,81.02449147794712,1.18,0.016277963408889765,0.016277963408889765,2360.0,64.4728444457845,125.0,11903.622122646662,2986.6538344209225,11075.23503075055,17,0.4,True,,39.672377467137274,False,Apex Ring,44
12.434756871783502,27.14587347113543,0.029891358132131965,0.05520828770346628,standard,random,qualifying,39.679382388485216,80.87931865814835,1.18,0.01633667004555124,0.01633667004555124,2360.0,64.45313880970004,125.0,11980.419868080422,3002.644530920185,11095.988533102834,17,0.4,True,,39.679382388485216,False,Apex Ring,44
16.7653806382354,26.0465137126764,0.0428225250534285,0.0806426934443632,standard,random,qualifying,39.68500138298442,80.43877427560602,1.18,0.016126177494315132,0.016126177494315132,2360.0,64.52756700803549,125.0,11778.322313106653,3055.600747694802,10766.558005271087,17,0.4,True,,39.68500138298442,False,Apex Ring,44
21.96098950083143,28.01510376906227,0.040715884593386875,0.04887232100088176,standard,random,qualifying,39.736985530891026,76.91172965612883,1.18,0.016494352802343872,0.016494352802343872,2360.0,64.5914840391351,125.0,12568.06882391764,3513.641185682895,10326.38074280276,16,0.32,True,,39.736985530891026,False,Apex Ring,44
10.870152758053962,27.705293306905105,0.031461818945014354,0.06084476476640049,standard,differential_evolution,qualifying,39.795670578721484,80.78949173047481,1.18,0.016328110671518663,0.016328110671518663,2360.0,64.19484134876062,125.0,11952.91325577082,2997.690901761717,11193.785228573131,17,0.4,True,,39.795670578721484,False,Apex Ring,44
10.609710142021381,25.490810835133914,0.04551462444451851,0.07823030107745021,standard,random,qualifying,40.026511267707605,82.22280173620479,1.18,0.015594816777399857,0.015594816777399857,2360.0,63.41628611087799,150.0,11049.11119010405,2725.5175685281556,10715.737166527633,16,0.48,True,,40.026511267707605,False,Apex Ring,44
24.094627179675918,28.534973855071204,0.04646715225828597,0.04087579498615049,standard,random,qualifying,40.04204899563651,75.8169415477331,1.18,0.01590074133532536,0.01590074133532536,2360.0,63.95966432302024,125.0,12021.623908808404,3634.2265555041613,9897.715243700077,16,0.32,True,,40.04204899563651,False,Apex Ring,44
12.353033508990256,26.442168076077188,0.05122053256244971,0.08378521198634101,standard,differential_evolution,qualifying,40.28226682535935,81.15686973668896,1.18,0.014922044792111686,0.014922044792111686,2360.0,62.47055800631642,150.0,10419.53684972324,2805.434851414593,10172.85082361505,16,0.4,True,,40.28226682535935,True,Apex Ring,44
15.284530012943911,29.277568983443,0.051498171802634746,0.043963016715233776,standard,differential_evolution,qualifying,40.32320383885064,78.47640267598727,1.18,0.015353562232155301,0.015353562232155301,2360.0,63.099350400105955,125.0,11103.880098305095,3222.732398623909,10394.824067974841,17,0.4,True,,40.32320383885064,False,Apex Ring,44
13.087686057922234,29.558962434076083,0.05182593682198991,0.0654756782366189,standard,random,qualifying,40.36157552911432,78.9341495842683,1.18,0.015463402696519364,0.015463402696519364,2360.0,62.9923631884306,125.0,11155.051945894013,3164.047556690403,10619.818377107891,17,0.4,True,,40.36157552911432,False,Apex Ring,44
20.15778648254365,11.045018211473003,0.046033946408463075,0.06461473503435013,standard,random,qualifying,39.01568989650084,87.23969546251288,1.18,0.016398288300934177,0.016398288300934177,2360.0,65.93021389472288,150.0,11485.031818251706,2254.5259140588037,10471.958430690358,17,0.48000000000000004,False,balance,39.01568989650084,False,Apex Ring,44
23.966079893710347,13.38768499165884,0.04284200767304095,0.07016703761471844,standard,differential_evolution,qualifying,39.100630781111,84.65291866419875,1.18,0.01679979261746635,0.01679979261746635,2360.0,66.09278845311573,150.0,12095.295332113994,2628.9559800091697,10672.755564411777,17,0.48,False,balance,39.100630781111,False,Apex Ring,44
10.782664514374048,10.130995130462336,0.04835593078232013,0.051130390194253514,standard,differential_evolution,qualifying,39.14924100985539,90.53931103572116,1.18,0.015202671120894443,0.015202671120894443,2360.0,63.59870893880725,225.0,10165.299063147067,1735.532236469989,9459.462547387444,16,0.56,False,braking_limit,39.14924100985539,False,Apex Ring,44
24.426891984731625,14.5957460108107,0.027334291726411827,0.07748007167804521,standard,random,qualifying,39.20991102516153,84.15062565371804,1.18,0.016317595926590288,0.016317595926590288,2360.0,65.78024310142057,150.0,11704.43991187586,2693.614865138327,10403.012067253785,17,0.48000000000000004,False,balance,39.20991102516153,False,Apex Ring,44
24.930785293156198,14.674275262073461,0.047752785901884066,0.06145543192095,standard,random,qualifying,39.27884194639707,83.63191513601576,1.18,0.01657507853079062,0.01657507853079062,2360.0,65.68049941571482,150.0,11966.638764735932,2734.51260447607,10484.48577143128,17,0.48000000000000004,False,balance,39.27884194639707,False,Apex Ring,44
10.882939617999694,14.171859301436719,0.04907679718935668,0.04377342698142264,standard,differential_evolution,qualifying,39.37859255638779,88.61314731548694,1.18,0.015005740640267023,0.015005740640267023,2360.0,62.661131136119366,225.0,10089.212882982127,1896.9691010728138,9354.278569788527,16,0.48,False,braking_limit,39.37859255638779,False,Apex Ring,44
19.192203625544174,12.01154797577269,0.05374561823275144,0.08026755644500747,standard,differential_evolution,qualifying,39.86578495516465,86.5791212688717,1.18,0.014707443058861767,0.014707443058861767,2360.0,62.0020498894155,200.0,9855.092349294237,2097.4589517089908,8881.456995780476,17,0.48000000000000004,False,balance,39.86578495516465,False,Apex Ring,44
11.505494048365005,29.691798717184774,0.02978969662208465,0.062318861998314164,standard,differential_evolution,qualifying,40.114142073053344,79.01149211789762,1.18,0.01613629205207168,0.01613629205207168,2360.0,63.534023542955694,125.0,11906.322302029064,3181.6449453386085,10960.546195685785,17,0.4,False,balance_shift,40.114142073053344,False,Apex Ring,44
14.931844362706146,13.856766878193698,0.04126197018238564,0.06393176814938117,standard,local,qualifying,38.25356320904889,89.54526074137505,1.18,0.017102052800507764,0.017102052800507764,2360.0,68.1411792549372,175.0,12059.429248099197,2212.6211061585846,11557.789311190369,16,0.48000000000000004,True,,38.25356320904889,True,Apex Ring,45
14.931844362706146,13.83710701745079,0.04126197018238564,0.06393176814938117,standard,local,qualifying,38.25397941816773,89.55429929973691,1.18,0.017100893544835752,0.017100893544835752,2360.0,68.14082137964964,175.0,12057.32212937504,2211.426863655989,11556.061560208422,16,0.48000000000000004,True,,38.25397941816773,True,Apex Ring,45
14.931844362706146,13.805427016585181,0.04126197018238564,0.06393176814938117,standard,local,qualifying,38.2546525821154,89.56884433524834,1.18,0.017099021974788787,0.017099021974788787,2360.0,68.14023966279679,175.0,12053.924862636657,2209.5057108435203,11553.278095721369,16,0.48000000000000004,True,,38.2546525821154,True,Apex Ring,45
14.931844362706146,13.932063026901151,0.04126197018238564,0.06393176814938117,standard,local,qualifying,38.25556051917279,89.51097690766564,1.18,0.017104901560233685,0.017104901560233685,2360.0,68.12930894300452,175.0,12065.38551564864,2216.821188307601,11564.70460435941,16,0.48000000000000004,True,,38.25556051917279,False,Apex Ring,45
14.931844362706146,14.04654565755725,0.04126197018238564,0.06393176814938117,standard,local,qualifying,38.259509054801214,89.4586822545775,1.18,0.01710880437905597,0.01710880437905597,2360.0,68.10823647568509,175.0,12073.893882567347,2223.151923377717,11575.299698748911,16,0.48000000000000004,True,,38.259509054801214,False,Apex Ring,45
14.931844362706146,13.544710396548528,0.04126197018238564,0.06393176814938117,standard,local,qualifying,38.26043143665242,89.68675644040118,1.18,0.01708538720640738,0.01708538720640738,2360.0,68.13508035670696,175.0,12025.77528110914,2193.8292657853062,11540.5237636242,16,0.48000000000000004,True,,38.26043143665242,True,Apex Ring,45
14.931844362706146,13.284239603380533,0.04126197018238564,0.06393176814938117,standard,local,qualifying,38.2664321269376,89.80279690763932,1.18,0.017071555568356857,0.017071555568356857,2360.0,68.12947325849932,175.0,11997.48495756262,2178.4376438835848,11528.080313145385,16,0.48000000000000004,True,,38.2664321269376,True,Apex Ring,45
14.928511029077619,13.284239603380533,0.04126197018238564,0.06393176814938117,standard,local,qualifying,38.26649522167684,89.80241368222926,1.18,0.017071223540323106,0.017071223540323106,2360.0,68.12973426967979,175.0,11997.081673474411,2178.260199257274,11527.643351353596,16,0.48000000000000004,True,,38.26649522167684,True,Apex Ring,45
14.935310224772701,13.284239603380533,0.04126197018238564,0.06393176814938117,standard,local,qualifying,38.26652608602427,89.80202324226597,1.18,0.017071733857393526,0.017071733857393526,2360.0,68.12902789805877,175.0,11997.765207533863,2178.597537875136,11528.120725159728,16,0.48000000000000004,True,,38.26652608602427,False,Apex Ring,45
14.925177695498533,13.284239603380533,0.04126197018238564,0.06393176814938117,standard,local,qualifying,38.26656260437045,89.80205524220302,1.18,0.01707083179815765,0.01707083179815765,2360.0,68.12988172481612,175.0,11996.674820845745,2178.0821208793595,11526.972611450641,16,0.48000000000000004,True,,38.26656260437045,True,Apex Ring,45
14.940918107396705,13.284239603380533,0.04126197018238564,0.06393176814938117,standard,local,qualifying,38.26678687271789,89.79997142458902,1.18,0.017071908463299767,0.017071908463299767,2360.0,68.12818857826153,175.0,11998.123845815862,2178.8395289867253,11527.903810376865,16,0.48000000000000004,True,,38.26678687271789,False,Apex Ring,45
14.913482265377587,13.284239603380533,0.04126197018238564,0.06393176814938117,standard,local,qualifying,38.26682400373968,89.80094706595442,1.18,0.01706911305877589,0.01706911305877589,2360.0,68.12972952270914,175.0,11995.22643558924,2177.453678441172,11523.240089092193,16,0.48000000000000004,True,,38.26682400373968,True,Apex Ring,45
14.908609054749954,13.284239603380533,0.04126197018238564,0.06393176814938117,standard,differential_evolution,qualifying,38.26693299843535,89.80048519588115,1.18,0.017068396954960992,0.017068396954960992,2360.0,68.1296659612152,175.0,11994.622922091854,2177.1919593682633,11521.68548924562,16,0.48000000000000004,True,,38.26693299843535,True,Apex Ring,45
14.840237698289814,13.284239603380533,0.04126197018238564,0.06393176814938117,standard,local,qualifying,38.26846614492253,89.7939921960852,1.18,0.01705835422948767,0.01705835422948767,2360.0,68.1287684753797,175.0,11986.155557690032,2173.5286481891458,11510.217198504228,16,0.48000000000000004,True,,38.26846614492253,True,Apex Ring,45
15.10335733474381,13.284239603380533,0.04126197018238564,0.06393176814938117,standard,local,qualifying,38.27437939837519,89.74027711885834,1.18,0.01707690102266603,0.01707690102266603,2360.0,68.1037666582164,175.0,12008.475695768988,2185.8854109545523,11521.599455428628,16,0.48000000000000004,True,,38.27437939837519,False,Apex Ring,45
14.40620448224308,13.284239603380533,0.04126197018238564,0.06393176814938117,standard,local,qualifying,38.280187093255456,89.75045329525847,1.18,0.016998985736278765,0.016998985736278765,2360.0,68.09866012096592,175.0,11930.656954350105,2150.332178626961,11444.65742450168,16,0.48000000000000004,True,,38.280187093255456,True,Apex Ring,45
14.931844362706146,14.721359549995794,0.04126197018238564,0.06393176814938117,standard,local,qualifying,38.28467442455825,89.14480977491061,1.18,0.017128359832067144,0.017128359832067144,2360.0,67.97344473808216,175.0,12122.476310429536,2261.2888432187383,11621.547024708547,16,0.48000000000000004,True,,38.28467442455825,False,Apex Ring,45
15.366189525697699,13.284239603380533,0.04126197018238564,0.06393176814938117,standard,local,qualifying,38.286820772989564,89.64262339639934,1.18,0.01708471400862209,0.01708471400862209,2360.0,68.06380337297603,175.0,12025.076380504564,2197.434322650779,11511.31400204582,16,0.48000000000000004,True,,38.286820772989564,False,Apex Ring,45
13.500108287146794,13.634312197641837,0.03748903957458397,0.06317383789583884,standard,random,qualifying,38.29703498465995,89.57580966636358,1.18,0.016977339059849095,0.016977339059849095,2360.0,67.85890522400358,175.0,11948.252498235588,2127.6662684117673,11374.844695196294,16,0.48000000000000004,True,,38.29703498465995,True,Apex Ring,45
14.931844362706146,12.91796067500631,0.04126197018238564,0.06393176814938117,standard,local,qualifying,38.30140289923033,89.79200733039517,1.18,0.01701230553432948,0.01701230553432948,2360.0,68.052067441903,175.0,11934.610028908353,2153.2194636361573,11434.174999260922,16,0.48000000000000004,True,,38.30140289923033,False,Apex Ring,45
15.729490168751576,13.284239603380533,0.04126197018238564,0.06393176814938117,standard,local,qualifying,38.304452488113625,89.50463942745654,1.18,0.017096914153290697,0.017096914153290697,2360.0,68.00753345750022,175.0,12047.617796820694,2213.6802661098423,11506.85247231659,16,0.48000000000000004,True,,38.304452488113625,False,Apex Ring,45
17.06703342572948,12.543913871858885,0.03607437354364654,0.05989065256278993,standard,differential_evolution,qualifying,38.351485700165306,88.94554283150003,1.18,0.017133255080925634,0.017133255080925634,2360.0,67.87771758487116,175.0,12145.286580777725,2238.4940147763846,11292.860122797792,17,0.48000000000000004,True,,38.351485700165306,False,Apex Ring,45
13.541019662496845,13.284239603380533,0.04126197018238564,0.06393176814938117,standard,local,qualifying,38.35794334332379,89.67479887639827,1.18,0.01683880787929979,0.01683880787929979,2360.0,67.71025295367079,175.0,11787.236357736238,2100.162240244013,11286.13265159853,16,0.48000000000000004,True,,38.35794334332379,True,Apex Ring,45
16.184444814111192,14.673484166150763,0.04324300991245681,0.06472806203218526,standard,differential_evolution,qualifying,38.369386129867245,88.61835105993823,1.18,0.01704930779486398,0.01704930779486398,2360.0,67.81384698802769,150.0,12078.59768838438,2307.594440127995,11486.73199474372,16,0.48000000000000004,True,,38.369386129867245,False,Apex Ring,45
15.852585771981357,14.337938435504732,0.030355341341116795,0.07726932696110646,standard,differential_evolution,qualifying,38.479386022681744,88.6632182621669,1.18,0.016571483055771986,0.016571483055771986,2360.0,67.55608919001851,175.0,11612.100869878543,2244.85841967326,11121.006707886225,16,0.48000000000000004,True,,38.479386022681744,True,Apex Ring,45
13.080168940291605,11.313420789313222,0.04166237100805939,0.05989065256278993,standard,differential_evolution,qualifying,38.4991080829311,90.65758834439826,1.18,0.01656454479303918,0.01656454479303918,2360.0,67.24101589099052,200.0,11489.439908127919,1966.4857155867776,10982.202837697234,16,0.56,True,,38.4991080829311,True,Apex Ring,45
15.165343453794195,10.686930908555908,0.03687776858460556,0.055408428356861016,standard,differential_evolution,qualifying,38.51136463915327,89.88177006792297,1.18,0.016602904553228413,0.016602904553228413,2360.0,66.82049227878451,200.0,11598.959394426545,2019.158757105256,10763.774980889952,16,0.48,True,,38.51136463915327,False,Apex Ring,45
15.165343453794195,10.686930908555908,0.03480054023001679,0.055408428356861016,standard,differential_evolution,qualifying,38.51574482367561,89.84220232414096,1.18,0.01656335501462058,0.01656335501462058,2360.0,66.72877103090286,200.0,11578.026381670375,2017.468445177159,10703.818134070405,16,0.48,True,,38.51574482367561,True,Apex Ring,45
13.75,15.0,0.0325,0.051250000000000004,standard,grid,qualifying,38.521634787179735,88.56998274169395,1.18,0.016704198991798522,0.016704198991798522,2360.0,67.29287789076692,175.0,11815.878653321573,2199.0251493575547,11110.949323210554,16,0.56,True,,38.521634787179735,False,Apex Ring,45
14.931844362706146,17.639320225002102,0.04126197018238564,0.06393176814938117,standard,local,qualifying,38.53923414892097,87.24143114144857,1.18,0.017076106127503703,0.017076106127503703,2360.0,67.29899172864398,150.0,12230.323982959728,2427.7720562140885,11566.425826391327,17,0.48000000000000004,True,,38.53923414892097,False,Apex Ring,45
19.27050983124842,13.284239603380533,0.04126197018238564,0.06393176814938117,standard,local,qualifying,38.55711714588154,87.69021450239515,1.18,0.017102951686076194,0.017102951686076194,2360.0,67.342066756487,150.0,12196.229829060454,2379.7390094035572,11236.800051819655,17,0.48000000000000004,True,,38.55711714588154,False,Apex Ring,45
16.224237487010907,17.80791735062056,0.04574841950092233,0.05999846534717269,standard,differential_evolution,qualifying,38.58034062647716,86.6276884529129,1.18,0.016861157049464722,0.016861157049464722,2360.0,67.10609011033223,150.0,12056.055743823514,2482.645063342094,11355.001001767909,17,0.44000000000000006,True,,38.58034062647716,False,Apex Ring,45
13.75,15.0,0.0325,0.07375000000000001,standard,grid,qualifying,38.584273997893774,88.65939444774648,1.18,0.016636098917464127,0.016636098917464127,2360.0,67.23252746574549,175.0,11701.696248509203,2191.1853851644237,11152.482714868118,16,0.56,True,,38.584273997893774,False,Apex Ring,45
20.503101821548317,18.39750872371758,0.036081152671904586,0.04692663106667708,standard,random,qualifying,38.619511496124325,84.0852948907823,1.18,0.016962941783434188,0.016962941783434188,2360.0,67.02743995762958,150.0,12449.032484189993,2755.3577514227004,10922.470496076368,18,0.4,True,,38.619511496124325,False,Apex Ring,45
13.754004589354125,10.597703866728597,0.03646977472787842,0.07146715023933845,standard,differential_evolution,qualifying,38.65670760178764,90.39269874311373,1.18,0.01635060019431692,0.01635060019431692,2360.0,66.45819155499339,200.0,11315.623669576684,1942.1503165033678,10657.739925755293,16,0.56,True,,38.65670760178764,True,Apex Ring,45
21.25,15.0,0.0325,0.051250000000000004,standard,grid,qualifying,38.669429829942395,85.84284567153894,1.18,0.016970178996203254,0.016970178996203254,2360.0,67.02100819410025,150.0,12286.77319651653,2575.131501848402,10930.899885616793,17,0.48000000000000004,True,,38.669429829942395,False,Apex Ring,45
20.056222371538773,13.284239603380533,0.03332599541645227,0.07423421917367434,standard,differential_evolution,qualifying,38.6740801565279,87.28536158098416,1.18,0.016844980485648003,0.016844980485648003,2360.0,67.06565643206626,150.0,11980.02451345301,2406.915549301429,11037.387513618565,17,0.48000000000000004,True,,38.6740801565279,False,Apex Ring,45
15.599894672888567,10.708848657893355,0.039862362395631436,0.049113848364676284,standard,random,qualifying,38.702274660580365,89.45373640571452,1.18,0.016291898817446915,0.016291898817446915,2360.0,65.99067868664861,200.0,11320.864511147027,2012.6761087613502,10407.250940290145,17,0.48000000000000004,True,,38.702274660580365,True,Apex Ring,45
17.5,20.0,0.04,0.06,standard,baseline,qualifying,38.70326666451681,84.24082471010605,1.18,0.01715417162896335,0.01715417162896335,2360.0,66.86541812531077,150.0,12581.039185488213,2715.0352115087094,11273.700457834246,17,0.44000000000000006,True,,38.70326666451681,False,Apex Ring,45
13.768279626110159,16.27645584160877,0.030355341341116795,0.07726932696110646,standard,differential_evolution,qualifying,38.713219794069985,87.80566821720709,1.18,0.016342659071999832,0.016342659071999832,2360.0,66.58282171707933,175.0,11463.010582109593,2240.113210728658,10961.39454658582,16,0.48000000000000004,True,,38.713219794069985,False,Apex Ring,45
13.75,15.0,0.0475,0.051250000000000004,standard,grid,qualifying,38.74373770927316,88.28822974087689,1.18,0.01613760089399855,0.01613760089399855,2360.0,66.22428525239229,175.0,11216.735679663932,2148.2226087893596,10730.3635392765,16,0.48000000000000004,True,,38.74373770927316,True,Apex Ring,45
13.754004589354125,14.384542707708327,0.04823061650471851,0.052064745644459016,standard,differential_evolution,qualifying,38.747013968832775,88.82058177143497,1.18,0.01603208738362326,0.01603208738362326,2360.0,66.11902939155698,175.0,11092.044086848926,2103.2755595577355,10627.447127086289,17,0.48000000000000004,True,,38.747013968832775,True,Apex Ring,45
18.063441365802987,11.841009962194356,0.026965978751699586,0.05999846534717269,standard,differential_evolution,qualifying,38.75651341459482,87.84517841517261,1.18,0.016314150621614502,0.016314150621614502,2360.0,66.12932177260518,175.0,11478.942100506687,2190.142290251207,10385.586830606337,17,0.48000000000000004,True,,38.75651341459482,False,Apex Ring,45
17.11960217642078,11.177230087712504,0.02791746169674375,0.06581103051934606,standard,differential_evolution,qualifying,38.760228084023346,88.66994583641537,1.18,0.01624827967145573,0.01624827967145573,2360.0,65.92138797044754,175.0,11355.812888233064,2101.8369978706432,10332.361875064733,16,0.48000000000000004,True,,38.760228084023346,True,Apex Ring,45
21.25,15.0,0.0325,0.07375000000000001,standard,grid,qualifying,38.769327117246334,85.70426243476334,1.18,0.016881783062816187,0.016881783062816187,2360.0,66.8241886910289,150.0,12161.766914188252,2567.4231248951346,10931.263446830617,17,0.48000000000000004,True,,38.769327117246334,False,Apex Ring,45
12.722892535024693,14.033926367077616,0.04651516127094699,0.05225998950231539,standard,differential_evolution,qualifying,38.76949340848576,89.10022102699483,1.18,0.01603137755717533,0.01603137755717533,2360.0,65.72373546659946,175.0,11079.952119607335,2039.8057711187234,10521.964463246994,16,0.48000000000000004,True,,38.76949340848576,True,Apex Ring,45
13.703398462693778,18.953228849457854,0.039658167476469657,0.04773176931122701,standard,random,qualifying,38.78926503355896,86.46589446804457,1.18,0.016664930451119286,0.016664930451119286,2360.0,66.67646031221747,150.0,11880.463113552343,2432.6514568561975,11261.77034546501,17,0.48000000000000004,True,,38.78926503355896,False,Apex Ring,45
18.866629366994356,15.841334998914594,0.04784490997348287,0.04327185001058575,standard,differential_evolution,qualifying,38.80912244492579,86.7141403650504,1.18,0.016293602404967765,0.016293602404967765,2360.0,66.73093758397515,150.0,11470.005566742471,2453.725611904721,10859.13541306226,17,0.48,True,,38.80912244492579,False,Apex Ring,45
20.718784537254827,19.03112010251182,0.04234740662460917,0.04745341305930874,standard,differential_evolution,qualifying,38.81223962707177,83.7248702952629,1.18,0.016830937395240712,0.016830937395240712,2360.0,66.78316453401439,150.0,12330.688092020295,2790.898234467294,10859.076910988293,18,0.48,True,,38.81223962707177,False,Apex Ring,45
13.75,15.0,0.0475,0.07375000000000001,standard,grid,qualifying,38.8162463309658,88.30769265850041,1.18,0.01602474257793735,0.01602474257793735,2360.0,66.07518499717116,175.0,11076.900366545866,2138.0049472317282,10716.359650328717,16,0.48000000000000004,True,,38.8162463309658,True,Apex Ring,45
10.517759476697833,12.56205742957129,0.04266446324446403,0.06091543500051752,standard,differential_evolution,qualifying,38.8604459138677,90.05390681716943,1.18,0.01607352513410376,0.01607352513410376,2360.0,65.14594966545701,225.0,11071.262440028484,1887.9773967190256,10374.779048313356,16,0.56,True,,38.8604459138677,True,Apex Ring,45
18.563678523694,18.374282756783234,0.05209216935968175,0.0519467342959537,standard,differential_evolution,qualifying,38.91054109775189,85.02423477865672,1.18,0.01624326792730426,0.01624326792730426,2360.0,66.5257449351549,150.0,11531.191821724406,2606.402296426301,10852.167582135235,17,0.48000000000000004,True,,38.91054109775189,False,Apex Ring,45
21.25,15.0,0.0475,0.051250000000000004,standard,grid,qualifying,38.91402498515746,85.78602847036552,1.18,0.01659448879226869,0.01659448879226869,2360.0,66.48290233933004,150.0,11824.101250485857,2542.894903493378,10819.108130429659,17,0.48000000000000004,True,,38.91402498515746,False,Apex Ring,45
21.26093956928576,22.243099938544,0.04090741115859535,0.04635589073304154,standard,random,qualifying,38.92345961038943,81.29268169059256,1.18,0.016748165183638267,0.016748165183638267,2360.0,66.15957905523,125.0,12466.166395458884,3043.886667936072,10682.446457782227,16,0.32,True,,38.92345961038943,False,Apex Ring,45
11.983703792029324,16.390576119744992,0.04529828868530726,0.052064745644459016,standard,differential_evolution,qualifying,38.94562779957609,87.98434969444244,1.18,0.016096924685848345,0.016096924685848345,2360.0,65.32873140648007,175.0,11216.376903320179,2143.79372496977,10628.53240132602,17,0.48000000000000004,True,,38.94562779957609,False,Apex Ring,45
18.866629366994356,11.70261345910431,0.04784490997348287,0.06472806203218526,standard,differential_evolution,qualifying,38.98590032033397,87.62220200220644,1.18,0.01624382303487737,0.01624382303487737,2360.0,65.89296993901658,175.0,11309.305177610313,2205.5125898109277,10468.118054813804,17,0.48000000000000004,True,,38.98590032033397,False,Apex Ring,45
21.25,15.0,0.0475,0.07375000000000001,standard,grid,qualifying,38.999784388863574,85.81779483193444,1.18,0.016476157672042045,0.016476157672042045,2360.0,66.30352370511142,150.0,11673.19359650416,2530.1186067906615,10805.71593981845,17,0.48000000000000004,True,,38.999784388863574,False,Apex Ring,45
14.420259789531755,15.110021208740132,0.04926513682775697,0.040217376904597674,standard,differential_evolution,qualifying,39.044606424132084,87.946813548468,1.18,0.015416226523096885,0.015416226523096885,2360.0,64.87700251862407,200.0,10550.30363293682,2125.2527774396785,10022.565223472811,16,0.48000000000000004,True,,39.044606424132084,True,Apex Ring,45
20.152363458638334,12.282201113885531,0.04909902654320991,0.06255330978474662,standard,random,qualifying,39.05619325152355,86.92540100290866,1.18,0.016250007310158545,0.016250007310158545,2360.0,65.940928907716,150.0,11354.961201916274,2302.019069546032,10468.432025659411,17,0.48000000000000004,True,,39.05619325152355,False,Apex Ring,45
14.931844362706146,22.360679774997898,0.04126197018238564,0.06393176814938117,standard,local,qualifying,39.085516970199606,83.77705844616558,1.18,0.01687104985864307,0.01687104985864307,2360.0,66.02581065721353,150.0,12298.701030898112,2739.8031422178365,11346.85337508623,17,0.48,True,,39.085516970199606,False,Apex Ring,45
18.596959854212585,20.569822903404056,0.04790950719405778,0.07652617451543232,standard,random,qualifying,39.08942727116095,83.60698690062505,1.18,0.016342399861317147,0.016342399861317147,2360.0,66.04729986035215,150.0,11763.741913679407,2753.6872420030236,10872.887055235413,17,0.48000000000000004,True,,39.08942727116095,False,Apex Ring,45
16.130924247489567,22.456398015018795,0.03389940649954794,0.043428122851901625,standard,random,qualifying,39.099385217065745,83.39769002234308,1.18,0.016539012198616285,0.016539012198616285,2360.0,65.94518293482999,150.0,12040.996802008121,2789.237695165678,11054.925701674027,17,0.48,True,,39.099385217065745,False,Apex Ring,45
24.478631993203212,19.03112010251182,0.04234740662460917,0.04745341305930874,standard,differential_evolution,qualifying,39.10074560019354,81.62455715982863,1.18,0.01674531557498912,0.01674531557498912,2360.0,65.97849825589647,125.0,12412.842634000583,2993.185752143271,10482.179297847322,17,0.4,True,,39.10074560019354,False,Apex Ring,45
12.496656022223995,16.58944249773351,0.05077902468564478,0.06082264256385266,standard,differential_evolution,qualifying,39.15382976111056,87.62139291861526,1.18,0.015671019098059107,0.015671019098059107,2360.0,64.59580736234784,200.0,10796.086287789485,2141.562762880883,10289.66672650853,17,0.48000000000000004,True,,39.15382976111056,False,Apex Ring,45
10.927198293883375,17.98497814700896,0.025527713691165743,0.05708464595826685,standard,differential_evolution,qualifying,39.18097317044306,86.98518467873646,1.18,0.01580038768131352,0.01580038768131352,2360.0,64.16850209236145,200.0,11050.011363255637,2185.573977366543,10242.290403187857,16,0.48,True,,39.18097317044306,False,Apex Ring,45
21.25,25.0,0.0325,0.051250000000000004,standard,grid,qualifying,39.2175350017713,79.33519634604748,1.18,0.016767595728196166,0.016767595728196166,2360.0,65.59278840378614,125.0,12671.73858169194,3254.8459566958663,10595.767805228179,15,0.32,True,,39.2175350017713,False,Apex Ring,45
20.862452327691518,20.58036816278092,0.05392197765576891,0.0610939393208675,standard,random,qualifying,39.2244238918015,82.72741844001148,1.18,0.01607150822300049,0.01607150822300049,2360.0,65.83327015042046,150.0,11575.814019416755,2853.769250088205,10541.567620633716,17,0.48,True,,39.2244238918015,False,Apex Ring,45
23.052135603866656,24.859004047012327,0.03778538767668508,0.06562255371887238,standard,differential_evolution,qualifying,39.225094038564315,78.52636293085861,1.18,0.01697080440141564,0.01697080440141564,2360.0,65.77649947789477,125.0,12950.308524841916,3359.2937808211695,10532.053867981514,15,0.32,True,,39.225094038564315,False,Apex Ring,45
22.018261050781025,23.67393296920048,0.04859924056647623,0.052430423403874035,standard,differential_evolution,qualifying,39.24692365968359,80.01752895575828,1.18,0.016395912982394203,0.016395912982394203,2360.0,65.46957879449452,125.0,12181.697113280205,3162.666636808908,10457.32473346821,16,0.32,True,,39.24692365968359,False,Apex Ring,45
13.125792394874797,22.662960907744242,0.025001625774394257,0.057876621118217446,standard,random,qualifying,39.27901016965076,83.95228218471509,1.18,0.016178231289184948,0.016178231289184948,2360.0,65.39829470125768,150.0,11608.46497575294,2648.736841935769,10939.272289900828,16,0.48,True,,39.27901016965076,False,Apex Ring,45
20.399327023646872,25.460361400991093,0.029786051951295835,0.05392057951365212,standard,random,qualifying,39.28037355265543,79.40513260904817,1.18,0.01667740773887107,0.01667740773887107,2360.0,65.39906310610223,125.0,12564.321712955187,3237.963420640842,10623.920352293433,16,0.32,True,,39.28037355265543,False,Apex Ring,45
21.25,25.0,0.0325,0.07375000000000001,standard,grid,qualifying,39.28142629696021,79.35079907389951,1.18,0.01668621893934639,0.01668621893934639,2360.0,65.4575071816955,125.0,12561.235654133583,3243.581410901879,10597.462195003234,16,0.32,True,,39.28142629696021,False,Apex Ring,45
18.935567021857256,25.69626821776356,0.03172551415480115,0.06472806203218526,standard,differential_evolution,qualifying,39.29575640246738,79.79663552279045,1.18,0.016777312758554905,0.016777312758554905,2360.0,65.33550771503621,125.0,12607.288480643074,3181.984248942861,10805.676321684157,18,0.32,True,,39.29575640246738,False,Apex Ring,45
22.39019939978811,24.112788655401875,0.040505914653295165,0.08103696961047704,standard,random,qualifying,39.31026752727361,79.52647783480259,1.18,0.016419520474546957,0.016419520474546957,2360.0,65.38425788557132,125.0,12248.251440728447,3217.995368240217,10439.052037910888,16,0.32,True,,39.31026752727361,False,Apex Ring,45
13.741301579460437,21.745086621729147,0.05062129444154842,0.06320321057831113,standard,differential_evolution,qualifying,39.33102406891111,84.56463036649174,1.18,0.01605737120037433,0.01605737120037433,2360.0,65.4166650060111,150.0,11345.795975730549,2583.104684158101,10983.70815048967,16,0.48,True,,39.33102406891111,False,Apex Ring,45
24.10560636707823,21.524238317652184,0.04784490997348287,0.04327185001058575,standard,differential_evolution,qualifying,39.34868564096777,80.45706763900742,1.18,0.016224293287355453,0.016224293287355453,2360.0,65.44296150331095,125.0,11949.531140439762,3106.1336012618463,10255.893007956201,16,0.4,True,,39.34868564096777,False,Apex Ring,45
20.645905901426424,24.037518549074466,0.04068659849537592,0.0832178360687909,standard,random,qualifying,39.36071313887902,80.44226276349669,1.18,0.016276706111327803,0.016276706111327803,2360.0,65.24582218563815,125.0,11993.525182190418,3099.7342825497176,10555.972283331135,18,0.36,True,,39.36071313887902,False,Apex Ring,45
20.60729387080579,26.36821495707617,0.03457390758796847,0.05963380894353875,standard,random,qualifying,39.38314513563975,78.57539026114891,1.18,0.016853097223406,0.016853097223406,2360.0,65.28199881169296,125.0,12809.128014896574,3330.412561101365,10651.379518414105,15,0.32,True,,39.38314513563975,False,Apex Ring,45
16.12867070343916,23.425528796095954,0.04382403489560763,0.07780370600799286,standard,random,qualifying,39.38381122358044,82.66904927572227,1.18,0.016342933987321385,0.016342933987321385,2360.0,65.3505386582434,150.0,11831.215039445293,2836.174438634639,11016.316218292895,17,0.48,True,,39.38381122358044,False,Apex Ring,45
21.25,25.0,0.0475,0.051250000000000004,standard,grid,qualifying,39.39848835526604,79.43555789290741,1.18,0.01636793050712904,0.01636793050712904,2360.0,65.13011933611332,125.0,12196.332121159283,3217.2663830939505,10473.230970612836,19,0.32,True,,39.39848835526604,False,Apex Ring,45
17.42795269283844,21.946790878352594,0.049853231416256506,0.08401417923529647,standard,differential_evolution,qualifying,39.400825496435424,83.50115972000208,1.18,0.015729145187238877,0.015729145187238877,2360.0,65.28448897901878,150.0,11119.656437054568,2746.3788418496665,10710.892473256097,17,0.48000000000000004,True,,39.400825496435424,False,Apex Ring,45
20.40075524603171,22.887592421895278,0.05200444615741691,0.04923250151836891,standard,differential_evolution,qualifying,39.40613228980487,81.48274527522828,1.18,0.01601130166878449,0.01601130166878449,2360.0,65.32732012306285,125.0,11643.715314005705,2988.350255097472,10487.668508491997,18,0.48,True,,39.40613228980487,False,Apex Ring,45
13.75,25.0,0.0325,0.051250000000000004,standard,grid,qualifying,39.41416375562056,82.2041169413444,1.18,0.016558857852574046,0.016558857852574046,2360.0,65.23052673674694,150.0,12132.555813755436,2888.2115307985428,11178.13945095797,17,0.48000000000000004,True,,39.41416375562056,False,Apex Ring,45
16.898834432153,22.887592421895278,0.05200444615741691,0.04923250151836891,standard,differential_evolution,qualifying,39.41473430748448,82.94056236297813,1.18,0.0159230815292512,0.0159230815292512,2360.0,65.24219719608944,150.0,11384.541610854383,2806.909217327539,10771.148642922879,17,0.48000000000000004,True,,39.41473430748448,False,Apex Ring,45
22.0523772547034,25.083672838985436,0.047015788989926144,0.06939531210619343,standard,differential_evolution,qualifying,39.428021686188806,78.98103682921398,1.18,0.0164405059825662,0.0164405059825662,2360.0,65.14667132707459,125.0,12307.929607877633,3271.738060016551,10443.850897716977,16,0.32,True,,39.428021686188806,False,Apex Ring,45
11.354190152473565,20.508490672610368,0.04156905521956011,0.040217376904597674,standard,differential_evolution,qualifying,39.476768339265824,85.15095737562557,1.18,0.015674715825865243,0.015674715825865243,2360.0,63.80261681973934,175.0,10995.061322103153,2363.7488835275603,10294.998302169046,16,0.48,True,,39.476768339265824,False,Apex Ring,45
13.75,25.0,0.0325,0.07375000000000001,standard,grid,qualifying,39.48653461895065,82.21359547888085,1.18,0.01648863398010146,0.01648863398010146,2360.0,65.0917901015888,150.0,12029.286782309953,2877.273198957639,11189.905594421563,17,0.48000000000000004,True,,39.48653461895065,False,Apex Ring,45
21.25,25.0,0.0475,0.07375000000000001,standard,grid,qualifying,39.50001733260736,79.45835823409713,1.18,0.016274085683793012,0.016274085683793012,2360.0,64.99726067220858,125.0,12074.38276868706,3205.585422494864,10464.571385395822,18,0.36,True,,39.50001733260736,False,Apex Ring,45
13.684838180810473,25.779992317910278,0.035896163269437405,0.06758047672403153,standard,random,qualifying,39.54234009015203,81.52807474130395,1.18,0.016650280281120877,0.016650280281120877,2360.0,64.98851973090669,125.0,12257.516596287947,2949.604542408696,11217.705656116374,17,0.48000000000000004,True,,39.54234009015203,False,Apex Ring,45
14.539393399615335,25.63522703765488,0.025401904610446793,0.06581103051934606,standard,differential_evolution,qualifying,39.56783695728178,81.55451018921121,1.18,0.016237222106749237,0.016237222106749237,2360.0,64.88571079622027,125.0,11861.13118718414,2952.204798835429,10965.535287558518,17,0.48000000000000004,True,,39.56783695728178,False,Apex Ring,45
17.653432828010857,25.58679344795575,0.04888339913380134,0.06676397519533905,standard,random,qualifying,39.6041971532152,80.43035613066706,1.18,0.016215886612052484,0.016215886612052484,2360.0,64.72606312255134,125.0,11883.427897581572,3065.788117121797,10734.373974550927,18,0.4,True,,39.6041971532152,False,Apex Ring,45
13.75,25.0,0.0475,0.051250000000000004,standard,grid,qualifying,39.60600074251234,82.32917610773005,1.18,0.016128695549497758,0.016128695549497758,2360.0,64.80142796776941,150.0,11625.708080028775,2851.649231870533,11038.624229495337,17,0.48000000000000004,True,,39.60600074251234,False,Apex Ring,45
17.57424585664029,25.40424133049747,0.04673830754761167,0.08056201390119085,standard,differential_evolution,qualifying,39.66258198805545,80.69062174923948,1.18,0.015964328778073467,0.015964328778073467,2360.0,64.57044407857602,125.0,11587.538971688075,3028.9442808803774,10663.01818721701,17,0.4,True,,39.66258198805545,False,Apex Ring,45
15.624077525502905,27.485779075703643,0.034479610619313907,0.05532498441687299,standard,random,qualifying,39.66406829247953,79.41937812322628,1.18,0.016611621285200558,0.016611621285200558,2360.0,64.62340544583567,125.0,12412.089413966054,3175.41856589991,10930.040079276203,18,0.4,True,,39.66406829247953,False,Apex Ring,45
13.75,25.0,0.0475,0.07375000000000001,standard,grid,qualifying,39.67032275502433,82.3478919091901,1.18,0.016046180933552447,0.016046180933552447,2360.0,64.67407537203302,150.0,11515.034057945632,2841.424602013384,11037.890357048065,16,0.48000000000000004,True,,39.67032275502433,False,Apex Ring,45
22.16658949648002,27.30553740527408,0.04389528797959301,0.04211102397018236,standard,random,qualifying,39.749840209384274,77.44167064470305,1.18,0.016147538091046392,0.016147538091046392,2360.0,64.4518912080639,125.0,12146.974376916218,3440.209601586892,10206.621659258606,16,0.32,True,,39.749840209384274,False,Apex Ring,45
13.611993132225962,28.34849421791538,0.0317843021566888,0.0656053206892155,standard,differential_evolution,qualifying,39.88208978977355,78.93604684512418,1.18,0.01646832735635461,0.01646832735635461,2360.0,64.1595917847641,125.0,12241.63417171175,3173.493187630798,10988.8019766653,17,0.4,True,,39.88208978977355,False,Apex Ring,45
24.047534279723337,28.34849421791538,0.0317843021566888,0.07955548458240463,standard,differential_evolution,qualifying,39.90685737189303,75.87509995235902,1.18,0.016256094258694665,0.016256094258694665,2360.0,64.35199816708591,125.0,12405.746226452715,3644.634454707616,10057.692849156281,16,0.32,True,,39.90685737189303,False,Apex Ring,45
11.451792122866616,24.859004047012327,0.05069776001073783,0.06562255371887238,standard,differential_evolution,qualifying,39.92457072611864,82.54942922861426,1.18,0.015597154228772427,0.015597154228772427,2360.0,63.67867985740304,150.0,11033.224190926128,2701.6592332058294,10689.928449366847,16,0.48000000000000004,True,,39.92457072611864,False,Apex Ring,45
13.628183445244257,28.160393028226252,0.03190264592322286,0.07726932696110646,standard,differential_evolution,qualifying,39.92913198259269,79.75862405882202,1.18,0.016111909724670075,0.016111909724670075,2360.0,63.95255742847161,125.0,11814.154841398145,3110.462650931362,10900.183051811744,17,0.4,True,,39.92913198259269,False,Apex Ring,45
15.745401535058189,27.985485072136843,0.02790365521922059,0.07654375387846551,standard,random,qualifying,39.954364089382985,78.35137908940644,1.18,0.016144625937652337,0.016144625937652337,2360.0,64.06218053123746,125.0,11938.311745927289,3212.2377311663063,10712.917250695116,17,0.4,True,,39.954364089382985,False,Apex Ring,45
13.502348609207958,24.204316646308214,0.05483388624977277,0.07162922011143646,standard,differential_evolution,qualifying,39.95843204469515,82.59606000363827,1.18,0.015197357079875592,0.015197357079875592,2360.0,63.54357397183776,150.0,10622.97247835476,2692.57629255827,10366.68098262419,16,0.48000000000000004,True,,39.95843204469515,True,Apex Ring,45
13.741301579460437,29.008864535343253,0.03944944653363999,0.06320321057831113,standard,differential_evolution,qualifying,40.01691872355625,78.18489770043415,1.18,0.016472543164323138,0.016472543164323138,2360.0,63.92757014536542,125.0,12287.806025925976,3237.837772783437,10950.480621933555,18,0.4,True,,40.01691872355625,False,Apex Ring,45
14.665003108578945,27.082915589029334,0.05372985616322679,0.07128043452466037,standard,differential_evolution,qualifying,40.03252261179553,80.55326669040987,1.18,0.015431769657748451,0.015431769657748451,2360.0,63.69161628444436,125.0,11000.01820801364,3004.458833751399,10619.084139519493,17,0.4,True,,40.03252261179553,False,Apex Ring,45
11.595569694952811,12.507791585194894,0.04833430879267403,0.04785591906941357,standard,random,qualifying,39.136389761485255,89.53540200516947,1.18,0.015351380195337952,0.015351380195337952,2360.0,63.921316247433424,225.0,10393.065518365238,1873.2666097579022,9693.082169751511,16,0.56,False,braking_limit,39.136389761485255,False,Apex Ring,45
10.823309754814717,12.39759817857225,0.04606928398192418,0.04198340122321094,standard,random,qualifying,39.26693539181346,89.50850773031473,1.18,0.015125603693779252,0.015125603693779252,2360.0,63.12592852860689,225.0,10178.129559049648,1824.4375608428627,9401.710193368526,16,0.56,False,braking_limit,39.26693539181346,False,Apex Ring,45
12.170810258781124,14.033926367077616,0.05242781359175197,0.046770094154548886,standard,differential_evolution,qualifying,39.33567662315314,88.52442709602471,1.18,0.014935768070870492,0.014935768070870492,2360.0,63.00975235179067,225.0,10021.116969433657,1933.0597610672633,9374.942085931081,16,0.48,False,braking_limit,39.33567662315314,False,Apex Ring,45
12.170810258781124,10.2974878727316,0.05242781359175197,0.046770094154548886,standard,differential_evolution,qualifying,39.569794085982565,89.66570706430478,1.18,0.014595567459806783,0.014595567459806783,2360.0,61.97844818234444,225.0,9596.802770261449,1736.2428571264902,8822.225775234621,16,0.56,False,braking_limit,39.569794085982565,False,Apex Ring,45
13.154797835344821,10.271405572061711,0.05424283189976341,0.07254925284950645,standard,random,qualifying,39.773853975088095,89.23136702645351,1.18,0.014422448644702608,0.014422448644702608,2360.0,61.39323705807328,225.0,9423.908291800262,1750.1284721352836,8635.346361910215,16,0.56,False,braking_limit,39.773853975088095,False,Apex Ring,45
11.148926447301234,29.008864535343253,0.0373819198135893,0.07001383880854906,standard,differential_evolution,qualifying,40.05208537181965,79.63263641983892,1.18,0.016208433075124495,0.016208433075124495,2360.0,63.66977726544642,125.0,11898.98394878189,3107.725564802056,11077.105027107398,17,0.4,False,balance_shift,40.05208537181965,False,Apex Ring,45
11.148926447301234,29.764276082028072,0.0373819198135893,0.07001383880854906,standard,differential_evolution,qualifying,40.185881418055175,78.88457770381916,1.18,0.01615947123862907,0.01615947123862907,2360.0,63.41192282090443,125.0,11902.454390112374,3177.356008489527,11007.894331705702,17,0.4,False,balance_shift,40.185881418055175,False,Apex Ring,45
11.864961392823211,29.849863151674338,0.03575308672798434,0.07114883091149696,standard,random,qualifying,40.21204735330504,78.2139330678739,1.18,0.01621574291588503,0.01621574291588503,2360.0,63.435952297072255,125.0,12000.101404347899,3226.1070559620885,10955.36252715355,17,0.4,False,balance_shift,40.21204735330504,False,Apex Ring,45
15.155085743584271,14.171951643311935,0.03890980512539971,0.04593729333799932,standard,local,qualifying,38.37061613951808,88.8811038155136,1.18,0.01672446106215763,0.01672446106215763,2360.0,67.77384345644097,175.0,11766.581030579453,2216.7521718350745,11157.763294233715,16,0.48000000000000004,True,,38.37061613951808,True,Apex Ring,46
15.155085743584271,13.91278618537139,0.03890980512539971,0.04593729333799932,standard,local,qualifying,38.376026292745856,89.00130201108935,1.18,0.01670917126909545,0.01670917126909545,2360.0,67.75241779435888,175.0,11739.597065642754,2200.92608976679,11139.028750201975,16,0.48000000000000004,True,,38.376026292745856,True,Apex Ring,46
15.155085743584271,13.85599144797668,0.03890980512539971,0.04593729333799932,standard,local,qualifying,38.37735130938192,89.02727893862182,1.18,0.016705564436364242,0.016705564436364242,2360.0,67.74773870127518,175.0,11733.564928149759,2197.474122074579,11136.39952758723,16,0.48000000000000004,True,,38.37735130938192,True,Apex Ring,46
15.151752386948068,13.85599144797668,0.03890980512539971,0.04593729333799932,standard,local,qualifying,38.37743293676233,89.02736069077298,1.18,0.016705065292805632,0.016705065292805632,2360.0,67.746920188336,175.0,11733.16245163985,2197.293245224007,11136.015684398268,16,0.48000000000000004,True,,38.37743293676233,True,Apex Ring,46
15.159739256880389,13.85599144797668,0.03890980512539971,0.04593729333799932,standard,local,qualifying,38.3775160631829,89.02548373452308,1.18,0.016705975474273025,0.016705975474273025,2360.0,67.74808136345239,175.0,11733.904164638483,2197.6844252687742,11136.932003165926,16,0.48000000000000004,True,,38.3775160631829,False,Apex Ring,46
15.141302389282762,13.85599144797668,0.03890980512539971,0.04593729333799932,standard,local,qualifying,38.377772235624136,89.0270340613929,1.18,0.016703424539563846,0.016703424539563846,2360.0,67.74427463071036,175.0,11731.833990603951,2196.7138451269075,11134.818472497933,16,0.48000000000000004,True,,38.377772235624136,True,Apex Ring,46
15.167268799560608,13.85599144797668,0.03890980512539971,0.04593729333799932,standard,local,qualifying,38.37784813184476,89.02269316748325,1.18,0.016706316236859774,0.016706316236859774,2360.0,67.74744130284198,175.0,11734.401945433521,2198.014764508905,11136.669044149608,16,0.48000000000000004,True,,38.37784813184476,False,Apex Ring,46
15.1199059612208,13.85599144797668,0.03890980512539971,0.04593729333799932,standard,local,qualifying,38.37846763303404,89.0263615225938,1.18,0.016700065827034444,0.016700065827034444,2360.0,67.73885971699542,175.0,11729.113867950422,2195.528688595593,11132.368975444315,16,0.48000000000000004,True,,38.37846763303404,True,Apex Ring,46
15.192374882551166,13.85599144797668,0.03890980512539971,0.04593729333799932,standard,local,qualifying,38.378956330419605,89.01338056702907,1.18,0.01670745095024929,0.01670745095024929,2360.0,67.74530583102208,175.0,11736.060794769599,2199.1173367927063,11135.791617101748,16,0.48000000000000004,True,,38.378956330419605,False,Apex Ring,46
15.022025852728651,13.85599144797668,0.03890980512539971,0.04593729333799932,standard,local,qualifying,38.381746014777946,89.02276557878275,1.18,0.0166860437237567,0.0166860437237567,2360.0,67.71374623408778,175.0,11716.600784934893,2190.1141443809065,11121.033853153658,16,0.48000000000000004,True,,38.381746014777946,True,Apex Ring,46
15.27501191254964,13.85599144797668,0.03890980512539971,0.04593729333799932,standard,local,qualifying,38.3826153899702,88.9826436277697,1.18,0.016711170004128504,0.016711170004128504,2360.0,67.73826060474128,175.0,11741.510592196319,2202.7584434221635,11133.423484346453,16,0.48000000000000004,True,,38.3826153899702,False,Apex Ring,46
15.155085743584271,14.59129016296967,0.03890980512539971,0.04593729333799932,standard,local,qualifying,38.382816771344146,88.68575344805433,1.18,0.01673799941283705,0.01673799941283705,2360.0,67.73226275289787,175.0,11798.397533700678,2240.7028614217375,11184.84982128457,16,0.48000000000000004,True,,38.382816771344146,False,Apex Ring,46
15.155085743584271,14.721359549995794,0.03890980512539971,0.04593729333799932,standard,local,qualifying,38.38752456161702,88.62457610468631,1.18,0.01674111943372826,0.01674111943372826,2360.0,67.71535630724938,175.0,11807.645871569855,2248.160229734275,11190.783384503913,16,0.48000000000000004,True,,38.38752456161702,False,Apex Ring,46
15.155085743584271,14.870095734469079,0.03890980512539971,0.04593729333799932,standard,local,qualifying,38.39299955125101,88.55402675279869,1.18,0.016744868097480145,0.016744868097480145,2360.0,67.6958367861748,175.0,11818.143483385495,2256.758123539268,11197.457658370424,16,0.48000000000000004,True,,38.39299955125101,False,Apex Ring,46
15.729490168751576,13.85599144797668,0.03890980512539971,0.04593729333799932,standard,local,qualifying,38.403485131264674,88.81155535789763,1.18,0.01673005114289712,0.01673005114289712,2360.0,67.69902750886781,175.0,11770.975000327517,2223.0660896995555,11130.82430948621,16,0.48000000000000004,True,,38.403485131264674,False,Apex Ring,46
16.01885995786825,13.85599144797668,0.03890980512539971,0.04593729333799932,standard,local,qualifying,38.41737253429369,88.70144157303855,1.18,0.016739115166767536,0.016739115166767536,2360.0,67.6695049409593,175.0,11789.096927680082,2236.2053993467575,11120.338131811892,17,0.48000000000000004,True,,38.41737253429369,False,Apex Ring,46
16.722831594716553,13.85599144797668,0.03890980512539971,0.04593729333799932,standard,random,qualifying,38.45231289216897,88.42599184879894,1.18,0.0167630235284268,0.0167630235284268,2360.0,67.59538636320794,150.0,11832.152379566978,2269.0492871041297,11093.94876358649,17,0.48000000000000004,True,,38.45231289216897,False,Apex Ring,46
17.260990968809843,14.948592809418193,0.042298198037147336,0.04711700479328783,standard,random,qualifying,38.46492568827793,88.0085274804775,1.18,0.016830100180874705,0.016830100180874705,2360.0,67.53772909238623,150.0,11932.06677087597,2362.959253372698,11261.483582011333,17,0.48000000000000004,True,,38.46492568827793,False,Apex Ring,46
14.61268580925838,13.85599144797668,0.03890980512539971,0.04593729333799932,standard,local,qualifying,38.48717439137457,89.00903101970471,1.18,0.016619149485609514,0.016619149485609514,2360.0,67.5428981865573,175.0,11672.527210264176,2169.486831564975,11049.525723255074,16,0.56,True,,38.48717439137457,True,Apex Ring,46
15.155085743584271,13.493447665713656,0.03890980512539971,0.04593729333799932,standard,local,qualifying,38.49450808713938,89.04712768134218,1.18,0.016644114650899135,0.016644114650899135,2360.0,67.58199444976326,175.0,11687.643304891091,2174.4674063195403,11048.260940027187,16,0.56,True,,38.49450808713938,False,Apex Ring,46
13.541019662496845,13.85599144797668,0.03890980512539971,0.04593729333799932,standard,local,qualifying,38.515629765345075,89.25282720362654,1.18,0.0163932396720753,0.0163932396720753,2360.0,66.81165823712945,175.0,11456.250024370082,2097.5981979532535,10852.993076828017,16,0.48,True,,38.515629765345075,True,Apex Ring,46
13.75,15.0,0.0325,0.051250000000000004,standard,grid,qualifying,38.521634787179735,88.56998274169395,1.18,0.016704198991798522,0.016704198991798522,2360.0,67.29287789076692,175.0,11815.878653321573,2199.0251493575547,11110.949323210554,16,0.56,True,,38.521634787179735,False,Apex Ring,46
18.52195492768754,16.62488481252692,0.02970237688881961,0.04586380362286009,standard,differential_evolution,qualifying,38.5246558878621,86.55733970375113,1.18,0.016716934988247622,0.016716934988247622,2360.0,67.34007541051602,150.0,12003.420142899371,2522.4364618425834,11038.596512104137,17,0.48,True,,38.5246558878621,False,Apex Ring,46
19.472812565725818,13.679871379202755,0.03750029431297727,0.049853352231707476,standard,differential_evolution,qualifying,38.53393259881821,87.42731315480574,1.18,0.01701692993966929,0.01701692993966929,2360.0,67.35568338821602,150.0,12170.389584783925,2412.7373866193525,11140.112056533628,17,0.48000000000000004,True,,38.53393259881821,False,Apex Ring,46
19.237848404420113,19.315746045924357,0.03104273868958183,0.058066951672507194,standard,random,qualifying,38.5454914921757,84.09249036623457,1.18,0.017105917366086156,0.017105917366086156,2360.0,67.13839534254167,150.0,12611.539511974483,2762.077456677741,11080.601950654082,17,0.4,True,,38.5454914921757,False,Apex Ring,46
16.769782315325973,18.73815775801586,0.03446434978675756,0.06050228136454709,standard,differential_evolution,qualifying,38.55480529108818,85.78576105286683,1.18,0.017179852421601825,0.017179852421601825,2360.0,67.25446904323242,150.0,12513.525476470808,2590.4874631117796,11386.124182831903,17,0.48000000000000004,True,,38.55480529108818,False,Apex Ring,46
15.155085743584271,17.639320225002102,0.03890980512539971,0.04593729333799932,standard,local,qualifying,38.5679624614109,87.15022892144783,1.18,0.016786634274794588,0.016786634274794588,2360.0,67.22527670945293,150.0,11975.348816020514,2425.496878045933,11326.679479172806,17,0.48000000000000004,True,,38.5679624614109,False,Apex Ring,46
13.75,15.0,0.0325,0.07375000000000001,standard,grid,qualifying,38.584273997893774,88.65939444774648,1.18,0.016636098917464127,0.016636098917464127,2360.0,67.23252746574549,175.0,11701.696248509203,2191.1853851644237,11152.482714868118,16,0.56,True,,38.584273997893774,False,Apex Ring,46
19.27050983124842,13.85599144797668,0.03890980512539971,0.04593729333799932,standard,local,qualifying,38.597730255133165,87.35938101929558,1.18,0.01682163771113509,0.01682163771113509,2360.0,67.23906573259981,150.0,11972.760624334282,2397.4337139458817,11009.181951794548,17,0.48000000000000004,True,,38.597730255133165,False,Apex Ring,46
15.155085743584271,11.506644501755229,0.03890980512539971,0.04593729333799932,standard,local,qualifying,38.65395649032232,89.43758038673441,1.18,0.016248990553148594,0.016248990553148594,2360.0,66.19176534935832,175.0,11291.520251111637,2030.1265008275884,10471.201842929957,16,0.48000000000000004,True,,38.65395649032232,True,Apex Ring,46
21.25,15.0,0.0325,0.051250000000000004,standard,grid,qualifying,38.669429829942395,85.84284567153894,1.18,0.016970178996203254,0.016970178996203254,2360.0,67.02100819410025,150.0,12286.77319651653,2575.131501848402,10930.899885616793,17,0.48000000000000004,True,,38.669429829942395,False,Apex Ring,46
19.574402910693713,19.57507166370828,0.04003421759010648,0.07064253998071575,standard,random,qualifying,38.67246757897169,83.87064923333124,1.18,0.017040133896375168,0.017040133896375168,2360.0,66.90484114451371,150.0,12529.037311507422,2778.5899335883487,11067.884542865593,17,0.4,True,,38.67246757897169,False,Apex Ring,46
10.997049027771187,12.101183230667932,0.03670283982935587,0.05467399105128069,standard,random,qualifying,38.67342721924184,90.30854696266552,1.18,0.016273377362639074,0.016273377362639074,2360.0,65.80049028620124,225.0,11285.032381872732,1902.0792438936437,10526.571303512923,16,0.56,True,,38.67342721924184,True,Apex Ring,46
13.847569747481208,14.68214619961734,0.04751171176812877,0.05301559774815866,standard,differential_evolution,qualifying,38.68757415084231,88.49548437186807,1.18,0.01621482653261547,0.01621482653261547,2360.0,66.46705248970473,175.0,11270.758487064355,2140.9163586519207,10805.00888385561,16,0.48000000000000004,True,,38.68757415084231,True,Apex Ring,46
17.5,20.0,0.04,0.06,standard,baseline,qualifying,38.70326666451681,84.24082471010605,1.18,0.01715417162896335,0.01715417162896335,2360.0,66.86541812531077,150.0,12581.039185488213,2715.0352115087094,11273.700457834246,17,0.44000000000000006,True,,38.70326666451681,False,Apex Ring,46
20.37306519820921,19.367531281232985,0.04385884621790547,0.064926017413662,standard,differential_evolution,qualifying,38.70515123559611,83.6101922805612,1.18,0.017001480342812163,0.017001480342812163,2360.0,66.90987803713381,150.0,12505.86836098189,2805.0420281832494,10976.156935575096,18,0.4,True,,38.70515123559611,False,Apex Ring,46
13.75,15.0,0.0475,0.051250000000000004,standard,grid,qualifying,38.74373770927316,88.28822974087689,1.18,0.01613760089399855,0.01613760089399855,2360.0,66.22428525239229,175.0,11216.735679663932,2148.2226087893596,10730.3635392765,16,0.48000000000000004,True,,38.74373770927316,True,Apex Ring,46
17.926129182456158,12.0029746902242,0.04097983217362037,0.07222950384264708,standard,differential_evolution,qualifying,38.752253958852755,88.39031042244133,1.18,0.016702210160871464,0.016702210160871464,2360.0,67.02578969022025,175.0,11724.853692597551,2216.174191764657,10926.475252829485,17,0.56,True,,38.752253958852755,False,Apex Ring,46
21.18090098021428,16.406138088895126,0.03187273912302726,0.043795485147932564,standard,differential_evolution,qualifying,38.76748765561592,85.04010385046246,1.18,0.016699218647353697,0.016699218647353697,2360.0,66.78326699897927,150.0,12081.958352781952,2644.492363511096,10791.341441784474,18,0.48000000000000004,True,,38.76748765561592,False,Apex Ring,46
21.25,15.0,0.0325,0.07375000000000001,standard,grid,qualifying,38.769327117246334,85.70426243476334,1.18,0.016881783062816187,0.016881783062816187,2360.0,66.8241886910289,150.0,12161.766914188252,2567.4231248951346,10931.263446830617,17,0.48000000000000004,True,,38.769327117246334,False,Apex Ring,46
15.895176570540134,13.974197076992056,0.05018050218175473,0.0526362934720446,standard,differential_evolution,qualifying,38.78856805711559,88.26684794408604,1.18,0.016067685172388387,0.016067685172388387,2360.0,66.47733387388602,175.0,11108.852212553911,2178.6158903406667,10666.993231503504,16,0.48000000000000004,True,,38.78856805711559,True,Apex Ring,46
16.769782315325973,20.761638421166225,0.0371370189925936,0.06050228136454709,standard,differential_evolution,qualifying,38.81545819800897,83.85178376847547,1.18,0.017167606579054136,0.017167606579054136,2360.0,66.697667660801,150.0,12618.154801042208,2739.1719891783264,11314.97115369168,17,0.48,True,,38.81545819800897,False,Apex Ring,46
13.75,15.0,0.0475,0.07375000000000001,standard,grid,qualifying,38.8162463309658,88.30769265850041,1.18,0.01602474257793735,0.01602474257793735,2360.0,66.07518499717116,175.0,11076.900366545866,2138.0049472317282,10716.359650328717,16,0.48000000000000004,True,,38.8162463309658,True,Apex Ring,46
10.646432601472224,15.188264728688592,0.030190555667735444,0.06453405474425969,standard,random,qualifying,38.85270277763096,88.77832993870314,1.18,0.016182693826013974,0.016182693826013974,2360.0,65.15419084578753,200.0,11284.239392570387,2034.0425645193002,10535.860144358978,16,0.48000000000000004,True,,38.85270277763096,True,Apex Ring,46
11.40790056415916,13.130195962381183,0.025004039161580616,0.057441731840371366,standard,differential_evolution,qualifying,38.88518291708982,89.3927607932533,1.18,0.015594256256647577,0.015594256256647577,2360.0,64.38930947333574,225.0,10707.381198461757,1918.2844702573427,9865.72190728955,16,0.48000000000000004,True,,38.88518291708982,True,Apex Ring,46
15.871014246651434,10.793542132565912,0.03699089752769324,0.04213208836932761,standard,differential_evolution,qualifying,38.8974422037182,89.00207221166058,1.18,0.015899531492046756,0.015899531492046756,2360.0,64.97502082958817,200.0,10982.973780187567,1998.3868685861298,9939.86201389868,16,0.48000000000000004,True,,38.8974422037182,False,Apex Ring,46
16.293038878065737,10.947845835330918,0.027953633954523077,0.047382305971984215,standard,differential_evolution,qualifying,38.909524755870684,88.7288442648019,1.18,0.015832903230126132,0.015832903230126132,2360.0,64.83378225937486,200.0,10963.989495953912,2021.8240544777207,9834.620913050941,16,0.48000000000000004,True,,38.909524755870684,False,Apex Ring,46
21.25,15.0,0.0475,0.051250000000000004,standard,grid,qualifying,38.91402498515746,85.78602847036552,1.18,0.01659448879226869,0.01659448879226869,2360.0,66.48290233933004,150.0,11824.101250485857,2542.894903493378,10819.108130429659,17,0.48000000000000004,True,,38.91402498515746,False,Apex Ring,46
24.540671699176478,17.24086046520995,0.03626245212099098,0.05703057502406966,standard,random,qualifying,38.92016068845355,82.50865027305106,1.18,0.017105243608166374,0.017105243608166374,2360.0,66.38183994951308,125.0,12714.69162674597,2906.556024115275,10652.440419095028,17,0.4,True,,38.92016068845355,False,Apex Ring,46
19.396772036048404,21.204288018692036,0.03823351598054302,0.07597357683374201,standard,differential_evolution,qualifying,38.93276863159805,82.89679851471074,1.18,0.016816021087244858,0.016816021087244858,2360.0,66.35862319509069,125.0,12374.033099978938,2865.671532802611,10961.483205651308,17,0.44,True,,38.93276863159805,False,Apex Ring,46
23.37178883836014,20.10712453286018,0.02698751924308725,0.05471578392385863,standard,differential_evolution,qualifying,38.950689747807075,81.65267613496,1.18,0.016716289781278572,0.016716289781278572,2360.0,66.31233747529046,125.0,12437.805413771317,3015.274623992529,10516.386209277889,15,0.4,True,,38.950689747807075,False,Apex Ring,46
15.946587983042992,20.532484005123848,0.043740160492353575,0.07115034616048924,standard,random,qualifying,38.9541216809485,84.487707141444,1.18,0.016777959614769078,0.016777959614769078,2360.0,66.35498442302953,150.0,12111.036939066305,2652.781607363219,11279.963642902296,17,0.48000000000000004,True,,38.9541216809485,False,Apex Ring,46
21.25,15.0,0.0475,0.07375000000000001,standard,grid,qualifying,38.999784388863574,85.81779483193444,1.18,0.016476157672042045,0.016476157672042045,2360.0,66.30352370511142,150.0,11673.19359650416,2530.1186067906615,10805.71593981845,17,0.48000000000000004,True,,38.999784388863574,False,Apex Ring,46
24.200884285700198,16.00263505856681,0.03225077761677023,0.044052439009646324,standard,differential_evolution,qualifying,39.05769873087758,83.59592682930366,1.18,0.01661731032924368,0.01661731032924368,2360.0,66.12361275100716,150.0,12116.179437959343,2780.5647110293307,10493.815704066837,18,0.48000000000000004,True,,39.05769873087758,False,Apex Ring,46
14.72123925962472,13.068754898658472,0.02546695579659203,0.08338225072064384,standard,differential_evolution,qualifying,39.07783607931474,88.62778756900478,1.18,0.015253501308296237,0.015253501308296237,2360.0,64.4036491587758,200.0,10366.333111738673,2016.0553387232003,9719.903351892008,16,0.48000000000000004,True,,39.07783607931474,True,Apex Ring,46
14.996964715074048,22.042428653646056,0.03353518271152932,0.040896146243056,standard,random,qualifying,39.08997203363187,84.2277297382426,1.18,0.01638351374464692,0.01638351374464692,2360.0,65.93737285561843,150.0,11799.479379963403,2698.9979108561984,11104.749853717323,17,0.48,True,,39.08997203363187,False,Apex Ring,46
13.212202929123942,21.436236126974883,0.04313607805690991,0.07148629552209496,standard,differential_evolution,qualifying,39.09185025393256,85.20165866170937,1.18,0.01660547746482372,0.01660547746482372,2360.0,65.99530809342745,150.0,11863.989114347216,2581.9089277636995,11434.823155108437,16,0.48000000000000004,True,,39.09185025393256,False,Apex Ring,46
15.155085743584271,22.360679774997898,0.03890980512539971,0.04593729333799932,standard,local,qualifying,39.098522214943785,83.80829615873759,1.18,0.01662066591812242,0.01662066591812242,2360.0,65.95305386193313,150.0,12064.875129412783,2740.02012433476,11191.832717535808,17,0.48,True,,39.098522214943785,False,Apex Ring,46
10.282298859840179,16.62488481252692,0.0328517333364794,0.04586380362286009,standard,differential_evolution,qualifying,39.121918761321915,87.79960070721395,1.18,0.01584786327263443,0.01584786327263443,2360.0,64.08363366499543,200.0,11025.827300507666,2079.0716231287556,10178.081204205653,16,0.48,True,,39.121918761321915,False,Apex Ring,46
11.497567279879616,19.822063822698766,0.029003306384603883,0.07049596779090568,standard,random,qualifying,39.12927699399761,85.94485864302287,1.18,0.016254349099787523,0.016254349099787523,2360.0,65.29092483222485,150.0,11523.291363941933,2370.0739768885455,10931.426710906977,16,0.48,True,,39.12927699399761,False,Apex Ring,46
16.346147904870385,23.51936146518421,0.03487465086478031,0.06352669329150518,standard,random,qualifying,39.15168144093417,82.45324637917615,1.18,0.016932068487194998,0.016932068487194998,2360.0,65.8993489500409,125.0,12525.256962337766,2895.2150702057206,11191.19586189971,17,0.48,True,,39.15168144093417,False,Apex Ring,46
17.815542978180375,22.81740713905634,0.0394546062039532,0.07717836121761816,standard,differential_evolution,qualifying,39.20862728084155,82.4873322529784,1.18,0.016620242306027325,0.016620242306027325,2360.0,65.78356569231164,150.0,12181.127530811626,2886.0450879957116,10991.943559013398,17,0.48,True,,39.20862728084155,False,Apex Ring,46
21.25,25.0,0.0325,0.051250000000000004,standard,grid,qualifying,39.2175350017713,79.33519634604748,1.18,0.016767595728196166,0.016767595728196166,2360.0,65.59278840378614,125.0,12671.73858169194,3254.8459566958663,10595.767805228179,15,0.32,True,,39.2175350017713,False,Apex Ring,46
21.25,25.0,0.0325,0.07375000000000001,standard,grid,qualifying,39.28142629696021,79.35079907389951,1.18,0.01668621893934639,0.01668621893934639,2360.0,65.4575071816955,125.0,12561.235654133583,3243.581410901879,10597.462195003234,16,0.32,True,,39.28142629696021,False,Apex Ring,46
22.57597481691679,25.84796239371186,0.03225077761677023,0.05733130080442711,standard,differential_evolution,qualifying,39.33617820211147,78.10605706953149,1.18,0.016844952403873768,0.016844952403873768,2360.0,65.48564578175963,125.0,12866.481435416215,3403.538254590728,10476.492282430621,15,0.32,True,,39.33617820211147,False,Apex Ring,46
24.163998778305455,23.743988491527976,0.049318699642607086,0.04680113809879958,standard,random,qualifying,39.38992976406281,78.97949495547947,1.18,0.016195934396017322,0.016195934396017322,2360.0,65.32834636086064,125.0,12067.021511788691,3282.8311083488184,10168.97953808919,15,0.32,True,,39.38992976406281,False,Apex Ring,46
21.25,25.0,0.0475,0.051250000000000004,standard,grid,qualifying,39.39848835526604,79.43555789290741,1.18,0.01636793050712904,0.01636793050712904,2360.0,65.13011933611332,125.0,12196.332121159283,3217.2663830939505,10473.230970612836,19,0.32,True,,39.39848835526604,False,Apex Ring,46
17.720265991211196,10.406062883308042,0.04487629511204178,0.08133909205714333,standard,differential_evolution,qualifying,39.410198974683624,88.0391026051235,1.18,0.015387681280726356,0.015387681280726356,2360.0,63.45778413116932,200.0,10457.145883118616,2013.9199641148532,9452.916248803505,16,0.48,True,,39.410198974683624,True,Apex Ring,46
13.75,25.0,0.0325,0.051250000000000004,standard,grid,qualifying,39.41416375562056,82.2041169413444,1.18,0.016558857852574046,0.016558857852574046,2360.0,65.23052673674694,150.0,12132.555813755436,2888.2115307985428,11178.13945095797,17,0.48000000000000004,True,,39.41416375562056,False,Apex Ring,46
23.963530351227682,22.364304585083183,0.05206161427447953,0.04907094239870909,standard,random,qualifying,39.42134646664152,80.04199967682815,1.18,0.016036204687015474,0.016036204687015474,2360.0,65.20810156577252,125.0,11780.168582096625,3145.697887298979,10183.247659367204,16,0.36,True,,39.42134646664152,False,Apex Ring,46
18.739176274678165,10.952675088705732,0.029538610656491576,0.0849369632112927,standard,differential_evolution,qualifying,39.425286302440774,87.3980956417676,1.18,0.015325146100814507,0.015325146100814507,2360.0,63.391413409262896,200.0,10478.96866258496,2087.108085819365,9355.91609953343,16,0.48,True,,39.425286302440774,False,Apex Ring,46
21.349897047897162,26.38393149393562,0.033240309904712724,0.06806591478853496,standard,differential_evolution,qualifying,39.42757836499314,78.27346184015542,1.18,0.016775658931094267,0.016775658931094267,2360.0,65.22174572811883,125.0,12753.449632869768,3366.298594456415,10563.153695053374,15,0.32,True,,39.42757836499314,False,Apex Ring,46
11.49228716376244,24.884204597414836,0.033036470935218,0.06216058302289376,standard,random,qualifying,39.434780889818036,82.93745325759481,1.18,0.016616660227592263,0.016616660227592263,2360.0,65.17758534857583,150.0,12092.951934861865,2798.385441965597,11410.274775970456,16,0.48000000000000004,True,,39.434780889818036,False,Apex Ring,46
23.872734361619386,25.588430336314616,0.0350254429668352,0.04064689951961142,standard,random,qualifying,39.451278544602374,77.82918079131619,1.18,0.016394361454275655,0.016394361454275655,2360.0,65.18351244320355,125.0,12418.509992242232,3430.3711837746714,10184.859892971366,15,0.32,True,,39.451278544602374,False,Apex Ring,46
13.75,25.0,0.0325,0.07375000000000001,standard,grid,qualifying,39.48653461895065,82.21359547888085,1.18,0.01648863398010146,0.01648863398010146,2360.0,65.0917901015888,150.0,12029.286782309953,2877.273198957639,11189.905594421563,17,0.48000000000000004,True,,39.48653461895065,False,Apex Ring,46
23.908610995996604,23.634644613969712,0.05408872415664047,0.055109343656329725,standard,differential_evolution,qualifying,39.49004260558674,79.26459072299345,1.18,0.015913879545397233,0.015913879545397233,2360.0,65.02899757806946,125.0,11721.59503505333,3233.2447745024783,10105.463772868028,19,0.32,True,,39.49004260558674,False,Apex Ring,46
21.25,25.0,0.0475,0.07375000000000001,standard,grid,qualifying,39.50001733260736,79.45835823409713,1.18,0.016274085683793012,0.016274085683793012,2360.0,64.99726067220858,125.0,12074.38276868706,3205.585422494864,10464.571385395822,18,0.36,True,,39.50001733260736,False,Apex Ring,46
11.311822219053509,22.367478289193105,0.038598458458210416,0.08065697273008196,standard,random,qualifying,39.519529380710786,84.3495180516666,1.18,0.015986513994720303,0.015986513994720303,2360.0,64.57299644127488,150.0,11304.403224839501,2527.2859773586397,10915.2849207275,16,0.48,True,,39.519529380710786,False,Apex Ring,46
13.776285416727527,26.38393149393562,0.035056356894260406,0.07048342401177649,standard,differential_evolution,qualifying,39.57092032925596,81.03904104010192,1.18,0.016542418453972217,0.016542418453972217,2360.0,64.74942841230052,125.0,12167.996159028364,2992.5689887441563,11141.88230145526,17,0.4,True,,39.57092032925596,False,Apex Ring,46
17.671652681548146,24.970154373250068,0.05141474432818628,0.062461598882392486,standard,random,qualifying,39.574451334477054,80.95963043021077,1.18,0.016049393353201137,0.016049393353201137,2360.0,64.76136724304712,125.0,11662.057099829943,3006.119881503162,10690.555127804826,17,0.4,True,,39.574451334477054,False,Apex Ring,46
13.75,25.0,0.0475,0.051250000000000004,standard,grid,qualifying,39.60600074251234,82.32917610773005,1.18,0.016128695549497758,0.016128695549497758,2360.0,64.80142796776941,150.0,11625.708080028775,2851.649231870533,11038.624229495337,17,0.48000000000000004,True,,39.60600074251234,False,Apex Ring,46
13.75,25.0,0.0475,0.07375000000000001,standard,grid,qualifying,39.67032275502433,82.3478919091901,1.18,0.016046180933552447,0.016046180933552447,2360.0,64.67407537203302,150.0,11515.034057945632,2841.424602013384,11037.890357048065,16,0.48000000000000004,True,,39.67032275502433,False,Apex Ring,46
13.77527691379084,26.858546493215872,0.025212143859573804,0.048149615501917244,standard,random,qualifying,39.706419959201405,80.90447796225449,1.18,0.01591984171270428,0.01591984171270428,2360.0,64.36148365785134,125.0,11569.16550878567,3003.826827999702,10821.997544403517,17,0.4,True,,39.706419959201405,False,Apex Ring,46
18.45114381981093,28.262541450816244,0.03373184728200363,0.04895611342080183,standard,differential_evolution,qualifying,39.748283670417344,78.11874067627713,1.18,0.01644061682941522,0.01644061682941522,2360.0,64.42998791857697,125.0,12391.35261958712,3349.5146149234674,10593.611325758575,18,0.36,True,,39.748283670417344,False,Apex Ring,46
12.730677146814248,27.5073434000628,0.026955372715660494,0.05773995417605987,standard,differential_evolution,qualifying,39.758872112036464,80.55289831837676,1.18,0.016184370195179834,0.016184370195179834,2360.0,64.27349822011747,125.0,11852.497917888599,3035.0402575165954,10993.914275201772,17,0.4,True,,39.758872112036464,False,Apex Ring,46
17.720265991211196,25.650987000486076,0.05152810542839385,0.08133909205714333,standard,differential_evolution,qualifying,39.82585208895036,80.5898285551826,1.18,0.015532412155596155,0.015532412155596155,2360.0,64.1799779703384,125.0,11131.180650149377,3025.299656669648,10471.356246958845,17,0.4,True,,39.82585208895036,False,Apex Ring,46
13.847569747481208,28.052164338081045,0.03159838152775836,0.06832458092864499,standard,differential_evolution,qualifying,39.838425220110246,79.27668752819608,1.18,0.016441671279598214,0.016441671279598214,2360.0,64.23014200240773,125.0,12193.606660173784,3149.128663218084,10984.413726026865,17,0.4,True,,39.838425220110246,False,Apex Ring,46
16.76882186481424,29.134959584803788,0.04032734742461039,0.06022241305193908,standard,random,qualifying,39.90138175708653,77.98367874063038,1.18,0.01647738258805659,0.01647738258805659,2360.0,64.0961142074996,125.0,12400.762845890147,3342.6812544854697,10733.58968939244,18,0.36,True,,39.90138175708653,False,Apex Ring,46
11.231009627154698,24.06966677976044,0.05018050218175473,0.04934781013815814,standard,differential_evolution,qualifying,39.945865929278334,82.91300766632607,1.18,0.015411511828322106,0.015411511828322106,2360.0,63.090764451771975,150.0,10840.193937355667,2610.0964382719285,10327.337141292563,16,0.48000000000000004,True,,39.945865929278334,False,Apex Ring,46
10.833106400655147,24.67653576729962,0.04459930353759746,0.08050008253337489,standard,random,qualifying,39.95361826120098,82.72287053873858,1.18,0.015572777434781481,0.015572777434781481,2360.0,63.44245571643114,150.0,10993.478458422514,2661.1342642991212,10637.04470041343,16,0.48000000000000004,True,,39.95361826120098,False,Apex Ring,46
19.32928054878736,29.831978273432796,0.03991805541220052,0.07242566997036307,standard,random,qualifying,40.02995857912719,76.6083740820763,1.18,0.01634651845529077,0.01634651845529077,2360.0,63.874129663211306,125.0,12392.900005694211,3512.952502032085,10449.377943586725,19,0.32,True,,40.02995857912719,False,Apex Ring,46
23.58406415035468,11.544535864234863,0.03317709267755913,0.06798327170107599,standard,random,qualifying,38.96428174229847,85.75485810442643,1.18,0.016850693053089706,0.016850693053089706,2360.0,66.39460424123654,150.0,12084.69218740864,2523.5556582196227,10647.63940077089,17,0.48000000000000004,False,balance;balance_shift,38.96428174229847,False,Apex Ring,46
22.3175414912623,12.421546696860498,0.045943014558374504,0.07717836121761816,standard,differential_evolution,qualifying,39.24695003179092,85.83765417681809,1.18,0.016171267823190033,0.016171267823190033,2360.0,65.63902717916135,150.0,11344.475076080866,2425.142842857377,10355.265201758164,17,0.48,False,balance,39.24695003179092,False,Apex Ring,46
24.010426124340462,11.698935738775532,0.04387689300183886,0.07490072859134178,standard,random,qualifying,39.270391994494105,85.28068329649047,1.18,0.01641104854268389,0.01641104854268389,2360.0,65.70369505618538,150.0,11617.376589170053,2513.7433535786504,10393.285155483796,17,0.48,False,balance;balance_shift,39.270391994494105,False,Apex Ring,46
21.923576743045267,11.103445784074154,0.046910775464193435,0.07478062296340215,standard,random,qualifying,39.384211225142785,86.05875652852012,1.18,0.015934898933858157,0.015934898933858157,2360.0,64.74268989637494,150.0,11109.592669497484,2316.5598027258375,10002.277162506254,16,0.48,False,balance;balance_shift,39.384211225142785,False,Apex Ring,46
10.734842828880392,29.838480670258324,0.041154388512020315,0.07025030903391792,standard,differential_evolution,qualifying,40.247882007850855,79.0748147994695,1.18,0.016007080671838262,0.016007080671838262,2360.0,63.24793964258305,125.0,11719.69255094171,3154.666127684004,10985.549799622753,17,0.4,False,balance_shift,40.247882007850855,False,Apex Ring,46
12.477897074057017,10.038387574509994,0.03837282473039132,0.05509289268426351,standard,local,qualifying,26.482954901015177,92.08213747801787,1.03,0.01827623439568818,0.01827623439568818,2060.0,77.97229203766337,94.28571428571429,16986.88651978931,2841.68422310566,13056.500273911459,16,0.16,True,,26.482954901015177,True,Downforce Circuit,42
12.477897074057017,10.062112400302837,0.03837282473039132,0.05509289268426351,standard,local,qualifying,26.483116543547336,92.06773248113416,1.03,0.018276953810839245,0.018276953810839245,2060.0,77.96975320344777,94.28571428571429,16989.90702764705,2843.109613205829,13056.1880001036,16,0.16,True,,26.483116543547336,False,Downforce Circuit,42
12.477897074057017,10.10049997481283,0.03837282473039132,0.05509289268426351,standard,local,qualifying,26.48338558215286,92.04436935550598,1.03,0.01827810401470147,0.01827810401470147,2060.0,77.9656224821671,94.28571428571429,16994.783376366413,2845.421787225043,13055.667770226164,16,0.16,True,,26.48338558215286,False,Downforce Circuit,42
12.477897074057017,10.162612375115668,0.03837282473039132,0.05509289268426351,standard,local,qualifying,26.48384047908373,92.00642207339486,1.03,0.01827992901894439,0.01827992901894439,2060.0,77.9588792947809,94.28571428571429,17002.644877542494,2849.1782561921386,13054.786845665734,16,0.16,True,,26.48384047908373,False,Downforce Circuit,42
12.477897074057017,10.263112349928496,0.03837282473039132,0.05509289268426351,standard,local,qualifying,26.484627819728733,91.94464419406009,1.03,0.01828278787946797,0.01828278787946797,2060.0,77.9478130602865,94.28571428571429,17015.2901344123,2855.2963216245216,13053.259130825834,16,0.16,True,,26.484627819728733,False,Downforce Circuit,42
12.477897074057017,10.425724725044164,0.03837282473039132,0.05509289268426351,standard,local,qualifying,26.486035725930176,91.84370549163025,1.03,0.01828716875978474,0.01828716875978474,2060.0,77.92950335535097,94.28571428571429,17028.9192549364,2864.1875742410366,13050.52076399571,16,0.16,True,,26.486035725930176,False,Downforce Circuit,42
12.477897074057017,10.68883707497266,0.03837282473039132,0.05509289268426351,standard,local,qualifying,26.488664017373406,91.67784846752824,1.03,0.018293622894955487,0.018293622894955487,2060.0,77.89882895347635,94.28571428571429,17060.261708048318,2880.4910292888153,13045.396992971131,16,0.16,True,,26.488664017373406,False,Downforce Circuit,42
12.477897074057017,10.807970227286807,0.03837282473039132,0.05509289268426351,standard,local,qualifying,26.48999613465819,91.60173455353845,1.03,0.018296290187359204,0.018296290187359204,2060.0,77.88451816486962,94.28571428571429,17074.659341294235,2888.0499587597537,13042.797467667511,16,0.16,True,,26.48999613465819,False,Downforce Circuit,42
12.477897074057017,11.114561800016824,0.03837282473039132,0.05509289268426351,standard,local,qualifying,26.493830651601325,91.40299187075327,1.03,0.018302433824373895,0.018302433824373895,2060.0,77.84649537205547,94.28571428571429,17111.117858904392,2907.8177578370205,13035.314414786484,16,0.16,True,,26.493830651601325,False,Downforce Circuit,42
12.477897074057017,11.444993150420252,0.03837282473039132,0.05509289268426351,standard,local,qualifying,26.5187597973799,91.18250163770547,1.03,0.018297444766257824,0.018297444766257824,2060.0,77.75432082654036,94.28571428571429,17128.37448380616,2926.0200565684177,13025.298824229481,16,0.16,True,,26.5187597973799,False,Downforce Circuit,42
12.481230417449634,11.444993150420252,0.03837282473039132,0.05509289268426351,standard,local,qualifying,26.51875980411784,91.18067576909434,1.03,0.018297532889747132,0.018297532889747132,2060.0,77.7540594205429,94.28571428571429,17128.76659249682,2926.209843981724,13024.901139295216,16,0.16,True,,26.51875980411784,False,Downforce Circuit,42
12.474277479562272,11.444993150420252,0.03837282473039132,0.05509289268426351,standard,local,qualifying,26.51875983063133,91.18448430399684,1.03,0.018297348925723083,0.018297348925723083,2060.0,77.754604622024,94.28571428571429,17127.94864732561,2925.8140225158495,13025.73064607872,16,0.16,True,,26.51875983063133,False,Downforce Circuit,42
12.188470506254731,11.444993150420252,0.03837282473039132,0.05509289268426351,standard,local,qualifying,26.518945766269518,91.33966541640338,1.03,0.018289457949816585,0.018289457949816585,2060.0,77.77649018940778,94.28571428571429,17093.675200706195,2909.632996135083,13059.538708604909,16,0.16,True,,26.518945766269518,False,Downforce Circuit,42
11.799700229656253,11.444993150420252,0.03837282473039132,0.05509289268426351,standard,differential_evolution,qualifying,26.519780482846453,91.54639150936782,1.03,0.01827767822950326,0.01827767822950326,2060.0,77.80459027057623,94.28571428571429,17047.650276696382,2888.3533178191096,13104.60378955158,16,0.16,True,,26.519780482846453,False,Downforce Circuit,42
11.630487057260867,11.444993150420252,0.03837282473039132,0.05509289268426351,standard,local,qualifying,26.52035399479703,91.6347709096855,1.03,0.01827216851656791,0.01827216851656791,2060.0,77.81621001804118,94.28571428571429,17033.573349758037,2880.325155139844,13123.879203393057,16,0.16,True,,26.52035399479703,True,Downforce Circuit,42
10.841775120000174,11.444993150420252,0.03837282473039132,0.05509289268426351,standard,local,qualifying,26.524717631080073,92.03357296548755,1.03,0.018243351203302508,0.018243351203302508,2060.0,77.86536435725542,94.28571428571429,16934.471649600087,2839.0927575799915,13210.921126211528,16,0.16,True,,26.524717631080073,True,Downforce Circuit,42
12.477897074057017,11.803398874989485,0.03837282473039132,0.05509289268426351,standard,local,qualifying,26.551894809608584,90.93776494356193,1.03,0.018287878886019474,0.018287878886019474,2060.0,77.63906244702454,94.28571428571429,17139.759575723554,2945.235035082114,13014.543000637055,16,0.16,True,,26.551894809608584,False,Downforce Circuit,42
13.541019662496845,11.444993150420252,0.03837282473039132,0.05509289268426351,standard,local,qualifying,26.58096616749232,90.62766482944375,1.03,0.018291149475694952,0.018291149475694952,2060.0,77.51753712556551,94.28571428571429,17185.7692891165,2977.515596174785,12904.327892163414,16,0.16,True,,26.58096616749232,False,Downforce Circuit,42
13.632399074161388,11.561166846757283,0.034541135969874695,0.04835253795913306,standard,differential_evolution,qualifying,26.605988270898912,90.63620460431561,1.03,0.018002438985666357,0.018002438985666357,2060.0,77.45980307811699,94.28571428571429,16846.69254729421,2976.0490417693927,12749.44562993027,16,0.16,True,,26.605988270898912,True,Downforce Circuit,42
12.477897074057017,12.91796067500631,0.03837282473039132,0.05509289268426351,standard,local,qualifying,26.660815980377325,90.28796755917737,1.03,0.01825173511779826,0.01825173511779826,2060.0,77.26324013576654,70.71428571428572,17167.052632998493,3008.2905569827917,12987.495458686928,16,0.16,True,,26.660815980377325,False,Downforce Circuit,42
14.035227102774567,11.444993150420252,0.0418105600620148,0.05509289268426351,standard,differential_evolution,qualifying,26.66746428477423,90.41730578252562,1.03,0.01817384526742341,0.01817384526742341,2060.0,77.27232658657614,94.28571428571429,17039.765608120604,2988.899962420317,12820.665502657777,16,0.16,True,,26.66746428477423,False,Downforce Circuit,42
15.729490168751576,11.444993150420252,0.03837282473039132,0.05509289268426351,standard,local,qualifying,26.769144905769775,89.56645345471665,1.03,0.018229266365733014,0.018229266365733014,2060.0,76.87358037359613,70.71428571428572,17231.90001013482,3086.4206982240307,12642.814212286781,17,0.16,True,,26.769144905769775,False,Downforce Circuit,42
13.751778576162557,13.5910483203002,0.04531937548234472,0.05354100046740787,standard,differential_evolution,qualifying,26.827728458441257,89.47652915706864,1.03,0.017884756890296262,0.017884756890296262,2060.0,76.71749594025798,70.71428571428572,16799.21863580127,3091.313005020403,12708.315830829346,16,0.16,True,,26.827728458441257,True,Downforce Circuit,42
13.343140552144353,13.977636955769725,0.03428510956303337,0.041144591374691675,standard,differential_evolution,qualifying,26.83781482161949,89.56175361336042,1.03,0.01753579242908098,0.01753579242908098,2060.0,76.70988599388973,70.71428571428572,16394.018235795902,3083.9564534571746,12547.858297369874,16,0.16,True,,26.83781482161949,True,Downforce Circuit,42
12.477897074057017,14.721359549995794,0.03837282473039132,0.05509289268426351,standard,local,qualifying,26.856308919192394,89.20758428677196,1.03,0.018162812217381318,0.018162812217381318,2060.0,76.60418364631593,70.71428571428572,17181.108873210764,3119.514892477699,12917.634943369767,15,0.16,True,,26.856308919192394,False,Downforce Circuit,42
13.369544619600923,13.799533299121311,0.04630182192862242,0.058800704345302185,standard,differential_evolution,qualifying,26.860798811668513,89.50405491748901,1.03,0.01788292575298365,0.01788292575298365,2060.0,76.64413960773243,70.71428571428572,16769.741412648043,3079.585883700724,12762.117502640745,16,0.16,True,,26.860798811668513,True,Downforce Circuit,42
13.75,15.0,0.0325,0.051250000000000004,standard,grid,qualifying,26.89197240520298,88.6156957282134,1.03,0.01795518466482409,0.01795518466482409,2060.0,76.42612617182122,70.71428571428572,17051.915341368574,3201.960929129701,12660.6353015718,15,0.16,True,,26.89197240520298,False,Downforce Circuit,42
13.75,15.0,0.0325,0.07375000000000001,standard,grid,qualifying,26.94622643365436,88.61122972268295,1.03,0.017922165683935714,0.017922165683935714,2060.0,76.29159223192968,70.71428571428572,16969.662081077677,3190.3941385731905,12697.525033071779,15,0.16,True,,26.94622643365436,False,Downforce Circuit,42
13.369544619600923,14.628426634522926,0.04630182192862242,0.06535004792303056,standard,differential_evolution,qualifying,26.967015627169253,89.00274071852947,1.03,0.01782992244528316,0.01782992244528316,2060.0,76.30469117243125,70.71428571428572,16750.913509494847,3128.1709991899565,12737.935984282129,15,0.16,True,,26.967015627169253,False,Downforce Circuit,42
11.799700229656253,15.195242642071094,0.04216213855314521,0.06771330239754612,standard,differential_evolution,qualifying,26.975732922549604,89.17407642286342,1.03,0.018011262020291317,0.018011262020291317,2060.0,76.31302028819641,70.71428571428572,16936.767346220113,3100.019310327601,12961.48897905642,16,0.16,True,,26.975732922549604,False,Downforce Circuit,42
17.5609858684237,13.343465471957245,0.033309896909953965,0.05315383432770861,standard,differential_evolution,qualifying,26.984875046396034,87.71832671994385,1.03,0.01802876797190796,0.01802876797190796,2060.0,76.07066632322913,70.71428571428572,17273.860539961952,3310.947473128918,12310.26335579842,15,0.16,True,,26.984875046396034,False,Downforce Circuit,42
17.328733080051293,11.640040904068536,0.03612561814991415,0.07240019130956259,standard,differential_evolution,qualifying,26.98504014994329,88.66508653038771,1.03,0.018021086249392873,0.018021086249392873,2060.0,76.20741591531437,70.71428571428572,17054.70507973907,3170.0792156721327,12413.420381977667,15,0.16,True,,26.98504014994329,False,Downforce Circuit,42
17.5609858684237,11.340035270668585,0.041834588803089864,0.06118250989564538,standard,differential_evolution,qualifying,26.99084867764397,88.63226441212974,1.03,0.018114323814075864,0.018114323814075864,2060.0,76.18936599365297,70.71428571428572,17165.978088717067,3170.7131750056324,12425.53571043382,15,0.16,True,,26.99084867764397,False,Downforce Circuit,42
13.75,15.0,0.0475,0.051250000000000004,standard,grid,qualifying,27.032935547973818,88.70952041377163,1.03,0.017543667488103924,0.017543667488103924,2060.0,76.10072269050978,70.71428571428572,16446.327644487505,3159.8890764479297,12547.936944650917,15,0.16,True,,27.032935547973818,False,Downforce Circuit,42
17.5609858684237,15.655945539540298,0.033309896909953965,0.05832128435803828,standard,differential_evolution,qualifying,27.055823607061644,86.3986316375922,1.03,0.01813167438184771,0.01813167438184771,2060.0,75.73328191118978,70.71428571428572,17612.523684845808,3493.3929975642964,12296.379011086452,16,0.16,True,,27.055823607061644,False,Downforce Circuit,42
13.75,15.0,0.0475,0.07375000000000001,standard,grid,qualifying,27.082749538862583,88.7209154516661,1.03,0.017479441793511026,0.017479441793511026,2060.0,75.98330786259478,70.71428571428572,16335.724894808558,3149.445681092841,12563.288823993811,15,0.16,True,,27.082749538862583,True,Downforce Circuit,42
14.585455289307728,13.818220623006921,0.04931797117705855,0.041144591374691675,standard,differential_evolution,qualifying,27.115316512589523,89.2675712548025,1.03,0.016963197961192895,0.016963197961192895,2060.0,76.19522269902014,70.71428571428572,15636.1756507422,3085.991980881101,12233.814218644708,16,0.24,True,,27.115316512589523,True,Downforce Circuit,42
19.27050983124842,11.444993150420252,0.03837282473039132,0.05509289268426351,standard,local,qualifying,27.13286212605699,87.62685171251042,1.03,0.0180314297807774,0.0180314297807774,2060.0,75.69545447625688,70.71428571428572,17215.587632754534,3286.640623413075,12173.43368580639,15,0.16,True,,27.13286212605699,False,Downforce Circuit,42
12.477897074057017,17.639320225002102,0.03837282473039132,0.05509289268426351,standard,local,qualifying,27.224781818037155,87.27224348565561,1.03,0.017937977204912556,0.017937977204912556,2060.0,75.42108320932653,70.71428571428572,17126.914684413863,3320.239374958062,12743.579124136964,15,0.16,True,,27.224781818037155,False,Downforce Circuit,42
17.781038231664272,11.212141342352497,0.048339007570937995,0.05741441745205548,standard,differential_evolution,qualifying,27.232337302998097,88.71817155004666,1.03,0.01756160349791499,0.01756160349791499,2060.0,75.82247975453618,70.71428571428572,16386.620712981898,3126.538581695736,12197.894661865446,15,0.24,True,,27.232337302998097,False,Downforce Circuit,42
14.887380372072279,17.40919412069738,0.03908667433827424,0.04852621115879286,standard,random,qualifying,27.242245506422652,86.56742238691339,1.03,0.017772895649564614,0.017772895649564614,2060.0,75.28374405209132,70.71428571428572,17064.179407010794,3425.70113090122,12416.671211712683,15,0.16,True,,27.242245506422652,False,Downforce Circuit,42
16.69234413361046,17.62042452192965,0.034045362674436294,0.06836271669034999,standard,random,qualifying,27.274864990980177,85.57515594578703,1.03,0.017995468427856653,0.017995468427856653,2060.0,75.08795570234592,70.71428571428572,17500.168491531393,3568.0218746655837,12313.982578657404,16,0.16,True,,27.274864990980177,False,Downforce Circuit,42
19.48941084516698,14.015423888347845,0.04381447847709104,0.07068246363084657,standard,differential_evolution,qualifying,27.350794565593493,86.31408841597175,1.03,0.017748503113670544,0.017748503113670544,2060.0,74.98464172250358,70.71428571428572,17017.165893354268,3436.426824530917,12049.678136742485,15,0.16,True,,27.350794565593493,False,Downforce Circuit,42
20.555106232750017,13.385090722245057,0.03662438834154692,0.04835287145920561,standard,differential_evolution,qualifying,27.351871483037897,86.04094266918194,1.03,0.01773583336145082,0.01773583336145082,2060.0,74.94940442766134,70.71428571428572,17078.985817332574,3479.1126705863176,11871.16933897645,15,0.16,True,,27.351871483037897,False,Downforce Circuit,42
18.318771805237525,11.276345122083507,0.04982893515977746,0.06842489796049292,standard,random,qualifying,27.363719027406567,88.4493618708427,1.03,0.017308239539802775,0.017308239539802775,2060.0,75.4720526744221,70.71428571428572,16067.995703122237,3139.616804239632,12058.113253163272,15,0.24,True,,27.363719027406567,False,Downforce Circuit,42
11.005980288485002,18.579880547500366,0.034541135969874695,0.04835253795913306,standard,differential_evolution,qualifying,27.36816543113202,87.1933276103586,1.03,0.017541103056245462,0.017541103056245462,2060.0,75.0680699631272,70.71428571428572,16615.36009054415,3306.318455793048,12674.803586019078,15,0.16,True,,27.36816543113202,False,Downforce Circuit,42
10.462267518519091,18.734347784647248,0.031437540184585874,0.05838378896760863,standard,random,qualifying,27.369034203696103,87.18874300590994,1.03,0.017690637554434854,0.017690637554434854,2060.0,75.06456255817073,70.71428571428572,16792.831567220026,3304.7140643998123,12791.682469926614,15,0.16,True,,27.369034203696103,False,Downforce Circuit,42
20.237432559624633,12.795049672186195,0.030997246074253252,0.040331302138795246,standard,random,qualifying,27.391214541675826,86.71417718840466,1.03,0.017138236255775405,0.017138236255775405,2060.0,74.94359710013009,70.71428571428572,16219.994142811658,3377.558309594161,11655.753211941763,15,0.16,True,,27.391214541675826,False,Downforce Circuit,42
18.723075408600035,16.42436732581505,0.04620945826766765,0.045248620409992,standard,differential_evolution,qualifying,27.433911951284554,85.52712624966635,1.03,0.017290317690778,0.017290317690778,2060.0,74.68534469014585,70.71428571428572,16585.64884574512,3545.8532445331084,11852.25270623929,16,0.16,True,,27.433911951284554,False,Downforce Circuit,42
11.998507965041295,17.018300251041573,0.05195097227382344,0.058942144152856465,standard,differential_evolution,qualifying,27.438009486305628,88.16628232825046,1.03,0.017007186357919625,0.017007186357919625,2060.0,75.25154346331557,70.71428571428572,15733.283616626526,3170.0405389495936,12486.109092331499,15,0.24,True,,27.438009486305628,False,Downforce Circuit,42
21.25,15.0,0.0325,0.051250000000000004,standard,grid,qualifying,27.47034454057672,84.8167888515137,1.03,0.017700466954755988,0.017700466954755988,2060.0,74.51985342617594,70.71428571428572,17214.137716171288,3641.8834624191704,11738.32899276751,16,0.16,True,,27.47034454057672,False,Downforce Circuit,42
20.07551026608785,18.779428414112722,0.03649069685796813,0.05509259138145904,standard,differential_evolution,qualifying,27.510765212125992,83.19903953707123,1.03,0.017919201822168072,0.017919201822168072,2060.0,74.31759226670702,47.142857142857146,17762.266839886932,3896.2014120695867,11837.09431167959,16,0.16,True,,27.510765212125992,False,Downforce Circuit,42
11.948822580032076,19.514098524518673,0.031807280471526526,0.07014162976071298,standard,random,qualifying,27.514567336088557,86.15532910385117,1.03,0.01761119807062713,0.01761119807062713,2060.0,74.5681539124301,70.71428571428572,16819.814981683845,3425.1947292302607,12607.272495796344,15,0.16,True,,27.514567336088557,False,Downforce Circuit,42
21.25,15.0,0.0325,0.07375000000000001,standard,grid,qualifying,27.530894980540342,84.8223347346568,1.03,0.017632403524600677,0.017632403524600677,2060.0,74.36731931331278,70.71428571428572,17100.338398144177,3627.9738122060567,11754.798341345178,16,0.16,True,,27.530894980540342,False,Downforce Circuit,42
21.67575245610643,13.892774157039351,0.03900163011181103,0.0419711694604253,standard,random,qualifying,27.546392391598417,85.22217100431573,1.03,0.01730766632440947,0.01730766632440947,2060.0,74.2773276660278,70.71428571428572,16606.41208137655,3553.184652804669,11574.463445543366,16,0.12,True,,27.546392391598417,False,Downforce Circuit,42
12.419076685504027,20.02089550206727,0.02956936308139505,0.07133441687849812,standard,random,qualifying,27.609911664240744,85.67549592317783,1.03,0.017418759562524325,0.017418759562524325,2060.0,74.27570414704853,70.71428571428572,16640.427390091485,3478.924929555651,12458.018259233639,16,0.16,True,,27.609911664240744,False,Downforce Circuit,42
17.5,20.0,0.04,0.06,standard,baseline,qualifying,27.627761975429372,83.58152407218404,1.03,0.017850827671428628,0.017850827671428628,2060.0,74.0164981587058,47.142857142857146,17542.72123812463,3797.6149792258047,12086.664505579942,16,0.16,True,,27.627761975429372,False,Downforce Circuit,42
11.921704490133187,19.00771875791134,0.03612394072697744,0.08170442449818709,standard,random,qualifying,27.630516032340566,86.6580284808221,1.03,0.017238071377263953,0.017238071377263953,2060.0,74.55687166050426,70.71428571428572,16226.38423231705,3344.1350712293943,12517.249774489988,15,0.24,True,,27.630516032340566,False,Downforce Circuit,42
21.25,15.0,0.0475,0.051250000000000004,standard,grid,qualifying,27.641800155841892,84.88495763037258,1.03,0.017309260928726467,0.017309260928726467,2060.0,74.10200472994816,70.71428571428572,16636.968275247862,3592.3482496554293,11641.240720215637,16,0.16,True,,27.641800155841892,False,Downforce Circuit,42
21.450466345058665,13.385090722245057,0.04599660024061026,0.04020733499649688,standard,differential_evolution,qualifying,27.670924260463917,85.71275554401456,1.03,0.016906800008674925,0.016906800008674925,2060.0,74.1397226811525,70.71428571428572,15990.914016053533,3464.9470343006424,11472.15737027797,15,0.16,True,,27.670924260463917,True,Downforce Circuit,42
12.43854532350926,18.808063015899997,0.05133480116670726,0.04895332518396278,standard,differential_evolution,qualifying,27.68937131029972,86.79274258251404,1.03,0.01672728265295446,0.01672728265295446,2060.0,74.44524440617057,70.71428571428572,15559.858914554867,3317.5624881189765,12245.562691550918,15,0.24,True,,27.68937131029972,True,Downforce Circuit,42
11.976820230374692,18.779428414112722,0.05049606246027079,0.04277090078749791,standard,differential_evolution,qualifying,27.698015694302256,87.0367274260076,1.03,0.016542157221701253,0.016542157221701253,2060.0,74.46668810870436,70.71428571428572,15290.783653436465,3283.1184714236965,12205.47301305209,15,0.24,True,,27.698015694302256,True,Downforce Circuit,42
21.25,15.0,0.0475,0.07375000000000001,standard,grid,qualifying,27.700954236095342,84.90261774129485,1.03,0.017215767540879043,0.017215767540879043,2060.0,73.95975008860961,70.71428571428572,16484.433674018423,3576.4716268772777,11640.2851129693,16,0.16,True,,27.700954236095342,False,Downforce Circuit,42
22.801046099022493,14.678789717306815,0.026749082250671984,0.052662275140989846,standard,random,qualifying,27.70663167532923,84.19486803518849,1.03,0.017190404780882365,0.017190404780882365,2060.0,73.86901096870801,47.142857142857146,16619.123264396156,3690.153389583623,11360.59202732173,16,0.16,True,,27.70663167532923,False,Downforce Circuit,42
20.026044426857077,19.42192412286265,0.04195708319443567,0.07442494858372116,standard,random,qualifying,27.708862355974865,82.87904958538795,1.03,0.017545823816743404,0.017545823816743404,2060.0,73.77359640489718,47.142857142857146,17267.26523488439,3900.535642229241,11733.000021319927,16,0.16,True,,27.708862355974865,False,Downforce Circuit,42
19.96470310491081,18.12773722880141,0.049420611539981035,0.04751378139584668,standard,random,qualifying,27.724832776715733,83.8889637237614,1.03,0.016992804634093105,0.016992804634093105,2060.0,73.79264560499998,47.142857142857146,16393.926110643864,3736.2048561625393,11560.224943919973,17,0.16,True,,27.724832776715733,False,Downforce Circuit,42
11.905907689778271,20.444865201096086,0.0392641465973152,0.04020733499649688,standard,differential_evolution,qualifying,27.727815997351243,85.65216413270899,1.03,0.016945471183282854,0.016945471183282854,2060.0,73.99712189837797,70.71428571428572,16030.538953493833,3462.0852358565894,12272.15326015736,15,0.16,True,,27.727815997351243,False,Downforce Circuit,42
11.96389124339603,21.37209014250798,0.0310265579415294,0.07240019130956259,standard,differential_evolution,qualifying,27.819698319226294,84.78192122468099,1.03,0.01731309593968267,0.01731309593968267,2060.0,73.66082033657875,70.71428571428572,16584.599675803158,3566.0729483541854,12403.846215353662,16,0.16,True,,27.819698319226294,False,Downforce Circuit,42
22.193515136951163,16.690605089884897,0.041636077677537846,0.04020733499649688,standard,differential_evolution,qualifying,27.821294463192597,83.48108591435474,1.03,0.017076061244401714,0.017076061244401714,2060.0,73.51666918462975,47.142857142857146,16543.39806664774,3776.028222829567,11372.701152536709,17,0.16,True,,27.821294463192597,False,Downforce Circuit,42
19.520774800008862,21.071588013159918,0.041776214822362406,0.05367775441281755,standard,random,qualifying,27.879903365937192,81.98156811412146,1.03,0.017565956516893015,0.017565956516893015,2060.0,73.29745487448484,47.142857142857146,17397.90234935223,4005.825567125312,11710.569027651432,17,0.16,True,,27.879903365937192,False,Downforce Circuit,42
18.706624910241484,20.477850482832245,0.04360552327377779,0.04030981726517803,standard,differential_evolution,qualifying,27.880459315889603,82.95812704671589,1.03,0.016938512599328347,0.016938512599328347,2060.0,73.32888228012469,47.142857142857146,16440.732646833065,3850.1450132525647,11571.64845563058,16,0.16,True,,27.880459315889603,False,Downforce Circuit,42
10.351131361419402,21.37209014250798,0.02878859592680463,0.07240019130956259,standard,differential_evolution,qualifying,27.881313575941522,85.30639732662343,1.03,0.017114797967732052,0.017114797967732052,2060.0,73.68187297261318,70.71428571428572,16220.774681404619,3480.7938957573824,12472.296316815906,15,0.2,True,,27.881313575941522,False,Downforce Circuit,42
16.8837366330751,21.374823919057874,0.029193909943829727,0.04515385330911881,standard,random,qualifying,27.88628097416781,83.09438975557212,1.03,0.0170520831073137,0.0170520831073137,2060.0,73.3222146475698,47.142857142857146,16566.558833840274,3825.8232833339907,11748.837536964253,16,0.16,True,,27.88628097416781,False,Downforce Circuit,42
16.052565610203473,21.18610692156667,0.03492277121600353,0.08319086873132572,standard,differential_evolution,qualifying,27.926590663998155,83.56092541666368,1.03,0.017019296652918615,0.017019296652918615,2060.0,73.2628475461306,47.142857142857146,16402.963966119667,3738.4212520398432,11907.641329457281,17,0.16,True,,27.926590663998155,False,Downforce Circuit,42
12.477897074057017,22.360679774997894,0.03837282473039132,0.05509289268426351,standard,local,qualifying,27.93706302312705,83.7838751777047,1.03,0.017438738842160434,0.017438738842160434,2060.0,73.26332318765485,70.71428571428572,16880.051912412473,3691.215198348317,12336.607389178596,17,0.16,True,,27.93706302312705,False,Downforce Circuit,42
21.60934072833945,18.77756879504105,0.05075793759734147,0.07138156130767137,standard,random,qualifying,27.998962291706412,82.61308752326161,1.03,0.01686083294294966,0.01686083294294966,2060.0,73.0065788803115,47.142857142857146,16345.848264363936,3876.2885043038027,11350.868733411235,17,0.16,True,,27.998962291706412,False,Downforce Circuit,42
24.42688495908389,19.6009193403695,0.037761318917518334,0.06569976049401469,standard,differential_evolution,qualifying,28.02241723080612,80.35704051194672,1.03,0.017638184325869288,0.017638184325869288,2060.0,72.70232867089842,47.142857142857146,17688.383121775456,4229.025896283693,11270.799491824888,18,0.08,True,,28.02241723080612,False,Downforce Circuit,42
12.561095894493686,22.626654199718224,0.04098560722209302,0.04860572105377492,standard,differential_evolution,qualifying,28.03157506115594,83.63637645434864,1.03,0.01712486222165789,0.01712486222165789,2060.0,73.02128933322881,70.71428571428572,16483.70823248981,3695.992714872472,12189.294378117369,17,0.16,True,,28.03157506115594,False,Downforce Circuit,42
21.371316101280605,17.09051936259737,0.0541209407318471,0.08019045045949891,standard,random,qualifying,28.0625058156785,83.95312770460977,1.03,0.016183731923258372,0.016183731923258372,2060.0,72.98524251519352,70.71428571428572,15238.800430805904,3653.169088899815,11181.447027512211,16,0.16,True,,28.0625058156785,True,Downforce Circuit,42
23.068280257716427,18.481469951741268,0.04931797117705855,0.06477361754157755,standard,differential_evolution,qualifying,28.076524269932108,81.91380084832832,1.03,0.01707122574137814,0.01707122574137814,2060.0,72.77752990500977,47.142857142857146,16710.4105884118,3969.58185777945,11278.636170349233,17,0.16,True,,28.076524269932108,False,Downforce Circuit,42
11.543522835507709,21.332571713597023,0.05133480116670726,0.0729147973930993,standard,differential_evolution,qualifying,28.10118025161762,85.17617112543593,1.03,0.016481302986571255,0.016481302986571255,2060.0,73.25304620419666,70.71428571428572,15379.868297899671,3468.1379412747638,12157.029941743269,16,0.24,True,,28.10118025161762,True,Downforce Circuit,42
18.723075408600035,22.57885693559768,0.0447310581725959,0.07189119286599076,standard,differential_evolution,qualifying,28.177759390529605,81.35174976047192,1.03,0.017166816377883226,0.017166816377883226,2060.0,72.49808362348958,47.142857142857146,16897.98557072938,4039.785968742669,11626.435036383858,17,0.16,True,,28.177759390529605,False,Downforce Circuit,42
21.762540886884324,23.11897113763909,0.0392641465973152,0.06655042888864263,standard,differential_evolution,qualifying,28.18482661620162,79.52017194099957,1.03,0.017504057052590012,0.017504057052590012,2060.0,72.28211576453366,47.142857142857146,17602.813669376712,4338.89835281919,11372.867466263053,19,0.08,True,,28.18482661620162,False,Downforce Circuit,42
14.403906366500255,23.238330294537903,0.04171096457023835,0.07527541940978862,standard,random,qualifying,28.19432890768612,82.5503388467238,1.03,0.017082417980566502,0.017082417980566502,2060.0,72.5160330212039,47.142857142857146,16554.676645489402,3832.372589418747,12008.48842423753,18,0.16,True,,28.19432890768612,False,Downforce Circuit,42
16.60445207272247,23.90011198727588,0.04269596539067076,0.059677217392753897,standard,differential_evolution,qualifying,28.196276563758857,81.18312104238363,1.03,0.017278767950031745,0.017278767950031745,2060.0,72.24009657059737,47.142857142857146,17022.738484221052,4036.379456554342,11808.081286442777,17,0.08,True,,28.196276563758857,False,Downforce Circuit,42
22.73835115741267,23.15225784600687,0.04381447847709104,0.044709750824528285,standard,differential_evolution,qualifying,28.34759525688095,79.18561803501025,1.03,0.016894944244242677,0.016894944244242677,2060.0,71.84705933880564,47.142857142857146,16836.281771616592,4362.161680196821,11028.930630357212,18,0.08,True,,28.34759525688095,False,Downforce Circuit,42
21.803865662532075,23.297017131840644,0.046154961358790055,0.07513280639598856,standard,random,qualifying,28.370643403155647,79.53067051946614,1.03,0.0168624590797943,0.0168624590797943,2060.0,71.77346408672672,47.142857142857146,16724.636315675187,4291.41931505982,11155.481403213902,17,0.08,True,,28.370643403155647,False,Downforce Circuit,42
13.75,25.0,0.0325,0.051250000000000004,standard,grid,qualifying,28.404411962651558,81.3881443447623,1.03,0.01699047162089134,0.01699047162089134,2060.0,71.9256740466229,47.142857142857146,16599.490889573874,3975.7017757760404,11882.26107536557,17,0.16,True,,28.404411962651558,False,Downforce Circuit,42
13.75,25.0,0.0325,0.07375000000000001,standard,grid,qualifying,28.44603156772282,81.39015868917981,1.03,0.016961415183395227,0.016961415183395227,2060.0,71.82142209249437,47.142857142857146,16537.902397006663,3965.260354675147,11909.371771955866,17,0.16,True,,28.44603156772282,False,Downforce Circuit,42
17.117888658308164,25.23106806940691,0.043157936924710295,0.060167099097870505,standard,differential_evolution,qualifying,28.449167689068055,80.00816729080475,1.03,0.017098375067847216,0.017098375067847216,2060.0,71.56621484836096,47.142857142857146,16915.644571632783,4176.4190555255445,11625.370987130378,17,0.08,True,,28.449167689068055,False,Downforce Circuit,42
21.25,25.0,0.0325,0.051250000000000004,standard,grid,qualifying,28.498595266263372,78.53193084201521,1.03,0.017102015265664388,0.017102015265664388,2060.0,71.465572917105,47.142857142857146,17161.51739899828,4438.671310410001,11176.916649574461,18,0.08,True,,28.498595266263372,False,Downforce Circuit,42
12.314342381013217,23.660979064849094,0.04734286467723452,0.08353793795953945,standard,random,qualifying,28.502660585133473,83.14382802813714,1.03,0.01617575542731612,0.01617575542731612,2060.0,72.05315808315277,70.71428571428572,15217.341392600712,3691.955542425407,11846.488375177854,16,0.24,True,,28.502660585133473,True,Downforce Circuit,42
20.03482382071343,25.23106806940691,0.043157936924710295,0.060167099097870505,standard,differential_evolution,qualifying,28.520578885485264,78.8545061605236,1.03,0.01713799643502493,0.01713799643502493,2060.0,71.39124924108575,47.142857142857146,17141.197512613486,4368.2779113685465,11341.075859399789,17,0.08,True,,28.520578885485264,False,Downforce Circuit,42
21.25,25.0,0.0325,0.07375000000000001,standard,grid,qualifying,28.52976119158679,78.5412569066546,1.03,0.017056150069554122,0.017056150069554122,2060.0,71.37937744082396,47.142857142857146,17088.328759354223,4428.806634682741,11190.32430386772,18,0.08,True,,28.52976119158679,False,Downforce Circuit,42
13.75,25.0,0.0475,0.051250000000000004,standard,grid,qualifying,28.534294461459545,81.49354087078177,1.03,0.016559741431671594,0.016559741431671594,2060.0,71.61303053012689,47.142857142857146,15978.752459190948,3929.8415661859717,11749.854869159997,17,0.16,True,,28.534294461459545,False,Downforce Circuit,42
11.083767475414785,24.578152855442475,0.026983906772815376,0.07915527128600251,standard,differential_evolution,qualifying,28.535089104977146,82.67560961583551,1.03,0.016388217610427566,0.016388217610427566,2060.0,71.91945638427013,70.71428571428572,15573.30707020966,3757.52888007566,11947.108241404918,16,0.24,True,,28.535089104977146,False,Downforce Circuit,42
13.75,25.0,0.0475,0.07375000000000001,standard,grid,qualifying,28.57455676431391,81.50492962803362,1.03,0.01650760806708168,0.01650760806708168,2060.0,71.51590624056149,47.142857142857146,15887.705871367722,3918.842901556855,11761.402466373173,17,0.16,True,,28.57455676431391,False,Downforce Circuit,42
21.25,25.0,0.0475,0.051250000000000004,standard,grid,qualifying,28.621668066151365,78.61693742157995,1.03,0.016694545775811802,0.016694545775811802,2060.0,71.12792732581315,47.142857142857146,16585.185188521344,4390.452522312415,11061.170419338925,17,0.08,True,,28.621668066151365,False,Downforce Circuit,42
21.25,25.0,0.0475,0.07375000000000001,standard,grid,qualifying,28.655950917744754,78.63317110015778,1.03,0.01662564507197209,0.01662564507197209,2060.0,71.03578532966222,47.142857142857146,16479.868487229513,4378.872819378877,11061.714666843185,17,0.08,True,,28.655950917744754,False,Downforce Circuit,42
24.42688495908389,24.75793833391537,0.037761318917518334,0.041683726986804163,standard,differential_evolution,qualifying,28.679028731175677,77.33165891521473,1.03,0.01676389976627446,0.01676389976627446,2060.0,71.04954064650344,23.571428571428573,16858.28375998871,4625.312447295026,10728.91205547625,20,0.08,True,,28.679028731175677,False,Downforce Circuit,42
19.65797680120997,26.455232265416598,0.03830242596481993,0.05022574248031496,standard,random,qualifying,28.716965214663013,78.15215457293421,1.03,0.016957184460143843,0.016957184460143843,2060.0,70.89244445955228,47.142857142857146,16969.35425524173,4446.851009098273,11235.073910732666,18,0.08,True,,28.716965214663013,False,Downforce Circuit,42
22.483897020928016,26.095287149936038,0.036624351370905237,0.05297476467686099,standard,random,qualifying,28.72608507199851,77.20912274940167,1.03,0.01712113395474428,0.01712113395474428,2060.0,70.93109176168448,23.571428571428573,17320.406627950124,4628.746164222551,11016.759602912463,20,0.08,True,,28.72608507199851,False,Downforce Circuit,42
16.55727878308496,26.65356392115675,0.04600795306006747,0.054056498862191854,standard,random,qualifying,28.759091279927414,79.22139276366458,1.03,0.01662404844033761,0.01662404844033761,2060.0,70.76707940728728,47.142857142857146,16347.43062640003,4239.305465918775,11426.928927043533,17,0.08,True,,28.759091279927414,False,Downforce Circuit,42
18.439522855264926,27.36853418803456,0.037113019713600044,0.06497497683687924,standard,differential_evolution,qualifying,28.825198770732904,77.90165506499778,1.03,0.017036645338000374,0.017036645338000374,2060.0,70.61471873072081,47.142857142857146,17074.876608665872,4461.500696126282,11356.495688965086,18,0.08,True,,28.825198770732904,False,Downforce Circuit,42
13.592914975750396,27.36853418803456,0.026372488640896384,0.08028999155527168,standard,differential_evolution,qualifying,28.91826264605145,79.75862383334885,1.03,0.01604679175304497,0.01604679175304497,2060.0,70.39426757967333,47.142857142857146,15472.64833603039,4113.53240491136,11433.318457849015,17,0.08,True,,28.91826264605145,True,Downforce Circuit,42
15.26111208880223,27.744978578023932,0.030965921813513313,0.07593006106570314,standard,differential_evolution,qualifying,28.925013073909035,78.81870006150099,1.03,0.01651070046216653,0.01651070046216653,2060.0,70.34625416642186,47.142857142857146,16219.991383279668,4270.3788922349095,11447.396069624529,17,0.08,True,,28.925013073909035,False,Downforce Circuit,42
24.42688495908389,29.089186289717368,0.05467888282965987,0.041683726986804163,standard,differential_evolution,qualifying,29.749924304978887,74.73858158657198,1.03,0.015263020743325095,0.015263020743325095,2060.0,68.38882041935726,23.571428571428573,15016.173339700985,4849.8096235274625,10064.14007336302,19,0.08,True,,29.749924304978887,True,Downforce Circuit,42
10.340681097007907,11.800957215512835,0.04667078051789351,0.060784475361312436,standard,random,qualifying,26.78329951468008,91.97061956325955,1.03,0.017782970648824656,0.017782970648824656,2060.0,77.4689934234154,94.28571428571429,16263.800745675371,2788.9767850434414,13122.071287844276,15,0.24,False,braking_limit,26.78329951468008,False,Downforce Circuit,42
10.84454913522756,12.376358325361439,0.049878111413797825,0.05607510690865508,standard,differential_evolution,qualifying,26.957839603403052,91.48916339757564,1.03,0.01726652565761341,0.01726652565761341,2060.0,76.79531503830148,94.28571428571429,15731.418631395145,2804.5520368686425,12680.760329731316,15,0.24,False,braking_limit,26.957839603403052,False,Downforce Circuit,42
22.94707782983506,11.819423985620288,0.047115964896908204,0.06453205509623641,standard,differential_evolution,qualifying,27.704332383977604,85.31848114290364,1.03,0.0173358274291092,0.0173358274291092,2060.0,73.9118232908073,70.71428571428572,16529.749047429137,3496.570291450144,11532.59379132474,16,0.12,False,balance,27.704332383977604,False,Downforce Circuit,42
23.207961720673673,11.188392883012394,0.05049606246027079,0.05206908195680699,standard,differential_evolution,qualifying,27.93866731608763,85.54801626428339,1.03,0.016853818260122437,0.016853818260122437,2060.0,73.68151003927886,70.71428571428572,15843.959216580599,3440.5572308837623,11304.33987628002,15,0.24000000000000002,False,balance;balance_shift,27.93866731608763,False,Downforce Circuit,42
11.412660218314743,29.512447032735118,0.04783419105971059,0.07537289373746292,standard,random,qualifying,29.46836476478595,78.58291648788027,1.03,0.01572443887083787,0.01572443887083787,2060.0,69.22716422675806,47.142857142857146,15084.91555694988,4198.196960004226,11387.140004329001,17,0.16,False,balance_shift,29.46836476478595,False,Downforce Circuit,42
