track_point_id,circuit_id,point_index,distance_m,step_m,x_m,y_m,heading_rad,curvature_1pm,classification,sector_id,is_synthetic,is_derived,data_source
10100000,101,0,0.0,5.0,0.0005120598486360903,-0.0003965331059391493,0.9062590337416507,-0.00024816888508282447,straight,1011,False,True,OSM-derived smoothed centreline
10100001,101,1,5.0,5.0,3.0831883005948892,3.9362395919397986,0.9073557895229526,0.0005636829395468598,straight,1011,False,True,OSM-derived smoothed centreline
10100002,101,2,10.0,5.0,6.156150976173892,7.880460599147591,0.910563942139399,0.000654368617463389,straight,1011,False,True,OSM-derived smoothed centreline
10100003,101,3,15.0,5.0,9.216415361550606,11.834542380867497,0.9136563003118958,0.0005786464440998893,straight,1011,False,True,OSM-derived smoothed centreline
10100004,101,4,20.0,5.0,12.265234019239012,15.797456758560768,0.9163416705948214,0.0004954741521947328,straight,1011,False,True,OSM-derived smoothed centreline
10100005,101,5,25.0,5.0,15.304225979361831,19.767912344686614,0.9186110236836614,0.00041226755122329164,straight,1011,False,True,OSM-derived smoothed centreline
10100006,101,6,30.0,5.0,18.335027237235252,23.74462415982593,0.9204643553755614,0.0003290663158781927,straight,1011,False,True,OSM-derived smoothed centreline
10100007,101,7,35.0,5.0,21.359281537242065,27.726317492075008,0.9219017010927495,0.0002458733919449632,straight,1011,False,True,OSM-derived smoothed centreline
10100008,101,8,40.0,5.0,24.378638699572857,31.711725907142544,0.9229231038774035,0.0001626889902145535,straight,1011,False,True,OSM-derived smoothed centreline
10100009,101,9,45.0,5.0,27.39475302074159,35.6995892026341,0.9235286067850447,7.951667202904378e-05,straight,1011,False,True,OSM-derived smoothed centreline
10100010,101,10,50.0,5.0,30.409281195902853,39.68865172459215,0.9237187995922901,-3.232732442132933e-06,straight,1011,False,True,OSM-derived smoothed centreline
10100011,101,11,55.0,5.0,33.423864143336935,43.677672852348785,0.9235065338297306,-7.919721461418898e-05,straight,1011,False,True,OSM-derived smoothed centreline
10100012,101,12,60.0,5.0,36.43997357603521,47.66553986654269,0.9229784650381843,-0.00012520124236216126,straight,1011,False,True,OSM-derived smoothed centreline
10100013,101,13,65.0,5.0,39.458509274561656,51.65157064509952,0.9223216305710528,-0.00013317119328764852,straight,1011,False,True,OSM-derived smoothed centreline
10100014,101,14,70.0,5.0,42.47967633267913,55.63560738625268,0.9216692648413765,-0.00012713214535306898,straight,1011,False,True,OSM-derived smoothed centreline
10100015,101,15,75.0,5.0,45.50337357797069,59.61772418606403,0.9210522556418583,-0.00011964982529916948,straight,1011,False,True,OSM-derived smoothed centreline
10100016,101,16,80.0,5.0,48.529452555847534,63.598031378741965,0.9204728074621863,-0.00011212938764943525,straight,1011,False,True,OSM-derived smoothed centreline
10100017,101,17,85.0,5.0,51.557762609344586,67.57664139137829,0.9199309625721291,-0.00010460849715047018,straight,1011,False,True,OSM-derived smoothed centreline
10100018,101,18,90.0,5.0,54.58815323464575,71.5536669318452,0.9194267231898152,-9.708719477517921e-05,straight,1011,False,True,OSM-derived smoothed centreline
10100019,101,19,95.0,5.0,57.62047409790947,75.52922094942305,0.9189600912208981,-8.956554094205367e-05,straight,1011,False,True,OSM-derived smoothed centreline
10100020,101,20,100.0,5.0,60.65457502385671,79.50341661685063,0.9185310682850588,-8.204358967047967e-05,straight,1011,False,True,OSM-derived smoothed centreline
10100021,101,21,105.0,5.0,63.690305984182615,83.47636731250083,0.9181396557477115,-7.452138877070777e-05,straight,1011,False,True,OSM-derived smoothed centreline
10100022,101,22,110.0,5.0,66.7275170858063,87.4481866026726,0.9177858547491878,-6.699898047890633e-05,straight,1011,False,True,OSM-derived smoothed centreline
10100023,101,23,115.0,5.0,69.76605855897228,91.41898822399008,0.9174696662311157,-5.9476402130044254e-05,straight,1011,False,True,OSM-derived smoothed centreline
10100024,101,24,120.0,5.0,72.80578074521789,95.3888860658994,0.9171910909606439,-5.195368639736277e-05,straight,1011,False,True,OSM-derived smoothed centreline
10100025,101,25,125.0,5.0,75.84653408522007,99.35799415325344,0.916950129551764,-4.443086178805091e-05,straight,1011,False,True,OSM-derived smoothed centreline
10100026,101,26,130.0,5.0,78.88816910653559,103.3264266289756,0.9167467824843072,-3.690795359844059e-05,straight,1011,False,True,OSM-derived smoothed centreline
10100027,101,27,135.0,5.0,81.93053641124797,107.29429773679178,0.9165810501202429,-2.938498374817908e-05,straight,1011,False,True,OSM-derived smoothed centreline
10100028,101,28,140.0,5.0,84.97348666353514,111.26172180402197,0.9164529327175326,-2.1861972068518144e-05,straight,1011,False,True,OSM-derived smoothed centreline
10100029,101,29,145.0,5.0,88.01687057717118,115.22881322442062,0.9163624304412978,-1.4338935908779997e-05,straight,1011,False,True,OSM-derived smoothed centreline
10100030,101,30,150.0,5.0,91.06053890297535,119.1956864410564,0.9163095433727226,-6.8158914682497386e-06,straight,1011,False,True,OSM-derived smoothed centreline
10100031,101,31,155.0,5.0,94.10434241622264,123.16245592922148,0.9162942715149085,7.07146004544132e-07,straight,1011,False,True,OSM-derived smoothed centreline
10100032,101,32,160.0,5.0,97.14813190402845,127.1292361793595,0.9163166147967234,8.230162061254527e-06,straight,1011,False,True,OSM-derived smoothed centreline
10100033,101,33,165.0,5.0,100.19175815272125,131.09614168000337,0.9163765730736798,1.5753141734292586e-05,straight,1011,False,True,OSM-derived smoothed centreline
10100034,101,34,170.0,5.0,103.23507193521701,135.0632869007119,0.9164741461265694,2.3276069832523114e-05,straight,1011,False,True,OSM-derived smoothed centreline
10100035,101,35,175.0,5.0,106.27792399840783,139.03078627499585,0.9166093336571753,3.079892999917292e-05,straight,1011,False,True,OSM-derived smoothed centreline
10100036,101,36,180.0,5.0,109.32016505057943,142.998754183223,0.9167821352818412,3.832170442390935e-05,straight,1011,False,True,OSM-derived smoothed centreline
10100037,101,37,185.0,5.0,112.36164574886978,146.9673049354924,0.9169925505222496,4.584437297963092e-05,straight,1011,False,True,OSM-derived smoothed centreline
10100038,101,38,190.0,5.0,115.40221668678308,150.9365527544676,0.9172405787935355,5.3366912925701686e-05,straight,1011,False,True,OSM-derived smoothed centreline
10100039,101,39,195.0,5.0,118.44172838188305,154.90661175807554,0.9175262191184382,6.08888909786076e-05,straight,1011,False,True,OSM-derived smoothed centreline
10100040,101,40,200.0,5.0,121.4800313141693,158.87759590343467,0.917849414150834,6.836641710259769e-05,straight,1011,False,True,OSM-derived smoothed centreline
10100041,101,41,205.0,5.0,124.51697781831187,162.84961751372595,0.9182086281773663,7.498985290249728e-05,straight,1011,False,True,OSM-derived smoothed centreline
10100042,101,42,210.0,5.0,127.55244245186614,166.82277169698858,0.9185917358390921,7.715102725777493e-05,straight,1011,False,True,OSM-derived smoothed centreline
10100043,101,43,215.0,5.0,130.58638639234448,170.7970872206572,0.9189683301787345,7.263055973116367e-05,straight,1011,False,True,OSM-derived smoothed centreline
10100044,101,44,220.0,5.0,133.61889154578284,174.77250069050177,0.9193132893481454,6.51991669910442e-05,straight,1011,False,True,OSM-derived smoothed centreline
10100045,101,45,225.0,5.0,136.65010101061156,178.7489022034719,0.9196198289123486,5.7410356246792775e-05,straight,1011,False,True,OSM-derived smoothed centreline
10100046,101,46,230.0,5.0,139.68016892946693,182.72617366314262,0.9198873804921177,4.9610300964889344e-05,straight,1011,False,True,OSM-derived smoothed centreline
10100047,101,47,235.0,5.0,142.70925018897503,186.7041966166689,0.9201159322276866,4.181042041500212e-05,straight,1011,False,True,OSM-derived smoothed centreline
10100048,101,48,240.0,5.0,145.73749976994674,190.68285272186833,0.920305484960604,3.4010695807322385e-05,straight,1011,False,True,OSM-derived smoothed centreline
10100049,101,49,245.0,5.0,148.76507272421262,194.6620237361904,0.9204560394014527,2.621109881795474e-05,straight,1011,False,True,OSM-derived smoothed centreline
10100050,101,50,250.0,5.0,151.79212416132629,198.64159149816348,0.9205675961144547,1.8411599561155474e-05,straight,1011,False,True,OSM-derived smoothed centreline
10100051,101,51,255.0,5.0,154.8188092353333,202.62143790879426,0.9206401555062602,1.061216501905268e-05,straight,1011,False,True,OSM-derived smoothed centreline
10100052,101,52,260.0,5.0,157.84528313159208,206.6014449129299,0.9206737178180187,2.8127618966479788e-06,straight,1011,False,True,OSM-derived smoothed centreline
10100053,101,53,265.0,5.0,160.87170105362915,210.58149448059498,0.9206682831199247,-4.986644636687744e-06,straight,1011,False,True,OSM-derived smoothed centreline
10100054,101,54,270.0,5.0,163.8982182100161,214.56146858831286,0.9206238513089773,-1.2786088900940655e-05,straight,1011,False,True,OSM-derived smoothed centreline
10100055,101,55,275.0,5.0,166.92498980125097,218.54124920042335,0.9205404221089466,-2.0585605572536727e-05,straight,1011,False,True,OSM-derived smoothed centreline
10100056,101,56,280.0,5.0,169.9521710066305,222.5207182504069,0.9204179950741874,-2.8385227939091508e-05,straight,1011,False,True,OSM-derived smoothed centreline
10100057,101,57,285.0,5.0,172.97991697109725,226.4997576222272,0.9202565695952636,-3.6184988294769126e-05,straight,1011,False,True,OSM-derived smoothed centreline
10100058,101,58,290.0,5.0,176.00838279204652,230.47824913170143,0.9200561449081174,-4.3984915882007873e-05,straight,1011,False,True,OSM-derived smoothed centreline
10100059,101,59,295.0,5.0,179.03772350607807,234.45607450791124,0.9198167201058133,-5.1785038498988644e-05,straight,1011,False,True,OSM-derived smoothed centreline
10100060,101,60,300.0,5.0,182.06809407567775,238.4331153746634,0.9195382941529593,-5.958537976395367e-05,straight,1011,False,True,OSM-derived smoothed centreline
10100061,101,61,305.0,5.0,185.0996493758134,242.4092532320135,0.9192208659035492,-6.738596002337309e-05,straight,1011,False,True,OSM-derived smoothed centreline
10100062,101,62,310.0,5.0,188.132544180431,246.3843694378609,0.9188644341209513,-7.51867952474069e-05,straight,1011,False,True,OSM-derived smoothed centreline
10100063,101,63,315.0,5.0,191.16693314883463,250.35834518962932,0.918468997501229,-8.29878962259836e-05,straight,1011,False,True,OSM-derived smoothed centreline
10100064,101,64,320.0,5.0,194.2029708119373,254.33106150604223,0.9180345546990875,-9.078926870879378e-05,straight,1011,False,True,OSM-derived smoothed centreline
10100065,101,65,325.0,5.0,197.24081155836615,258.3023992090054,0.9175611043568677,-9.859091168883852e-05,straight,1011,False,True,OSM-derived smoothed centreline
10100066,101,66,330.0,5.0,200.28060962040843,262.27223890560845,0.9170486451361359,-0.00010639281850539494,straight,1011,False,True,OSM-derived smoothed centreline
10100067,101,67,335.0,5.0,203.3225190597832,266.2404609702558,0.916497175752264,-0.00011419497418558617,straight,1011,False,True,OSM-derived smoothed centreline
10100068,101,68,340.0,5.0,206.36669375322424,270.2069455269413,0.9159066950120023,-0.00012199735658176336,straight,1011,False,True,OSM-derived smoothed centreline
10100069,101,69,345.0,5.0,209.41328737786029,274.1715724316764,0.9152772018536155,-0.00012979993579951337,straight,1011,False,True,OSM-derived smoothed centreline
10100070,101,70,350.0,5.0,212.46245339637798,278.13422125508464,0.9146086953900526,-0.00013760267152613633,straight,1011,False,True,OSM-derived smoothed centreline
10100071,101,71,355.0,5.0,215.51434504195328,282.09477126517646,0.9139011749549972,-0.00014540551559240095,straight,1011,False,True,OSM-derived smoothed centreline
10100072,101,72,360.0,5.0,218.56911530293854,286.05310141031487,0.9131546401512857,-0.00015320840940895796,straight,1011,False,True,OSM-derived smoothed centreline
10100073,101,73,365.0,5.0,221.62691690578947,290.00909030354615,0.9123690940396697,-0.00016100711324615102,straight,1011,False,True,OSM-derived smoothed centreline
10100074,101,74,370.0,5.0,224.68790188609327,293.9626165260067,0.9115449806976246,-0.00016846850398115725,straight,1011,False,True,OSM-derived smoothed centreline
10100075,101,75,375.0,5.0,227.75220823043205,297.91356896455954,0.9106927623602413,-0.00017032975298211735,straight,1011,False,True,OSM-derived smoothed centreline
10100076,101,76,380.0,5.0,230.8198344916949,301.8619443021088,0.9098852120667054,-0.00014673870693251517,straight,1011,False,True,OSM-derived smoothed centreline
10100077,101,77,385.0,5.0,233.89029704507965,305.8081144679559,0.9092839590780964,-8.981583065842894e-05,straight,1011,False,True,OSM-derived smoothed centreline
10100078,101,78,390.0,5.0,236.96251172581168,309.752920774834,0.9090074235062123,-2.0191984668387595e-05,straight,1011,False,True,OSM-derived smoothed centreline
10100079,101,79,395.0,5.0,240.0351230875271,313.69741813250215,0.9090838633624658,5.07889649168419e-05,straight,1011,False,True,OSM-derived smoothed centreline
10100080,101,80,400.0,5.0,243.10673261900263,317.6426956272111,0.9095153486012122,0.00012180462217922912,straight,1011,False,True,OSM-derived smoothed centreline
10100081,101,81,405.0,5.0,246.17593876907,321.58984299809896,0.910301903195958,0.00019281645041623765,straight,1011,False,True,OSM-derived smoothed centreline
10100082,101,82,410.0,5.0,249.2413380446941,325.53994738544577,0.9114435030955726,0.00026382231049328975,straight,1011,False,True,OSM-derived smoothed centreline
10100083,101,83,415.0,5.0,252.3015239274331,329.494091778336,0.9129401107052573,0.0003348188763030041,straight,1011,False,True,OSM-derived smoothed centreline
10100084,101,84,420.0,5.0,255.35508579284541,333.45335346127047,0.9147916679724208,0.00040580121494689883,straight,1011,False,True,OSM-derived smoothed centreline
10100085,101,85,425.0,5.0,258.40060788803703,337.41880241790307,0.9169980481495134,0.0004767011779392298,straight,1011,False,True,OSM-derived smoothed centreline
10100086,101,86,430.0,5.0,261.43667582477264,341.3914940029512,0.9195507902541085,0.0005409671982583022,straight,1011,False,True,OSM-derived smoothed centreline
10100087,101,87,435.0,5.0,264.4621587879472,345.37225250965224,0.9222219359532344,0.00047789626475106944,straight,1011,False,True,OSM-derived smoothed centreline
10100088,101,88,440.0,5.0,267.4792582946561,349.3593702544115,0.9232043914116361,-0.0002501076392676087,straight,1011,False,True,OSM-derived smoothed centreline
10100089,101,89,445.0,5.0,270.5030752387764,353.34138947535024,0.9180518893345148,-0.001907417002001224,fast_corner,1011,False,True,OSM-derived smoothed centreline
10100090,101,90,450.0,5.0,273.56433858955535,357.29465312582005,0.9045202067560166,-0.0033151978394626645,fast_corner,1011,False,True,OSM-derived smoothed centreline
10100091,101,91,455.0,5.0,276.68775655522194,361.1989699512864,0.8877621326042097,-0.003154763796843073,fast_corner,1011,False,True,OSM-derived smoothed centreline
10100092,101,92,460.0,5.0,279.8734135367073,365.0526820260173,0.8716908341761379,-0.003991907057019193,fast_corner,1011,False,True,OSM-derived smoothed centreline
10100093,101,93,465.0,5.0,283.14935886988553,368.8296284688936,0.8333461414117828,-0.013072091478795126,corner,1011,False,True,OSM-derived smoothed centreline
10100094,101,94,470.0,5.0,286.6720065021448,372.3750893652724,0.7325188739759267,-0.02634697585587238,corner,1011,False,True,OSM-derived smoothed centreline
10100095,101,95,475.0,5.0,290.60860560923715,375.4514869285285,0.594350577264341,-0.0262782380237735,corner,1011,False,True,OSM-derived smoothed centreline
10100096,101,96,480.0,5.0,294.90549302969293,378.00353249850804,0.48557140330114873,-0.016868712768394422,corner,1011,False,True,OSM-derived smoothed centreline
10100097,101,97,485.0,5.0,299.40970815784965,380.1719869642612,0.4140414951863539,-0.014267752221017456,corner,1011,False,True,OSM-derived smoothed centreline
10100098,101,98,490.0,5.0,304.06276760899084,381.99817024387534,0.33106554968994556,-0.01720253427675532,corner,1011,False,True,OSM-derived smoothed centreline
10100099,101,99,495.0,5.0,308.84757346899573,383.4460421088315,0.2629528918565735,-0.010194279104586075,corner,1011,False,True,OSM-derived smoothed centreline
10100100,101,100,500.0,5.0,313.70574567176317,384.62642075914084,0.21325267101908243,-0.01034941825584467,corner,1011,False,True,OSM-derived smoothed centreline
10100101,101,101,505.0,5.0,318.6162439821976,385.5659897053669,0.16783334064925942,-0.0070085341035165585,corner,1011,False,True,OSM-derived smoothed centreline
10100102,101,102,510.0,5.0,323.5576530217367,386.32819824356795,0.13986536943510983,-0.005051294519021048,fast_corner,1011,False,True,OSM-derived smoothed centreline
10100103,101,103,515.0,5.0,328.51748626806096,386.95952371614766,0.1126615872373472,-0.005809900691978213,fast_corner,1011,False,True,OSM-derived smoothed centreline
10100104,101,104,520.0,5.0,333.4933944786638,387.4479331378935,0.08265162040428849,-0.00631403599554068,corner,1011,False,True,OSM-derived smoothed centreline
10100105,101,105,525.0,5.0,338.48236296472027,387.77614431003377,0.04758442631809234,-0.007564359263784004,corner,1011,False,True,OSM-derived smoothed centreline
10100106,101,106,530.0,5.0,343.47993152239496,387.92429406043806,0.013644085502316588,-0.0053093945165068055,fast_corner,1011,False,True,OSM-derived smoothed centreline
10100107,101,107,535.0,5.0,348.479835841868,387.9393292469857,-0.005837356007917888,-0.0032546495252959444,fast_corner,1011,False,True,OSM-derived smoothed centreline
10100108,101,108,540.0,5.0,353.47914488149445,387.8619008817245,-0.0274287832848069,-0.00590640794290532,fast_corner,1011,False,True,OSM-derived smoothed centreline
10100109,101,109,545.0,5.0,358.4737930170355,387.6368832972415,-0.06491884482130686,-0.008572674084306594,corner,1011,False,True,OSM-derived smoothed centreline
10100110,101,110,550.0,5.0,363.4551397152916,387.2091356788422,-0.10452929873936266,-0.006388133224544311,corner,1011,False,True,OSM-derived smoothed centreline
10100111,101,111,555.0,5.0,368.42098541815926,386.6264818540628,-0.12570370720420254,-0.002468568222020601,fast_corner,1011,False,True,OSM-derived smoothed centreline
10100112,101,112,560.0,5.0,373.3782423564909,385.9742410001618,-0.1355974463598055,-0.0019900445034688446,fast_corner,1011,False,True,OSM-derived smoothed centreline
10100113,101,113,565.0,5.0,378.32852153642295,385.27105390086166,-0.1469914755713431,-0.0023975573309925353,fast_corner,1011,False,True,OSM-derived smoothed centreline
10100114,101,114,570.0,5.0,383.2705908918964,384.5122683856504,-0.15669378382027088,-0.0012073769311083248,straight,1011,False,True,OSM-derived smoothed centreline
10100115,101,115,575.0,5.0,388.208289301248,383.72542045933335,-0.1576589108151599,0.0007997632594024445,straight,1011,False,True,OSM-derived smoothed centreline
10100116,101,116,580.0,5.0,393.1487505399834,382.95617905349326,-0.1504031813245745,0.0018210115818332651,fast_corner,1011,False,True,OSM-derived smoothed centreline
10100117,101,117,585.0,5.0,398.0954949492289,382.22845526199086,-0.14221385638910258,0.0012559314541540452,straight,1011,False,True,OSM-derived smoothed centreline
10100118,101,118,590.0,5.0,403.04656247155657,381.530668877168,-0.13878363940195987,0.00010646649517623516,straight,1011,False,True,OSM-derived smoothed centreline
10100119,101,119,595.0,5.0,407.998084969071,380.8361065465418,-0.14068053776191333,-0.0007713006482551108,straight,1011,False,True,OSM-derived smoothed centreline
10100120,101,120,600.0,5.0,412.9470858501876,380.1238253615762,-0.14541436497838225,-0.00102965365802451,straight,1011,False,True,OSM-derived smoothed centreline
10100121,101,121,605.0,5.0,417.89245220315905,379.38673584348015,-0.1504369451486138,-0.0009582199506684265,straight,1011,False,True,OSM-derived smoothed centreline
10100122,101,122,610.0,5.0,422.83424329152695,378.6260384662541,-0.1549268095943857,-0.0008365873228585623,straight,1011,False,True,OSM-derived smoothed centreline
10100123,101,123,615.0,5.0,427.77281060045175,377.8446788086717,-0.15880039392728235,-0.0007128290594269919,straight,1011,False,True,OSM-derived smoothed centreline
10100124,101,124,620.0,5.0,432.70856254881494,377.0457222969017,-0.16205504951686162,-0.0005890328831147514,straight,1011,False,True,OSM-derived smoothed centreline
10100125,101,125,625.0,5.0,437.64194079434884,376.23223278592985,-0.1646903713618227,-0.000464789545452925,straight,1011,False,True,OSM-derived smoothed centreline
10100126,101,126,630.0,5.0,442.57342128989734,375.40731326792894,-0.1666710598115952,-0.0003144380938665556,straight,1011,False,True,OSM-derived smoothed centreline
10100127,101,127,635.0,5.0,447.50370141186306,374.57524550325155,-0.16731569749406977,0.00018088442883962757,straight,1011,False,True,OSM-derived smoothed centreline
10100128,101,128,640.0,5.0,452.4351814608234,373.75034411096897,-0.16269384190560415,0.0019431110648570563,fast_corner,1011,False,True,OSM-derived smoothed centreline
10100129,101,129,645.0,5.0,457.37481671127046,372.9761181700506,-0.14575165058637757,0.004903709079463377,fast_corner,1011,False,True,OSM-derived smoothed centreline
10100130,101,130,650.0,5.0,462.3315783810288,372.32143452443773,-0.11512418300291678,0.006978380070886557,corner,1011,False,True,OSM-derived smoothed centreline
10100131,101,131,655.0,5.0,467.307555686773,371.83439199370093,-0.08037829592785382,0.006588178634569454,corner,1011,False,True,OSM-derived smoothed centreline
10100132,101,132,660.0,5.0,472.29690406032535,371.5110950747563,-0.04956736598476861,0.006000472881640087,fast_corner,1011,False,True,OSM-derived smoothed centreline
10100133,101,133,665.0,5.0,477.293859004375,371.3430720302099,-0.01609806662395012,0.00785642244485994,corner,1011,False,True,OSM-derived smoothed centreline
10100134,101,134,670.0,5.0,482.2933176099625,371.37405940276506,0.030868453172626997,0.010554958389800287,corner,1011,False,True,OSM-derived smoothed centreline
10100135,101,135,675.0,5.0,487.28487345118924,371.65600430275197,0.07957257071256585,0.0077136134811101875,corner,1011,False,True,OSM-derived smoothed centreline
10100136,101,136,680.0,5.0,492.2628511468508,372.1236001572578,0.10300307323272694,0.0022631523801262565,fast_corner,1011,False,True,OSM-derived smoothed centreline
10100137,101,137,685.0,5.0,497.23341784758793,372.6650569291021,0.11575760170372534,0.004263198903907437,fast_corner,1011,False,True,OSM-derived smoothed centreline
10100138,101,138,690.0,5.0,502.1900691733245,373.32001184159395,0.15178084607682782,0.009849317625883834,corner,1011,False,True,OSM-derived smoothed centreline
10100139,101,139,695.0,5.0,507.10998032183267,374.2079475144303,0.20621251889393066,0.010892084923444588,corner,1011,False,True,OSM-derived smoothed centreline
10100140,101,140,700.0,5.0,511.9771846612353,375.35082721858896,0.2513542879612044,0.006563411293625309,corner,1011,False,True,OSM-derived smoothed centreline
10100141,101,141,705.0,5.0,516.8043264462623,376.6538308170865,0.2726367345232861,0.0026987429522166316,fast_corner,1011,False,True,OSM-derived smoothed centreline
10100142,101,142,710.0,5.0,521.6102259515269,378.03328949382455,0.28755096084263665,0.003995860706830273,fast_corner,1011,False,True,OSM-derived smoothed centreline
10100143,101,143,715.0,5.0,526.3864022049287,379.5119895794158,0.3156082081468186,0.007147443174580778,corner,1011,False,True,OSM-derived smoothed centreline
10100144,101,144,720.0,5.0,531.1078100544979,381.1566799925327,0.356009510481916,0.00859711271863542,corner,1011,False,True,OSM-derived smoothed centreline
10100145,101,145,725.0,5.0,535.755961468398,382.99819671148197,0.39770185322519613,0.0077658389599180805,corner,1011,False,True,OSM-derived smoothed centreline
10100146,101,146,730.0,5.0,540.3299408118224,385.01718719597284,0.4323354270096442,0.0062369596579106516,fast_corner,1011,False,True,OSM-derived smoothed centreline
10100147,101,147,735.0,5.0,544.8363370547294,387.18291276597273,0.4644538555848821,0.007171515819664089,corner,1011,False,True,OSM-derived smoothed centreline
10100148,101,148,740.0,5.0,549.260295899024,389.5120671515364,0.506947618169084,0.009694200688825151,corner,1011,False,True,OSM-derived smoothed centreline
10100149,101,149,745.0,5.0,553.5689057095341,392.04796795757426,0.5571212651525005,0.009867996849200639,corner,1011,False,True,OSM-derived smoothed centreline
10100150,101,150,750.0,5.0,557.749606913267,394.7898010476218,0.602240075081123,0.008019008959322513,corner,1011,False,True,OSM-derived smoothed centreline
10100151,101,151,755.0,5.0,561.8176077181303,397.69651604929686,0.6366830111774514,0.005742466497144532,fast_corner,1011,False,True,OSM-derived smoothed centreline
10100152,101,152,760.0,5.0,565.8005147806521,400.71899581385617,0.6597734393347109,0.0035432291673538198,fast_corner,1011,False,True,OSM-derived smoothed centreline
10100153,101,153,765.0,5.0,569.7284733162714,403.8126642308977,0.6731981627740149,0.0019926559768517938,fast_corner,1011,False,True,OSM-derived smoothed centreline
10100154,101,154,770.0,5.0,573.6241054713349,406.94697735147787,0.6813626618510291,0.0014000686158501879,straight,1011,False,True,OSM-derived smoothed centreline
10100155,101,155,775.0,5.0,577.4971934124802,410.1091135917868,0.6878622836715068,0.0012227616611377274,straight,1011,False,True,OSM-derived smoothed centreline
10100156,101,156,780.0,5.0,581.3508292034251,413.2949296543646,0.6936595193913918,0.0010971525131238961,straight,1011,False,True,OSM-derived smoothed centreline
10100157,101,157,785.0,5.0,585.1869299844511,416.50184050460825,0.6988361607720945,0.0009735641266012914,straight,1011,False,True,OSM-derived smoothed centreline
10100158,101,158,790.0,5.0,589.0073751614628,419.7273880655436,0.7033957412990223,0.0008503258469741547,straight,1011,False,True,OSM-derived smoothed centreline
10100159,101,159,795.0,5.0,592.8140723595037,422.9691507535059,0.707339980825946,0.0007274244364976755,straight,1011,False,True,OSM-derived smoothed centreline
10100160,101,160,800.0,5.0,596.6089539740439,426.2247384642057,0.7106705034163684,0.0006048334352517766,straight,1011,False,True,OSM-derived smoothed centreline
10100161,101,161,805.0,5.0,600.3939729995387,429.49178853917687,0.7133887677575453,0.00048251355680276975,straight,1011,False,True,OSM-derived smoothed centreline
10100162,101,162,810.0,5.0,604.1710991795895,432.76796144842007,0.7154960087291107,0.0003604149557965223,straight,1011,False,True,OSM-derived smoothed centreline
10100163,101,163,815.0,5.0,607.9423154282315,436.05093624483453,0.716993190141293,0.0002384794291802205,straight,1011,False,True,OSM-derived smoothed centreline
10100164,101,164,820.0,5.0,611.7096144695344,439.33840584123664,0.7178809683324051,0.0001166425592167508,straight,1011,False,True,OSM-derived smoothed centreline
10100165,101,165,825.0,5.0,615.4749956409652,442.6280721568712,0.7181596663656082,-5.164188825436765e-06,straight,1011,False,True,OSM-derived smoothed centreline
10100166,101,166,830.0,5.0,619.2404618047657,445.91764117737614,0.717829258641104,-0.00012701139694382246,straight,1011,False,True,OSM-derived smoothed centreline
10100167,101,167,835.0,5.0,623.0080163108069,449.20481797021125,0.7168893658115361,-0.00024896964122055076,straight,1011,False,True,OSM-derived smoothed centreline
10100168,101,168,840.0,5.0,626.7796599539563,452.4873016966509,0.7153392599888228,-0.0003711074272969692,straight,1011,False,True,OSM-derived smoothed centreline
10100169,101,169,845.0,5.0,630.5573878688757,455.76278066157107,0.7131778803088031,-0.0004934891066171282,straight,1011,False,True,OSM-derived smoothed centreline
10100170,101,170,850.0,5.0,634.3431863053812,459.0289274434529,0.7104038590147567,-0.0006161727522113765,straight,1011,False,True,OSM-derived smoothed centreline
10100171,101,171,855.0,5.0,638.1390292280777,462.2833941492483,0.7070155583025509,-0.0007392079732456374,straight,1011,False,True,OSM-derived smoothed centreline
10100172,101,172,860.0,5.0,641.946874684971,465.5238078420013,0.7030111182369759,-0.0008626336665166799,straight,1011,False,True,OSM-derived smoothed centreline
10100173,101,173,865.0,5.0,645.7686608913281,468.7477661933332,0.6983885161083542,-0.0009864756881275707,straight,1011,False,True,OSM-derived smoothed centreline
10100174,101,174,870.0,5.0,649.6063019772683,471.95283341800166,0.6931456376272793,-0.0011107444399067591,straight,1011,False,True,OSM-derived smoothed centreline
10100175,101,175,875.0,5.0,653.4616833506725,475.1365365536591,0.6872803603614129,-0.0012354323851653196,straight,1011,False,True,OSM-derived smoothed centreline
10100176,101,176,880.0,5.0,657.3366566311337,478.2963621554797,0.6807906497922682,-0.0013605114842343,straight,1011,False,True,OSM-derived smoothed centreline
10100177,101,177,885.0,5.0,661.2330341161229,481.4297534823516,0.673674668289791,-0.0014859305885232285,fast_corner,1011,False,True,OSM-derived smoothed centreline
10100178,101,178,890.0,5.0,665.1525827475157,484.53410825854417,0.6659308971901723,-0.001611612814244982,fast_corner,1011,False,True,OSM-derived smoothed centreline
10100179,101,179,895.0,5.0,669.0970175553965,487.6067771018835,0.6575582719753826,-0.0017374529350632887,fast_corner,1011,False,True,OSM-derived smoothed centreline
10100180,101,180,900.0,5.0,673.0679945668809,490.6450627160642,0.6485563303125343,-0.0018633148552860248,fast_corner,1011,False,True,OSM-derived smoothed centreline
10100181,101,181,905.0,5.0,677.0671031807522,493.64621995034497,0.6389253723931164,-0.0019890292339663,fast_corner,1011,False,True,OSM-derived smoothed centreline
10100182,101,182,910.0,5.0,681.0958580242494,496.6074568339157,0.6286666326178242,-0.0021143913459101965,fast_corner,1011,False,True,OSM-derived smoothed centreline
10100183,101,183,915.0,5.0,685.155690326364,499.5259366940581,0.6177824612068087,-0.002239159277538151,fast_corner,1011,False,True,OSM-derived smoothed centreline
10100184,101,184,920.0,5.0,689.2479388625727,502.398781466099,0.6062765137617099,-0.0023630525757187214,fast_corner,1011,False,True,OSM-derived smoothed centreline
10100185,101,185,925.0,5.0,693.3738405488325,505.22307629831533,0.5941539461757955,-0.002485751519229503,fast_corner,1011,False,True,OSM-derived smoothed centreline
10100186,101,186,930.0,5.0,697.5345209115692,507.9958753575116,0.5814211941557602,-0.0026075282336269472,fast_corner,1011,False,True,OSM-derived smoothed centreline
10100187,101,187,935.0,5.0,701.7310322805464,510.71413460835373,0.5680094347024391,-0.0027885120317839756,fast_corner,1011,False,True,OSM-derived smoothed centreline
10100188,101,188,940.0,5.0,705.9660195317147,513.3720244825373,0.55192321975645,-0.004070720484179819,fast_corner,1011,False,True,OSM-derived smoothed centreline
10100189,101,189,945.0,5.0,710.2599171337818,515.9333223346242,0.5183384409002812,-0.010609453472470613,corner,1011,False,True,OSM-derived smoothed centreline
10100190,101,190,950.0,5.0,714.689276449743,518.2499480465999,0.4346855895902067,-0.02335682415816241,corner,1011,False,True,OSM-derived smoothed centreline
10100191,101,191,955.0,5.0,719.3531450890603,520.0405696057923,0.29093423228401066,-0.032108352089106125,corner,1011,False,True,OSM-derived smoothed centreline
10100192,101,192,960.0,5.0,724.2359127077688,521.0948915487066,0.13807328885783224,-0.02836897971625458,corner,1011,False,True,OSM-derived smoothed centreline
10100193,101,193,965.0,5.0,729.2208985320406,521.4154773248089,-0.017217729659245215,-0.03715027871777096,corner,1011,False,True,OSM-derived smoothed centreline
10100194,101,194,970.0,5.0,734.1742091467031,520.8084939477826,-0.23470869559176447,-0.046338164305055426,corner,1011,False,True,OSM-derived smoothed centreline
10100195,101,195,975.0,5.0,738.8712353102144,519.1211584111929,-0.4471920335844144,-0.03750664790057253,corner,1011,False,True,OSM-derived smoothed centreline
10100196,101,196,980.0,5.0,743.167098409583,516.5742770691138,-0.6202079387534353,-0.03425921569722674,corner,1011,False,True,OSM-derived smoothed centreline
10100197,101,197,985.0,5.0,746.9392481700276,513.3044027889767,-0.8194315698972389,-0.04695663244135293,corner,1011,False,True,OSM-derived smoothed centreline
10100198,101,198,990.0,5.0,749.8779591655975,509.27366461915346,-1.0578768728713994,-0.0417245038925276,corner,1011,False,True,OSM-derived smoothed centreline
10100199,101,199,995.0,5.0,751.9639889573947,504.7340760101159,-1.199864432310075,-0.01570928038139987,corner,1011,False,True,OSM-derived smoothed centreline
10100200,101,200,1000.0,5.0,753.6559501837024,500.0294025251566,-1.2414608922724835,-0.0037403053484554648,fast_corner,1011,False,True,OSM-derived smoothed centreline
10100201,101,201,1005.0,5.0,755.2406246652175,495.287195959748,-1.2536690010399294,-0.001822750857499502,fast_corner,1011,False,True,OSM-derived smoothed centreline
10100202,101,202,1010.0,5.0,756.7796839834334,490.52997386326507,-1.2618814533170435,-0.001501963441328554,fast_corner,1011,False,True,OSM-derived smoothed centreline
10100203,101,203,1015.0,5.0,758.2828838394147,485.7612953298438,-1.268781971016967,-0.0012606803561040123,straight,1011,False,True,OSM-derived smoothed centreline
10100204,101,204,1020.0,5.0,759.7559772933863,480.98322771128176,-1.2745040054866534,-0.0010290210841625183,straight,1011,False,True,OSM-derived smoothed centreline
10100205,101,205,1025.0,5.0,761.2044645790847,476.19764073064994,-1.2790755911680836,-0.0007996704450471041,straight,1011,False,True,OSM-derived smoothed centreline
10100206,101,206,1030.0,5.0,762.6338065938153,471.40629875710414,-1.282500585556277,-0.0005702983242583814,straight,1011,False,True,OSM-derived smoothed centreline
10100207,101,207,1035.0,5.0,764.0494810127695,466.6108993444365,-1.2847783242507622,-0.00034077551571156734,straight,1011,False,True,OSM-derived smoothed centreline
10100208,101,208,1040.0,5.0,765.4569830428987,461.8130940705771,-1.2859081589160772,-0.00011114194026342097,straight,1011,False,True,OSM-derived smoothed centreline
10100209,101,209,1045.0,5.0,766.8618189132179,457.0145071806109,-1.2858895983920695,0.00011857976508183509,straight,1011,False,True,OSM-derived smoothed centreline
10100210,101,210,1050.0,5.0,768.2694996795667,452.2167543630597,-1.284722241000558,0.00034837397272820074,straight,1011,False,True,OSM-derived smoothed centreline
10100211,101,211,1055.0,5.0,769.685535239638,447.4214616166195,-1.2824057758446432,0.0005782175221650681,straight,1011,False,True,OSM-derived smoothed centreline
10100212,101,212,1060.0,5.0,771.115428105718,442.63028406489906,-1.2789400568881546,0.0008080651511590477,straight,1011,False,True,OSM-derived smoothed centreline
10100213,101,213,1065.0,5.0,772.5646664809808,437.8449245694099,-1.2743252498872886,0.0010378349343307975,straight,1011,False,True,OSM-derived smoothed centreline
10100214,101,214,1070.0,5.0,774.0387161909962,433.0671519727933,-1.268562051978598,0.0012673938204223452,straight,1011,False,True,OSM-derived smoothed centreline
10100215,101,215,1075.0,5.0,775.5430110354337,428.29881877515345,-1.2616519834896502,0.001496526680858352,fast_corner,1011,False,True,OSM-derived smoothed centreline
10100216,101,216,1080.0,5.0,777.0829898512827,423.54189391432766,-1.2535423894373794,0.0017775854779962168,fast_corner,1011,False,True,OSM-derived smoothed centreline
10100217,101,217,1085.0,5.0,778.6672959752365,418.7995617109858,-1.2418606108224421,0.003547253649469753,fast_corner,1011,False,True,OSM-derived smoothed centreline
10100218,101,218,1090.0,5.0,780.3531923619272,414.0926699726553,-1.202973869511745,0.01421286742817498,corner,1011,False,True,OSM-derived smoothed centreline
10100219,101,219,1095.0,5.0,782.3815564858136,409.52548109892393,-1.0888261603539193,0.030372599303881163,corner,1011,False,True,OSM-derived smoothed centreline
10100220,101,220,1100.0,5.0,785.0511513653289,405.30451162995354,-0.9213653962346808,0.03492069219226026,corner,1011,False,True,OSM-derived smoothed centreline
10100221,101,221,1105.0,5.0,788.410550303326,401.6097963410064,-0.7431063199678941,0.03641211347753995,corner,1011,False,True,OSM-derived smoothed centreline
10100222,101,222,1110.0,5.0,792.3791203864566,398.5791695619502,-0.561801071599592,0.03608938532024665,corner,1011,False,True,OSM-derived smoothed centreline
10100223,101,223,1115.0,5.0,796.8361756760415,396.3300100177715,-0.3660076841683677,0.044044072907704436,corner,1011,False,True,OSM-derived smoothed centreline
10100224,101,224,1120.0,5.0,801.6722174215271,395.10816044796286,-0.12186649700365702,0.05255763214847942,corner,1011,False,True,OSM-derived smoothed centreline
10100225,101,225,1125.0,5.0,806.6570467474382,395.171718587072,0.1489139627589724,0.054259826279014454,corner,1011,False,True,OSM-derived smoothed centreline
10100226,101,226,1130.0,5.0,811.4505016136793,396.54743210036656,0.40363875474158656,0.04682845167245393,corner,1011,False,True,OSM-derived smoothed centreline
10100227,101,227,1135.0,5.0,815.7950014965182,399.0034393923654,0.6199454733073485,0.040177827876768366,corner,1011,False,True,OSM-derived smoothed centreline
10100228,101,228,1140.0,5.0,819.5643256469276,402.27811126114057,0.8050881286737631,0.033490258302022485,corner,1011,False,True,OSM-derived smoothed centreline
10100229,101,229,1145.0,5.0,822.7422181611032,406.13287033452696,0.9491613265605076,0.023305417978598118,corner,1011,False,True,OSM-derived smoothed centreline
10100230,101,230,1150.0,5.0,825.4599066331846,410.328179969244,1.0310408049173536,0.00950693294847037,corner,1011,False,True,OSM-derived smoothed centreline
10100231,101,231,1155.0,5.0,827.9572761637933,414.65963499921605,1.061221778271192,0.005624562335728816,fast_corner,1011,False,True,OSM-derived smoothed centreline
10100232,101,232,1160.0,5.0,830.3100801880332,419.07101089154537,1.1057723166452529,0.011416112299690247,corner,1011,False,True,OSM-derived smoothed centreline
10100233,101,233,1165.0,5.0,832.4337196749087,423.5970868373714,1.1538280245546235,0.0063456950614282645,corner,1011,False,True,OSM-derived smoothed centreline
10100234,101,234,1170.0,5.0,834.4083410836741,428.19058399126925,1.17239563362949,0.002279479797319131,fast_corner,1011,False,True,OSM-derived smoothed centreline
10100235,101,235,1175.0,5.0,836.3222231056401,432.8097615959052,1.1836459667891308,0.0021989305322215346,fast_corner,1011,False,True,OSM-derived smoothed centreline
10100236,101,236,1180.0,5.0,838.1900032513875,437.4477884353233,1.1906332198994658,0.0003476396621951992,straight,1011,False,True,OSM-derived smoothed centreline
10100237,101,237,1185.0,5.0,840.0453816446266,442.0908015462095,1.190798241868037,0.0006041101841751995,straight,1011,False,True,OSM-derived smoothed centreline
10100238,101,238,1190.0,5.0,841.8782055040398,446.74272740849136,1.2037156502867805,0.004718259447422801,fast_corner,1011,False,True,OSM-derived smoothed centreline
10100239,101,239,1195.0,5.0,843.6059104004804,451.4345479108551,1.2337765483268195,0.006579025091627467,corner,1011,False,True,OSM-derived smoothed centreline
10100240,101,240,1200.0,5.0,845.1851922392221,456.1783906401163,1.2638071137735112,0.005115079401042654,fast_corner,1011,False,True,OSM-derived smoothed centreline
10100241,101,241,1205.0,5.0,846.6439736178771,460.9607704678641,1.283762279563038,0.0028639131476947727,fast_corner,1011,False,True,OSM-derived smoothed centreline
10100242,101,242,1210.0,5.0,848.0333228887989,465.7638458408058,1.2931605649562017,0.0010736395152490471,straight,1011,False,True,OSM-derived smoothed centreline
10100243,101,243,1215.0,5.0,849.3932506205749,470.5753489759702,1.2974921245834088,0.0010410604450616671,straight,1011,False,True,OSM-derived smoothed centreline
10100244,101,244,1220.0,5.0,850.7246414441399,475.39481368279434,1.3063860984338471,0.0026039125828311,fast_corner,1011,False,True,OSM-derived smoothed centreline
10100245,101,245,1225.0,5.0,851.9949897941608,480.23069131655126,1.3220598722458379,0.0033387041168403673,fast_corner,1011,False,True,OSM-derived smoothed centreline
10100246,101,246,1230.0,5.0,853.1883305081993,485.08615276264726,1.336644761526314,0.0023069376611699094,fast_corner,1011,False,True,OSM-derived smoothed centreline
10100247,101,247,1235.0,5.0,854.3251970114669,489.95517560097665,1.3454483774860018,0.001456695920326123,fast_corner,1011,False,True,OSM-derived smoothed centreline
10100248,101,248,1240.0,5.0,855.4225528369934,494.83325448707444,1.3544301173917748,0.002428747819429382,fast_corner,1011,False,True,OSM-derived smoothed centreline
10100249,101,249,1245.0,5.0,856.4591031449743,499.724574741453,1.370943813598299,0.0041157393585018786,fast_corner,1011,False,True,OSM-derived smoothed centreline
10100250,101,250,1250.0,5.0,857.3968704327414,504.6357381044255,1.3939322027171894,0.004880596857755586,fast_corner,1011,False,True,OSM-derived smoothed centreline
10100251,101,251,1255.0,5.0,858.2163487373647,509.5680060205149,1.4182547928788185,0.004741822293036143,fast_corner,1011,False,True,OSM-derived smoothed centreline
10100252,101,252,1260.0,5.0,858.9197341319517,514.5181835129449,1.4404792541733893,0.004070256356489192,fast_corner,1011,False,True,OSM-derived smoothed centreline
10100253,101,253,1265.0,5.0,859.5228544227583,519.4816095030934,1.458469212694279,0.0031144159293359803,fast_corner,1011,False,True,OSM-derived smoothed centreline
10100254,101,254,1270.0,5.0,860.0482802814278,524.4538895249693,1.4718889048567072,0.0023100080691952313,fast_corner,1011,False,True,OSM-derived smoothed centreline
10100255,101,255,1275.0,5.0,860.5153904980659,529.4320010698249,1.4822654556253216,0.0019342056205599201,fast_corner,1011,False,True,OSM-derived smoothed centreline
10100256,101,256,1280.0,5.0,860.9323701605834,534.4145616109715,1.4928459547398507,0.002558670018904971,fast_corner,1011,False,True,OSM-derived smoothed centreline
10100257,101,257,1285.0,5.0,861.2825735759342,539.4022223417173,1.5101018382517686,0.004334301881023613,fast_corner,1011,False,True,OSM-derived smoothed centreline
10100258,101,258,1290.0,5.0,861.5301850099977,544.3959895937605,1.5318215701185516,0.003643392585222913,fast_corner,1011,False,True,OSM-derived smoothed centreline
10100259,101,259,1295.0,5.0,861.6900978052323,549.3934023074202,1.5442381386968207,0.001991207895627713,fast_corner,1011,False,True,OSM-derived smoothed centreline
10100260,101,260,1300.0,5.0,861.7842355325165,554.3924403870545,1.564020017136114,0.007018714902174343,corner,1011,False,True,OSM-derived smoothed centreline
10100261,101,261,1305.0,5.0,861.7013935902349,559.3912079369769,1.6157804167235295,0.01300746943149106,corner,1011,False,True,OSM-derived smoothed centreline
10100262,101,262,1310.0,5.0,861.3016266857635,564.3741472402295,1.688150910948717,0.015771148342374516,corner,1011,False,True,OSM-derived smoothed centreline
10100263,101,263,1315.0,5.0,860.5114807249714,569.3098715062998,1.7724920762743934,0.017605040602610502,corner,1011,False,True,OSM-derived smoothed centreline
10100264,101,264,1320.0,5.0,859.2914857538959,574.1570408686013,1.8639649227119472,0.019881688953016615,corner,1011,False,True,OSM-derived smoothed centreline
10100265,101,265,1325.0,5.0,857.5856007688318,578.8541676842607,1.9797307223648923,0.025921495050249727,corner,1011,False,True,OSM-derived smoothed centreline
10100266,101,266,1330.0,5.0,855.3019705218106,583.2983006375856,2.1113666346671347,0.026471559606282995,corner,1011,False,True,OSM-derived smoothed centreline
10100267,101,267,1335.0,5.0,852.4506990306744,587.4013068927821,2.2438529180062288,0.02478670031346616,corner,1011,False,True,OSM-derived smoothed centreline
10100268,101,268,1340.0,5.0,849.1356251222359,591.1420044788057,2.336615520575249,0.011675896270766942,corner,1011,False,True,OSM-derived smoothed centreline
10100269,101,269,1345.0,5.0,845.5947644122788,594.6718390585909,2.3731938890148276,0.004719829314122108,fast_corner,1011,False,True,OSM-derived smoothed centreline
10100270,101,270,1350.0,5.0,841.963389741413,598.1087435272049,2.3933917926439836,0.0036358799296201025,fast_corner,1011,False,True,OSM-derived smoothed centreline
10100271,101,271,1355.0,5.0,838.2703729441863,601.4793681201314,2.409391379664214,0.002643109410108678,fast_corner,1011,False,True,OSM-derived smoothed centreline
10100272,101,272,1360.0,5.0,834.533927296417,604.8018359232946,2.418846942605712,0.0010825415405368848,straight,1011,False,True,OSM-derived smoothed centreline
10100273,101,273,1365.0,5.0,830.7797085582895,608.1042345976782,2.419997928890859,-0.0006252189150681179,straight,1011,False,True,OSM-derived smoothed centreline
10100274,101,274,1370.0,5.0,827.0357505839943,611.4182457845365,2.4127145155383447,-0.0022462421330551375,fast_corner,1011,False,True,OSM-derived smoothed centreline
10100275,101,275,1375.0,5.0,823.3284058810044,614.7731213329155,2.398588817872506,-0.003215473990051836,fast_corner,1011,False,True,OSM-derived smoothed centreline
10100276,101,276,1380.0,5.0,819.6735972729972,618.1851390720914,2.382740880602552,-0.0029243754905074145,fast_corner,1011,False,True,OSM-derived smoothed centreline
10100277,101,277,1385.0,5.0,816.0680581805171,621.6492099247993,2.3705130826625247,-0.0019171102188862317,fast_corner,1011,False,True,OSM-derived smoothed centreline
10100278,101,278,1390.0,5.0,812.4957489605166,625.147568670394,2.363729935796424,-0.0007934446495603627,straight,1011,False,True,OSM-derived smoothed centreline
10100279,101,279,1395.0,5.0,808.9373390753973,628.6600771161977,2.3625806865361594,0.0003325077263042109,straight,1011,False,True,OSM-derived smoothed centreline
10100280,101,280,1400.0,5.0,805.373153910417,632.1667200069163,2.3669817713810493,0.0014043102277943966,straight,1011,False,True,OSM-derived smoothed centreline
10100281,101,281,1405.0,5.0,801.7849548249229,635.6487684606166,2.376023011854923,0.00210351056116062,fast_corner,1011,False,True,OSM-derived smoothed centreline
10100282,101,282,1410.0,5.0,798.1614484197012,639.094050573402,2.3867432870972993,0.002066662084553214,fast_corner,1011,False,True,OSM-derived smoothed centreline
10100283,101,283,1415.0,5.0,794.5031173122786,642.5023407301487,2.3959898066433993,0.0016016887670730379,fast_corner,1011,False,True,OSM-derived smoothed centreline
10100284,101,284,1420.0,5.0,790.8176777842853,645.8813119125963,2.4026611758019616,0.0010652070405194928,straight,1011,False,True,OSM-derived smoothed centreline
10100285,101,285,1425.0,5.0,787.1142852862913,649.2406052981604,2.406647881384221,0.0005329580877882366,straight,1011,False,True,OSM-derived smoothed centreline
10100286,101,286,1430.0,5.0,783.401859137443,652.5899168334472,2.40810737871488,7.669562158615985e-05,straight,1011,False,True,OSM-derived smoothed centreline
10100287,101,287,1435.0,5.0,779.6878196753856,655.9374398916639,2.407804641556481,-0.00015198800512072403,straight,1011,False,True,OSM-derived smoothed centreline
10100288,101,288,1440.0,5.0,775.9760405026205,659.2874688165134,2.4069270886596326,-0.0001797588310927908,straight,1011,False,True,OSM-derived smoothed centreline
10100289,101,289,1445.0,5.0,772.2672136788092,662.6407660245625,2.406083907305316,-0.00015560081679763993,straight,1011,False,True,OSM-derived smoothed centreline
10100290,101,290,1450.0,5.0,768.5609937943011,665.9969443814671,2.405375460294216,-0.00012778923309704406,straight,1011,False,True,OSM-derived smoothed centreline
10100291,101,291,1455.0,5.0,764.8569209453543,669.3554922337277,2.4048035994905117,-0.00010161213886294221,straight,1011,False,True,OSM-derived smoothed centreline
10100292,101,292,1460.0,5.0,761.1545654391545,672.7159331705379,2.4043467622579433,-8.293720600516054e-05,straight,1011,False,True,OSM-derived smoothed centreline
10100293,101,293,1465.0,5.0,757.4536178377666,676.0779246264877,2.4039576640528066,-7.388822144423832e-05,straight,1011,False,True,OSM-derived smoothed centreline
10100294,101,294,1470.0,5.0,753.7539171124797,679.441288164783,2.4036022171825087,-6.847383451290338e-05,straight,1011,False,True,OSM-derived smoothed centreline
10100295,101,295,1475.0,5.0,750.0553684757839,682.8059185701098,2.403272424658075,-6.344981523983642e-05,straight,1011,False,True,OSM-derived smoothed centreline
10100296,101,296,1480.0,5.0,746.3578874553256,686.1717221766244,2.4029677081238017,-5.843682891008489e-05,straight,1011,False,True,OSM-derived smoothed centreline
10100297,101,297,1485.0,5.0,742.6613900252023,689.5386059870139,2.40268805608393,-5.342401606641196e-05,straight,1011,False,True,OSM-derived smoothed centreline
10100298,101,298,1490.0,5.0,738.965792087476,692.9064770880242,2.4024334676826244,-4.84113728541148e-05,straight,1011,False,True,OSM-derived smoothed centreline
10100299,101,299,1495.0,5.0,735.2710094727588,696.275242637094,2.40220394208364,-4.33988940273412e-05,straight,1011,False,True,OSM-derived smoothed centreline
10100300,101,300,1500.0,5.0,731.5769579471284,699.6448098559458,2.401999478481722,-3.838657286091063e-05,straight,1011,False,True,OSM-derived smoothed centreline
10100301,101,301,1505.0,5.0,727.8835532190097,703.0150860241444,2.401820076106354,-3.337440196834893e-05,straight,1011,False,True,OSM-derived smoothed centreline
10100302,101,302,1510.0,5.0,724.1907109460279,706.3859784726237,2.4016657342299967,-2.836237165887716e-05,straight,1011,False,True,OSM-derived smoothed centreline
10100303,101,303,1515.0,5.0,720.4983467418308,709.7573945771886,2.40153645217292,-2.3350472498822642e-05,straight,1011,False,True,OSM-derived smoothed centreline
10100304,101,304,1520.0,5.0,716.8063761828955,713.1292417519894,2.401432229306692,-1.8338693384962575e-05,straight,1011,False,True,OSM-derived smoothed centreline
10100305,101,305,1525.0,5.0,713.1147148153082,716.5014274429788,2.401353065060141,-1.332702294549151e-05,straight,1011,False,True,OSM-derived smoothed centreline
10100306,101,306,1530.0,5.0,709.4232781615334,719.8738591213519,2.4012989589204543,-8.315448491039167e-06,straight,1011,False,True,OSM-derived smoothed centreline
10100307,101,307,1535.0,5.0,705.7319817271652,723.2464442769731,2.4012699104373025,-3.3039579935337354e-06,straight,1011,False,True,OSM-derived smoothed centreline
10100308,101,308,1540.0,5.0,702.0407410076739,726.6190904117939,2.4012659192237447,1.7074615363060334e-06,straight,1011,False,True,OSM-derived smoothed centreline
10100309,101,309,1545.0,5.0,698.3494714951439,729.991705033265,2.4012869849562777,6.718822775906208e-06,straight,1011,False,True,OSM-derived smoothed centreline
10100310,101,310,1550.0,5.0,694.6580886850086,733.3641956477464,2.4013331073762885,1.173013854006878e-05,straight,1011,False,True,OSM-derived smoothed centreline
10100311,101,311,1555.0,5.0,690.9665080827891,736.7364697539197,2.4014042862886136,1.6741421897943947e-05,straight,1011,False,True,OSM-derived smoothed centreline
10100312,101,312,1560.0,5.0,687.2746452108341,740.1084348362031,2.40150052156099,2.17526844749382e-05,straight,1011,False,True,OSM-derived smoothed centreline
10100313,101,313,1565.0,5.0,683.582415615069,743.4799983581786,2.4016218131199527,2.6763938551182903e-05,straight,1011,False,True,OSM-derived smoothed centreline
10100314,101,314,1570.0,5.0,679.8897348717567,746.8510677560279,2.4017681609509656,3.177519504380515e-05,straight,1011,False,True,OSM-derived smoothed centreline
10100315,101,315,1575.0,5.0,676.1965185942713,750.2215504319869,2.4019395650919098,3.678646423892319e-05,straight,1011,False,True,OSM-derived smoothed centreline
10100316,101,316,1580.0,5.0,672.5026824398913,753.5913537478177,2.4021360256300555,4.179775533932779e-05,straight,1011,False,True,OSM-derived smoothed centreline
10100317,101,317,1585.0,5.0,668.8081421166137,756.9603850183046,2.4023575426968313,4.680907698465457e-05,straight,1011,False,True,OSM-derived smoothed centreline
10100318,101,318,1590.0,5.0,665.1128133899927,760.3285515047767,2.4026041164618217,5.182043578200239e-05,straight,1011,False,True,OSM-derived smoothed centreline
10100319,101,319,1595.0,5.0,661.4166120900062,763.6957604086607,2.4028757471259596,5.68318377205199e-05,straight,1011,False,True,OSM-derived smoothed centreline
10100320,101,320,1600.0,5.0,657.7194541179556,767.0619188650668,2.403172434914227,6.184328612328252e-05,straight,1011,False,True,OSM-derived smoothed centreline
10100321,101,321,1605.0,5.0,654.0212554533966,770.426933936414,2.4034941800674754,6.685478354020454e-05,straight,1011,False,True,OSM-derived smoothed centreline
10100322,101,322,1610.0,5.0,650.3219321611128,773.7907126060952,2.4038409828327585,7.186633078251993e-05,straight,1011,False,True,OSM-derived smoothed centreline
10100323,101,323,1615.0,5.0,646.6214003981272,777.1531617721874,2.4042128434553094,7.687792596219517e-05,straight,1011,False,True,OSM-derived smoothed centreline
10100324,101,324,1620.0,5.0,642.9195764207602,780.5141882412117,2.404609762166493,8.18895654803107e-05,straight,1011,False,True,OSM-derived smoothed centreline
10100325,101,325,1625.0,5.0,639.2163765917344,783.8736987219443,2.4050317391731197,8.690124291465512e-05,straight,1011,False,True,OSM-derived smoothed centreline
10100326,101,326,1630.0,5.0,635.5117173873535,787.2315998193105,2.405478774544958,9.191271771735823e-05,straight,1011,False,True,OSM-derived smoothed centreline
10100327,101,327,1635.0,5.0,631.8055154361003,790.5877980629824,2.4059508241376815,9.688575894912053e-05,straight,1011,False,True,OSM-derived smoothed centreline
10100328,101,328,1640.0,5.0,628.097688994427,793.9422015251203,2.4064464208658682,0.00010098047475984358,straight,1011,False,True,OSM-derived smoothed centreline
10100329,101,329,1645.0,5.0,624.3881766842493,797.2947405492461,2.4069517647766516,9.963751609931958e-05,straight,1011,False,True,OSM-derived smoothed centreline
10100330,101,330,1650.0,5.0,620.6770089148071,800.6454469427919,2.4074259823680624,8.85817685315052e-05,straight,1011,False,True,OSM-derived smoothed centreline
10100331,101,331,1655.0,5.0,616.9643642371208,803.9945168392653,2.4078292970231474,7.240824013303814e-05,straight,1011,False,True,OSM-derived smoothed centreline
10100332,101,332,1660.0,5.0,613.2505080810045,807.342243268805,2.4081490067249143,5.545762514790838e-05,straight,1011,False,True,OSM-derived smoothed centreline
10100333,101,333,1665.0,5.0,609.5357237980775,810.6889397923682,2.4083838389179184,3.847511547715718e-05,straight,1011,False,True,OSM-derived smoothed centreline
10100334,101,334,1670.0,5.0,605.8202957564151,814.0349216246678,2.408533757772833,2.1492417736037636e-05,straight,1011,False,True,OSM-derived smoothed centreline
10100335,101,335,1675.0,5.0,602.1045081673888,817.3805041725344,2.408598762982727,4.509650253158039e-06,straight,1011,False,True,OSM-derived smoothed centreline
10100336,101,336,1680.0,5.0,598.3886451418579,820.7260029357233,2.408578854085998,-1.2473232667219428e-05,straight,1011,False,True,OSM-derived smoothed centreline
10100337,101,337,1685.0,5.0,594.6729907712715,824.0717334353554,2.4084740303878873,-2.9456277888218537e-05,straight,1011,False,True,OSM-derived smoothed centreline
10100338,101,338,1690.0,5.0,590.9578292088195,827.4180111424023,2.4082842909673015,-4.643952824995515e-05,straight,1011,False,True,OSM-derived smoothed centreline
10100339,101,339,1695.0,5.0,587.2434447504878,830.7651514060657,2.408009634713535,-6.342301564914334e-05,straight,1011,False,True,OSM-derived smoothed centreline
10100340,101,340,1700.0,5.0,583.5301219158958,834.1134693819023,2.407650060391076,-8.040675645083829e-05,straight,1011,False,True,OSM-derived smoothed centreline
10100341,101,341,1705.0,5.0,579.8181455287837,837.4632799595572,2.407205566737024,-9.7390745154108e-05,straight,1011,False,True,OSM-derived smoothed centreline
10100342,101,342,1710.0,5.0,576.107800797022,840.8148976899561,2.406676152581677,-0.00011437494861458571,straight,1011,False,True,OSM-derived smoothed centreline
10100343,101,343,1715.0,5.0,572.3993733920123,844.1686367118166,2.40606181700631,-0.00013135929857678767,straight,1011,False,True,OSM-derived smoothed centreline
10100344,101,344,1720.0,5.0,568.6931495273468,847.5248106773391,2.4053625595408707,-0.0001483435857670263,straight,1011,False,True,OSM-derived smoothed centreline
10100345,101,345,1725.0,5.0,564.9894159971578,850.8837326334742,2.4045784412796474,-0.0001652703058707766,straight,1011,False,True,OSM-derived smoothed centreline
10100346,101,346,1730.0,5.0,561.2884577427689,854.2457121837839,2.403712109446697,-0.00018049993845472827,straight,1011,False,True,OSM-derived smoothed centreline
10100347,101,347,1735.0,5.0,557.5905179150417,857.6110114779115,2.4027945930002454,-0.0001824450626304627,straight,1011,False,True,OSM-derived smoothed centreline
10100348,101,348,1740.0,5.0,553.8956056437124,860.9796346140993,2.401939076764521,-0.00015464826553597503,straight,1011,False,True,OSM-derived smoothed centreline
10100349,101,349,1745.0,5.0,550.2032720823603,864.3510841541128,2.401280577061656,-0.00010722583132377865,straight,1011,False,True,OSM-derived smoothed centreline
10100350,101,350,1750.0,5.0,546.5127424644147,867.7245083497232,2.40087213439804,-5.604432765604112e-05,straight,1011,False,True,OSM-derived smoothed centreline
10100351,101,351,1755.0,5.0,542.8231581277587,871.0989664358189,2.4007203559745673,-4.665677629567629e-06,straight,1011,False,True,OSM-derived smoothed centreline
10100352,101,352,1760.0,5.0,539.1336525114621,874.4735105951688,2.40082547774086,4.671429824087034e-05,straight,1011,False,True,OSM-derived smoothed centreline
10100353,101,353,1765.0,5.0,535.443358816804,877.8471928835945,2.401187498249503,9.809383974684058e-05,straight,1011,False,True,OSM-derived smoothed centreline
10100354,101,354,1770.0,5.0,531.7514109166121,881.2190647575444,2.40180641545567,0.00014947296274370406,straight,1011,False,True,OSM-derived smoothed centreline
10100355,101,355,1775.0,5.0,528.0569440936371,884.58817641465,2.402682214800247,0.00020083845022105442,straight,1011,False,True,OSM-derived smoothed centreline
10100356,101,356,1780.0,5.0,524.35909647971,887.9535769048553,2.403814090439427,0.0002516390523285011,straight,1011,False,True,OSM-derived smoothed centreline
10100357,101,357,1785.0,5.0,520.657025073952,891.3143303200031,2.4051891916465062,0.0002962912109250324,straight,1011,False,True,OSM-derived smoothed centreline
10100358,101,358,1790.0,5.0,516.9500066385497,894.6696260550424,2.40674426247426,0.0003217247431623725,straight,1011,False,True,OSM-derived smoothed centreline
10100359,101,359,1795.0,5.0,513.23762547053,898.0189873020705,2.4083703976465705,0.0003252670451032831,straight,1011,False,True,OSM-derived smoothed centreline
10100360,101,360,1800.0,5.0,509.5198341927968,901.3623423472999,2.4099580711544433,0.00030528328140280806,straight,1011,False,True,OSM-derived smoothed centreline
10100361,101,361,1805.0,5.0,505.79697549717514,904.7000539957903,2.4113855399648827,0.00026321599210335413,straight,1011,False,True,OSM-derived smoothed centreline
10100362,101,362,1810.0,5.0,502.06973615949846,908.0328732330868,2.4125789904534924,0.00021382661545034146,straight,1011,False,True,OSM-derived smoothed centreline
10100363,101,363,1815.0,5.0,498.3389362843103,911.3617064382124,2.4135229073969775,0.0001637271553900209,straight,1011,False,True,OSM-derived smoothed centreline
10100364,101,364,1820.0,5.0,494.6054125215468,914.6874844448962,2.4142162264217957,0.00011359881796368422,straight,1011,False,True,OSM-derived smoothed centreline
10100365,101,365,1825.0,5.0,490.87000030612677,918.0111413446476,2.4146588836746203,6.346326575180977e-05,straight,1011,False,True,OSM-derived smoothed centreline
10100366,101,366,1830.0,5.0,487.13353360778746,921.3336127947534,2.414850854955863,1.3325207782201159e-05,straight,1011,False,True,OSM-derived smoothed centreline
10100367,101,367,1835.0,5.0,483.3968455468855,924.6558352928554,2.4147921390905673,-3.681083440782753e-05,straight,1011,False,True,OSM-derived smoothed centreline
10100368,101,368,1840.0,5.0,479.66076902313404,927.9787454655068,2.4144827573456387,-8.694037942224409e-05,straight,1011,False,True,OSM-derived smoothed centreline
10100369,101,369,1845.0,5.0,475.92613734516175,931.3032793577893,2.413922753602565,-0.00013705883770451758,straight,1011,False,True,OSM-derived smoothed centreline
10100370,101,370,1850.0,5.0,472.1937848572982,934.6303717205851,2.4131121952773538,-0.00018716135976488664,straight,1011,False,True,OSM-derived smoothed centreline
10100371,101,371,1855.0,5.0,468.46454755997695,937.9609552921191,2.412051174987796,-0.00023724268869576492,straight,1011,False,True,OSM-derived smoothed centreline
10100372,101,372,1860.0,5.0,464.73926372012323,941.2959600704378,2.4107398129701503,-0.00028729700908450295,straight,1011,False,True,OSM-derived smoothed centreline
10100373,101,373,1865.0,5.0,461.01877446784533,944.6363125735456,2.4091782602339284,-0.00033731780167068227,straight,1011,False,True,OSM-derived smoothed centreline
10100374,101,374,1870.0,5.0,457.30392437569685,947.9829350840234,2.4073667024541283,-0.00038729769529924005,straight,1011,False,True,OSM-derived smoothed centreline
10100375,101,375,1875.0,5.0,453.5955620121526,951.3367448700408,2.4053053755690783,-0.000437213313760956,straight,1011,False,True,OSM-derived smoothed centreline
10100376,101,376,1880.0,5.0,449.8945393610572,954.6986521657725,2.402995944481953,-0.00048598808971953895,straight,1011,False,True,OSM-derived smoothed centreline
10100377,101,377,1885.0,5.0,446.20167767592994,958.0695214575871,2.4004702626224783,-0.0005178208111001573,straight,1011,False,True,OSM-derived smoothed centreline
10100378,101,378,1890.0,5.0,442.51745227156687,961.4498276976591,2.397940450926603,-0.0004766397355503807,straight,1011,False,True,OSM-derived smoothed centreline
10100379,101,379,1895.0,5.0,438.84115728570424,964.8387576878766,2.3958622160150376,-0.00034345974145913585,straight,1011,False,True,OSM-derived smoothed centreline
10100380,101,380,1900.0,5.0,435.170643957663,968.2339496541557,2.394558886927533,-0.00017618676467236007,straight,1011,False,True,OSM-derived smoothed centreline
10100381,101,381,1905.0,5.0,431.5031195171918,971.6323704706828,2.394104833636938,-5.383311508867652e-06,straight,1011,False,True,OSM-derived smoothed centreline
10100382,101,382,1910.0,5.0,427.83568650979555,975.0308899712621,2.3945051232989822,0.00016550317700016353,straight,1011,False,True,OSM-derived smoothed centreline
10100383,101,383,1915.0,5.0,424.16544254958677,978.4263731627236,2.3957599693695304,0.000336452385328281,straight,1011,False,True,OSM-derived smoothed centreline
10100384,101,384,1920.0,5.0,420.4894919266364,981.8156766449778,2.3978698728287298,0.0005075377981357304,straight,1011,False,True,OSM-derived smoothed centreline
10100385,101,385,1925.0,5.0,416.80495251613036,985.1956399171754,2.4008356755175626,0.0006788212485897108,straight,1011,False,True,OSM-derived smoothed centreline
10100386,101,386,1930.0,5.0,413.1089629205086,988.5630768746335,2.404658486895526,0.0008503469191498687,straight,1011,False,True,OSM-derived smoothed centreline
10100387,101,387,1935.0,5.0,409.39869004676837,991.9147676954229,2.4093395806012463,0.0010221352510923862,straight,1011,False,True,OSM-derived smoothed centreline
10100388,101,388,1940.0,5.0,405.6713372563069,995.2474512623966,2.414880260323905,0.0011941767590352027,straight,1011,False,True,OSM-derived smoothed centreline
10100389,101,389,1945.0,5.0,401.9241532152399,998.5578182790168,2.421281694512903,0.0013664257577982698,straight,1011,False,True,OSM-derived smoothed centreline
10100390,101,390,1950.0,5.0,398.1544415601309,1001.8425052521224,2.42854471960215,0.001538794052228774,fast_corner,1011,False,True,OSM-derived smoothed centreline
10100391,101,391,1955.0,5.0,394.35957147672985,1005.0980895309763,2.4366696117189686,0.0017111446528939554,fast_corner,1011,False,True,OSM-derived smoothed centreline
10100392,101,392,1960.0,5.0,390.53698926698786,1008.3210856087027,2.4456558278497473,0.0018832910499168869,fast_corner,1011,False,True,OSM-derived smoothed centreline
10100393,101,393,1965.0,5.0,386.684228049028,1011.5079393772148,2.455506556504201,0.0020596181467481514,fast_corner,1012,False,True,OSM-derived smoothed centreline
10100394,101,394,1970.0,5.0,382.7987269871633,1014.6547860095837,2.466441088680059,0.0023796267782661184,fast_corner,1012,False,True,OSM-derived smoothed centreline
10100395,101,395,1975.0,5.0,378.874664097631,1017.7533833644732,2.4811837763801448,0.003888399287632719,fast_corner,1012,False,True,OSM-derived smoothed centreline
10100396,101,396,1980.0,5.0,374.88745442240224,1020.7700850555713,2.5102296675640123,0.00823655284344959,corner,1012,False,True,OSM-derived smoothed centreline
10100397,101,397,1985.0,5.0,370.77794233625855,1023.6171252457425,2.566034576340208,0.013900623088057647,corner,1012,False,True,OSM-derived smoothed centreline
10100398,101,398,1990.0,5.0,366.4862230403836,1026.180253233917,2.6412380154187303,0.014870890691438826,corner,1012,False,True,OSM-derived smoothed centreline
10100399,101,399,1995.0,5.0,362.0211639760702,1028.4285876259826,2.705391325710639,0.010824220406956651,corner,1012,False,True,OSM-derived smoothed centreline
10100400,101,400,2000.0,5.0,357.4354463832585,1030.4199345613797,2.7595364582891184,0.011981708350761613,corner,1012,False,True,OSM-derived smoothed centreline
10100401,101,401,2005.0,5.0,352.73961497198735,1032.1347860053959,2.823853091152832,0.012486087698715172,corner,1012,False,True,OSM-derived smoothed centreline
10100402,101,402,2010.0,5.0,347.94773117705444,1033.5602055483585,2.8791788401629694,0.01043757273140527,corner,1012,False,True,OSM-derived smoothed centreline
10100403,101,403,2015.0,5.0,343.08511383545755,1034.7212777838872,2.9380262308445455,0.013699634395001152,corner,1012,False,True,OSM-derived smoothed centreline
10100404,101,404,2020.0,5.0,338.1545231105174,1035.5436398274962,3.0182985253538464,0.017821888443709587,corner,1012,False,True,OSM-derived smoothed centreline
10100405,101,405,2025.0,5.0,333.17213910211206,1035.9468485070945,3.098646186107115,0.01236980210874622,corner,1012,False,True,OSM-derived smoothed centreline
10100406,101,406,2030.0,5.0,328.1733932454522,1036.0414147016395,-3.14115155488307,0.007059561125066275,corner,1012,False,True,OSM-derived smoothed centreline
10100407,101,407,2035.0,5.0,323.1750320666781,1035.9324842969286,-3.0934682392442,0.01258350594871558,corner,1012,False,True,OSM-derived smoothed centreline
10100408,101,408,2040.0,5.0,318.1927680005401,1035.5231677162478,-3.0252410215248124,0.013384154602096214,corner,1012,False,True,OSM-derived smoothed centreline
10100409,101,409,2045.0,5.0,313.2487559506057,1034.7825502407507,-2.9605368297744232,0.013503155405145862,corner,1012,False,True,OSM-derived smoothed centreline
10100410,101,410,2050.0,5.0,308.36764421393605,1033.7039306135905,-2.88576341095008,0.01554995731402864,corner,1012,False,True,OSM-derived smoothed centreline
10100411,101,411,2055.0,5.0,303.58142981066624,1032.2610781216474,-2.813712940973413,0.013617970271297233,corner,1012,False,True,OSM-derived smoothed centreline
10100412,101,412,2060.0,5.0,298.9085567989773,1030.4851749199072,-2.741594885361509,0.015115395641628598,corner,1012,False,True,OSM-derived smoothed centreline
10100413,101,413,2065.0,5.0,294.37948649786733,1028.3693301159842,-2.6681046505330253,0.014786198113984253,corner,1012,False,True,OSM-derived smoothed centreline
10100414,101,414,2070.0,5.0,290.0298220312607,1025.9067206034358,-2.5783161082714074,0.022144780814569418,corner,1012,False,True,OSM-derived smoothed centreline
10100415,101,415,2075.0,5.0,285.97412374499146,1022.9878093551505,-2.4542856084540543,0.025604913284598962,corner,1012,False,True,OSM-derived smoothed centreline
10100416,101,416,2080.0,5.0,282.3107647611047,1019.5889388330489,-2.3374434031003486,0.020497102178562546,corner,1012,False,True,OSM-derived smoothed centreline
10100417,101,417,2085.0,5.0,279.0227530025839,1015.824576305548,-2.2398934720899444,0.020810988541408604,corner,1012,False,True,OSM-derived smoothed centreline
10100418,101,418,2090.0,5.0,276.1591534050933,1011.7296069785448,-2.1159564186550472,0.027822843219516103,corner,1012,False,True,OSM-derived smoothed centreline
10100419,101,419,2095.0,5.0,273.8684566448843,1007.2893695973111,-1.980283374073939,0.02579256003808244,corner,1012,False,True,OSM-derived smoothed centreline
10100420,101,420,2100.0,5.0,272.1807302389969,1002.5864781084591,-1.8489096624026407,0.0271775479560906,corner,1012,False,True,OSM-derived smoothed centreline
10100421,101,421,2105.0,5.0,271.1200530493474,997.7033558086662,-1.7278963733575192,0.018444773205242914,corner,1012,False,True,OSM-derived smoothed centreline
10100422,101,422,2110.0,5.0,270.50336328930683,992.7421506310857,-1.6723622451244335,0.00510814616997563,fast_corner,1012,False,True,OSM-derived smoothed centreline
10100423,101,423,2115.0,5.0,270.036506927527,987.7640258049701,-1.659321208073852,0.0012579960029814351,straight,1012,False,True,OSM-derived smoothed centreline
10100424,101,424,2120.0,5.0,269.60693907985365,982.7825169176148,-1.6547646802255183,0.000680275398031363,straight,1012,False,True,OSM-derived smoothed centreline
10100425,101,425,2125.0,5.0,269.1946146102814,977.7995483613228,-1.6522321813991476,0.000334984164982708,straight,1012,False,True,OSM-derived smoothed centreline
10100426,101,426,2130.0,5.0,268.7906379190664,972.8158949416076,-1.6514126269840046,-7.193615905759901e-06,straight,1012,False,True,OSM-derived smoothed centreline
10100427,101,427,2135.0,5.0,268.3864815125926,967.8322561177655,-1.6523044875656536,-0.000349591540975988,straight,1012,False,True,OSM-derived smoothed centreline
10100428,101,428,2140.0,5.0,267.9736140554917,962.8493325969787,-1.6549090033692413,-0.0006922617790164812,straight,1012,False,True,OSM-derived smoothed centreline
10100429,101,429,2145.0,5.0,267.5435012789011,957.8678704003122,-1.6592275749545773,-0.0010352079553302234,straight,1012,False,True,OSM-derived smoothed centreline
10100430,101,430,2150.0,5.0,267.0876100570945,952.8887047778666,-1.6652613967443355,-0.0013783360537222493,straight,1012,False,True,OSM-derived smoothed centreline
10100431,101,431,2155.0,5.0,266.5974156841088,947.9128039265921,-1.6730108470364702,-0.001721405509280865,fast_corner,1012,False,True,OSM-derived smoothed centreline
10100432,101,432,2160.0,5.0,266.06440730559837,942.9413129380044,-1.6824817733088373,-0.0020705678209982756,fast_corner,1012,False,True,OSM-derived smoothed centreline
10100433,101,433,2165.0,5.0,265.4796367077575,937.9756529038704,-1.6940117146143074,-0.0026375774888604863,fast_corner,1012,False,True,OSM-derived smoothed centreline
10100434,101,434,2170.0,5.0,264.8257399395456,933.0186580631521,-1.7118811532328837,-0.005074206577977091,fast_corner,1012,False,True,OSM-derived smoothed centreline
10100435,101,435,2175.0,5.0,264.0365879584564,928.0816560966697,-1.752355130736076,-0.011784609251533745,corner,1012,False,True,OSM-derived smoothed centreline
10100436,101,436,2180.0,5.0,262.9550594433359,923.2013455788639,-1.8322742296499155,-0.019931637076990215,corner,1012,False,True,OSM-derived smoothed centreline
10100437,101,437,2185.0,5.0,261.4026974617927,918.451101643029,-1.9442475917482753,-0.023734330788447496,corner,1012,False,True,OSM-derived smoothed centreline
10100438,101,438,2190.0,5.0,259.3140490341484,913.9110588471598,-2.0567588207728664,-0.020302978816161683,corner,1012,False,True,OSM-derived smoothed centreline
10100439,101,439,2195.0,5.0,256.7789344117869,909.6031627882138,-2.1441332650949856,-0.014981142587019252,corner,1012,False,True,OSM-derived smoothed centreline
10100440,101,440,2200.0,5.0,253.9188875462023,905.5031458486765,-2.215557148691685,-0.014951080339957436,corner,1012,False,True,OSM-derived smoothed centreline
10100441,101,441,2205.0,5.0,250.74773709822634,901.6395505180085,-2.3060543347852174,-0.02111063035857706,corner,1012,False,True,OSM-derived smoothed centreline
10100442,101,442,2210.0,5.0,247.20794824455024,898.1111450297008,-2.405412510344909,-0.016432389791017295,corner,1012,False,True,OSM-derived smoothed centreline
10100443,101,443,2215.0,5.0,243.38693531296718,894.8876390565545,-2.4732408353431525,-0.013020293120835308,corner,1012,False,True,OSM-derived smoothed centreline
10100444,101,444,2220.0,5.0,239.34806694988208,891.9425349399421,-2.556809655230869,-0.02102301923608806,corner,1012,False,True,OSM-derived smoothed centreline
10100445,101,445,2225.0,5.0,235.0345083708922,889.4189882586388,-2.6667775812267385,-0.019941894374100655,corner,1012,False,True,OSM-derived smoothed centreline
10100446,101,446,2230.0,5.0,230.49519476561701,887.325669648721,-2.747552817458839,-0.014799507504338453,corner,1012,False,True,OSM-derived smoothed centreline
10100447,101,447,2235.0,5.0,225.80069751346807,885.6099976699771,-2.8429934543121864,-0.023959456869282178,corner,1012,False,True,OSM-derived smoothed centreline
10100448,101,448,2240.0,5.0,220.94262109275596,884.4404142211292,-2.9661833032297924,-0.02229847607923347,corner,1012,False,True,OSM-derived smoothed centreline
10100449,101,449,2245.0,5.0,215.98465573932845,883.8059379677999,-3.0565133687058044,-0.015563861447177075,corner,1012,False,True,OSM-derived smoothed centreline
10100450,101,450,2250.0,5.0,210.990919438044,883.5874672127619,3.14007830998746,-0.019866124158204507,corner,1012,False,True,OSM-derived smoothed centreline
10100451,101,451,2255.0,5.0,206.00074227468517,883.8600686129414,3.0311753332507667,-0.023280570929129437,corner,1012,False,True,OSM-derived smoothed centreline
10100452,101,452,2260.0,5.0,201.07560943310799,884.7052674003169,2.9119727306152066,-0.023256605670113582,corner,1012,False,True,OSM-derived smoothed centreline
10100453,101,453,2265.0,5.0,196.27616163567748,886.0998824111259,2.8113420197951697,-0.016709957692262942,corner,1012,False,True,OSM-derived smoothed centreline
10100454,101,454,2270.0,5.0,191.61278398197825,887.9004503660522,2.7371288346927134,-0.013975887408568477,corner,1012,False,True,OSM-derived smoothed centreline
10100455,101,455,2275.0,5.0,187.0905727628053,890.0309303190988,2.663780796752592,-0.01601110518305009,corner,1012,False,True,OSM-derived smoothed centreline
10100456,101,456,2280.0,5.0,182.75513487219123,892.5185105531169,2.5746670901867184,-0.019480693644073746,corner,1012,False,True,OSM-derived smoothed centreline
10100457,101,457,2285.0,5.0,178.6823274237714,895.4150841401748,2.469658833627048,-0.022299103470770767,corner,1012,False,True,OSM-derived smoothed centreline
10100458,101,458,2290.0,5.0,174.9500540322063,898.7386086644264,2.3598631500107965,-0.020735278818027447,corner,1012,False,True,OSM-derived smoothed centreline
10100459,101,459,2295.0,5.0,171.5795715880888,902.4293665972597,2.264487498435014,-0.017637024090632704,corner,1012,False,True,OSM-derived smoothed centreline
10100460,101,460,2300.0,5.0,168.54990639934508,906.4051830308257,2.1807163686614004,-0.016002515777853728,corner,1012,False,True,OSM-derived smoothed centreline
10100461,101,461,2305.0,5.0,165.84792456857394,910.6108335818928,2.1035830555162205,-0.015484425867075366,corner,1012,False,True,OSM-derived smoothed centreline
10100462,101,462,2310.0,5.0,163.488691624134,915.0175904182394,2.018669337601049,-0.017987151262469726,corner,1012,False,True,OSM-derived smoothed centreline
10100463,101,463,2315.0,5.0,161.5184456885312,919.61155429507,1.9362495241751332,-0.014824434998531791,corner,1012,False,True,OSM-derived smoothed centreline
10100464,101,464,2320.0,5.0,159.9101114068168,924.3445426995015,1.85797319260717,-0.01756144162218394,corner,1012,False,True,OSM-derived smoothed centreline
10100465,101,465,2325.0,5.0,158.72095310621222,929.199157763841,1.7618430858549,-0.02027610262323104,corner,1012,False,True,OSM-derived smoothed centreline
10100466,101,466,2330.0,5.0,158.0274111791992,934.1486011470525,1.656862592660863,-0.021828297943195876,corner,1012,False,True,OSM-derived smoothed centreline
10100467,101,467,2335.0,5.0,157.87080396534523,939.1437791242886,1.5487021244258279,-0.0202866071288615,corner,1012,False,True,OSM-derived smoothed centreline
10100468,101,468,2340.0,5.0,158.21775761834178,944.1300323280984,1.4562811873694832,-0.017583618378674535,corner,1012,False,True,OSM-derived smoothed centreline
10100469,101,469,2345.0,5.0,159.00577120426124,949.0660063132123,1.3693758947341759,-0.01676111559846757,corner,1012,False,True,OSM-derived smoothed centreline
10100470,101,470,2350.0,5.0,160.21037891615947,953.9172386825024,1.2835803146299234,-0.018915687043303347,corner,1012,False,True,OSM-derived smoothed centreline
10100471,101,471,2355.0,5.0,161.8629297252321,958.6341119207661,1.1845406158839733,-0.01807204464890034,corner,1012,False,True,OSM-derived smoothed centreline
10100472,101,472,2360.0,5.0,163.91186281989565,963.1941556397952,1.1221527623874843,-0.006896264231711734,corner,1012,False,True,OSM-derived smoothed centreline
10100473,101,473,2365.0,5.0,166.13078862166478,967.6747524821241,1.1041503048339263,-0.0015626436839675263,fast_corner,1012,False,True,OSM-derived smoothed centreline
10100474,101,474,2370.0,5.0,168.39232281791587,972.1340598344688,1.0995104175366075,-0.0005757590991591989,straight,1012,False,True,OSM-derived smoothed centreline
10100475,101,475,2375.0,5.0,170.6676243633393,976.586361986482,1.0974570557398207,-0.00026374124743319677,straight,1012,False,True,OSM-derived smoothed centreline
10100476,101,476,2380.0,5.0,172.9488298368936,981.0356429125736,1.096834280390938,1.4279400383342247e-05,straight,1012,False,True,OSM-derived smoothed centreline
10100477,101,477,2385.0,5.0,175.22971824013604,985.485086346225,1.0975991225279227,0.00029159929819540616,straight,1012,False,True,OSM-derived smoothed centreline
10100478,101,478,2390.0,5.0,177.50412008699814,989.9378480688712,1.0997464596936317,0.0005657433119048413,straight,1012,False,True,OSM-derived smoothed centreline
10100479,101,479,2395.0,5.0,179.76598302991897,994.3969906012288,1.1031927172135372,0.0007967862833534498,straight,1012,False,True,OSM-derived smoothed centreline
10100480,101,480,2400.0,5.0,182.01037603947404,998.864950281185,1.1074341624278097,0.0008621662850455021,straight,1012,False,True,OSM-derived smoothed centreline
10100481,101,481,2405.0,5.0,184.2358474755273,1003.3423651279176,1.111495602111829,0.0007413859889590957,straight,1012,False,True,OSM-derived smoothed centreline
10100482,101,482,2410.0,5.0,186.44480729993597,1007.8279503988072,1.114753725788552,0.0005590798633845874,straight,1012,False,True,OSM-derived smoothed centreline
10100483,101,483,2415.0,5.0,188.64122693866776,1012.3196905884436,1.1170790910556287,0.0003709714735401008,straight,1012,False,True,OSM-derived smoothed centreline
10100484,101,484,2420.0,5.0,190.8293117538497,1016.8154976334041,1.118463235885022,0.00018267953475698302,straight,1012,False,True,OSM-derived smoothed centreline
10100485,101,485,2425.0,5.0,193.01328941445755,1021.3133016711431,1.1189058259604976,-5.649178492225786e-06,straight,1012,False,True,OSM-derived smoothed centreline
10100486,101,486,2430.0,5.0,195.1973939842003,1025.8110440721969,1.1184069247002262,-0.00019377373452212748,straight,1012,False,True,OSM-derived smoothed centreline
10100487,101,487,2435.0,5.0,197.38584487968524,1030.3066729008037,1.1169786338287064,-0.00037371504402736937,straight,1012,False,True,OSM-derived smoothed centreline
10100488,101,488,2440.0,5.0,199.5825667331307,1034.7982654207328,1.114785928819782,-0.0004793586889475364,straight,1012,False,True,OSM-derived smoothed centreline
10100489,101,489,2445.0,5.0,201.78967383143402,1039.2847638064677,1.112514763781108,-0.00039353788507820415,straight,1012,False,True,OSM-derived smoothed centreline
10100490,101,490,2450.0,5.0,204.00533376201838,1043.7670452521352,1.1110935295104158,-0.00016246834235919487,straight,1012,False,True,OSM-derived smoothed centreline
10100491,101,491,2455.0,5.0,206.22458640925058,1048.2475494191376,1.1109364723669157,0.0001006669001081701,straight,1012,False,True,OSM-derived smoothed centreline
10100492,101,492,2460.0,5.0,208.44158156747247,1052.7291707442703,1.1121022912714582,0.0003655833939455288,straight,1012,False,True,OSM-derived smoothed centreline
10100493,101,493,2465.0,5.0,210.65039053435115,1057.2148312962458,1.1145812632129037,0.0006209111215241392,straight,1012,False,True,OSM-derived smoothed centreline
10100494,101,494,2470.0,5.0,212.84551030759147,1061.707205318014,1.1180700716461274,0.0007072701212653185,straight,1012,False,True,OSM-derived smoothed centreline
10100495,101,495,2475.0,5.0,215.02626691555375,1066.2065707743895,1.120278412983124,-3.335985385334222e-05,straight,1012,False,True,OSM-derived smoothed centreline
10100496,101,496,2480.0,5.0,217.2100041863475,1070.7044869521576,1.115793323054268,-0.0018753443955634378,fast_corner,1012,False,True,OSM-derived smoothed centreline
10100497,101,497,2485.0,5.0,219.43499215785093,1075.1821039489453,1.1022963263449599,-0.003214026561986631,fast_corner,1012,False,True,OSM-derived smoothed centreline
10100498,101,498,2490.0,5.0,221.7284939125182,1079.6250010249055,1.0861088172278652,-0.00353646169794212,fast_corner,1012,False,True,OSM-derived smoothed centreline
10100499,101,499,2495.0,5.0,224.10986555163373,1084.021316848926,1.0588482499054126,-0.007765437043427937,corner,1012,False,True,OSM-derived smoothed centreline
10100500,101,500,2500.0,5.0,226.64752959753764,1088.329099762956,1.019378513777065,-0.006291221565158031,corner,1012,False,True,OSM-derived smoothed centreline
10100501,101,501,2505.0,5.0,229.31661186747343,1092.5570062354968,0.9987635729408649,-0.0031282322257897488,fast_corner,1012,False,True,OSM-derived smoothed centreline
10100502,101,502,2510.0,5.0,232.06453734172138,1096.7340732536418,0.975959739949223,-0.006707716726752967,corner,1012,False,True,OSM-derived smoothed centreline
10100503,101,503,2515.0,5.0,234.95099784828128,1100.816269078817,0.93154143901925,-0.010338765514633762,corner,1012,False,True,OSM-derived smoothed centreline
10100504,101,504,2520.0,5.0,238.0326241236202,1104.7531454817047,0.884293383561311,-0.007443491179418514,corner,1012,False,True,OSM-derived smoothed centreline
10100505,101,505,2525.0,5.0,241.25621107572084,1108.5750964122801,0.8599319276790377,-0.0027720715283846243,fast_corner,1012,False,True,OSM-derived smoothed centreline
10100506,101,506,2530.0,5.0,244.5382720796339,1112.3470867467363,0.8506753532425189,-0.001359590533470977,straight,1012,False,True,OSM-derived smoothed centreline
10100507,101,507,2535.0,5.0,247.8475354259262,1116.0952463558863,0.8445218949994936,-0.0011122333291710208,straight,1012,False,True,OSM-derived smoothed centreline
10100508,101,508,2540.0,5.0,251.17676613295816,1119.8256870122345,0.8403948118843839,-0.00042739043951145434,straight,1012,False,True,OSM-derived smoothed centreline
10100509,101,509,2545.0,5.0,254.5143478390556,1123.5486626731565,0.8397145531696547,-0.00020341064338240338,straight,1012,False,True,OSM-derived smoothed centreline
10100510,101,510,2550.0,5.0,257.8615454807738,1127.2629806960013,0.8322383900662318,-0.0034132184886738856,fast_corner,1012,False,True,OSM-derived smoothed centreline
10100511,101,511,2555.0,5.0,261.2723128580765,1130.9188145487353,0.8048667774428282,-0.006900769983159344,corner,1012,False,True,OSM-derived smoothed centreline
10100512,101,512,2560.0,5.0,264.79886090057335,1134.4630038516168,0.7722257105818819,-0.005454213541517875,fast_corner,1012,False,True,OSM-derived smoothed centreline
10100513,101,513,2565.0,5.0,268.42011915113835,1137.910557301854,0.7512938136537072,-0.0032733464017444666,fast_corner,1012,False,True,OSM-derived smoothed centreline
10100514,101,514,2570.0,5.0,272.1006380186634,1141.2948301237748,0.735698754785168,-0.0032176799284147285,fast_corner,1012,False,True,OSM-derived smoothed centreline
10100515,101,515,2575.0,5.0,275.8358667576459,1144.6186006643484,0.7181604736682717,-0.003792405078560351,fast_corner,1012,False,True,OSM-derived smoothed centreline
10100516,101,516,2580.0,5.0,279.63291177671863,1147.8715476998552,0.6984098786093571,-0.003999131630536862,fast_corner,1012,False,True,OSM-derived smoothed centreline
10100517,101,517,2585.0,5.0,283.49337476967673,1151.0489818226295,0.6792471794597689,-0.003582413181335448,fast_corner,1012,False,True,OSM-derived smoothed centreline
10100518,101,518,2590.0,5.0,287.40984504836604,1154.1571534808472,0.6629828631499958,-0.002919239574851425,fast_corner,1012,False,True,OSM-derived smoothed centreline
10100519,101,519,2595.0,5.0,291.37149225834247,1157.207563908409,0.6497687988861501,-0.002431300536339796,fast_corner,1012,False,True,OSM-derived smoothed centreline
10100520,101,520,2600.0,5.0,295.3704828893657,1160.2088630313478,0.6379772689827694,-0.0023061827877734844,fast_corner,1012,False,True,OSM-derived smoothed centreline
10100521,101,521,2605.0,5.0,299.40309330623995,1163.1648461690017,0.6276570214731382,-0.001664428335054902,fast_corner,1012,False,True,OSM-derived smoothed centreline
10100522,101,522,2610.0,5.0,303.4607902737882,1166.0863176410055,0.6202853261274626,-0.001879100813312878,fast_corner,1012,False,True,OSM-derived smoothed centreline
10100523,101,523,2615.0,5.0,307.5518166057076,1168.9608171128946,0.6007884726803878,-0.006390060587035864,corner,1012,False,True,OSM-derived smoothed centreline
10100524,101,524,2620.0,5.0,311.7289849931732,1171.708182839139,0.5611607260141824,-0.008253217776476456,corner,1012,False,True,OSM-derived smoothed centreline
10100525,101,525,2625.0,5.0,316.0095705239077,1174.2916601908694,0.5280079104423313,-0.004659847498823434,fast_corner,1012,False,True,OSM-derived smoothed centreline
10100526,101,526,2630.0,5.0,320.3517083662859,1176.7706279000283,0.5108728246461983,-0.0030696033764922373,fast_corner,1012,False,True,OSM-derived smoothed centreline
10100527,101,527,2635.0,5.0,324.7364033801322,1179.1734421778149,0.4891128727363633,-0.006095950170068301,fast_corner,1012,False,True,OSM-derived smoothed centreline
10100528,101,528,2640.0,5.0,329.1911708348898,1181.4432793853728,0.4515185252109757,-0.008243389190717168,corner,1012,False,True,OSM-derived smoothed centreline
10100529,101,529,2645.0,5.0,333.73181357433117,1183.536050424746,0.41382399797469793,-0.006476360944165638,corner,1012,False,True,OSM-derived smoothed centreline
10100530,101,530,2650.0,5.0,338.3390845550834,1185.478054305317,0.38459420221234386,-0.0057642010730675685,fast_corner,1012,False,True,OSM-derived smoothed centreline
10100531,101,531,2655.0,5.0,343.00184257814743,1187.2826845410664,0.35304780377735845,-0.00676868635336107,corner,1012,False,True,OSM-derived smoothed centreline
10100532,101,532,2660.0,5.0,347.7216174960109,1188.9323883373904,0.3200376827162277,-0.006111743868267119,fast_corner,1012,False,True,OSM-derived smoothed centreline
10100533,101,533,2665.0,5.0,352.4891187679202,1190.4388788063247,0.29342858989343085,-0.0045251280564375,fast_corner,1012,False,True,OSM-derived smoothed centreline
10100534,101,534,2670.0,5.0,357.28977324966195,1191.8363682004426,0.2741427730706923,-0.003316512788569976,fast_corner,1012,False,True,OSM-derived smoothed centreline
10100535,101,535,2675.0,5.0,362.113687745236,1193.1514123281959,0.25803110865879003,-0.0034659085901789584,fast_corner,1012,False,True,OSM-derived smoothed centreline
10100536,101,536,2680.0,5.0,366.9605794959081,1194.3788954007998,0.23648417199014451,-0.0052695078225506444,fast_corner,1012,False,True,OSM-derived smoothed centreline
10100537,101,537,2685.0,5.0,371.83748022902876,1195.48076390513,0.20736007505454787,-0.005921985461679396,fast_corner,1012,False,True,OSM-derived smoothed centreline
10100538,101,538,2690.0,5.0,376.7438876655293,1196.4429504427935,0.1813892731659238,-0.004242614435481766,fast_corner,1012,False,True,OSM-derived smoothed centreline
10100539,101,539,2695.0,5.0,381.669714422142,1197.3006725024015,0.16485324327191636,-0.0025247145528404964,fast_corner,1012,False,True,OSM-derived smoothed centreline
10100540,101,540,2700.0,5.0,386.60637392014945,1198.0938775723787,0.15429723397175588,-0.0019007937074820049,fast_corner,1012,False,True,OSM-derived smoothed centreline
10100541,101,541,2705.0,5.0,391.5506882226151,1198.8378860275745,0.14405563834904894,-0.0023083955773661336,fast_corner,1012,False,True,OSM-derived smoothed centreline
10100542,101,542,2710.0,5.0,396.50319312458396,1199.5251831297435,0.13154334858922836,-0.002517768300174683,fast_corner,1012,False,True,OSM-derived smoothed centreline
10100543,101,543,2715.0,5.0,401.46361804374,1200.1528453242638,0.12105128369396193,-0.0015036425839584247,fast_corner,1012,False,True,OSM-derived smoothed centreline
10100544,101,544,2720.0,5.0,406.428575269672,1200.7437477594033,0.11695202091400782,-0.00022265842408155802,straight,1012,False,True,OSM-derived smoothed centreline
10100545,101,545,2725.0,5.0,411.3944294902864,1201.3270928528557,0.11722444914298401,0.00015112846289959807,straight,1012,False,True,OSM-derived smoothed centreline
10100546,101,546,2730.0,5.0,416.3600188028725,1201.9126888553158,0.1172493333765323,-0.00020010520933992667,straight,1012,False,True,OSM-derived smoothed centreline
10100547,101,547,2735.0,5.0,421.32620673867154,1202.4931782356357,0.11509991519414668,-0.0006401955515753971,straight,1012,False,True,OSM-derived smoothed centreline
10100548,101,548,2740.0,5.0,426.2941689349549,1203.0582635456242,0.11124263676614969,-0.0008507883422294814,straight,1012,False,True,OSM-derived smoothed centreline
10100549,101,549,2745.0,5.0,431.26443189193947,1203.6027358757894,0.10701241363774971,-0.0008149762572683131,straight,1012,False,True,OSM-derived smoothed centreline
10100550,101,550,2750.0,5.0,436.2368589342716,1204.1270833729668,0.1032059296269465,-0.0007044738158280445,straight,1012,False,True,OSM-derived smoothed centreline
10100551,101,551,2755.0,5.0,441.2111020488792,1204.6339211727989,0.09997550209011677,-0.0005876139323444524,straight,1012,False,True,OSM-derived smoothed centreline
10100552,101,552,2760.0,5.0,446.1868134968913,1205.1261422388059,0.09732986422282176,-0.00047064602904146885,straight,1012,False,True,OSM-derived smoothed centreline
10100553,101,553,2765.0,5.0,451.16367002982264,1205.6066529533812,0.09526899490201693,-0.0003537064807319405,straight,1012,False,True,OSM-derived smoothed centreline
10100554,101,554,2770.0,5.0,456.1413690045351,1206.0783610715298,0.09379264498025149,-0.00023690026106511084,straight,1012,False,True,OSM-derived smoothed centreline
10100555,101,555,2775.0,5.0,461.11962392716333,1206.5441682315109,0.09289582593228464,-0.00012321040290579706,straight,1012,False,True,OSM-derived smoothed centreline
10100556,101,556,2780.0,5.0,466.09816918721543,1207.0068633965784,0.09252333500577227,-3.27951350749403e-05,straight,1012,False,True,OSM-derived smoothed centreline
10100557,101,557,2785.0,5.0,471.0768003945542,1207.4686331415962,0.09248139294819142,7.608658696759061e-06,straight,1012,False,True,OSM-derived smoothed centreline
10100558,101,558,2790.0,5.0,476.05541999263727,1207.9305280306837,0.09254719210230028,1.631902408294913e-05,straight,1012,False,True,OSM-derived smoothed centreline
10100559,101,559,2795.0,5.0,481.0340027420637,1208.3928199202564,0.09263640274961939,1.9205413140890032e-05,straight,1012,False,True,OSM-derived smoothed centreline
10100560,101,560,2800.0,5.0,486.01254110552844,1208.8555895632596,0.09273891791118827,2.1798634924936354e-05,straight,1012,False,True,OSM-derived smoothed centreline
10100561,101,561,2805.0,5.0,490.99102900018414,1209.3189018295502,0.09285438772240262,2.4389285269817293e-05,straight,1012,False,True,OSM-derived smoothed centreline
10100562,101,562,2810.0,5.0,495.9694603579332,1209.7828212009895,0.09298281064319507,2.697986439346579e-05,straight,1012,False,True,OSM-derived smoothed centreline
10100563,101,563,2815.0,5.0,500.94782908730775,1210.2474121548428,0.09312418611437723,2.9570291736584282e-05,straight,1012,False,True,OSM-derived smoothed centreline
10100564,101,564,2820.0,5.0,505.92612907110095,1210.7127391621457,0.09327851317436993,3.2160485826034144e-05,straight,1012,False,True,OSM-derived smoothed centreline
10100565,101,565,2825.0,5.0,510.904354164049,1211.1788666854402,0.09344579045291945,3.475036535015338e-05,straight,1012,False,True,OSM-derived smoothed centreline
10100566,101,566,2830.0,5.0,515.8824981905234,1211.6458591765063,0.09362601617254643,3.733984869320398e-05,straight,1012,False,True,OSM-derived smoothed centreline
10100567,101,567,2835.0,5.0,520.860554942222,1212.1137810740834,0.093819188148051,3.992885346798261e-05,straight,1012,False,True,OSM-derived smoothed centreline
10100568,101,568,2840.0,5.0,525.8385181758683,1212.5826968015829,0.0940253037817176,4.251729813102498e-05,straight,1012,False,True,OSM-derived smoothed centreline
10100569,101,569,2845.0,5.0,530.8163816109097,1213.0526707647946,0.09424436006522555,4.510509914170573e-05,straight,1012,False,True,OSM-derived smoothed centreline
10100570,101,570,2850.0,5.0,535.7941389272277,1213.5237673495803,0.09447635357647763,4.769217479264181e-05,straight,1012,False,True,OSM-derived smoothed centreline
10100571,101,571,2855.0,5.0,540.7717837628445,1213.9960509195619,0.09472128047910099,5.027844154374311e-05,straight,1012,False,True,OSM-derived smoothed centreline
10100572,101,572,2860.0,5.0,545.7493097116421,1214.4695858137943,0.09497913651957864,5.286381615203875e-05,straight,1012,False,True,OSM-derived smoothed centreline
10100573,101,573,2865.0,5.0,550.7267103210867,1214.9444363444327,0.09524991702712361,5.544821415847063e-05,straight,1012,False,True,OSM-derived smoothed centreline
10100574,101,574,2870.0,5.0,555.703979089956,1215.420666794385,0.09553361691101996,5.8031552049881496e-05,straight,1012,False,True,OSM-derived smoothed centreline
10100575,101,575,2875.0,5.0,560.6811094660761,1215.8983414149548,0.09583023065752563,6.0613745314665064e-05,straight,1012,False,True,OSM-derived smoothed centreline
10100576,101,576,2880.0,5.0,565.6580948440676,1216.3775244234723,0.09613975233168787,6.319470842195912e-05,straight,1012,False,True,OSM-derived smoothed centreline
10100577,101,577,2885.0,5.0,570.6349285630946,1216.8582800009124,0.09646217557160075,6.577435721485867e-05,straight,1012,False,True,OSM-derived smoothed centreline
10100578,101,578,2890.0,5.0,575.6116039046283,1217.3406722894995,0.09679749358938378,6.835260451524149e-05,straight,1012,False,True,OSM-derived smoothed centreline
10100579,101,579,2895.0,5.0,580.5881140902164,1217.8247653902995,0.09714569916514604,7.092936617082588e-05,straight,1012,False,True,OSM-derived smoothed centreline
10100580,101,580,2900.0,5.0,585.5644522792709,1218.3106233606907,0.09750678438601951,7.350404822353163e-05,straight,1012,False,True,OSM-derived smoothed centreline
10100581,101,581,2905.0,5.0,590.5406115748843,1218.798310130123,0.097880665877678,7.60136960325151e-05,straight,1012,False,True,OSM-derived smoothed centreline
10100582,101,582,2910.0,5.0,595.5165853585157,1219.2878860778985,0.09826508378697456,7.721187017260268e-05,straight,1012,False,True,OSM-derived smoothed centreline
10100583,101,583,2915.0,5.0,600.492371242134,1219.779368078316,0.0986406317599121,7.102038214425662e-05,straight,1012,False,True,OSM-derived smoothed centreline
10100584,101,584,2920.0,5.0,605.467984903625,1220.2725906379314,0.09895441197005692,5.2764258488400245e-05,straight,1012,False,True,OSM-derived smoothed centreline
10100585,101,585,2925.0,5.0,610.4434694033873,1220.7671145588947,0.0991589576241892,2.8698880587939276e-05,straight,1012,False,True,OSM-derived smoothed centreline
10100586,101,586,2930.0,5.0,615.4188830142733,1221.262351256787,0.09924033119816356,3.8343124683984805e-06,straight,1012,False,True,OSM-derived smoothed centreline
10100587,101,587,2935.0,5.0,620.3942871327102,1221.7576833212722,0.09919727731031582,-2.1055266430842714e-05,straight,1012,False,True,OSM-derived smoothed centreline
10100588,101,588,2940.0,5.0,625.3697433644708,1222.252491596566,0.0990297836838988,-4.594180660032097e-05,straight,1012,False,True,OSM-derived smoothed centreline
10100589,101,589,2945.0,5.0,630.3453131152506,1222.746156953126,0.09873786141885346,-7.082702770182447e-05,straight,1012,False,True,OSM-derived smoothed centreline
10100590,101,590,2950.0,5.0,635.3210573608347,1223.238060251995,0.09832151263508485,-9.57127125660191e-05,straight,1012,False,True,OSM-derived smoothed centreline
10100591,101,591,2955.0,5.0,640.2970364203601,1223.7275822779266,0.09778073066634456,-0.00012060059006967223,straight,1012,False,True,OSM-derived smoothed centreline
10100592,101,592,2960.0,5.0,645.2733097293222,1224.2141036742196,0.09711550036975336,-0.00014549231803947228,straight,1012,False,True,OSM-derived smoothed centreline
10100593,101,593,2965.0,5.0,650.2499356121822,1224.6970048798573,0.0963257985270712,-0.00017038946597067623,straight,1012,False,True,OSM-derived smoothed centreline
10100594,101,594,2970.0,5.0,655.2269710544496,1225.175666069535,0.0954115943353315,-0.00019529349585225157,straight,1012,False,True,OSM-derived smoothed centreline
10100595,101,595,2975.0,5.0,660.2044714741246,1225.6494670971765,0.09437284998888998,-0.00022020574260600128,straight,1012,False,True,OSM-derived smoothed centreline
10100596,101,596,2980.0,5.0,665.1824904923861,1226.117787443531,0.09320952135621817,-0.00024512739878882763,straight,1012,False,True,OSM-derived smoothed centreline
10100597,101,597,2985.0,5.0,670.1610797034267,1226.5800061684552,0.09192155874619778,-0.00027005949341933773,straight,1012,False,True,OSM-derived smoothed centreline
10100598,101,598,2990.0,5.0,675.1402884433517,1227.0355018684857,0.09050890776867501,-0.0002950028729855776,straight,1012,False,True,OSM-derived smoothed centreline
10100599,101,599,2995.0,5.0,680.1201635580702,1227.4836526403062,0.08897151028779994,-0.0003199581855021664,straight,1012,False,True,OSM-derived smoothed centreline
10100600,101,600,3000.0,5.0,685.1007491701233,1227.9238360507359,0.08730930547132178,-0.0003449258591091578,straight,1012,False,True,OSM-derived smoothed centreline
10100601,101,601,3005.0,5.0,690.0820864444139,1228.3554291138478,0.0855222309327162,-0.00036990608404429673,straight,1012,False,True,OSM-derived smoothed centreline
10100602,101,602,3010.0,5.0,695.0642133528311,1228.7778082758525,0.08361022396969023,-0.0003948987934240398,straight,1012,False,True,OSM-derived smoothed centreline
10100603,101,603,3015.0,5.0,700.0471644377623,1229.1903494083685,0.08157322289784458,-0.0004199036427515288,straight,1012,False,True,OSM-derived smoothed centreline
10100604,101,604,3020.0,5.0,705.0309705745353,1229.5924278107257,0.07941116848055739,-0.00044491999398185364,straight,1012,False,True,OSM-derived smoothed centreline
10100605,101,605,3025.0,5.0,710.0156587328456,1229.9834182219286,0.07712400545690168,-0.0004699468930492032,straight,1012,False,True,OSM-derived smoothed centreline
10100606,101,606,3030.0,5.0,715.0012517372516,1230.362694842932,0.07471168416205003,-0.0004949830515447802,straight,1012,False,True,OSM-derived smoothed centreline
10100607,101,607,3035.0,5.0,719.9877680268572,1230.7296313698648,0.07217416225053262,-0.0005200268272380161,straight,1012,False,True,OSM-derived smoothed centreline
10100608,101,608,3040.0,5.0,724.975221414323,1231.083601038855,0.06951140651067413,-0.0005450762044017884,straight,1012,False,True,OSM-derived smoothed centreline
10100609,101,609,3045.0,5.0,729.9636208443943,1231.423976683094,0.06672339477877069,-0.0005701287770628165,straight,1012,False,True,OSM-derived smoothed centreline
10100610,101,610,3050.0,5.0,734.9529701521584,1231.7501308027856,0.0638101179462697,-0.0005951817259787848,straight,1012,False,True,OSM-derived smoothed centreline
10100611,101,611,3055.0,5.0,739.9432678212854,1232.0614356486153,0.06077158206329007,-0.0006202318034661966,straight,1012,False,True,OSM-derived smoothed centreline
10100612,101,612,3060.0,5.0,744.9345067425493,1232.3572633193728,0.057607810535048334,-0.000645275312950591,straight,1012,False,True,OSM-derived smoothed centreline
10100613,101,613,3065.0,5.0,749.9266739729597,1232.6369858743458,0.05431884640734607,-0.0006703080905974446,straight,1012,False,True,OSM-derived smoothed centreline
10100614,101,614,3070.0,5.0,754.9197504958893,1232.8999754610961,0.050904754749368224,-0.0006953254965556487,straight,1012,False,True,OSM-derived smoothed centreline
10100615,101,615,3075.0,5.0,759.9137109818378,1233.1456044753475,0.04736565306641684,-0.0007202816127852023,straight,1012,False,True,OSM-derived smoothed centreline
10100616,101,616,3080.0,5.0,764.9085233386626,1233.3732505100493,0.04370577055618169,-0.0007419586249686176,straight,1012,False,True,OSM-derived smoothed centreline
10100617,101,617,3085.0,5.0,769.9041420359098,1233.5824551064457,0.04002413336017873,-0.0007096697428230304,straight,1012,False,True,OSM-derived smoothed centreline
10100618,101,618,3090.0,5.0,774.9004527611394,1233.7744464546968,0.03702221452638084,-0.0004303994894959628,straight,1012,False,True,OSM-derived smoothed centreline
10100619,101,619,3095.0,5.0,779.8971407984953,1233.9564004315619,0.03628517571928124,0.000175514643645934,straight,1012,False,True,OSM-derived smoothed centreline
10100620,101,620,3100.0,5.0,784.8936631076305,1234.142817665856,0.03882077593821043,0.0007801157932759748,straight,1012,False,True,OSM-derived smoothed centreline
10100621,101,621,3105.0,5.0,789.8895385965852,1234.3458158933888,0.04162612385547787,-0.00023277927366000792,straight,1012,False,True,OSM-derived smoothed centreline
10100622,101,622,3110.0,5.0,794.8860072531972,1234.5327835116614,0.02858586150623994,-0.005617094361573172,fast_corner,1012,False,True,OSM-derived smoothed centreline
10100623,101,623,3115.0,5.0,799.8854135502675,1234.5808506621918,-0.01359881676525141,-0.010733443990930826,corner,1012,False,True,OSM-derived smoothed centreline
10100624,101,624,3120.0,5.0,804.8796956237927,1234.3602889461927,-0.07897105146035209,-0.01585121936577382,corner,1012,False,True,OSM-derived smoothed centreline
10100625,101,625,3125.0,5.0,809.8408035442336,1233.7507895939127,-0.16733020248177244,-0.01791675742662532,corner,1012,False,True,OSM-derived smoothed centreline
10100626,101,626,3130.0,5.0,814.7307172036134,1232.7135235905098,-0.24744885678067624,-0.014240525686757042,corner,1012,False,True,OSM-derived smoothed centreline
10100627,101,627,3135.0,5.0,819.5328547991693,1231.3241224685128,-0.3146965069673826,-0.012708390848567766,corner,1012,False,True,OSM-derived smoothed centreline
10100628,101,628,3140.0,5.0,824.2394509847591,1229.6383654313893,-0.3700045854966156,-0.009016740153890722,corner,1012,False,True,OSM-derived smoothed centreline
10100629,101,629,3145.0,5.0,828.8645861563579,1227.7395639013996,-0.40692654248085863,-0.0064432746022111504,corner,1012,False,True,OSM-derived smoothed centreline
10100630,101,630,3150.0,5.0,833.4226573950867,1225.6848942191334,-0.4412169917104668,-0.007754581141373754,corner,1012,False,True,OSM-derived smoothed centreline
10100631,101,631,3155.0,5.0,837.8964363100145,1223.453032588841,-0.4864165830221401,-0.010271876792004078,corner,1012,False,True,OSM-derived smoothed centreline
10100632,101,632,3160.0,5.0,842.2509118046304,1220.9969431760007,-0.5417932031175244,-0.011587099055356397,corner,1012,False,True,OSM-derived smoothed centreline
10100633,101,633,3165.0,5.0,846.4575309603738,1218.2955334910405,-0.5997361195411328,-0.01136853156592512,corner,1012,False,True,OSM-derived smoothed centreline
10100634,101,634,3170.0,5.0,850.5053159915883,1215.3613196936078,-0.6536345462521971,-0.010061923803738554,corner,1012,False,True,OSM-derived smoothed centreline
10100635,101,635,3175.0,5.0,854.400419896432,1212.2270279812108,-0.7005489358582773,-0.00892596760427165,corner,1012,False,True,OSM-derived smoothed centreline
10100636,101,636,3180.0,5.0,858.1485514882386,1208.9183605548458,-0.746747024396318,-0.009958750444654482,corner,1012,False,True,OSM-derived smoothed centreline
10100637,101,637,3185.0,5.0,861.7265857847723,1205.4266870483682,-0.800791610367582,-0.011282552543223493,corner,1012,False,True,OSM-derived smoothed centreline
10100638,101,638,3190.0,5.0,865.1063386585307,1201.7427591422825,-0.8553042186708913,-0.010508142350048492,corner,1012,False,True,OSM-derived smoothed centreline
10100639,101,639,3195.0,5.0,868.2827504864609,1197.882150188912,-0.9107739257307017,-0.012084624407140476,corner,1012,False,True,OSM-derived smoothed centreline
10100640,101,640,3200.0,5.0,871.2251562818406,1193.8405235293894,-0.9714650216161507,-0.01117316653161834,corner,1012,False,True,OSM-derived smoothed centreline
10100641,101,641,3205.0,5.0,873.9404273010821,1189.6425849129234,-1.0199096210271832,-0.00899597603003085,corner,1012,False,True,OSM-derived smoothed centreline
10100642,101,642,3210.0,5.0,876.4540876632973,1185.3209560358,-1.0701782619145446,-0.0113440413889769,corner,1012,False,True,OSM-derived smoothed centreline
10100643,101,643,3215.0,5.0,878.7241731747822,1180.8667709870683,-1.1287437958002131,-0.011375600225635754,corner,1012,False,True,OSM-derived smoothed centreline
10100644,101,644,3220.0,5.0,880.7430348481907,1176.2930300484081,-1.179035176091332,-0.008478356058337248,corner,1012,False,True,OSM-derived smoothed centreline
10100645,101,645,3225.0,5.0,882.5675305360821,1171.6380359162692,-1.2124741524415696,-0.004898128218518698,fast_corner,1012,False,True,OSM-derived smoothed centreline
10100646,101,646,3230.0,5.0,884.2765390100963,1166.9392327383464,-1.228871856066265,-0.001824367005108195,fast_corner,1012,False,True,OSM-derived smoothed centreline
10100647,101,647,3235.0,5.0,885.9403858510643,1162.2241946038873,-1.2325934285844946,0.00016610828846032192,straight,1012,False,True,OSM-derived smoothed centreline
10100648,101,648,3240.0,5.0,887.6067010742335,1157.5100289611055,-1.2284867536468433,0.001338165313358072,straight,1012,False,True,OSM-derived smoothed centreline
10100649,101,649,3245.0,5.0,889.3015758981052,1152.8060622538069,-1.221759643859318,0.0009382943420626744,straight,1012,False,True,OSM-derived smoothed centreline
10100650,101,650,3250.0,5.0,891.0130691957402,1148.108107530255,-1.2236293061850356,-0.002038721424649798,fast_corner,1012,False,True,OSM-derived smoothed centreline
10100651,101,651,3255.0,5.0,892.6759651350222,1143.3928094013481,-1.2426080244907118,-0.005236740008113911,fast_corner,1012,False,True,OSM-derived smoothed centreline
10100652,101,652,3260.0,5.0,894.2220381730236,1138.6380106078877,-1.2700424204751783,-0.005027693156861285,fast_corner,1012,False,True,OSM-derived smoothed centreline
10100653,101,653,3265.0,5.0,895.6539946069985,1133.8475159280385,-1.288057624387393,-0.0020229284039680316,fast_corner,1012,False,True,OSM-derived smoothed centreline
10100654,101,654,3270.0,5.0,897.0355333006704,1129.0421728183674,-1.291771489621751,0.00019540880285528087,straight,1012,False,True,OSM-derived smoothed centreline
10100655,101,655,3275.0,5.0,898.4178013411635,1124.2370378469827,-1.2893479462685429,0.0005483985838723758,straight,1012,False,True,OSM-derived smoothed centreline
10100656,101,656,3280.0,5.0,899.8120368370267,1119.4353611542688,-1.2873310207369661,0.00023084946483416444,straight,1012,False,True,OSM-derived smoothed centreline
10100657,101,657,3285.0,5.0,901.2118703702598,1114.6353126326092,-1.287003596938589,-8.030274160383405e-05,straight,1012,False,True,OSM-derived smoothed centreline
10100658,101,658,3290.0,5.0,902.6100531333001,1109.83478315493,-1.28790811685929,-0.0002621898807702049,straight,1012,False,True,OSM-derived smoothed centreline
10100659,101,659,3295.0,5.0,904.0020690450624,1105.032462205529,-1.289517107522347,-0.0003771452339322155,straight,1012,False,True,OSM-derived smoothed centreline
10100660,101,660,3300.0,5.0,905.3850408280824,1100.227529344228,-1.2916661914535117,-0.0004822652787599554,straight,1012,False,True,OSM-derived smoothed centreline
10100661,101,661,3305.0,5.0,906.7564226317552,1095.4192762675198,-1.2943393068145348,-0.0005869748673289234,straight,1012,False,True,OSM-derived smoothed centreline
10100662,101,662,3310.0,5.0,908.113686830853,1090.6070196814871,-1.2975358841944196,-0.0006916502469352846,straight,1012,False,True,OSM-derived smoothed centreline
10100663,101,663,3315.0,5.0,909.4543005784997,1085.7900987672597,-1.3012560267819995,-0.0007965457295919892,straight,1012,False,True,OSM-derived smoothed centreline
10100664,101,664,3320.0,5.0,910.7757097324793,1080.9678750405176,-1.3055099209819954,-0.0009076206252308273,straight,1012,False,True,OSM-derived smoothed centreline
10100665,101,665,3325.0,5.0,912.0751459330982,1076.1396851190043,-1.3103954438044085,-0.001057266360091612,straight,1012,False,True,OSM-derived smoothed centreline
10100666,101,666,3330.0,5.0,913.3488931624307,1071.3046566129349,-1.3162020452195797,-0.0012756776964469815,straight,1012,False,True,OSM-derived smoothed centreline
10100667,101,667,3335.0,5.0,914.5917039850706,1066.4615870293535,-1.3232112375337748,-0.001530415198132498,fast_corner,1012,False,True,OSM-derived smoothed centreline
10100668,101,668,3340.0,5.0,915.7974091836179,1061.6091508326158,-1.3315144935330747,-0.0017911021933358987,fast_corner,1012,False,True,OSM-derived smoothed centreline
10100669,101,669,3345.0,5.0,916.9596089807666,1056.7461160857488,-1.341122500282934,-0.0020517001750170235,fast_corner,1012,False,True,OSM-derived smoothed centreline
10100670,101,670,3350.0,5.0,918.0718968122504,1051.8714285083172,-1.351996584278009,-0.0022856790587288916,fast_corner,1012,False,True,OSM-derived smoothed centreline
10100671,101,671,3355.0,5.0,919.1288429277192,1046.9844464662076,-1.363607432189906,-0.0022845628234945395,fast_corner,1012,False,True,OSM-derived smoothed centreline
10100672,101,672,3360.0,5.0,920.1311559638051,1042.0859612969964,-1.3738329924071424,-0.0017007385650948438,fast_corner,1012,False,True,OSM-derived smoothed centreline
10100673,101,673,3365.0,5.0,921.092639484033,1037.1792847887943,-1.3799156059829014,-0.0007015760741657173,straight,1012,False,True,OSM-derived smoothed centreline
10100674,101,674,3370.0,5.0,922.0368289224334,1032.2692436735008,-1.3809155031231792,0.0002538015621595066,straight,1012,False,True,OSM-derived smoothed centreline
10100675,101,675,3375.0,5.0,922.9860528251505,1027.3601745218903,-1.3783475796324245,0.000635664330617303,straight,1012,False,True,OSM-derived smoothed centreline
10100676,101,676,3380.0,5.0,923.9492998216301,1022.4538376071207,-1.3758235899454445,0.00028522053877396407,straight,1012,False,True,OSM-derived smoothed centreline
10100677,101,677,3385.0,5.0,924.9190409872105,1017.5487788120357,-1.3759205996378665,-0.00033739431937405653,straight,1012,False,True,OSM-derived smoothed centreline
10100678,101,678,3390.0,5.0,925.880477363015,1012.6420876705406,-1.3792241919610932,-0.0009806787348871266,straight,1012,False,True,OSM-derived smoothed centreline
10100679,101,679,3395.0,5.0,926.8179945058109,1007.7307762605568,-1.3855978652385839,-0.0015408158500095556,fast_corner,1012,False,True,OSM-derived smoothed centreline
10100680,101,680,3400.0,5.0,927.7181695772114,1002.8124904327153,-1.3942124896117276,-0.0018573871628022375,fast_corner,1012,False,True,OSM-derived smoothed centreline
10100681,101,681,3405.0,5.0,928.5730637843307,997.8861357101559,-1.4038212882335375,-0.001966994039867204,fast_corner,1012,False,True,OSM-derived smoothed centreline
10100682,101,682,3410.0,5.0,929.3795534183247,992.9516271224632,-1.4138070783027636,-0.002025580077443672,fast_corner,1012,False,True,OSM-derived smoothed centreline
10100683,101,683,3415.0,5.0,930.136028700768,988.0092052145773,-1.4240744042622115,-0.0020816943194868196,fast_corner,1012,False,True,OSM-derived smoothed centreline
10100684,101,684,3420.0,5.0,930.8410080013914,983.059176811333,-1.4346345908033569,-0.0021444589411130943,fast_corner,1012,False,True,OSM-derived smoothed centreline
10100685,101,685,3425.0,5.0,931.4928375755552,978.1018710773008,-1.4455457691459472,-0.002222021262593837,fast_corner,1012,False,True,OSM-derived smoothed centreline
10100686,101,686,3430.0,5.0,932.0895942773052,973.1376362852046,-1.4568143074501194,-0.0022678847340308335,fast_corner,1012,False,True,OSM-derived smoothed centreline
10100687,101,687,3435.0,5.0,932.6305710367625,968.1670123862008,-1.4677782642151775,-0.0020419392303793566,fast_corner,1012,False,True,OSM-derived smoothed centreline
10100688,101,688,3440.0,5.0,933.121841230453,963.1912206324837,-1.476392437071465,-0.0013343007608976505,straight,1012,False,True,OSM-derived smoothed centreline
10100689,101,689,3445.0,5.0,933.5802327753751,958.2122812950279,-1.4808623901151838,-0.0004772221275134454,straight,1012,False,True,OSM-derived smoothed centreline
10100690,101,690,3450.0,5.0,934.0258430167936,953.2321779296661,-1.4818787713244528,-3.550882984325389e-05,straight,1012,False,True,OSM-derived smoothed centreline
10100691,101,691,3455.0,5.0,934.4693383337707,948.2518855951278,-1.4821906267399678,-0.00015675339898314395,straight,1012,False,True,OSM-derived smoothed centreline
10100692,101,692,3460.0,5.0,934.9085493116929,943.271214082244,-1.4837635419048465,-0.00048062124371017653,straight,1012,False,True,OSM-derived smoothed centreline
10100693,101,693,3465.0,5.0,935.3358499839401,938.2895081822721,-1.4869477474318629,-0.0007747425616344466,straight,1012,False,True,OSM-derived smoothed centreline
10100694,101,694,3470.0,5.0,935.744267930884,933.3062202526175,-1.4911780764936065,-0.0008734709540891045,straight,1012,False,True,OSM-derived smoothed centreline
10100695,101,695,3475.0,5.0,936.131393496802,928.3212328408837,-1.4953061598727937,-0.0007534164648125287,straight,1012,False,True,OSM-derived smoothed centreline
10100696,101,696,3480.0,5.0,936.4998650118313,923.3348306375584,-1.4986055152180728,-0.0005643611065336896,straight,1012,False,True,OSM-derived smoothed centreline
10100697,101,697,3485.0,5.0,936.8542254431095,918.347404706643,-1.500981287902329,-0.0003941458340799607,straight,1012,False,True,OSM-derived smoothed centreline
10100698,101,698,3490.0,5.0,937.1986038554774,913.3592790202033,-1.5026672764900464,-0.0002934703856284778,straight,1012,False,True,OSM-derived smoothed centreline
10100699,101,699,3495.0,5.0,937.5355442381873,908.3706451809607,-1.5040105462012952,-0.00024881797037161013,straight,1012,False,True,OSM-derived smoothed centreline
10100700,101,700,3500.0,5.0,937.8662557322167,903.3815944498617,-1.5051747007636207,-0.0002172864407251058,straight,1012,False,True,OSM-derived smoothed centreline
10100701,101,701,3505.0,5.0,938.1915454637422,898.3921872155328,-1.5061846982462184,-0.00018684934301297065,straight,1012,False,True,OSM-derived smoothed centreline
10100702,101,702,3510.0,5.0,938.5121662991647,893.4024777263749,-1.5070496753614382,-0.00016092286314036745,straight,1012,False,True,OSM-derived smoothed centreline
10100703,101,703,3515.0,5.0,938.8287249968512,888.4125088510475,-1.5078318579781012,-0.00015770882460126924,straight,1012,False,True,OSM-derived smoothed centreline
10100704,101,704,3520.0,5.0,939.141275646038,883.4222873484141,-1.5086843365154445,-0.00018767231394143738,straight,1012,False,True,OSM-derived smoothed centreline
10100705,101,705,3525.0,5.0,939.449116008939,878.4317731345124,-1.509731250405646,-0.00023188292012052053,straight,1012,False,True,OSM-derived smoothed centreline
10100706,101,706,3530.0,5.0,939.7511675594942,873.4409053129722,-1.5110054753845432,-0.0002778399329177781,straight,1012,False,True,OSM-derived smoothed centreline
10100707,101,707,3535.0,5.0,940.0462855420074,868.4496228274883,-1.5125096110694705,-0.00032376782971986603,straight,1012,False,True,OSM-derived smoothed centreline
10100708,101,708,3540.0,5.0,940.3333259974884,863.4578694501186,-1.5142405492826432,-0.0003678474827327399,straight,1012,False,True,OSM-derived smoothed centreline
10100709,101,709,3545.0,5.0,940.6112068915191,858.4655979483132,-1.5161703692309219,-0.000401197015757607,straight,1012,False,True,OSM-derived smoothed centreline
10100710,101,710,3550.0,5.0,940.8791125300849,853.4727812938758,-1.518221307866713,-0.0004166008385926503,straight,1012,False,True,OSM-derived smoothed centreline
10100711,101,711,3555.0,5.0,941.136634999809,848.4794183641078,-1.520322115585929,-0.00042317872544750916,straight,1012,False,True,OSM-derived smoothed centreline
10100712,101,712,3560.0,5.0,941.3835933411032,843.4855218383859,-1.522451412559871,-0.00042851367572937897,straight,1012,False,True,OSM-derived smoothed centreline
10100713,101,713,3565.0,5.0,941.6198514003777,838.4911076751029,-1.5246072066057355,-0.0004338042408035413,straight,1012,False,True,OSM-derived smoothed centreline
10100714,101,714,3570.0,5.0,941.8452759156602,833.4961928346552,-1.5267894592853308,-0.00043909724014664275,straight,1012,False,True,OSM-derived smoothed centreline
10100715,101,715,3575.0,5.0,942.0597336238462,828.5007951393418,-1.5289981828418997,-0.0004443921206904049,straight,1012,False,True,OSM-derived smoothed centreline
10100716,101,716,3580.0,5.0,942.2630913797444,823.504933288591,-1.5312332272969802,-0.0004495460484341576,straight,1012,False,True,OSM-derived smoothed centreline
10100717,101,717,3585.0,5.0,942.455224994263,818.5086272036928,-1.5334885104431661,-0.0004509503272343623,straight,1012,False,True,OSM-derived smoothed centreline
10100718,101,718,3590.0,5.0,942.6361450739589,813.5119024657658,-1.5357001058877038,-0.0004260917901948881,straight,1012,False,True,OSM-derived smoothed centreline
10100719,101,719,3595.0,5.0,942.8065361408342,808.5148073916364,-1.5376578677217305,-0.0003486194500201784,straight,1012,False,True,OSM-derived smoothed centreline
10100720,101,720,3600.0,5.0,942.9682796846363,803.5174246120539,-1.5391352930134363,-0.00024016176793788623,straight,1012,False,True,OSM-derived smoothed centreline
10100721,101,721,3605.0,5.0,943.1240305352514,798.5198512026716,-1.5400521305912365,-0.00012643972376439832,straight,1012,False,True,OSM-derived smoothed centreline
10100722,101,722,3610.0,5.0,943.2766221672442,793.5221801907252,-1.5403994190816126,-1.2473857781447494e-05,straight,1012,False,True,OSM-derived smoothed centreline
10100723,101,723,3615.0,5.0,943.4289021093714,788.5244996575994,-1.5401768596279661,0.00010149900135288226,straight,1012,False,True,OSM-derived smoothed centreline
10100724,101,724,3620.0,5.0,943.5837183485523,783.526897165689,-1.53938441121991,0.00021548208213868092,straight,1012,False,True,OSM-derived smoothed centreline
10100725,101,725,3625.0,5.0,943.7439186924211,778.5294646118815,-1.5380223280026468,0.0003291877493396241,straight,1012,False,True,OSM-derived smoothed centreline
10100726,101,726,3630.0,5.0,943.9123316457747,773.5323024477716,-1.5361039804010737,0.00043440699483664164,straight,1012,False,True,OSM-derived smoothed centreline
10100727,101,727,3635.0,5.0,944.0914697477247,768.5355136117223,-1.5337831953599363,0.0004745172045420191,straight,1012,False,True,OSM-derived smoothed centreline
10100728,101,728,3640.0,5.0,944.2821672508999,763.5391524624948,-1.531586526258272,0.0003889650023474825,straight,1012,False,True,OSM-derived smoothed centreline
10100729,101,729,3645.0,5.0,944.4828252549096,758.5431811457057,-1.529677200340297,0.0004576415003723397,straight,1012,False,True,OSM-derived smoothed centreline
10100730,101,730,3650.0,5.0,944.696918280647,753.5477703346398,-1.5254250438001364,0.001451172728656406,fast_corner,1012,False,True,OSM-derived smoothed centreline
10100731,101,731,3655.0,5.0,944.9493009016937,748.5541723683435,-1.5135720796246321,0.0033395724407657757,fast_corner,1012,False,True,OSM-derived smoothed centreline
10100732,101,732,3660.0,5.0,945.2838024712349,743.5654600983629,-1.4929702057735506,0.0047117384411142545,fast_corner,1012,False,True,OSM-derived smoothed centreline
10100733,101,733,3665.0,5.0,945.7343746607786,738.5859333771134,-1.467437891482542,0.0056088299941443355,fast_corner,1012,False,True,OSM-derived smoothed centreline
10100734,101,734,3670.0,5.0,946.3272699355048,733.6214249246013,-1.4347926479165245,0.007490121895354527,corner,1012,False,True,OSM-derived smoothed centreline
10100735,101,735,3675.0,5.0,947.1005940885155,728.6818928731275,-1.3964610362630656,0.00718683225307404,corner,1012,False,True,OSM-derived smoothed centreline
10100736,101,736,3680.0,5.0,948.0467333905933,723.772412941711,-1.366128374948201,0.005189887021729285,fast_corner,1012,False,True,OSM-derived smoothed centreline
10100737,101,737,3685.0,5.0,949.1272744603098,718.8907151248458,-1.3388525675048077,0.006271873267780959,corner,1012,False,True,OSM-derived smoothed centreline
10100738,101,738,3690.0,5.0,950.3632403710888,714.0461812363592,-1.3009658674167723,0.008836075878302783,corner,1012,False,True,OSM-derived smoothed centreline
10100739,101,739,3695.0,5.0,951.8084854181398,709.2600886975148,-1.25336206590472,0.009685889129337407,corner,1012,False,True,OSM-derived smoothed centreline
10100740,101,740,3700.0,5.0,953.4764198871474,704.5468931175666,-1.2101511346610785,0.00713038720970646,corner,1012,False,True,OSM-derived smoothed centreline
10100741,101,741,3705.0,5.0,955.3105302830065,699.8955970245079,-1.1828331344742484,0.004062641562093177,fast_corner,1012,False,True,OSM-derived smoothed centreline
10100742,101,742,3710.0,5.0,957.2430864210482,695.2842345362074,-1.1659113389892843,0.003006245493311995,fast_corner,1012,False,True,OSM-derived smoothed centreline
10100743,101,743,3715.0,5.0,959.2458352217766,690.7029032530268,-1.1518096812884837,0.0025391128157071694,fast_corner,1012,False,True,OSM-derived smoothed centreline
10100744,101,744,3720.0,5.0,961.3065889378594,686.1473531089302,-1.1402070293647444,0.002614121067327996,fast_corner,1012,False,True,OSM-derived smoothed centreline
10100745,101,745,3725.0,5.0,963.438632674904,681.6248307612337,-1.1157357906742975,0.007900628534311435,corner,1012,False,True,OSM-derived smoothed centreline
10100746,101,746,3730.0,5.0,965.7375787093497,677.1851886035053,-1.0698697624753648,0.008294970207371098,corner,1012,False,True,OSM-derived smoothed centreline
10100747,101,747,3735.0,5.0,968.2068868439569,672.8376484488504,-1.0428557216645804,0.0036415579889420148,fast_corner,1012,False,True,OSM-derived smoothed centreline
10100748,101,748,3740.0,5.0,970.7741113386941,668.5471883920744,-1.0172031304876108,0.006937309937983698,corner,1012,False,True,OSM-derived smoothed centreline
10100749,101,749,3745.0,5.0,973.4739984958238,664.3390334048729,-0.9861356437543736,0.003959103706018714,fast_corner,1012,False,True,OSM-derived smoothed centreline
10100750,101,750,3750.0,5.0,976.2529286418927,660.182413641219,-0.9814820352902625,-0.0014999232755213054,fast_corner,1012,False,True,OSM-derived smoothed centreline
10100751,101,751,3755.0,5.0,979.0082634980561,656.010148227158,-0.9940980319608399,-0.003119845484154056,fast_corner,1012,False,True,OSM-derived smoothed centreline
10100752,101,752,3760.0,5.0,981.6983534233441,651.7955602606653,-1.0125370416440462,-0.004697614108075582,fast_corner,1012,False,True,OSM-derived smoothed centreline
10100753,101,753,3765.0,5.0,984.2780422570419,647.5127628191677,-1.0506840271324487,-0.011715891813920095,corner,1012,False,True,OSM-derived smoothed centreline
10100754,101,754,3770.0,5.0,986.6009743611141,643.0865862969241,-1.1301145339728595,-0.01834922121630022,corner,1012,False,True,OSM-derived smoothed centreline
10100755,101,755,3775.0,5.0,988.5348663964417,638.4772304196749,-1.2131084982428664,-0.014223905463962535,corner,1012,False,True,OSM-derived smoothed centreline
10100756,101,756,3780.0,5.0,990.1189125409962,633.7358666606086,-1.2855959196075075,-0.016347427761399014,corner,1012,False,True,OSM-derived smoothed centreline
10100757,101,757,3785.0,5.0,991.3126821024431,628.8821480035867,-1.3752117885537254,-0.018156974888811444,corner,1012,False,True,OSM-derived smoothed centreline
10100758,101,758,3790.0,5.0,992.0709165255589,623.9414180652242,-1.4597044593694657,-0.01568009417665075,corner,1012,False,True,OSM-derived smoothed centreline
10100759,101,759,3795.0,5.0,992.440129428547,618.9561161890424,-1.5320355849570215,-0.0134091051546166,corner,1012,False,True,OSM-derived smoothed centreline
10100760,101,760,3800.0,5.0,992.4632335923843,613.9571394229641,-1.602039891755142,-0.01529884625612271,corner,1012,False,True,OSM-derived smoothed centreline
10100761,101,761,3805.0,5.0,992.1073871119904,608.9711468389706,-1.6832238135213275,-0.016787249574538463,corner,1012,False,True,OSM-derived smoothed centreline
10100762,101,762,3810.0,5.0,991.3364021254484,604.0324124125463,-1.7680120583897185,-0.016533549205137936,corner,1012,False,True,OSM-derived smoothed centreline
10100763,101,763,3815.0,5.0,990.1757443080086,599.1699743333043,-1.8365374178719198,-0.009904233038169133,corner,1012,False,True,OSM-derived smoothed centreline
10100764,101,764,3820.0,5.0,988.7721633618141,594.3712422557973,-1.8697575427412283,-0.0047321883021753915,fast_corner,1012,False,True,OSM-derived smoothed centreline
10100765,101,765,3825.0,5.0,987.240116270962,589.6118856891917,-1.8959051900490786,-0.005963996759934076,fast_corner,1012,False,True,OSM-derived smoothed centreline
10100766,101,766,3830.0,5.0,985.5743305129284,584.8976979926491,-1.9237615836295388,-0.0045411553766921495,fast_corner,1012,False,True,OSM-derived smoothed centreline
10100767,101,767,3835.0,5.0,983.8038677843854,580.2216990603512,-1.9395078101648913,-0.0019036358097031302,fast_corner,1012,False,True,OSM-derived smoothed centreline
10100768,101,768,3840.0,5.0,981.9870905670649,575.5634512590175,-1.944332272487972,-0.00010558160044807072,straight,1012,False,True,OSM-derived smoothed centreline
10100769,101,769,3845.0,5.0,980.1673209339627,570.9063690067562,-1.9410596716382367,0.0013494419931398755,straight,1012,False,True,OSM-derived smoothed centreline
10100770,101,770,3850.0,5.0,978.3774246506053,566.2377385986312,-1.932189254745965,0.0020041581758814633,fast_corner,1012,False,True,OSM-derived smoothed centreline
10100771,101,771,3855.0,5.0,976.6319793063674,561.5523091207907,-1.9230200647419902,0.0015189988783551934,fast_corner,1012,False,True,OSM-derived smoothed centreline
10100772,101,772,3860.0,5.0,974.9212933225357,556.8540650766071,-1.917751044965689,0.0005703790192448736,straight,1012,False,True,OSM-derived smoothed centreline
10100773,101,773,3865.0,5.0,973.224238104241,552.1508744176851,-1.917121833010614,-0.0002599586851077792,straight,1012,False,True,OSM-derived smoothed centreline
10100774,101,774,3870.0,5.0,971.5223154191373,547.4494439030192,-1.9193204658273426,-0.0004981668843283869,straight,1012,False,True,OSM-derived smoothed centreline
10100775,101,775,3875.0,5.0,969.809824474746,542.7518522080214,-1.9211699192313163,-0.00020994630175195765,straight,1012,False,True,OSM-derived smoothed centreline
10100776,101,776,3880.0,5.0,968.0918429351789,538.0562650700513,-1.9218858345032472,-0.00019037531018737216,straight,1012,False,True,OSM-derived smoothed centreline
10100777,101,777,3885.0,5.0,966.3677995855032,533.3629014234426,-1.9243578905705432,-0.0008672910048012646,straight,1012,False,True,OSM-derived smoothed centreline
10100778,101,778,3890.0,5.0,964.6243620413843,528.6767127166696,-1.9297376815331897,-0.0010261636316675749,straight,1012,False,True,OSM-derived smoothed centreline
10100779,101,779,3895.0,5.0,962.8624427705549,523.9974355000477,-1.9299473314155464,0.0015664549924274118,fast_corner,1012,False,True,OSM-derived smoothed centreline
10100780,101,780,3900.0,5.0,961.1449217971177,519.3017849761162,-1.9078565785775137,0.007578916920496259,corner,1012,False,True,OSM-derived smoothed centreline
10100781,101,781,3905.0,5.0,959.6013279817158,514.546542120877,-1.858642144521581,0.010884680949474498,corner,1012,False,True,OSM-derived smoothed centreline
10100782,101,782,3910.0,5.0,958.3013623523029,509.7189387584364,-1.8124932831754672,0.006941475200729291,corner,1012,False,True,OSM-derived smoothed centreline
10100783,101,783,3915.0,5.0,957.1763298494407,504.84730951381914,-1.784236546426042,0.005480406920804171,fast_corner,1012,False,True,OSM-derived smoothed centreline
10100784,101,784,3920.0,5.0,956.1933056209263,499.9451166130181,-1.751509763789334,0.007299110852644333,corner,1012,False,True,OSM-derived smoothed centreline
10100785,101,785,3925.0,5.0,955.3802536094182,495.01189186981304,-1.7182420325722532,0.00567086298806414,fast_corner,1013,False,True,OSM-derived smoothed centreline
10100786,101,786,3930.0,5.0,954.7119499303103,490.05689672540524,-1.6915439663659606,0.005566290274272462,fast_corner,1013,False,True,OSM-derived smoothed centreline
10100787,101,787,3935.0,5.0,954.1846506138565,485.08497642374243,-1.6602573194601613,0.006884922854529734,corner,1013,False,True,OSM-derived smoothed centreline
10100788,101,788,3940.0,5.0,953.82951763067,480.0978950687074,-1.6220383685102093,0.008681779396703023,corner,1013,False,True,OSM-derived smoothed centreline
10100789,101,789,3945.0,5.0,953.6934556184381,475.10025374096807,-1.5718369837547226,0.011188514590305386,corner,1013,False,True,OSM-derived smoothed centreline
10100790,101,790,3950.0,5.0,953.8306977292057,470.102791704211,-1.5148728492764307,0.011207383691967013,corner,1013,False,True,OSM-derived smoothed centreline
10100791,101,791,3955.0,5.0,954.2471082877066,465.1207581645079,-1.46021033757094,0.010925539834140753,corner,1013,False,True,OSM-derived smoothed centreline
10100792,101,792,3960.0,5.0,954.9396623823449,460.1696349389918,-1.402015461087221,0.012570886316668941,corner,1013,False,True,OSM-derived smoothed centreline
10100793,101,793,3965.0,5.0,955.9396780494144,455.2715502799919,-1.3362440460226335,0.013152828365154983,corner,1013,False,True,OSM-derived smoothed centreline
10100794,101,794,3970.0,5.0,957.2492089487588,450.4467826080639,-1.278531667681397,0.009353482179099114,corner,1013,False,True,OSM-derived smoothed centreline
10100795,101,795,3975.0,5.0,958.7872530787511,445.68953368581157,-1.2390217045119387,0.007874265923004707,corner,1013,False,True,OSM-derived smoothed centreline
10100796,101,796,3980.0,5.0,960.5308957224697,441.0040518946747,-1.1842619433247839,0.014556534078868578,corner,1013,False,True,OSM-derived smoothed centreline
10100797,101,797,3985.0,5.0,962.6001398165421,436.45385328382037,-1.1016142693612678,0.017089229193648876,corner,1013,False,True,OSM-derived smoothed centreline
10100798,101,798,3990.0,5.0,965.0383109316915,432.0900041116267,-1.0239047030341424,0.013656746111680542,corner,1013,False,True,OSM-derived smoothed centreline
10100799,101,799,3995.0,5.0,967.7694716358883,427.9026694583177,-0.9648470296273548,0.00992368461456912,corner,1013,False,True,OSM-derived smoothed centreline
10100800,101,800,4000.0,5.0,970.7011809272025,423.8526873938166,-0.9282556189139187,0.004397645128552851,fast_corner,1013,False,True,OSM-derived smoothed centreline
10100801,101,801,4005.0,5.0,973.7239810603119,419.86991361257174,-0.9183723296514729,0.00027912072013604725,straight,1013,False,True,OSM-derived smoothed centreline
10100802,101,802,4010.0,5.0,976.7600107121093,415.89719112965554,-0.9181162290686575,0.00025464303610461434,straight,1013,False,True,OSM-derived smoothed centreline
10100803,101,803,4015.0,5.0,979.8029646098179,411.92977448273734,-0.9138719010955487,0.0014876770411679987,fast_corner,1013,False,True,OSM-derived smoothed centreline
10100804,101,804,4020.0,5.0,982.8754192855599,407.9851844585209,-0.9031388193619543,0.0027967069392585394,fast_corner,1013,False,True,OSM-derived smoothed centreline
10100805,101,805,4025.0,5.0,986.002104782,404.0834819873583,-0.8865824408090396,0.0036332245387706396,fast_corner,1013,False,True,OSM-derived smoothed centreline
10100806,101,806,4030.0,5.0,989.1942192195391,400.2351130023643,-0.8718668856534207,0.0014738365198738686,fast_corner,1013,False,True,OSM-derived smoothed centreline
10100807,101,807,4035.0,5.0,992.4067189503775,396.4037031446239,-0.8795859781422043,-0.004861523292060654,fast_corner,1013,False,True,OSM-derived smoothed centreline
10100808,101,808,4040.0,5.0,995.5283929439203,392.498292827584,-0.9174450642911421,-0.00983030014099158,corner,1013,False,True,OSM-derived smoothed centreline
10100809,101,809,4045.0,5.0,998.4513660650175,388.4426349280172,-0.9805639290952263,-0.016352522711502636,corner,1013,False,True,OSM-derived smoothed centreline
10100810,101,810,4050.0,5.0,1001.0302324013419,384.16146980379676,-1.0822104257792664,-0.022598998915625623,corner,1013,False,True,OSM-derived smoothed centreline
10100811,101,811,4055.0,5.0,1003.1418153468888,379.63140724676504,-1.1807704353292863,-0.015522711977735802,corner,1013,False,True,OSM-derived smoothed centreline
10100812,101,812,4060.0,5.0,1004.8878687815902,374.9470042972649,-1.2432737602926538,-0.010680471386781057,corner,1013,False,True,OSM-derived smoothed centreline
10100813,101,813,4065.0,5.0,1006.3717458272235,370.17284185060925,-1.2961006012573535,-0.011339522670592624,corner,1013,False,True,OSM-derived smoothed centreline
10100814,101,814,4070.0,5.0,1007.5707878193181,365.3197333207048,-1.365365700296109,-0.016214515892868857,corner,1013,False,True,OSM-derived smoothed centreline
10100815,101,815,4075.0,5.0,1008.3898560948327,360.3886052588141,-1.4456944100059408,-0.014801980208201474,corner,1013,False,True,OSM-derived smoothed centreline
10100816,101,816,4080.0,5.0,1008.8422874940627,355.41001259137187,-1.512736824257954,-0.012501109951325267,corner,1013,False,True,OSM-derived smoothed centreline
10100817,101,817,4085.0,5.0,1008.979815305553,350.41263511027904,-1.5731981662787275,-0.011741182962399881,corner,1013,False,True,OSM-derived smoothed centreline
10100818,101,818,4090.0,5.0,1008.8236316832662,345.4157282182766,-1.6302780619737092,-0.011006658883179915,corner,1013,False,True,OSM-derived smoothed centreline
10100819,101,819,4095.0,5.0,1008.3898794585349,340.43518873505735,-1.6859258578570575,-0.01215943437360918,corner,1013,False,True,OSM-derived smoothed centreline
10100820,101,820,4100.0,5.0,1007.6435280485432,335.492315534217,-1.7598052356814082,-0.017215696273312268,corner,1013,False,True,OSM-derived smoothed centreline
10100821,101,821,4105.0,5.0,1006.4872795656229,330.629492246468,-1.8489579463055006,-0.017701031163180888,corner,1013,False,True,OSM-derived smoothed centreline
10100822,101,822,4110.0,5.0,1004.9071914931935,325.8872914439075,-1.9351074018667307,-0.016683396780338783,corner,1013,False,True,OSM-derived smoothed centreline
10100823,101,823,4115.0,5.0,1002.9448507153725,321.28968410306095,-2.0094385554487646,-0.012062303925250489,corner,1013,False,True,OSM-derived smoothed centreline
10100824,101,824,4120.0,5.0,1000.711458015677,316.8166413047321,-2.0538489071894914,-0.007004371753199049,corner,1013,False,True,OSM-derived smoothed centreline
10100825,101,825,4125.0,5.0,998.2974825202267,312.4384734597552,-2.101289284190713,-0.01361633326016755,corner,1013,False,True,OSM-derived smoothed centreline
10100826,101,826,4130.0,5.0,995.5948204648329,308.23366575390975,-2.187401490588979,-0.018901165087230595,corner,1013,False,True,OSM-derived smoothed centreline
10100827,101,827,4135.0,5.0,992.5277307292648,304.28665067751916,-2.2705834990698577,-0.01342536661554745,corner,1013,False,True,OSM-derived smoothed centreline
10100828,101,828,4140.0,5.0,989.1976324763142,300.55778849469294,-2.326218663398659,-0.010231100433319323,corner,1013,False,True,OSM-derived smoothed centreline
10100829,101,829,4145.0,5.0,985.6705192035877,297.01480708342467,-2.384448988237348,-0.013339365281414639,corner,1013,False,True,OSM-derived smoothed centreline
10100830,101,830,4150.0,5.0,981.9205870614215,293.70901116212974,-2.4535645612225445,-0.013152163437836924,corner,1013,False,True,OSM-derived smoothed centreline
10100831,101,831,4155.0,5.0,977.9706501403153,290.64424456387354,-2.504003372842825,-0.006300376291461897,corner,1013,False,True,OSM-derived smoothed centreline
10100832,101,832,4160.0,5.0,973.9215530209864,287.7109523954065,-2.5222712300359604,-0.002786361622901428,fast_corner,1013,False,True,OSM-derived smoothed centreline
10100833,101,833,4165.0,5.0,969.8211882895132,284.8498565993418,-2.5459684668773224,-0.006619359339369361,corner,1013,False,True,OSM-derived smoothed centreline
10100834,101,834,4170.0,5.0,965.6381060334015,282.1112442439134,-2.575387569578744,-0.0037867855487463973,fast_corner,1013,False,True,OSM-derived smoothed centreline
10100835,101,835,4175.0,5.0,961.4053615186198,279.4497038381964,-2.5813048863111567,0.0007122504249408837,straight,1013,False,True,OSM-derived smoothed centreline
10100836,101,836,4180.0,5.0,957.1761968035814,276.782473237492,-2.5768038537732436,0.0004712583558243649,straight,1013,False,True,OSM-derived smoothed centreline
10100837,101,837,4185.0,5.0,952.9518908176967,274.1075473147831,-2.5787619369097006,-0.0011020963713892955,straight,1013,False,True,OSM-derived smoothed centreline
10100838,101,838,4190.0,5.0,948.715141290171,271.4523861850121,-2.5846415885359626,-0.0009647312269708286,straight,1013,False,True,OSM-derived smoothed centreline
10100839,101,839,4195.0,5.0,944.466019606351,268.8170596913995,-2.587796281908835,-0.0004366777071263906,straight,1013,False,True,OSM-derived smoothed centreline
10100840,101,840,4200.0,5.0,940.2101014919723,266.19272236422887,-2.5905289571475723,-0.0007309996100022308,straight,1013,False,True,OSM-derived smoothed centreline
10100841,101,841,4205.0,5.0,935.9440757213376,263.58485642531025,-2.5960970327101798,-0.0017845941605198082,fast_corner,1013,False,True,OSM-derived smoothed centreline
10100842,101,842,4210.0,5.0,931.652113978919,261.01999308453077,-2.6124882878463835,-0.004878129504094493,fast_corner,1013,False,True,OSM-derived smoothed centreline
10100843,101,843,4215.0,5.0,927.3037630919783,258.5520910843874,-2.637308727520728,-0.0037424598988135198,fast_corner,1013,False,True,OSM-derived smoothed centreline
10100844,101,844,4220.0,5.0,922.9137600872805,256.1588128243238,-2.643735020922852,0.0007773180991724682,straight,1013,False,True,OSM-derived smoothed centreline
10100845,101,845,4225.0,5.0,918.5297422797943,253.75460468960588,-2.634534703031762,0.0029432177295154126,fast_corner,1013,False,True,OSM-derived smoothed centreline
10100846,101,846,4230.0,5.0,914.1849150074069,251.28049327894598,-2.6094360811864177,0.007593739355112069,corner,1013,False,True,OSM-derived smoothed centreline
10100847,101,847,4235.0,5.0,909.9372335630792,248.64381859121568,-2.559285559075648,0.011436174143227125,corner,1013,False,True,OSM-derived smoothed centreline
10100848,101,848,4240.0,5.0,905.832026893543,245.79019494914678,-2.515234195158533,0.00425755111306402,fast_corner,1013,False,True,OSM-derived smoothed centreline
10100849,101,849,4245.0,5.0,901.792465313792,242.84368604461093,-2.51070839036174,0.0007651901084529429,straight,1013,False,True,OSM-derived smoothed centreline
10100850,101,850,4250.0,5.0,897.7833745345538,239.85610466816163,-2.48368189313608,0.00972059249716844,corner,1013,False,True,OSM-derived smoothed centreline
10100851,101,851,4255.0,5.0,893.9102471788258,236.69494065077564,-2.429803122984635,0.010774674240007099,corner,1013,False,True,OSM-derived smoothed centreline
10100852,101,852,4260.0,5.0,890.2124334902497,233.3303231678011,-2.377219191993989,0.010325561234398426,corner,1013,False,True,OSM-derived smoothed centreline
10100853,101,853,4265.0,5.0,886.6939228976078,229.77859567609758,-2.32548476629291,0.010700583670442639,corner,1013,False,True,OSM-derived smoothed centreline
10100854,101,854,4270.0,5.0,883.3712379264358,226.04316122967032,-2.2696876153186456,0.011058489305289522,corner,1013,False,True,OSM-derived smoothed centreline
10100855,101,855,4275.0,5.0,880.2536948622397,222.13469124944078,-2.2208240750472257,0.008422115042365943,corner,1013,False,True,OSM-derived smoothed centreline
10100856,101,856,4280.0,5.0,877.3074663484456,218.09529522165212,-2.1818223722129906,0.007480304827834373,corner,1013,False,True,OSM-derived smoothed centreline
10100857,101,857,4285.0,5.0,874.5133692153254,213.94914780630089,-2.1466867415167297,0.0064150245611635905,corner,1013,False,True,OSM-derived smoothed centreline
10100858,101,858,4290.0,5.0,871.8556249940077,209.71423036804748,-2.115886450619685,0.006314277253192335,corner,1013,False,True,OSM-derived smoothed centreline
10100859,101,859,4295.0,5.0,869.3339678500344,205.39693779082066,-2.0827273974727816,0.006510840000184184,corner,1013,False,True,OSM-derived smoothed centreline
10100860,101,860,4300.0,5.0,866.9469719662162,201.0036595980559,-2.0569739109844583,0.003365951841691383,fast_corner,1013,False,True,OSM-derived smoothed centreline
10100861,101,861,4305.0,5.0,864.63455185081,196.5705365428544,-2.0488344475309623,0.0002569579380086753,straight,1013,False,True,OSM-derived smoothed centreline
10100862,101,862,4310.0,5.0,862.3323116016131,192.13210405064237,-2.0504708809006194,-0.0006326586745507356,straight,1013,False,True,OSM-derived smoothed centreline
10100863,101,863,4315.0,5.0,860.0174516049934,187.70024211462294,-2.0538405692477535,-0.0006762098302106694,straight,1013,False,True,OSM-derived smoothed centreline
10100864,101,864,4320.0,5.0,857.6877215087991,183.27617881515184,-2.0571263186940776,-0.0006368460842756903,straight,1013,False,True,OSM-derived smoothed centreline
10100865,101,865,4325.0,5.0,855.3439174477719,178.85955526981832,-2.060206990785613,-0.0005954179845688715,straight,1013,False,True,OSM-derived smoothed centreline
10100866,101,866,4330.0,5.0,852.9869750466007,174.44992875470757,-2.063080448004419,-0.0005539604005727671,straight,1013,False,True,OSM-derived smoothed centreline
10100867,101,867,4335.0,5.0,850.617827843048,170.04684718490566,-2.0657465562053323,-0.0005124795064477487,straight,1013,False,True,OSM-derived smoothed centreline
10100868,101,868,4340.0,5.0,848.237405914055,165.6498505566759,-2.0682052146664742,-0.00047098144795780527,straight,1013,False,True,OSM-derived smoothed centreline
10100869,101,869,4345.0,5.0,845.8466360041466,161.2584716045292,-2.070456350725832,-0.00042947131752600707,straight,1013,False,True,OSM-derived smoothed centreline
10100870,101,870,4350.0,5.0,843.4464416857425,156.87223644435943,-2.0724999147134917,-0.0003879532348157499,straight,1013,False,True,OSM-derived smoothed centreline
10100871,101,871,4355.0,5.0,841.0377435485074,152.49066520325061,-2.07433587530124,-0.0003464304315626969,straight,1013,False,True,OSM-derived smoothed centreline
10100872,101,872,4360.0,5.0,838.6214594149845,148.11327263668153,-2.075964215280757,-0.0003049053377101868,straight,1013,False,True,OSM-derived smoothed centreline
10100873,101,873,4365.0,5.0,836.1985045797994,143.73956873397094,-2.077384927765534,-0.00026337966667408795,straight,1013,False,True,OSM-derived smoothed centreline
10100874,101,874,4370.0,5.0,833.7697920697691,139.36905931294893,-2.0785980128215136,-0.00022185450030175159,straight,1013,False,True,OSM-derived smoothed centreline
10100875,101,875,4375.0,5.0,831.3362329222904,135.0012466048982,-2.0796034745286507,-0.0001803303762907307,straight,1013,False,True,OSM-derived smoothed centreline
10100876,101,876,4380.0,5.0,828.8987364794457,130.63562983097117,-2.0804013184690566,-0.0001388073725952138,straight,1013,False,True,OSM-derived smoothed centreline
10100877,101,877,4385.0,5.0,826.458210695268,126.27170577127289,-2.080991549647601,-9.728519545034237e-05,straight,1013,False,True,OSM-derived smoothed centreline
10100878,101,878,4390.0,5.0,824.0155624536796,121.90896932795299,-2.0813741708415083,-5.57632622380182e-05,straight,1013,False,True,OSM-derived smoothed centreline
10100879,101,879,4395.0,5.0,821.5716978946203,117.54691408362957,-2.0815491813784077,-1.4240788921109131e-05,straight,1013,False,True,OSM-derived smoothed centreline
10100880,101,880,4400.0,5.0,819.1275227459173,113.1850328565517,-2.0815165763455963,2.728312223899596e-05,straight,1013,False,True,OSM-derived smoothed centreline
10100881,101,881,4405.0,5.0,816.6839426584547,108.8228182539056,-2.081276346226082,6.88093993124537e-05,straight,1013,False,True,OSM-derived smoothed centreline
10100882,101,882,4410.0,5.0,814.2418635422307,104.4597632247167,-2.0808284769670875,0.0001103389149567569,straight,1013,False,True,OSM-derived smoothed centreline
10100883,101,883,4415.0,5.0,811.8021919008617,100.09536161376528,-2.0801729504746467,0.00015187239850285048,straight,1013,False,True,OSM-derived smoothed centreline
10100884,101,884,4420.0,5.0,809.365835162116,95.72910871796219,-2.0793097455401046,0.00019341035195757228,straight,1013,False,True,OSM-derived smoothed centreline
10100885,101,885,4425.0,5.0,806.9337020020226,91.36050184658109,-2.0782388391970446,0.0002349529621386928,straight,1013,False,True,OSM-derived smoothed centreline
10100886,101,886,4430.0,5.0,804.506702660107,86.98904088675361,-2.0769602085057,0.0002765000158843188,straight,1013,False,True,OSM-derived smoothed centreline
10100887,101,887,4435.0,5.0,802.085749243246,82.61422887553732,-2.075473832779738,0.0003180507274986188,straight,1013,False,True,OSM-derived smoothed centreline
10100888,101,888,4440.0,5.0,799.6717559690896,78.23557260550282,-2.073779751231164,0.00035955176924586503,straight,1013,False,True,OSM-derived smoothed centreline
10100889,101,889,4445.0,5.0,797.2656364420523,73.85258485711762,-2.0718803807232744,0.0003994979606030656,straight,1013,False,True,OSM-derived smoothed centreline
10100890,101,890,4450.0,5.0,794.8682557373445,69.4648112621608,-2.069804430273766,0.0004271293452115028,straight,1013,False,True,OSM-derived smoothed centreline
10100891,101,891,4455.0,5.0,792.4801971726214,65.07195717277645,-2.067657440909037,0.00042690905905406226,straight,1013,False,True,OSM-derived smoothed centreline
10100892,101,892,4460.0,5.0,790.101486947518,60.67403392290526,-2.06556618872679,0.00040816964490660815,straight,1013,False,True,OSM-derived smoothed centreline
10100893,101,893,4465.0,5.0,787.7317519783675,56.271267940942806,-2.063580847032177,0.00038586742323036576,straight,1013,False,True,OSM-derived smoothed centreline
10100894,101,894,4470.0,5.0,785.3705155984628,51.86393816650886,-2.061707735008726,0.0003633757115621859,straight,1013,False,True,OSM-derived smoothed centreline
10100895,101,895,4475.0,5.0,783.017290653174,47.45232551843054,-2.0599470931213295,0.00034088092708122375,straight,1013,False,True,OSM-derived smoothed centreline
10100896,101,896,4480.0,5.0,780.6715882592117,43.036708365008785,-2.0582989259077524,0.00031838602144381426,straight,1013,False,True,OSM-derived smoothed centreline
10100897,101,897,4485.0,5.0,778.3329181565449,38.617362549873896,-2.0567632314857396,0.00029589195580882174,straight,1013,False,True,OSM-derived smoothed centreline
10100898,101,898,4490.0,5.0,776.0007888272592,34.19456154373514,-2.055340003657807,0.0002733994981076187,straight,1013,False,True,OSM-derived smoothed centreline
10100899,101,899,4495.0,5.0,773.6747076084098,29.76857659948986,-2.054029232844008,0.0002509092355296823,straight,1013,False,True,OSM-derived smoothed centreline
10100900,101,900,4500.0,5.0,771.3541807997182,25.339676910201593,-2.052830906945309,0.0002284215901879212,straight,1013,False,True,OSM-derived smoothed centreline
10100901,101,901,4505.0,5.0,769.038713766454,20.908129769624676,-2.0517450121402336,0.00020593683159777845,straight,1013,False,True,OSM-derived smoothed centreline
10100902,101,902,4510.0,5.0,766.727811037901,16.474200735069502,-2.0507715336116403,0.00018345509104390688,straight,1013,False,True,OSM-derived smoothed centreline
10100903,101,903,4515.0,5.0,764.4209764017651,12.038153792322824,-2.0499104562050867,0.00016097637434088718,straight,1013,False,True,OSM-derived smoothed centreline
10100904,101,904,4520.0,5.0,762.1177129949232,7.600251522414281,-2.0491617650201426,0.0001385005760824858,straight,1013,False,True,OSM-derived smoothed centreline
10100905,101,905,4525.0,5.0,759.8175233908905,3.160755269984075,-2.0485254459296596,0.00011602749490475568,straight,1013,False,True,OSM-derived smoothed centreline
10100906,101,906,4530.0,5.0,757.5199096844129,-1.2800746869472104,-2.0480014860356137,9.355684354696928e-05,straight,1013,False,True,OSM-derived smoothed centreline
10100907,101,907,4535.0,5.0,755.2243735735636,-5.721978966036921,-2.047589874052371,7.108826503229096e-05,straight,1013,False,True,OSM-derived smoothed centreline
10100908,101,908,4540.0,5.0,752.9304164397612,-10.164698908684107,-2.0472906006245224,4.8621347564876654e-05,straight,1013,False,True,OSM-derived smoothed centreline
10100909,101,909,4545.0,5.0,750.6375394260942,-14.607976407327966,-2.0471036585751916,2.6155634069449543e-05,straight,1013,False,True,OSM-derived smoothed centreline
10100910,101,910,4550.0,5.0,748.3452435143671,-19.051553732141286,-2.0470290430872953,3.6906396966647403e-06,straight,1013,False,True,OSM-derived smoothed centreline
10100911,101,911,4555.0,5.0,746.0530296012661,-23.49517335733351,-2.0470667518152506,-1.877413797429444e-05,straight,1013,False,True,OSM-derived smoothed centreline
10100912,101,912,4560.0,5.0,743.7603985781482,-27.938577789351292,-2.047216779399481,-4.123319696946953e-05,straight,1013,False,True,OSM-derived smoothed centreline
10100913,101,913,4565.0,5.0,741.4668518306565,-32.38150961185126,-2.047478764601641,-6.343856233388593e-05,straight,1013,False,True,OSM-derived smoothed centreline
10100914,101,914,4570.0,5.0,739.171900372922,-36.82371599320155,-2.04784698404573,-8.292719211426346e-05,straight,1013,False,True,OSM-derived smoothed centreline
10100915,101,915,4575.0,5.0,736.8751230788664,-41.264978613261526,-2.0482939351988287,-9.42155991264497e-05,straight,1013,False,True,OSM-derived smoothed centreline
10100916,101,916,4580.0,5.0,734.5762676537865,-45.70516591421545,-2.0487768020234918,-9.824380873849282e-05,straight,1013,False,True,OSM-derived smoothed centreline
10100917,101,917,4585.0,5.0,732.2752343186903,-50.1442249470668,-2.0492735736710848,-0.00010039730146452964,straight,1013,False,True,OSM-derived smoothed centreline
10100918,101,918,4590.0,5.0,729.9719730770213,-54.582128409112045,-2.0497806112853194,-0.0001024162605073875,straight,1013,False,True,OSM-derived smoothed centreline
10100919,101,919,4595.0,5.0,727.666439572037,-59.018851831025906,-2.0502977345285087,-0.000104433039311384,straight,1013,False,True,OSM-derived smoothed centreline
10100920,101,920,4600.0,5.0,725.3585896798414,-63.4543707768986,-2.0508249417113293,-0.00010644983517699043,straight,1013,False,True,OSM-derived smoothed centreline
10100921,101,921,4605.0,5.0,723.0483793143169,-67.8886607414416,-2.05136223289769,-0.00010846663940055116,straight,1013,False,True,OSM-derived smoothed centreline
10100922,101,922,4610.0,5.0,720.7357644270206,-72.32169714821896,-2.0519096081004613,-0.00011048344075514872,straight,1013,False,True,OSM-derived smoothed centreline
10100923,101,923,4615.0,5.0,718.4207010082018,-76.75345534845052,-2.0524670672787613,-0.00011250022752908281,straight,1013,False,True,OSM-derived smoothed centreline
10100924,101,924,4620.0,5.0,716.1031450878286,-81.18391061983226,-2.0530346103368347,-0.00011451699005853166,straight,1013,False,True,OSM-derived smoothed centreline
10100925,101,925,4625.0,5.0,713.7830527366295,-85.61303816536396,-2.053612237118733,-0.00011653371523552283,straight,1013,False,True,OSM-derived smoothed centreline
10100926,101,926,4630.0,5.0,711.4603800671551,-90.04081311218121,-2.0541999474073656,-0.00011855039058368419,straight,1013,False,True,OSM-derived smoothed centreline
10100927,101,927,4635.0,5.0,709.1350832348533,-94.46721051040007,-2.0547977409214395,-0.00012056700327698914,straight,1013,False,True,OSM-derived smoothed centreline
10100928,101,928,4640.0,5.0,706.8071184391576,-98.8922053319734,-2.05540561731218,-0.0001225835389938081,straight,1013,False,True,OSM-derived smoothed centreline
10100929,101,929,4645.0,5.0,704.4764419245953,-103.3157724695567,-2.056023576160028,-0.00012459998354771856,straight,1013,False,True,OSM-derived smoothed centreline
10100930,101,930,4650.0,5.0,702.143009981912,-107.73788673537794,-2.0566516169734044,-0.00012661632230559082,straight,1013,False,True,OSM-derived smoothed centreline
10100931,101,931,4655.0,5.0,699.806778949211,-112.15852286012635,-2.057289739183675,-0.0001286325399903669,straight,1013,False,True,OSM-derived smoothed centreline
10100932,101,932,4660.0,5.0,697.4677052131094,-116.5776554918464,-2.05793794214307,-0.00013064861922614023,straight,1013,False,True,OSM-derived smoothed centreline
10100933,101,933,4665.0,5.0,695.1257452099143,-120.9952591948456,-2.0585962251215597,-0.00013266454457175504,straight,1013,False,True,OSM-derived smoothed centreline
10100934,101,934,4670.0,5.0,692.7808554268119,-125.4113084486112,-2.0592645873035926,-0.00013468029767913105,straight,1013,False,True,OSM-derived smoothed centreline
10100935,101,935,4675.0,5.0,690.4329924030794,-129.82577764673803,-2.0599430277851214,-0.0001366958607698759,straight,1013,False,True,OSM-derived smoothed centreline
10100936,101,936,4680.0,5.0,688.0821127313088,-134.23864109587495,-2.060631545569235,-0.00013871121546582744,straight,1013,False,True,OSM-derived smoothed centreline
10100937,101,937,4685.0,5.0,685.7281730586527,-138.64987301467212,-2.061330139565286,-0.0001407263420608573,straight,1013,False,True,OSM-derived smoothed centreline
10100938,101,938,4690.0,5.0,683.3711300880884,-143.05944753274872,-2.0620388085822015,-0.00014274122055574285,straight,1013,False,True,OSM-derived smoothed centreline
10100939,101,939,4695.0,5.0,681.0109405796965,-147.46733868967223,-2.0627575513283087,-0.00014475583032446296,straight,1013,False,True,OSM-derived smoothed centreline
10100940,101,940,4700.0,5.0,678.6475613519634,-151.87352043394495,-2.063486366405824,-0.0001467701495059365,straight,1013,False,True,OSM-derived smoothed centreline
10100941,101,941,4705.0,5.0,676.2809492830988,-156.2779666220109,-2.0642252523080313,-0.00014878415627737353,straight,1013,False,True,OSM-derived smoothed centreline
10100942,101,942,4710.0,5.0,673.9110613123704,-160.6806510172761,-2.064974207416021,-0.0001507978277696261,straight,1013,False,True,OSM-derived smoothed centreline
10100943,101,943,4715.0,5.0,671.5378544414651,-165.081547289132,-2.0657332299946933,-0.00015281114049162724,straight,1013,False,True,OSM-derived smoothed centreline
10100944,101,944,4720.0,5.0,669.1612857358602,-169.48062901200709,-2.066502318189188,-0.00015482406995706116,straight,1013,False,True,OSM-derived smoothed centreline
10100945,101,945,4725.0,5.0,666.7813123272286,-173.87786966496577,-2.067281468116494,-0.0001568338239768372,straight,1013,False,True,OSM-derived smoothed centreline
10100946,101,946,4730.0,5.0,664.3978916931104,-178.27324278175817,-2.0680704086151245,-0.0001586313173703882,straight,1013,False,True,OSM-derived smoothed centreline
10100947,101,947,4735.0,5.0,662.0109906593151,-182.6667268430677,-2.0688627901074055,-0.0001569919623202433,straight,1013,False,True,OSM-derived smoothed centreline
10100948,101,948,4740.0,5.0,659.6206701101537,-187.05835143270627,-2.06961439597988,-0.0001399042400837725,straight,1013,False,True,OSM-derived smoothed centreline
10100949,101,949,4745.0,5.0,657.2273170178765,-191.44832412296327,-2.070226890257451,-0.00010259585788629698,straight,1013,False,True,OSM-derived smoothed centreline
10100950,101,950,4750.0,5.0,654.8317251937088,-195.83707559556515,-2.0706281376571347,-5.751141112473197e-05,straight,1013,False,True,OSM-derived smoothed centreline
10100951,101,951,4755.0,5.0,652.4348724862847,-200.22513861217774,-2.070800900674998,-1.157956704977419e-05,straight,1013,False,True,OSM-derived smoothed centreline
10100952,101,952,4760.0,5.0,650.0377657410271,-204.6130628644734,-2.0707439082571617,3.437674888758688e-05,straight,1013,False,True,OSM-derived smoothed centreline
10100953,101,953,4765.0,5.0,647.6414132552821,-209.00139906377768,-2.070457129809557,8.0335098014011e-05,straight,1013,False,True,OSM-derived smoothed centreline
10100954,101,954,4770.0,5.0,645.2468236738262,-213.3906974360931,-2.0699405515555602,0.00012629689642141664,straight,1013,False,True,OSM-derived smoothed centreline
10100955,101,955,4775.0,5.0,642.8550063796636,-217.7815070329273,-2.069194153109013,0.00017226335532036737,straight,1013,False,True,OSM-derived smoothed centreline
10100956,101,956,4780.0,5.0,640.4669718981063,-222.17437504907565,-2.0682179087739123,0.00021823530190650286,straight,1013,False,True,OSM-derived smoothed centreline
10100957,101,957,4785.0,5.0,638.0837322161373,-226.56984609410483,-2.06701188238228,0.00026412141090263286,straight,1013,False,True,OSM-derived smoothed centreline
10100958,101,958,4790.0,5.0,635.7062955899172,-230.9684584873603,-2.0655806396947973,0.00030697944145515,straight,1013,False,True,OSM-derived smoothed centreline
10100959,101,959,4795.0,5.0,633.3355691518484,-235.37069099216268,-2.0639835096662678,0.0003235557618352541,straight,1013,False,True,OSM-derived smoothed centreline
10100960,101,960,4800.0,5.0,630.9718421575958,-239.77668577187114,-2.062457314804125,0.0002752253114296012,straight,1013,False,True,OSM-derived smoothed centreline
10100961,101,961,4805.0,5.0,628.6140936717796,-244.18588291308836,-2.0613101711005344,0.0001797444671913007,straight,1013,False,True,OSM-derived smoothed centreline
10100962,101,962,4810.0,5.0,626.2602940725449,-248.59718959363414,-2.0606742779127067,7.428234089894165e-05,straight,1013,False,True,OSM-derived smoothed centreline
10100963,101,963,4815.0,5.0,623.9081295164274,-253.00936840589955,-2.0605712080857597,-3.442546192388729e-05,straight,1013,False,True,OSM-derived smoothed centreline
10100964,101,964,4820.0,5.0,621.5551483016728,-257.4211117005052,-2.0610740433939236,-0.00018056920814093805,straight,1013,False,True,OSM-derived smoothed centreline
10100965,101,965,4825.0,5.0,619.1979121671643,-261.83058253649057,-2.062623449823746,-0.00047222024974769006,straight,1013,False,True,OSM-derived smoothed centreline
10100966,101,966,4830.0,5.0,616.8299557622931,-266.23430352576065,-2.066080411537247,-0.0009292375231667956,straight,1013,False,True,OSM-derived smoothed centreline
10100967,101,967,4835.0,5.0,614.4414767714895,-270.62692208886955,-2.0720014963968785,-0.0014417509456949684,fast_corner,1013,False,True,OSM-derived smoothed centreline
10100968,101,968,4840.0,5.0,612.0213953006999,-275.0022004781196,-2.0805006110726048,-0.0019554723733135686,fast_corner,1013,False,True,OSM-derived smoothed centreline
10100969,101,969,4845.0,5.0,609.5588061198769,-279.3536847848088,-2.091401420111931,-0.002355409154176814,fast_corner,1013,False,True,OSM-derived smoothed centreline
10100970,101,970,4850.0,5.0,607.0464503886367,-283.67662389153503,-2.102824127233125,-0.0020000471771411425,fast_corner,1013,False,True,OSM-derived smoothed centreline
10100971,101,971,4855.0,5.0,604.4934339326136,-287.97569614122614,-2.109191164059646,-0.0004129908328244543,straight,1013,False,True,OSM-derived smoothed centreline
10100972,101,972,4860.0,5.0,601.9309389887605,-292.2691343805169,-2.1074971929589292,0.0008725400745753319,straight,1013,False,True,OSM-derived smoothed centreline
10100973,101,973,4865.0,5.0,599.3846224595044,-296.57218288370007,-2.102808268977707,0.0008273539275183956,straight,1013,False,True,OSM-derived smoothed centreline
10100974,101,974,4870.0,5.0,596.8552177302571,-300.8851976758534,-2.1000995977758348,0.0002220393415624361,straight,1013,False,True,OSM-derived smoothed centreline
10100975,101,975,4875.0,5.0,594.3303561153538,-305.2008751900804,-2.100828643126399,-0.0005424673950029149,straight,1013,False,True,OSM-derived smoothed centreline
10100976,101,976,4880.0,5.0,591.793491251542,-309.5095022058773,-2.105801037449075,-0.0014588083996000135,fast_corner,1013,False,True,OSM-derived smoothed centreline
10100977,101,977,4885.0,5.0,589.2255973140377,-313.79969400487295,-2.115098037789114,-0.002165506214638962,fast_corner,1013,False,True,OSM-derived smoothed centreline
10100978,101,978,4890.0,5.0,586.6130105674661,-318.06280909304337,-2.125959471301492,-0.001991152330293076,fast_corner,1013,False,True,OSM-derived smoothed centreline
10100979,101,979,4895.0,5.0,583.9600102183678,-322.3009077685919,-2.1332182249916434,-0.0007617692359480931,straight,1013,False,True,OSM-derived smoothed centreline
10100980,101,980,4900.0,5.0,581.29144549885,-326.5292361206254,-2.133084550476013,0.0007134276847554819,straight,1013,False,True,OSM-derived smoothed centreline
10100981,101,981,4905.0,5.0,578.6354886636319,-330.76548991613396,-2.12838185141425,0.0008876235815620333,straight,1013,False,True,OSM-derived smoothed centreline
10100982,101,982,4910.0,5.0,575.9962948787027,-335.01221159784956,-2.126141522230646,-7.68378404857356e-05,straight,1013,False,True,OSM-derived smoothed centreline
10100983,101,983,4915.0,5.0,573.3555466878561,-339.25796599931687,-2.1290940929147224,-0.001027929190414069,straight,1013,False,True,OSM-derived smoothed centreline
10100984,101,984,4920.0,5.0,570.6941786017907,-343.4908185043628,-2.1353410221767386,-0.001360000179495954,straight,1013,False,True,OSM-derived smoothed centreline
10100985,101,985,4925.0,5.0,568.004845221997,-347.70595759169106,-2.141973940394448,-0.0012603698919119411,straight,1013,False,True,OSM-derived smoothed centreline
10100986,101,986,4930.0,5.0,565.2890800604462,-351.90411794321835,-2.147859429454741,-0.0010974960056989215,straight,1013,False,True,OSM-derived smoothed centreline
10100987,101,987,4935.0,5.0,562.5502554324565,-356.0872730582027,-2.153006356158421,-0.000966204987752247,straight,1013,False,True,OSM-derived smoothed centreline
10100988,101,988,4940.0,5.0,559.7912268204605,-360.2571315537504,-2.157547486899456,-0.0008511127862148263,straight,1013,False,True,OSM-derived smoothed centreline
10100989,101,989,4945.0,5.0,557.0144797261976,-364.41521333105385,-2.161515137665181,-0.000734215115810563,straight,1013,False,True,OSM-derived smoothed centreline
10100990,101,990,4950.0,5.0,554.2225362589152,-368.5631079156893,-2.164839959287872,-0.0005860898719527859,straight,1013,False,True,OSM-derived smoothed centreline
10100991,101,991,4955.0,5.0,551.4185787165577,-372.7028917703717,-2.1672525646793086,-0.00036663860683378556,straight,1013,False,True,OSM-derived smoothed centreline
10100992,101,992,4960.0,5.0,548.6071170949713,-376.83758410839033,-2.168427956868305,-0.00010025779900110418,straight,1013,False,True,OSM-derived smoothed centreline
10100993,101,993,4965.0,5.0,545.7935770203842,-380.9708627275416,-2.16826121914085,0.00016206764998051354,straight,1013,False,True,OSM-derived smoothed centreline
10100994,101,994,4970.0,5.0,542.9832591176694,-385.10633243278915,-2.1669385609526852,0.0003368336541918835,straight,1013,False,True,OSM-derived smoothed centreline
10100995,101,995,4975.0,5.0,540.1792210971217,-389.2460626984729,-2.165576815225618,8.363096987197086e-05,straight,1013,False,True,OSM-derived smoothed centreline
10100996,101,996,4980.0,5.0,537.3753611915788,-393.3859131036236,-2.1675620200419132,-0.000989121423980178,straight,1013,False,True,OSM-derived smoothed centreline
10100997,101,997,4985.0,5.0,534.5511466797332,-397.51189018655816,-2.1753943570424394,-0.0020212657406005643,fast_corner,1013,False,True,OSM-derived smoothed centreline
10100998,101,998,4990.0,5.0,531.6869112721688,-401.61017202085606,-2.18632283719298,-0.0022340003766895865,fast_corner,1013,False,True,OSM-derived smoothed centreline
10100999,101,999,4995.0,5.0,528.7777840356206,-405.67671220563113,-2.1970005717058423,-0.001963583545336567,fast_corner,1013,False,True,OSM-derived smoothed centreline
10101000,101,1000,5000.0,5.0,525.8302351789803,-409.7155036734135,-2.2045760273716897,-0.0008401547928861683,straight,1013,False,True,OSM-derived smoothed centreline
10101001,101,1001,5005.0,5.0,522.8680496019072,-413.7435862317463,-2.203192250387273,0.00149538339112767,fast_corner,1013,False,True,OSM-derived smoothed centreline
10101002,101,1002,5010.0,5.0,519.9343204647662,-417.7924060073179,-2.191389394080984,0.002747836254309164,fast_corner,1013,False,True,OSM-derived smoothed centreline
10101003,101,1003,5015.0,5.0,517.0505572091618,-421.8769741064383,-2.1813920623241496,0.0007751452593031409,straight,1013,False,True,OSM-derived smoothed centreline
10101004,101,1004,5020.0,5.0,514.1809562411232,-425.97152566502706,-2.1852720840132336,-0.0021595625867698084,fast_corner,1013,False,True,OSM-derived smoothed centreline
10101005,101,1005,5025.0,5.0,511.2712998615646,-430.0376662280885,-2.199175421252426,-0.0029390216107282917,fast_corner,1013,False,True,OSM-derived smoothed centreline
10101006,101,1006,5030.0,5.0,508.30527876125836,-434.06288734837045,-2.2116515380394812,-0.001986793627422167,fast_corner,1013,False,True,OSM-derived smoothed centreline
10101007,101,1007,5035.0,5.0,505.29761010735217,-438.0571042285513,-2.22080479835699,-0.0020321069299948295,fast_corner,1013,False,True,OSM-derived smoothed centreline
10101008,101,1008,5040.0,5.0,502.24598423105704,-442.01780529355796,-2.23548572772255,-0.004086683849344207,fast_corner,1013,False,True,OSM-derived smoothed centreline
10101009,101,1009,5045.0,5.0,499.11360492880976,-445.9148245423137,-2.2622169304911415,-0.0064679520276803935,corner,1013,False,True,OSM-derived smoothed centreline
10101010,101,1010,5050.0,5.0,495.85934793788323,-449.71051605143145,-2.297714973502375,-0.007517286148364424,corner,1013,False,True,OSM-derived smoothed centreline
10101011,101,1011,5055.0,5.0,492.46417513765357,-453.38060756535214,-2.3380762405938627,-0.008966565718035197,corner,1013,False,True,OSM-derived smoothed centreline
10101012,101,1012,5060.0,5.0,488.90643624317477,-456.89305325356514,-2.388954780468216,-0.01101733936094299,corner,1013,False,True,OSM-derived smoothed centreline
10101013,101,1013,5065.0,5.0,485.1678663705893,-460.2123605581087,-2.4398860396441706,-0.008418433191652483,corner,1013,False,True,OSM-derived smoothed centreline
10101014,101,1014,5070.0,5.0,481.29568930405225,-463.37535001259374,-2.4695469323257835,-0.004010549346429332,fast_corner,1013,False,True,OSM-derived smoothed centreline
10101015,101,1015,5075.0,5.0,477.3467409873443,-466.4419934713215,-2.498179435175609,-0.010150149170715805,corner,1013,False,True,OSM-derived smoothed centreline
10101016,101,1016,5080.0,5.0,473.23947575526927,-469.2908110049624,-2.5823624395499594,-0.02167788610730185,corner,1013,False,True,OSM-derived smoothed centreline
10101017,101,1017,5085.0,5.0,468.8709465269659,-471.7190598683493,-2.6796310475349814,-0.014393758329142938,corner,1013,False,True,OSM-derived smoothed centreline
10101018,101,1018,5090.0,5.0,464.33641818397956,-473.82465914933806,-2.728271088907084,-0.007631707636013459,corner,1013,False,True,OSM-derived smoothed centreline
10101019,101,1019,5095.0,5.0,459.7138171232923,-475.72902924296017,-2.778092514755525,-0.0128217486189401,corner,1013,False,True,OSM-derived smoothed centreline
10101020,101,1020,5100.0,5.0,454.98451345370154,-477.34913470094006,-2.8440419366609118,-0.011851896715722461,corner,1013,False,True,OSM-derived smoothed centreline
10101021,101,1021,5105.0,5.0,450.167249400692,-478.6865408312153,-2.8964311730784966,-0.010688003714725449,corner,1013,False,True,OSM-derived smoothed centreline
10101022,101,1022,5110.0,5.0,445.28294545776487,-479.75202989130634,-2.9604688978334046,-0.014245137923546597,corner,1013,False,True,OSM-derived smoothed centreline
10101023,101,1023,5115.0,5.0,440.33801755108243,-480.48646876249376,-3.0242085729496164,-0.010154370309921574,corner,1013,False,True,OSM-derived smoothed centreline
10101024,101,1024,5120.0,5.0,435.361439968244,-480.966726370679,-3.063709967308067,-0.006863676808379052,corner,1013,False,True,OSM-derived smoothed centreline
10101025,101,1025,5125.0,5.0,430.37040194730434,-481.26029147878756,-3.1049314327649675,-0.01019105079914965,corner,1013,False,True,OSM-derived smoothed centreline
10101026,101,1026,5130.0,5.0,425.37126271787014,-481.30353210013493,3.120604058080347,-0.012161908347702652,corner,1013,False,True,OSM-derived smoothed centreline
10101027,101,1027,5135.0,5.0,420.37859975716253,-481.0467787829466,3.059682424570339,-0.01242062408503876,corner,1013,False,True,OSM-derived smoothed centreline
10101028,101,1028,5140.0,5.0,415.4122373923547,-480.47558682574066,2.9925602781459024,-0.014625106030164004,corner,1013,False,True,OSM-derived smoothed centreline
10101029,101,1029,5145.0,5.0,410.5000336899726,-479.5487732696233,2.9180958194790847,-0.014015318203289554,corner,1013,False,True,OSM-derived smoothed centreline
10101030,101,1030,5150.0,5.0,405.6615170320481,-478.2909257951393,2.860735122528477,-0.009119260946728816,corner,1013,False,True,OSM-derived smoothed centreline
10101031,101,1031,5155.0,5.0,400.88870213404095,-476.80209112614267,2.8179070546064726,-0.008665687656017744,corner,1013,False,True,OSM-derived smoothed centreline
10101032,101,1032,5160.0,5.0,396.18411897573736,-475.10998198777287,2.7752075667887484,-0.008249407727228104,corner,1013,False,True,OSM-derived smoothed centreline
10101033,101,1033,5165.0,5.0,391.5558775517397,-473.2191002870068,2.730424075734176,-0.010352191624069152,corner,1013,False,True,OSM-derived smoothed centreline
10101034,101,1034,5170.0,5.0,387.0313582748663,-471.092613149786,2.6726093412703418,-0.0120576920182951,corner,1013,False,True,OSM-derived smoothed centreline
10101035,101,1035,5175.0,5.0,382.64121900396475,-468.7010415962554,2.613022095363488,-0.01205567911557852,corner,1013,False,True,OSM-derived smoothed centreline
10101036,101,1036,5180.0,5.0,378.40393983273935,-466.0481625176905,2.5512793884005207,-0.012098279919049196,corner,1013,False,True,OSM-derived smoothed centreline
10101037,101,1037,5185.0,5.0,374.33184093696013,-463.14784933568205,2.4953075329218746,-0.01089184429800533,corner,1013,False,True,OSM-derived smoothed centreline
10101038,101,1038,5190.0,5.0,370.42914693371205,-460.023433905436,2.4364941663432313,-0.011932814636584022,corner,1013,False,True,OSM-derived smoothed centreline
10101039,101,1039,5195.0,5.0,366.70700679041397,-456.68559144238264,2.389309933470208,-0.006937329598625707,corner,1013,False,True,OSM-derived smoothed centreline
10101040,101,1040,5200.0,5.0,363.1223595464057,-453.20037046425654,2.346263949233924,-0.012377300063913826,corner,1013,False,True,OSM-derived smoothed centreline
10101041,101,1041,5205.0,5.0,359.75206509173285,-449.5084592749325,2.2738702629137815,-0.013924545350474514,corner,1013,False,True,OSM-derived smoothed centreline
10101042,101,1042,5210.0,5.0,356.6379039136497,-445.5975274053833,2.2158927042287995,-0.010186465991916789,corner,1013,False,True,OSM-derived smoothed centreline
10101043,101,1043,5215.0,5.0,353.7325725681888,-441.5288481721912,2.166491751565128,-0.00944877161006873,corner,1013,False,True,OSM-derived smoothed centreline
10101044,101,1044,5220.0,5.0,351.0243371737724,-437.32633269412923,2.119672471210489,-0.009865441425701635,corner,1013,False,True,OSM-derived smoothed centreline
10101045,101,1045,5225.0,5.0,348.5298672862838,-432.99370946143006,2.0650761314269506,-0.011705876036312821,corner,1013,False,True,OSM-derived smoothed centreline
10101046,101,1046,5230.0,5.0,346.2869372238446,-428.52574821841785,2.0079734999586996,-0.010591086623500766,corner,1013,False,True,OSM-derived smoothed centreline
10101047,101,1047,5235.0,5.0,344.2794262326622,-423.94690599775726,1.9628847442908834,-0.00712146611482866,corner,1013,False,True,OSM-derived smoothed centreline
10101048,101,1048,5240.0,5.0,342.4308141697478,-419.30130060671763,1.9413062650567714,-0.000941010634725865,straight,1013,False,True,OSM-derived smoothed centreline
10101049,101,1049,5245.0,5.0,340.6024469775593,-414.6476274577924,1.9544362073371109,0.00531453480752696,fast_corner,1013,False,True,OSM-derived smoothed centreline
10101050,101,1050,5250.0,5.0,338.67106635374375,-410.0358392190645,1.9778245933828131,0.002528360416667202,fast_corner,1013,False,True,OSM-derived smoothed centreline
10101051,101,1051,5255.0,5.0,336.67887444804796,-405.4498661127513,1.9819405212596013,0.000977343053363467,straight,1013,False,True,OSM-derived smoothed centreline
10101052,101,1052,5260.0,5.0,334.64677988456526,-400.8815240045612,2.001963914286359,0.006793026729388906,corner,1013,False,True,OSM-derived smoothed centreline
10101053,101,1053,5265.0,5.0,332.47972291854376,-396.37578519247523,2.034157159740208,0.0045792983134612065,fast_corner,1013,False,True,OSM-derived smoothed centreline
10101054,101,1054,5270.0,5.0,330.2105151944212,-391.92040758759936,2.0468479498530847,0.0013388813232659514,straight,1013,False,True,OSM-derived smoothed centreline
10101055,101,1055,5275.0,5.0,327.9060273630358,-387.4831479137623,2.052384398650473,0.0008185760834364639,straight,1013,False,True,OSM-derived smoothed centreline
10101056,101,1056,5280.0,5.0,325.5830643331021,-383.05552719485064,2.0556081630240297,0.0009646421710201298,straight,1013,False,True,OSM-derived smoothed centreline
10101057,101,1057,5285.0,5.0,323.2332231486274,-378.6421390261503,2.0666799191716043,0.003419276010005783,fast_corner,1013,False,True,OSM-derived smoothed centreline
10101058,101,1058,5290.0,5.0,320.8150325216855,-374.2658701467667,2.083992997001545,0.002835708753404128,fast_corner,1013,False,True,OSM-derived smoothed centreline
10101059,101,1059,5295.0,5.0,318.3365315894126,-369.9234222217447,2.0936125787286928,0.0013818349707274973,straight,1013,False,True,OSM-derived smoothed centreline
10101060,101,1060,5300.0,5.0,315.82322772821334,-365.6010198111933,2.1021088975699564,0.002242093482667619,fast_corner,1013,False,True,OSM-derived smoothed centreline
10101061,101,1061,5305.0,5.0,313.2624593108702,-361.3065924422774,2.1153732654151347,0.0028329767322900525,fast_corner,1013,False,True,OSM-derived smoothed centreline
10101062,101,1062,5310.0,5.0,310.6431577981061,-357.047612590857,2.1285530591210864,0.002342101668138894,fast_corner,1013,False,True,OSM-derived smoothed centreline
10101063,101,1063,5315.0,5.0,307.9742923265425,-352.8194978521997,2.1386306096968513,0.0017135787434397678,fast_corner,1013,False,True,OSM-derived smoothed centreline
10101064,101,1064,5320.0,5.0,305.2690233393877,-348.61457063257495,2.145940397823147,0.00122654657508701,straight,1013,False,True,OSM-derived smoothed centreline
10101065,101,1065,5325.0,5.0,302.5379474510885,-344.4263521691126,2.1509644427049053,0.0007852880137276303,straight,1013,False,True,OSM-derived smoothed centreline
10101066,101,1066,5330.0,5.0,299.79040690325695,-340.2489122356093,2.1538379176425475,0.0003801011621874771,straight,1013,False,True,OSM-derived smoothed centreline
10101067,101,1067,5335.0,5.0,297.0343590342869,-336.07707858540454,2.155344310906145,0.00035485057172575905,straight,1013,False,True,OSM-derived smoothed centreline
10101068,101,1068,5340.0,5.0,294.268813495733,-331.91153823734464,2.1593628902613387,0.0014535876604032504,fast_corner,1013,False,True,OSM-derived smoothed centreline
10101069,101,1069,5345.0,5.0,291.4727009944602,-327.76647919044666,2.1701948754221787,0.0026817981012072336,fast_corner,1013,False,True,OSM-derived smoothed centreline
10101070,101,1070,5350.0,5.0,288.62456731095745,-323.6570029671189,2.1830841310213946,0.0022097101507424386,fast_corner,1013,False,True,OSM-derived smoothed centreline
10101071,101,1071,5355.0,5.0,285.73138799740747,-319.5790923639702,2.192101248232212,0.0016250848904560088,fast_corner,1013,False,True,OSM-derived smoothed centreline
10101072,101,1072,5360.0,5.0,282.801982652631,-315.52713269293565,2.2023819212959626,0.0027277255027354673,fast_corner,1013,False,True,OSM-derived smoothed centreline
10101073,101,1073,5365.0,5.0,279.81765445017083,-311.51549941000263,2.219284780004563,0.003713624734798957,fast_corner,1013,False,True,OSM-derived smoothed centreline
10101074,101,1074,5370.0,5.0,276.76478680256525,-307.5557600573057,2.234170673259851,0.0017025254026459813,fast_corner,1013,False,True,OSM-derived smoothed centreline
10101075,101,1075,5375.0,5.0,273.67913698855295,-303.621454736301,2.2355486942542306,-0.0006478323861216564,straight,1013,False,True,OSM-derived smoothed centreline
10101076,101,1076,5380.0,5.0,270.5984047397303,-299.6832971337856,2.2354227620151024,0.0013246116448066274,straight,1013,False,True,OSM-derived smoothed centreline
10101077,101,1077,5385.0,5.0,267.48852460085635,-295.76818797171734,2.2519993726700607,0.005155308421279808,fast_corner,1013,False,True,OSM-derived smoothed centreline
10101078,101,1078,5390.0,5.0,264.2850763911222,-291.9294083176586,2.2805286942779346,0.005228619896086738,fast_corner,1013,False,True,OSM-derived smoothed centreline
10101079,101,1079,5395.0,5.0,260.98991450377434,-288.1689055791448,2.2964846028266424,0.0010233883142713308,straight,1013,False,True,OSM-derived smoothed centreline
10101080,101,1080,5400.0,5.0,257.6698106171477,-284.43033512764833,2.2965794142978244,-5.699222143772168e-05,straight,1013,False,True,OSM-derived smoothed centreline
10101081,101,1081,5405.0,5.0,254.3444441370062,-280.696454871168,2.302652391148987,0.0028054652854490173,fast_corner,1013,False,True,OSM-derived smoothed centreline
10101082,101,1082,5410.0,5.0,250.96730838185488,-277.0094525073406,2.3243979102399894,0.0055310198815222335,fast_corner,1013,False,True,OSM-derived smoothed centreline
10101083,101,1083,5415.0,5.0,247.49569541528192,-273.411339565982,2.351201284132643,0.004334866399638506,fast_corner,1013,False,True,OSM-derived smoothed centreline
10101084,101,1084,5420.0,5.0,243.95159671829808,-269.8844291455256,2.3624852622610675,0.00018361999004786963,straight,1013,False,True,OSM-derived smoothed centreline
10101085,101,1085,5425.0,5.0,240.40054222384768,-266.36449398089167,2.357024010371748,-0.0018583669140480373,fast_corner,1013,False,True,OSM-derived smoothed centreline
10101086,101,1086,5430.0,5.0,236.87954138964417,-262.8145146319836,2.347099954089661,-0.001972378952191534,fast_corner,1013,False,True,OSM-derived smoothed centreline
10101087,101,1087,5435.0,5.0,233.39335651570474,-259.23033549931773,2.33775124096465,-0.0017591128546064724,fast_corner,1013,False,True,OSM-derived smoothed centreline
10101088,101,1088,5440.0,5.0,229.9388172366776,-255.61564008036416,2.3295244309407286,-0.001531542247996005,fast_corner,1013,False,True,OSM-derived smoothed centreline
10101089,101,1089,5445.0,5.0,226.51205700824738,-251.9745943787076,2.322435704178276,-0.0013039742295701316,straight,1013,False,True,OSM-derived smoothed centreline
10101090,101,1090,5450.0,5.0,223.10910687711015,-248.3112817339359,2.3164843599008367,-0.001076601110228498,straight,1013,False,True,OSM-derived smoothed centreline
10101091,101,1091,5455.0,5.0,219.72592431476534,-244.62970199893968,2.3116692532583683,-0.0008495215071924844,straight,1013,False,True,OSM-derived smoothed centreline
10101092,101,1092,5460.0,5.0,216.35841215292902,-240.93378064309718,2.3079849477197127,-0.0006257329917874688,straight,1013,False,True,OSM-derived smoothed centreline
10101093,101,1093,5465.0,5.0,213.00252623581642,-237.2272976805508,2.305358084896953,-0.00043719798518334957,straight,1013,False,True,OSM-derived smoothed centreline
10101094,101,1094,5470.0,5.0,209.65493009623324,-233.51332505393137,2.3034209810985566,-0.000360826821634393,straight,1013,False,True,OSM-derived smoothed centreline
10101095,101,1095,5475.0,5.0,206.31420652733198,-229.7931692462212,2.30157148248389,-0.0003894329887389738,straight,1013,False,True,OSM-derived smoothed centreline
10101096,101,1096,5480.0,5.0,202.98077077020426,-226.06648206627185,2.2994836665712706,-0.00044680204811763487,straight,1013,False,True,OSM-derived smoothed centreline
10101097,101,1097,5485.0,5.0,199.65567097200156,-222.33235566591787,2.297100851285879,-0.0005063424906808383,straight,1013,False,True,OSM-derived smoothed centreline
10101098,101,1098,5490.0,5.0,196.3400356375613,-218.58982337398947,2.294420368458143,-0.0005658056292395964,straight,1013,False,True,OSM-derived smoothed centreline
10101099,101,1099,5495.0,5.0,193.03499943309635,-214.8379281225569,2.291445322636082,-0.0006233597715879273,straight,1013,False,True,OSM-derived smoothed centreline
10101100,101,1100,5500.0,5.0,189.74165043757296,-211.0757703042913,2.288212005986676,-0.0006649102020927233,straight,1013,False,True,OSM-derived smoothed centreline
10101101,101,1101,5505.0,5.0,186.46076188727068,-207.30274130108197,2.2848645300198767,-0.0006669138908187225,straight,1013,False,True,OSM-derived smoothed centreline
10101102,101,1102,5510.0,5.0,183.19242756199728,-203.5188320408283,2.281590994638823,-0.0006401005630796322,straight,1013,False,True,OSM-derived smoothed centreline
10101103,101,1103,5515.0,5.0,179.9362126755852,-199.7244882031879,2.278472207338015,-0.0006072392927281883,straight,1013,False,True,OSM-derived smoothed centreline
10101104,101,1104,5520.0,5.0,176.6915328501643,-195.92027535615566,2.2755188632661696,-0.0005741102986924069,straight,1013,False,True,OSM-derived smoothed centreline
10101105,101,1105,5525.0,5.0,173.45778657626417,-192.10676391776042,2.2727309661407435,-0.0005410621480051471,straight,1013,False,True,OSM-derived smoothed centreline
10101106,101,1106,5530.0,5.0,170.23436885998785,-188.28451792003568,2.270108116928641,-0.0005080894221475663,straight,1013,False,True,OSM-derived smoothed centreline
10101107,101,1107,5535.0,5.0,167.02067174352,-184.4540951290277,2.2676499643831742,-0.0004751816600110838,straight,1013,False,True,OSM-derived smoothed centreline
10101108,101,1108,5540.0,5.0,163.81608440720044,-180.61604751592114,2.265356211165916,-0.00044232751393776096,straight,1013,False,True,OSM-derived smoothed centreline
10101109,101,1109,5545.0,5.0,160.61999278785922,-176.77092212218906,2.263227270629401,-0.0004088775157966215,straight,1013,False,True,OSM-derived smoothed centreline
10101110,101,1110,5550.0,5.0,157.4317454769444,-172.91928979565773,2.261295190747848,-0.000354223538782544,straight,1013,False,True,OSM-derived smoothed centreline
10101111,101,1111,5555.0,5.0,154.2500532561529,-169.0622402842337,2.2599761210427958,-0.00011503100662659636,straight,1013,False,True,OSM-derived smoothed centreline
10101112,101,1112,5560.0,5.0,151.06980926252172,-165.2039963658501,2.2609325953004014,0.000579937875703518,straight,1013,False,True,OSM-derived smoothed centreline
10101113,101,1113,5565.0,5.0,147.8778671007219,-161.35543213761753,2.266326296509098,0.0016057719049609289,fast_corner,1013,False,True,OSM-derived smoothed centreline
10101114,101,1114,5570.0,5.0,144.65490640294385,-157.53283025048887,2.277282594211339,0.0028689309574493746,fast_corner,1013,False,True,OSM-derived smoothed centreline
10101115,101,1115,5575.0,5.0,141.37374378975062,-153.76015989119378,2.2993136001993952,0.007083959962619768,corner,1013,False,True,OSM-derived smoothed centreline
10101116,101,1116,5580.0,5.0,137.9426694233264,-150.1244613723507,2.3686033741409793,0.023093109453893108,corner,1013,False,True,OSM-derived smoothed centreline
10101117,101,1117,5585.0,5.0,134.1104593649598,-146.92227510283453,2.5411489826226634,0.04522567683679433,corner,1013,False,True,OSM-derived smoothed centreline
10101118,101,1118,5590.0,5.0,129.67278684554978,-144.6498487929092,2.807757945612328,0.05974347554208603,corner,1013,False,True,OSM-derived smoothed centreline
10101119,101,1119,5595.0,5.0,124.77382314432187,-143.74483092754542,3.1066467092977406,0.05584355390594433,corner,1013,False,True,OSM-derived smoothed centreline
10101120,101,1120,5600.0,5.0,119.80681106427251,-144.20441395841374,-2.933467249621087,0.04263996126448205,corner,1013,False,True,OSM-derived smoothed centreline
10101121,101,1121,5605.0,5.0,115.05554783223575,-145.73457551635718,-2.727622781093391,0.041052561611195415,corner,1013,False,True,OSM-derived smoothed centreline
10101122,101,1122,5610.0,5.0,110.70933172216192,-148.1907666417643,-2.5322014169109246,0.03441869236899764,corner,1013,False,True,OSM-derived smoothed centreline
10101123,101,1123,5615.0,5.0,106.82824224424638,-151.33774979330903,-2.4028802878485576,0.01738169741740565,corner,1013,False,True,OSM-derived smoothed centreline
10101124,101,1124,5620.0,5.0,103.24547628255719,-154.8244702480165,-2.3451124902067146,0.007156920384982861,corner,1013,False,True,OSM-derived smoothed centreline
10101125,101,1125,5625.0,5.0,99.79656411808493,-158.44442099820688,-2.323260419704633,0.00185436104537829,fast_corner,1013,False,True,OSM-derived smoothed centreline
10101126,101,1126,5630.0,5.0,96.38192686704424,-162.09684817146098,-2.3257849297955016,-0.002861659558822938,fast_corner,1013,False,True,OSM-derived smoothed centreline
10101127,101,1127,5635.0,5.0,92.9154024071758,-165.6998779977065,-2.3519414947439814,-0.007595836092663653,corner,1013,False,True,OSM-derived smoothed centreline
10101128,101,1128,5640.0,5.0,89.31542704344373,-169.1690751704113,-2.4010257925454486,-0.011890012337670305,corner,1013,False,True,OSM-derived smoothed centreline
10101129,101,1129,5645.0,5.0,85.51518309024047,-172.41685350733914,-2.4725112380796146,-0.01780411897976846,corner,1013,False,True,OSM-derived smoothed centreline
10101130,101,1130,5650.0,5.0,81.42727063153428,-175.29033760155673,-2.5994412996822613,-0.03424101473794077,corner,1013,False,True,OSM-derived smoothed centreline
10101131,101,1131,5655.0,5.0,76.92566619706474,-177.44867529745238,-2.79339755314913,-0.03883476181003807,corner,1013,False,True,OSM-derived smoothed centreline
10101132,101,1132,5660.0,5.0,72.09754762194514,-178.72544559569164,-2.9656366128792166,-0.030620111357479794,corner,1013,False,True,OSM-derived smoothed centreline
10101133,101,1133,5665.0,5.0,67.12835837127045,-179.24300886006358,-3.1059586730132014,-0.025959163682535112,corner,1013,False,True,OSM-derived smoothed centreline
10101134,101,1134,5670.0,5.0,62.134465318969454,-179.08900985246262,3.03935211101082,-0.031589962454304545,corner,1013,False,True,OSM-derived smoothed centreline
10101135,101,1135,5675.0,5.0,57.2281729722152,-178.15784628892777,2.866064584993552,-0.03460882118447864,corner,1013,False,True,OSM-derived smoothed centreline
10101136,101,1136,5680.0,5.0,52.546822181902144,-176.41535998197944,2.7094690757201816,-0.02907693211179614,corner,1013,False,True,OSM-derived smoothed centreline
10101137,101,1137,5685.0,5.0,48.17606436006858,-173.99612332324145,2.5617364608259074,-0.029603823721943368,corner,1013,False,True,OSM-derived smoothed centreline
10101138,101,1138,5690.0,5.0,44.19263655207525,-170.97967683932603,2.433749132649833,-0.019674999676832162,corner,1013,False,True,OSM-derived smoothed centreline
10101139,101,1139,5695.0,5.0,40.52121148309647,-167.58676016597778,2.3674555267926722,-0.007801616849599749,corner,1013,False,True,OSM-derived smoothed centreline
10101140,101,1140,5700.0,5.0,36.994742840511854,-164.04233300446623,2.344096767147409,-0.002672254829573838,fast_corner,1013,False,True,OSM-derived smoothed centreline
10101141,101,1141,5705.0,5.0,33.52358681725531,-160.44361044568643,2.332154128757606,-0.002658203411053804,fast_corner,1013,False,True,OSM-derived smoothed centreline
10101142,101,1142,5710.0,5.0,30.102392727561185,-156.79739737373424,2.3154544697793438,-0.003962112990945651,fast_corner,1013,False,True,OSM-derived smoothed centreline
10101143,101,1143,5715.0,5.0,26.752263664593293,-153.08582838084743,2.2944784658292408,-0.004182192427128943,fast_corner,1013,False,True,OSM-derived smoothed centreline
10101144,101,1144,5720.0,5.0,23.4788562316115,-149.30640159406,2.275322095034889,-0.0034151740631968622,fast_corner,1013,False,True,OSM-derived smoothed centreline
10101145,101,1145,5725.0,5.0,20.270797603701876,-145.4713146252763,2.259975416549679,-0.002832714916366252,fast_corner,1013,False,True,OSM-derived smoothed centreline
10101146,101,1146,5730.0,5.0,17.118610973977464,-141.5901656878233,2.245724269894683,-0.0029994278594864584,fast_corner,1013,False,True,OSM-derived smoothed centreline
10101147,101,1147,5735.0,5.0,14.026449660009144,-137.66105015688763,2.228458281971652,-0.004117016264084376,fast_corner,1013,False,True,OSM-derived smoothed centreline
10101148,101,1148,5740.0,5.0,11.017979172403045,-133.66758549406399,2.20249722300749,-0.0063830434166359026,corner,1013,False,True,OSM-derived smoothed centreline
10101149,101,1149,5745.0,5.0,8.137936472920993,-129.58070956686376,2.1652105224236715,-0.008325945897029594,corner,1013,False,True,OSM-derived smoothed centreline
10101150,101,1150,5750.0,5.0,5.427370229869594,-125.37962548588605,2.1222931722156537,-0.008397938739317528,corner,1013,False,True,OSM-derived smoothed centreline
10101151,101,1151,5755.0,5.0,2.890065980456197,-121.07155841647386,2.0861810509399445,-0.005634046607652464,fast_corner,1013,False,True,OSM-derived smoothed centreline
10101152,101,1152,5760.0,5.0,0.4744427591611147,-116.69388854736674,2.0664391224035725,-0.0026318561258923587,fast_corner,1013,False,True,OSM-derived smoothed centreline
10101153,101,1153,5765.0,5.0,-1.8768706273871996,-112.28128896951833,2.054088770001988,-0.0028900594827340935,fast_corner,1013,False,True,OSM-derived smoothed centreline
10101154,101,1154,5770.0,5.0,-4.160639240377443,-107.83341071875972,2.034362728924189,-0.005044919991686157,fast_corner,1013,False,True,OSM-derived smoothed centreline
10101155,101,1155,5775.0,5.0,-6.333225789566011,-103.33028471812956,2.0051516398677696,-0.006377897345869925,corner,1013,False,True,OSM-derived smoothed centreline
10101156,101,1156,5780.0,5.0,-8.363668095214685,-98.76134598198023,1.9727965530334335,-0.006426354094053847,corner,1013,False,True,OSM-derived smoothed centreline
10101157,101,1157,5785.0,5.0,-10.246772526866135,-94.12972211901506,1.9413387785587255,-0.006172287314144682,fast_corner,1013,False,True,OSM-derived smoothed centreline
10101158,101,1158,5790.0,5.0,-11.985644489505288,-89.44203053909588,1.9107286253897968,-0.006101793190263241,fast_corner,1013,False,True,OSM-derived smoothed centreline
10101159,101,1159,5795.0,5.0,-13.580868190876073,-84.70352598884716,1.8804789500465457,-0.005902855739543828,fast_corner,1013,False,True,OSM-derived smoothed centreline
10101160,101,1160,5800.0,5.0,-15.037881819773114,-79.92067617735732,1.8536173576144912,-0.004583691453452922,fast_corner,1013,False,True,OSM-derived smoothed centreline
10101161,101,1161,5805.0,5.0,-16.386639971577882,-75.10609113645229,1.8359400086139896,-0.0026450464841305337,fast_corner,1013,False,True,OSM-derived smoothed centreline
10101162,101,1162,5810.0,5.0,-17.664947014000674,-70.27229874183811,1.821692724372499,-0.0038957941670803406,fast_corner,1013,False,True,OSM-derived smoothed centreline
10101163,101,1163,5815.0,5.0,-18.84145586681063,-65.4128801113537,1.7912198122739462,-0.008193362839326345,corner,1013,False,True,OSM-derived smoothed centreline
10101164,101,1164,5820.0,5.0,-19.830592061606197,-60.512058885785216,1.7498543105297555,-0.0068104009025701595,corner,1013,False,True,OSM-derived smoothed centreline
10101165,101,1165,5825.0,5.0,-20.660984796399333,-55.58157743462239,1.7296134893860657,-0.002171410149251681,fast_corner,1013,False,True,OSM-derived smoothed centreline
10101166,101,1166,5830.0,5.0,-21.41355860871057,-50.638617345949065,1.7091547644400344,-0.008035154959617149,corner,1013,False,True,OSM-derived smoothed centreline
10101167,101,1167,5835.0,5.0,-21.955575551473103,-45.66905206738954,1.640339630880226,-0.018950611614414088,corner,1013,False,True,OSM-derived smoothed centreline
10101168,101,1168,5840.0,5.0,-22.04617042592084,-40.67209239185531,1.5360081967821286,-0.02091721901247703,corner,1013,False,True,OSM-derived smoothed centreline
10101169,101,1169,5845.0,5.0,-21.6196096276062,-35.692339385733554,1.4350293706458506,-0.020798833356983737,corner,1013,False,True,OSM-derived smoothed centreline
10101170,101,1170,5850.0,5.0,-20.65687771805609,-30.789009781196896,1.3111909771533359,-0.029584217475332766,corner,1013,False,True,OSM-derived smoothed centreline
10101171,101,1171,5855.0,5.0,-18.99403148921485,-26.079314457466907,1.1486415395030931,-0.03290476267430714,corner,1013,False,True,OSM-derived smoothed centreline
10101172,101,1172,5860.0,5.0,-16.610566567422154,-21.68854123213339,1.007840216960493,-0.021819065641058517,corner,1013,False,True,OSM-derived smoothed centreline
10101173,101,1173,5865.0,5.0,-13.761792951615044,-17.580893268687326,0.9311757437856676,-0.009703673736018823,corner,1013,False,True,OSM-derived smoothed centreline
10101174,101,1174,5870.0,5.0,-10.707908049962183,-13.622091263377742,0.9022176072995746,-0.0025239796349882924,fast_corner,1013,False,True,OSM-derived smoothed centreline
10101175,101,1175,5875.0,5.0,-7.599410656476831,-9.705813583041234,0.9008264849849242,0.0013559292451219038,straight,1013,False,True,OSM-derived smoothed centreline
10101176,101,1176,5880.0,5.0,-4.509634100156818,-5.774761714732381,0.9079148582671658,0.0007584396095125982,straight,1013,False,True,OSM-derived smoothed centreline
10101177,101,1177,5885.0,2.3269872656401276,-1.4337111070074,-1.832846598851891,0.907280547750052,-0.0005634666538354551,straight,1013,False,True,OSM-derived smoothed centreline
