tyre_state_id,run_id,tyre_id,sample_index,distance_m,tyre_wear,tyre_temperature_c,tyre_mu,fuel_kg,circuit_id,setup_id,weather_id,session_id,car_id,date_id,comparison_group
1,1,2,0,0,0,85,1.50313943581,10,1,1,1,1,1,20260917,setup_sweep
2,1,2,5,50,0.000297527294388,85.4091833331,1.49259979698,9.975,1,1,1,1,1,20260917,setup_sweep
3,1,2,10,100,0.00061827549532,85.8499736102,1.4848459487,9.95,1,1,1,1,1,20260917,setup_sweep
4,1,2,15,150,0.000958045026469,86.3149097297,1.47889671067,9.925,1,1,1,1,1,20260917,setup_sweep
5,1,2,20,200,0.0012866309964,86.7535971898,1.48740944195,9.9,1,1,1,1,1,20260917,setup_sweep
6,1,2,25,250,0.00162282314222,87.1976762941,1.48257736998,9.875,1,1,1,1,1,20260917,setup_sweep
7,1,2,30,300,0.00197146862463,87.654994944,1.47849538011,9.85,1,1,1,1,1,20260917,setup_sweep
8,1,2,35,350,0.00233089467559,88.1225701269,1.47496023202,9.825,1,1,1,1,1,20260917,setup_sweep
9,1,2,40,400,0.00269969512645,88.5979086461,1.47182442715,9.8,1,1,1,1,1,20260917,setup_sweep
10,1,2,45,450,0.0030766764093,89.0789098104,1.46897812177,9.775,1,1,1,1,1,20260917,setup_sweep
11,1,2,50,500,0.00346081765131,89.5637930143,1.46633795245,9.75,1,1,1,1,1,20260917,setup_sweep
12,1,2,55,550,0.00385124042002,90.0510424578,1.46383979055,9.725,1,1,1,1,1,20260917,setup_sweep
13,1,2,60,600,0.00424718515514,90.5393638273,1.46143384713,9.7,1,1,1,1,1,20260917,setup_sweep
14,1,2,65,650,0.00464799243259,91.027649676,1.45908125139,9.675,1,1,1,1,1,20260917,setup_sweep
15,1,2,70,700,0.00505308783272,91.5149513316,1.45675158922,9.65,1,1,1,1,1,20260917,setup_sweep
16,1,2,75,750,0.00546196955847,92.0004558118,1.4544210888,9.625,1,1,1,1,1,20260917,setup_sweep
17,1,2,80,800,0.00587419819229,92.4834666553,1.45207125451,9.6,1,1,1,1,1,20260917,setup_sweep
18,1,2,85,850,0.00628938814358,92.9633878634,1.44968781989,9.575,1,1,1,1,1,20260917,setup_sweep
19,1,2,90,900,0.006750957977,93.5121488835,1.43287251808,9.55,1,1,1,1,1,20260917,setup_sweep
20,1,2,95,950,0.00722070301873,94.0652260292,1.43141046051,9.525,1,1,1,1,1,20260917,setup_sweep
21,1,2,100,1000,0.00778482465683,94.7657357899,1.45615413199,9.5,1,1,1,1,1,20260917,setup_sweep
22,1,2,105,1050,0.00822454186088,95.2478365946,1.50743939358,9.475,1,1,1,1,1,20260917,setup_sweep
23,1,2,110,1100,0.00844489076661,95.3600164956,1.50674916081,9.45,1,1,1,1,1,20260917,setup_sweep
24,1,2,115,1150,0.00866513343393,95.4701666292,1.50605831146,9.425,1,1,1,1,1,20260917,setup_sweep
25,1,2,120,1200,0.00888526984824,95.5783205205,1.50536715951,9.4,1,1,1,1,1,20260917,setup_sweep
26,1,2,125,1250,0.00910487260661,95.6838000604,1.51919849333,9.375,1,1,1,1,1,20260917,setup_sweep
27,1,2,130,1300,0.00934839686886,95.8271670848,1.49653400219,9.35,1,1,1,1,1,20260917,setup_sweep
28,1,2,135,1350,0.00962653981755,96.025363569,1.48095449547,9.325,1,1,1,1,1,20260917,setup_sweep
29,1,2,140,1400,0.00993175235376,96.2650128052,1.46910657181,9.3,1,1,1,1,1,20260917,setup_sweep
30,1,2,145,1450,0.010258832242,96.5368347939,1.45954401225,9.275,1,1,1,1,1,20260917,setup_sweep
31,1,2,150,1500,0.0106039047976,96.8338957688,1.45150021278,9.25,1,1,1,1,1,20260917,setup_sweep
32,1,2,155,1550,0.0109639591515,97.150803606,1.44451798637,9.225,1,1,1,1,1,20260917,setup_sweep
33,1,2,160,1600,0.011336592903,97.4832605863,1.43830295783,9.2,1,1,1,1,1,20260917,setup_sweep
34,1,2,165,1650,0.0117198543631,97.8277847081,1.43265519222,9.175,1,1,1,1,1,20260917,setup_sweep
35,1,2,170,1700,0.0121121373422,98.1815223912,1.42743353881,9.15,1,1,1,1,1,20260917,setup_sweep
36,1,2,175,1750,0.0125121071049,98.5421157574,1.42253544388,9.125,1,1,1,1,1,20260917,setup_sweep
37,1,2,180,1800,0.0129186461633,98.9076048763,1.41861098379,9.1,1,1,1,1,1,20260917,setup_sweep
38,1,2,185,1850,0.0134173299968,99.4190624572,1.47156159855,9.075,1,1,1,1,1,20260917,setup_sweep
39,1,2,190,1900,0.0136683410544,99.5123913092,1.52609241111,9.05,1,1,1,1,1,20260917,setup_sweep
40,1,2,195,1950,0.0138094136013,99.4230522926,1.52646961786,9.025,1,1,1,1,1,20260917,setup_sweep
41,1,2,200,2000,0.0139505011595,99.3352147306,1.52683170617,9,1,1,1,1,1,20260917,setup_sweep
42,1,2,205,2050,0.0140941833283,99.2531459864,1.53087174251,8.975,1,1,1,1,1,20260917,setup_sweep
43,1,2,210,2100,0.0142884879922,99.256215299,1.49248264593,8.95,1,1,1,1,1,20260917,setup_sweep
44,1,2,215,2150,0.0145277358382,99.3334218456,1.48172034739,8.925,1,1,1,1,1,20260917,setup_sweep
45,1,2,220,2200,0.0147834325188,99.4365591317,1.46648816771,8.9,1,1,1,1,1,20260917,setup_sweep
46,1,2,225,2250,0.0150642557201,99.5795110412,1.45466797946,8.875,1,1,1,1,1,20260917,setup_sweep
47,1,2,230,2300,0.015365866277,99.754450456,1.44495740595,8.85,1,1,1,1,1,20260917,setup_sweep
48,1,2,235,2350,0.0156849891543,99.955437345,1.43666568719,8.825,1,1,1,1,1,20260917,setup_sweep
49,1,2,240,2400,0.0160190393186,100.17776975,1.4293805524,8.8,1,1,1,1,1,20260917,setup_sweep
50,1,2,245,2450,0.016365918435,100.417627531,1.42283616689,8.775,1,1,1,1,1,20260917,setup_sweep
51,1,2,250,2500,0.0167238905578,100.671852449,1.41685152455,8.75,1,1,1,1,1,20260917,setup_sweep
52,1,2,255,2550,0.01709149979,100.937801196,1.41129833367,8.725,1,1,1,1,1,20260917,setup_sweep
53,1,2,260,2600,0.0174675125456,101.213241494,1.40608285796,8.7,1,1,1,1,1,20260917,setup_sweep
54,1,2,265,2650,0.0178849622975,101.552705979,1.38731117085,8.675,1,1,1,1,1,20260917,setup_sweep
55,1,2,270,2700,0.0183245453791,101.923158094,1.38637810748,8.65,1,1,1,1,1,20260917,setup_sweep
56,1,2,275,2750,0.0188231028425,102.383973749,1.41569076123,8.625,1,1,1,1,1,20260917,setup_sweep
57,1,2,280,2800,0.0191294766982,102.520389428,1.41431249978,8.6,1,1,1,1,1,20260917,setup_sweep
58,1,2,285,2850,0.019435301131,102.653642255,1.41294825495,8.575,1,1,1,1,1,20260917,setup_sweep
59,1,2,290,2900,0.0197405836117,102.783796855,1.41159824833,8.55,1,1,1,1,1,20260917,setup_sweep
60,2,2,0,0,0,85,1.47730856469,10,1,1,2,1,1,20260917,setup_sweep
61,2,2,5,50,0.000258430588554,85.3445677277,1.46386235845,9.975,1,1,2,1,1,20260917,setup_sweep
62,2,2,10,100,0.000542296022714,85.7254684769,1.45421353221,9.95,1,1,2,1,1,20260917,setup_sweep
63,2,2,15,150,0.000846992779814,86.1344959926,1.44690762327,9.925,1,1,2,1,1,20260917,setup_sweep
64,2,2,20,200,0.00114554536045,86.5265363186,1.45362965694,9.9,1,1,2,1,1,20260917,setup_sweep
65,2,2,25,250,0.00145318510096,86.9271766081,1.44825330391,9.875,1,1,2,1,1,20260917,setup_sweep
66,2,2,30,300,0.00177382686033,87.3426813843,1.44373967346,9.85,1,1,2,1,1,20260917,setup_sweep
67,2,2,35,350,0.00210582572961,87.7700868086,1.43986244858,9.825,1,1,2,1,1,20260917,setup_sweep
68,2,2,40,400,0.00244779562661,88.2069056908,1.43645939299,9.8,1,1,2,1,1,20260917,setup_sweep
69,2,2,45,450,0.00279855482651,88.6510296232,1.43341049131,9.775,1,1,2,1,1,20260917,setup_sweep
70,2,2,50,500,0.00315708674256,89.1006579222,1.43062486034,9.75,1,1,2,1,1,20260917,setup_sweep
71,2,2,55,550,0.00352251061425,89.5542441117,1.42803246886,9.725,1,1,2,1,1,20260917,setup_sweep
72,2,2,60,600,0.00389405902831,90.0104545796,1.4255786623,9.7,1,1,2,1,1,20260917,setup_sweep
73,2,2,65,650,0.00427106022242,90.468135819,1.42322040238,9.675,1,1,2,1,1,20260917,setup_sweep
74,2,2,70,700,0.00465292388945,90.9262879941,1.42092360229,9.65,1,1,2,1,1,20260917,setup_sweep
75,2,2,75,750,0.00503912961262,91.3840432905,1.41866118667,9.625,1,1,2,1,1,20260917,setup_sweep
76,2,2,80,800,0.005429217322,91.8406479629,1.41641164625,9.6,1,1,2,1,1,20260917,setup_sweep
77,2,2,85,850,0.00582277933301,92.2954472939,1.41415793928,9.575,1,1,2,1,1,20260917,setup_sweep
78,2,2,90,900,0.00625788939831,92.8115023905,1.39800834601,9.55,1,1,2,1,1,20260917,setup_sweep
79,2,2,95,950,0.0067016018528,93.3331360388,1.39661374693,9.525,1,1,2,1,1,20260917,setup_sweep
80,2,2,100,1000,0.00725977893235,94.0355336195,1.43136464811,9.5,1,1,2,1,1,20260917,setup_sweep
81,2,2,105,1050,0.00763593063304,94.4247131764,1.47901632398,9.475,1,1,2,1,1,20260917,setup_sweep
82,2,2,110,1100,0.00783155469558,94.5096316498,1.47850331429,9.45,1,1,2,1,1,20260917,setup_sweep
83,2,2,115,1150,0.0080271225497,94.59305364,1.47799026603,9.425,1,1,2,1,1,20260917,setup_sweep
84,2,2,120,1200,0.00822263421728,94.6750039178,1.47747734656,9.4,1,1,2,1,1,20260917,setup_sweep
85,2,2,125,1250,0.00841867193583,94.7564756152,1.48956649355,9.375,1,1,2,1,1,20260917,setup_sweep
86,2,2,130,1300,0.00864159299885,94.8811115565,1.46661046402,9.35,1,1,2,1,1,20260917,setup_sweep
87,2,2,135,1350,0.00889748689785,95.0581675651,1.45103861386,9.325,1,1,2,1,1,20260917,setup_sweep
88,2,2,140,1400,0.00917937347579,95.2752468957,1.43926787149,9.3,1,1,2,1,1,20260917,setup_sweep
89,2,2,145,1450,0.00948249575096,95.5238288396,1.42981252874,9.275,1,1,2,1,1,20260917,setup_sweep
90,2,2,150,1500,0.00980331171103,95.7975403466,1.42189791728,9.25,1,1,2,1,1,20260917,setup_sweep
91,2,2,155,1550,0.0101390559166,96.0913965942,1.41506542186,9.225,1,1,2,1,1,20260917,setup_sweep
92,2,2,160,1600,0.0104875052312,96.4013911108,1.4090204737,9.2,1,1,2,1,1,20260917,setup_sweep
93,2,2,165,1650,0.0108468370234,96.7242453752,1.40356287373,9.175,1,1,2,1,1,20260917,setup_sweep
94,2,2,170,1700,0.0112155359091,97.0572427211,1.39855087027,9.15,1,1,2,1,1,20260917,setup_sweep
95,2,2,175,1750,0.0115923287004,97.3981115797,1.39388098376,9.125,1,1,2,1,1,20260917,setup_sweep
96,2,2,180,1800,0.0119803923234,97.752020196,1.39196928701,9.1,1,1,2,1,1,20260917,setup_sweep
97,2,2,185,1850,0.0124438182063,98.2240108697,1.4500375337,9.075,1,1,2,1,1,20260917,setup_sweep
98,2,2,190,1900,0.0126665961095,98.2905568475,1.49495603844,9.05,1,1,2,1,1,20260917,setup_sweep
99,2,2,195,1950,0.0128015699365,98.2113326667,1.49520637181,9.025,1,1,2,1,1,20260917,setup_sweep
100,2,2,200,2000,0.0129365524002,98.1334322207,1.49544515,9,1,1,2,1,1,20260917,setup_sweep
101,2,2,205,2050,0.0130739102031,98.0607715716,1.49972530309,8.975,1,1,2,1,1,20260917,setup_sweep
102,2,2,210,2100,0.0132555024494,98.0625252974,1.46468399712,8.95,1,1,2,1,1,20260917,setup_sweep
103,2,2,215,2150,0.0134787672027,98.1330426252,1.45382891836,8.925,1,1,2,1,1,20260917,setup_sweep
104,2,2,220,2200,0.0137178252054,98.2285141958,1.43925341626,8.9,1,1,2,1,1,20260917,setup_sweep
105,2,2,225,2250,0.0139801172228,98.3608004931,1.42790909235,8.875,1,1,2,1,1,20260917,setup_sweep
106,2,2,230,2300,0.014261858159,98.5230393726,1.4185792329,8.85,1,1,2,1,1,20260917,setup_sweep
107,2,2,235,2350,0.0145601786682,98.7099947219,1.41061598748,8.825,1,1,2,1,1,20260917,setup_sweep
108,2,2,240,2400,0.0148727998219,98.9174923457,1.40363067376,8.8,1,1,2,1,1,20260917,setup_sweep
109,2,2,245,2450,0.0151978579102,99.1421130479,1.3973711818,8.775,1,1,2,1,1,20260917,setup_sweep
110,2,2,250,2500,0.0155337982245,99.3810046944,1.39166474844,8.75,1,1,2,1,1,20260917,setup_sweep
111,2,2,255,2550,0.0158793051918,99.6317574232,1.38638808546,8.725,1,1,2,1,1,20260917,setup_sweep
112,2,2,260,2600,0.0162332536515,99.8923158371,1.3814504577,8.7,1,1,2,1,1,20260917,setup_sweep
113,2,2,265,2650,0.0166264010094,100.213439791,1.3634404099,8.675,1,1,2,1,1,20260917,setup_sweep
114,2,2,270,2700,0.0170859008808,100.639335808,1.37399398455,8.65,1,1,2,1,1,20260917,setup_sweep
115,2,2,275,2750,0.0175007860701,100.983212612,1.40507931367,8.625,1,1,2,1,1,20260917,setup_sweep
116,2,2,280,2800,0.0177533170984,101.053787265,1.4042924253,8.6,1,1,2,1,1,20260917,setup_sweep
117,2,2,285,2850,0.0180056563675,101.122878476,1.40351290871,8.575,1,1,2,1,1,20260917,setup_sweep
118,2,2,290,2900,0.0182578060219,101.190514309,1.40274074966,8.55,1,1,2,1,1,20260917,setup_sweep
119,3,2,0,0,0,85,1.05204519831,10,1,1,3,3,1,20260917,setup_sweep
120,3,2,5,50,0.000224963003823,85.2892952056,1.03515788854,9.975,1,1,3,3,1,20260917,setup_sweep
121,3,2,10,100,0.000489881718696,85.6398170773,1.02410045349,9.95,1,1,3,3,1,20260917,setup_sweep
122,3,2,15,150,0.00078465746183,86.0338788654,1.01647351453,9.925,1,1,3,3,1,20260917,setup_sweep
123,3,2,20,200,0.00108019832438,86.4226170929,1.01951755406,9.9,1,1,3,3,1,20260917,setup_sweep
124,3,2,25,250,0.00138934308805,86.8274709739,1.01468047605,9.875,1,1,3,3,1,20260917,setup_sweep
125,3,2,30,300,0.00171485909321,87.2526867068,1.0107707563,9.85,1,1,3,3,1,20260917,setup_sweep
126,3,2,35,350,0.00205438012515,87.6940178244,1.00751937606,9.825,1,1,3,3,1,20260917,setup_sweep
127,3,2,40,400,0.00240596893825,88.1479967909,1.00474482116,9.8,1,1,3,3,1,20260917,setup_sweep
128,3,2,45,450,0.00276801312795,88.6117501131,1.00231889779,9.775,1,1,3,3,1,20260917,setup_sweep
129,3,2,50,500,0.00313915436014,89.0828716041,1.00014802842,9.75,1,1,3,3,1,20260917,setup_sweep
130,3,2,55,550,0.0035182377831,89.5593310794,0.998162230933,9.725,1,1,3,3,1,20260917,setup_sweep
131,3,2,60,600,0.0039042744661,90.0394060824,0.996308235591,9.7,1,1,3,3,1,20260917,setup_sweep
132,3,2,65,650,0.00429641267956,90.5216293438,0.994544979108,9.675,1,1,3,3,1,20260917,setup_sweep
133,3,2,70,700,0.00469391541008,91.0047474115,0.992840537467,9.65,1,1,3,3,1,20260917,setup_sweep
134,3,2,75,750,0.00509614243689,91.4876875,0.99116996911,9.625,1,1,3,3,1,20260917,setup_sweep
135,3,2,80,800,0.00550253581695,91.9695305194,0.989513755477,9.6,1,1,3,3,1,20260917,setup_sweep
136,3,2,85,850,0.00595254563271,92.5156040814,0.978134307049,9.575,1,1,3,3,1,20260917,setup_sweep
137,3,2,90,900,0.00641137329147,93.0671112675,0.977195049074,9.55,1,1,3,3,1,20260917,setup_sweep
138,3,2,95,950,0.00692173777366,93.695242717,0.984301780045,9.525,1,1,3,3,1,20260917,setup_sweep
139,3,2,100,1000,0.007416190869,94.2854466642,1.02239599651,9.5,1,1,3,3,1,20260917,setup_sweep
140,3,2,105,1050,0.00768115084734,94.4869188193,1.05428034663,9.475,1,1,3,3,1,20260917,setup_sweep
141,3,2,110,1100,0.00784521299749,94.5186419523,1.05404860149,9.45,1,1,3,3,1,20260917,setup_sweep
142,3,2,115,1150,0.00800925575298,94.5498086916,1.05381761903,9.425,1,1,3,3,1,20260917,setup_sweep
143,3,2,120,1200,0.00817327918973,94.5804283591,1.05358740266,9.4,1,1,3,3,1,20260917,setup_sweep
144,3,2,125,1250,0.00833787141814,94.6114885565,1.05610703945,9.375,1,1,3,3,1,20260917,setup_sweep
145,3,2,130,1300,0.00853256780783,94.6918931465,1.036679964,9.35,1,1,3,3,1,20260917,setup_sweep
146,3,2,135,1350,0.00877473510121,94.8494150631,1.02108725001,9.325,1,1,3,3,1,20260917,setup_sweep
147,3,2,140,1400,0.00905210400334,95.0624936983,1.01038344609,9.3,1,1,3,3,1,20260917,setup_sweep
148,3,2,145,1450,0.00935681375347,95.317227236,1.00229578034,9.275,1,1,3,3,1,20260917,setup_sweep
149,3,2,150,1500,0.00968358330532,95.6042021626,0.995804489723,9.25,1,1,3,3,1,20260917,setup_sweep
150,3,2,155,1550,0.0100284882446,95.9164014257,0.990371200405,9.225,1,1,3,3,1,20260917,setup_sweep
151,3,2,160,1600,0.0103884835061,96.2483766483,0.985675459973,9.2,1,1,3,3,1,20260917,setup_sweep
152,3,2,165,1650,0.0107611419609,96.5957904273,0.981511129683,9.175,1,1,3,3,1,20260917,setup_sweep
153,3,2,170,1700,0.0111444934549,96.9551320805,0.977738268028,9.15,1,1,3,3,1,20260917,setup_sweep
154,3,2,175,1750,0.0115369177125,97.3235270555,0.974258104211,9.125,1,1,3,3,1,20260917,setup_sweep
155,3,2,180,1800,0.0120084041371,97.8167688904,0.994508090904,9.1,1,1,3,3,1,20260917,setup_sweep
156,3,2,185,1850,0.0123318345414,98.0564375033,1.03268422637,9.075,1,1,3,3,1,20260917,setup_sweep
157,3,2,190,1900,0.0125082248099,98.049279765,1.05934256979,9.05,1,1,3,3,1,20260917,setup_sweep
158,3,2,195,1950,0.0126337984553,97.9585064076,1.05956849324,9.025,1,1,3,3,1,20260917,setup_sweep
159,3,2,200,2000,0.0127593796583,97.8692458928,1.05978459894,9,1,1,3,3,1,20260917,setup_sweep
160,3,2,205,2050,0.0128863498342,97.7837717445,1.05931328567,8.975,1,1,3,3,1,20260917,setup_sweep
161,3,2,210,2100,0.0130419805636,97.7471555253,1.03922578776,8.95,1,1,3,3,1,20260917,setup_sweep
162,3,2,215,2150,0.0132382571318,97.7783047224,1.0280914359,8.925,1,1,3,3,1,20260917,setup_sweep
163,3,2,220,2200,0.01346367312,97.8571182221,1.01414716963,8.9,1,1,3,3,1,20260917,setup_sweep
164,3,2,225,2250,0.0137208812698,97.9871544452,1.00381910492,8.875,1,1,3,3,1,20260917,setup_sweep
165,3,2,230,2300,0.0140030421868,98.1562736335,0.995803231944,8.85,1,1,3,3,1,20260917,setup_sweep
166,3,2,235,2350,0.0143058613845,98.3567345504,0.989226008999,8.825,1,1,3,3,1,20260917,setup_sweep
167,3,2,240,2400,0.014626090094,98.5826512262,0.98361992075,8.8,1,1,3,3,1,20260917,setup_sweep
168,3,2,245,2450,0.0149611607023,98.8293602625,0.978704060024,8.775,1,1,3,3,1,20260917,setup_sweep
169,3,2,250,2500,0.0153089874022,99.093071361,0.974296318406,8.75,1,1,3,3,1,20260917,setup_sweep
170,3,2,255,2550,0.0156678437904,99.3706506987,0.970272144051,8.725,1,1,3,3,1,20260917,setup_sweep
171,3,2,260,2600,0.0160362815544,99.6594757458,0.966542928992,8.7,1,1,3,3,1,20260917,setup_sweep
172,3,2,265,2650,0.0164464263516,100.012547987,0.954174469719,8.675,1,1,3,3,1,20260917,setup_sweep
173,3,2,270,2700,0.0169511626848,100.515644461,0.984488445692,8.65,1,1,3,3,1,20260917,setup_sweep
174,3,2,275,2750,0.017236885975,100.6483616,1.00843988505,8.625,1,1,3,3,1,20260917,setup_sweep
175,3,2,280,2800,0.017432748758,100.630806878,1.00833653142,8.6,1,1,3,3,1,20260917,setup_sweep
176,3,2,285,2850,0.0176285981497,100.613520176,1.00823176249,8.575,1,1,3,3,1,20260917,setup_sweep
177,3,2,290,2900,0.0178244338965,100.596496644,1.00812560771,8.55,1,1,3,3,1,20260917,setup_sweep
178,4,2,0,0,0,85,1.50750708043,10,1,2,1,1,1,20260917,setup_sweep
179,4,2,5,50,0.000287523865171,85.3926468463,1.49693806896,9.975,1,2,1,1,1,20260917,setup_sweep
180,4,2,10,100,0.00059734589623,85.8156492584,1.48915607007,9.95,1,2,1,1,1,20260917,setup_sweep
181,4,2,15,150,0.000925437333602,86.2618490086,1.48319084151,9.925,1,2,1,1,1,20260917,setup_sweep
182,4,2,20,200,0.00124383455012,86.684577627,1.49092292128,9.9,1,2,1,1,1,20260917,setup_sweep
183,4,2,25,250,0.00156991674074,87.1130863333,1.48606780493,9.875,1,2,1,1,1,20260917,setup_sweep
184,4,2,30,300,0.00190806581949,87.5544533009,1.48198267956,9.85,1,2,1,1,1,20260917,setup_sweep
185,4,2,35,350,0.00225665016085,88.0057697989,1.47846339849,9.825,1,2,1,1,1,20260917,setup_sweep
186,4,2,40,400,0.00261429594647,88.464601159,1.47536147515,9.8,1,2,1,1,1,20260917,setup_sweep
187,4,2,45,450,0.00297983582244,88.9288941137,1.47256606866,9.775,1,2,1,1,1,20260917,setup_sweep
188,4,2,50,500,0.00335227079109,89.3969075291,1.46999284427,9.75,1,2,1,1,1,20260917,setup_sweep
189,4,2,55,550,0.00373074118016,89.8671592777,1.46757674354,9.725,1,2,1,1,1,20260917,setup_sweep
190,4,2,60,600,0.00411450392451,90.33838442,1.46526709536,9.7,1,2,1,1,1,20260917,setup_sweep
191,4,2,65,650,0.00450291441649,90.8095016241,1.46302419491,9.675,1,2,1,1,1,20260917,setup_sweep
192,4,2,70,700,0.00489541177836,91.2795857948,1.4608168401,9.65,1,2,1,1,1,20260917,setup_sweep
193,4,2,75,750,0.00529150675832,91.7478454907,1.45862051376,9.625,1,2,1,1,1,20260917,setup_sweep
194,4,2,80,800,0.00569077167747,92.2136041023,1.45641601388,9.6,1,2,1,1,1,20260917,setup_sweep
195,4,2,85,850,0.00609283200634,92.6762840351,1.45418840278,9.575,1,2,1,1,1,20260917,setup_sweep
196,4,2,90,900,0.00653900660648,93.2043379364,1.43827469955,9.55,1,2,1,1,1,20260917,setup_sweep
197,4,2,95,950,0.00699245919633,93.7355728995,1.43710124525,9.525,1,2,1,1,1,20260917,setup_sweep
198,4,2,100,1000,0.00753327691492,94.4030200623,1.46063619487,9.5,1,2,1,1,1,20260917,setup_sweep
199,4,2,105,1050,0.0079596471512,94.8690661213,1.51303948527,9.475,1,2,1,1,1,20260917,setup_sweep
200,4,2,110,1100,0.00817239304557,94.9749399071,1.51240533534,9.45,1,2,1,1,1,20260917,setup_sweep
201,4,2,115,1150,0.00838504719602,95.0789121137,1.51177045871,9.425,1,2,1,1,1,20260917,setup_sweep
202,4,2,120,1200,0.0085976095641,95.1810141079,1.51113513865,9.4,1,2,1,1,1,20260917,setup_sweep
203,4,2,125,1250,0.00880978172509,95.2807802978,1.5256299085,9.375,1,2,1,1,1,20260917,setup_sweep
204,4,2,130,1300,0.00904530352796,95.4175781116,1.50304187033,9.35,1,2,1,1,1,20260917,setup_sweep
205,4,2,135,1350,0.00931403729673,95.6069898605,1.48753361397,9.325,1,2,1,1,1,20260917,setup_sweep
206,4,2,140,1400,0.00960878505277,95.8362553965,1.47577509661,9.3,1,2,1,1,1,20260917,setup_sweep
207,4,2,145,1450,0.00992456223826,96.0964807337,1.46632622113,9.275,1,2,1,1,1,20260917,setup_sweep
208,4,2,150,1500,0.0102576405751,96.3809940251,1.4584207273,9.25,1,2,1,1,1,20260917,setup_sweep
209,4,2,155,1550,0.0106051131792,96.6845906655,1.45159979196,9.225,1,2,1,1,1,20260917,setup_sweep
210,4,2,160,1600,0.0109646548634,97.0031131309,1.44556679452,9.2,1,2,1,1,1,20260917,setup_sweep
211,4,2,165,1650,0.0113343735902,97.3331882862,1.44011947356,9.175,1,2,1,1,1,20260917,setup_sweep
212,4,2,170,1700,0.0117127109516,97.6720500089,1.43511447589,9.15,1,2,1,1,1,20260917,setup_sweep
213,4,2,175,1750,0.0120983717441,98.0174128037,1.43044724113,9.125,1,2,1,1,1,20260917,setup_sweep
214,4,2,180,1800,0.0124902721347,98.3673782174,1.42637950979,9.1,1,2,1,1,1,20260917,setup_sweep
215,4,2,185,1850,0.0129714496863,98.8589006113,1.47836691131,9.075,1,2,1,1,1,20260917,setup_sweep
216,4,2,190,1900,0.0132167372462,98.9520459908,1.53268293024,9.05,1,2,1,1,1,20260917,setup_sweep
217,4,2,195,1950,0.0133553278209,98.8678663219,1.53299957521,9.025,1,2,1,1,1,20260917,setup_sweep
218,4,2,200,2000,0.0134939304428,98.7850979318,1.53330274525,9,1,2,1,1,1,20260917,setup_sweep
219,4,2,205,2050,0.0136350257619,98.7078450327,1.5380440507,8.975,1,2,1,1,1,20260917,setup_sweep
220,4,2,210,2100,0.01382382031,98.7108139472,1.50071987052,8.95,1,2,1,1,1,20260917,setup_sweep
221,4,2,215,2150,0.0140557901854,98.7850059448,1.48936838324,8.925,1,2,1,1,1,20260917,setup_sweep
222,4,2,220,2200,0.0143043553691,98.885418193,1.47416758343,8.9,1,2,1,1,1,20260917,setup_sweep
223,4,2,225,2250,0.0145771566112,99.024218801,1.46238866312,8.875,1,2,1,1,1,20260917,setup_sweep
224,4,2,230,2300,0.01487003915,99.1939088433,1.45273989437,8.85,1,2,1,1,1,20260917,setup_sweep
225,4,2,235,2350,0.0151798518394,99.3887711081,1.44453248101,8.825,1,2,1,1,1,20260917,setup_sweep
226,4,2,240,2400,0.0155040972728,99.604262876,1.43735325945,8.8,1,2,1,1,1,20260917,setup_sweep
227,4,2,245,2450,0.0158407415,99.8366822192,1.43093455283,8.775,1,2,1,1,1,20260917,setup_sweep
228,4,2,250,2500,0.0161880974512,100.082961536,1.42509327182,8.75,1,2,1,1,1,20260917,setup_sweep
229,4,2,255,2550,0.0165447474789,100.340529102,1.41969907788,8.725,1,2,1,1,1,20260917,setup_sweep
230,4,2,260,2600,0.0169094888142,100.607210762,1.41465633029,8.7,1,2,1,1,1,20260917,setup_sweep
231,4,2,265,2650,0.0173129914709,100.933632218,1.39678726146,8.675,1,2,1,1,1,20260917,setup_sweep
232,4,2,270,2700,0.0177333897727,101.282559119,1.39446334007,8.65,1,2,1,1,1,20260917,setup_sweep
233,4,2,275,2750,0.0182187674007,101.732187064,1.42527244474,8.625,1,2,1,1,1,20260917,setup_sweep
234,4,2,280,2800,0.0185147014862,101.862120518,1.42400179622,8.6,1,2,1,1,1,20260917,setup_sweep
235,4,2,285,2850,0.0188101362082,101.989081001,1.42274337936,8.575,1,2,1,1,1,20260917,setup_sweep
236,4,2,290,2900,0.0191050781292,102.113128498,1.42149740371,8.55,1,2,1,1,1,20260917,setup_sweep
237,5,2,0,0,0,85,1.48175902209,10,1,2,2,1,1,20260917,setup_sweep
238,5,2,5,50,0.000249566710882,85.3299145934,1.46825083306,9.975,1,2,2,1,1,20260917,setup_sweep
239,5,2,10,100,0.000523585435641,85.6947804315,1.45854750195,9.95,1,2,2,1,1,20260917,setup_sweep
240,5,2,15,150,0.000817642136472,86.0867271241,1.45120072229,9.925,1,2,2,1,1,20260917,setup_sweep
241,5,2,20,200,0.00110685258231,86.464119975,1.45713308217,9.9,1,2,2,1,1,20260917,setup_sweep
242,5,2,25,250,0.00140516353427,86.8503718305,1.45172278146,9.875,1,2,2,1,1,20260917,setup_sweep
243,5,2,30,300,0.00171607021187,87.2510545626,1.44719231424,9.85,1,2,2,1,1,20260917,setup_sweep
244,5,2,35,350,0.00203797322358,87.6632867079,1.44331488802,9.825,1,2,2,1,1,20260917,setup_sweep
245,5,2,40,400,0.00236952224667,88.0846459688,1.4399276577,9.8,1,2,2,1,1,20260917,setup_sweep
246,5,2,45,450,0.00270956431967,88.513076199,1.43690993509,9.775,1,2,2,1,1,20260917,setup_sweep
247,5,2,50,500,0.00305710654764,88.9468197334,1.43417014113,9.75,1,2,2,1,1,20260917,setup_sweep
248,5,2,55,550,0.00341128812568,89.3843662307,1.43163754801,9.725,1,2,2,1,1,20260917,setup_sweep
249,5,2,60,600,0.00377135881773,89.8244130258,1.42925681639,9.7,1,2,2,1,1,20260917,setup_sweep
250,5,2,65,650,0.00413666194837,90.2658335932,1.42698424171,9.675,1,2,2,1,1,20260917,setup_sweep
251,5,2,70,700,0.00450662070298,90.7076519986,1.42478509237,9.65,1,2,2,1,1,20260917,setup_sweep
252,5,2,75,750,0.0048807269214,91.1490218918,1.42263167054,9.625,1,2,2,1,1,20260917,setup_sweep
253,5,2,80,800,0.00525853181377,91.5892090233,1.42050186671,9.6,1,2,2,1,1,20260917,setup_sweep
254,5,2,85,850,0.0056396381867,92.0275765457,1.41837806024,9.575,1,2,2,1,1,20260917,setup_sweep
255,5,2,90,900,0.0060601870943,92.5239857466,1.40309139152,9.55,1,2,2,1,1,20260917,setup_sweep
256,5,2,95,950,0.00648852046625,93.0249515143,1.40193655034,9.525,1,2,2,1,1,20260917,setup_sweep
257,5,2,100,1000,0.00702460338978,93.6959689857,1.43564483252,9.5,1,2,2,1,1,20260917,setup_sweep
258,5,2,105,1050,0.00738915868802,94.0716075982,1.48389471757,9.475,1,2,2,1,1,20260917,setup_sweep
259,5,2,110,1100,0.00757871480901,94.1523329847,1.48341887357,9.45,1,2,2,1,1,20260917,setup_sweep
260,5,2,115,1150,0.00776822217896,94.2316435195,1.48294283503,9.425,1,2,2,1,1,20260917,setup_sweep
261,5,2,120,1200,0.0079576807988,94.3095625896,1.48246675587,9.4,1,2,2,1,1,20260917,setup_sweep
262,5,2,125,1250,0.00814781817678,94.3873237126,1.49500352989,9.375,1,2,2,1,1,20260917,setup_sweep
263,5,2,130,1300,0.00836406820894,94.5070310642,1.47228742705,9.35,1,2,2,1,1,20260917,setup_sweep
264,5,2,135,1350,0.00861179418301,94.6767668847,1.45685894073,9.325,1,2,2,1,1,20260917,setup_sweep
265,5,2,140,1400,0.00888439071009,94.8847929292,1.44520944952,9.3,1,2,2,1,1,20260917,setup_sweep
266,5,2,145,1450,0.00917732987901,95.1229955403,1.43587684737,9.275,1,2,2,1,1,20260917,setup_sweep
267,5,2,150,1500,0.00948722476997,95.3852798096,1.42809513762,9.25,1,2,2,1,1,20260917,setup_sweep
268,5,2,155,1550,0.00981142124125,95.6668621185,1.42140879639,9.225,1,2,2,1,1,20260917,setup_sweep
269,5,2,160,1600,0.0101477794746,95.9638876535,1.41552399443,9.2,1,2,2,1,1,20260917,setup_sweep
270,5,2,165,1650,0.0104945414213,96.2731960927,1.41024022436,9.175,1,2,2,1,1,20260917,setup_sweep
271,5,2,170,1700,0.0108502433091,96.5921655882,1.40541495989,9.15,1,2,2,1,1,20260917,setup_sweep
272,5,2,175,1750,0.0112136543364,96.9186025789,1.40094375643,9.125,1,2,2,1,1,20260917,setup_sweep
273,5,2,180,1800,0.0115832135737,97.2497983017,1.39715832251,9.1,1,2,2,1,1,20260917,setup_sweep
274,5,2,185,1850,0.0120362288833,97.7128908637,1.45589661856,9.075,1,2,2,1,1,20260917,setup_sweep
275,5,2,190,1900,0.0122542533521,97.7800425805,1.50041016072,9.05,1,2,2,1,1,20260917,setup_sweep
276,5,2,195,1950,0.0123871256535,97.7057829376,1.5006112221,9.025,1,2,2,1,1,20260917,setup_sweep
277,5,2,200,2000,0.0125200046718,97.6327618003,1.50080207967,9,1,2,2,1,1,20260917,setup_sweep
278,5,2,205,2050,0.0126551807153,97.5647695263,1.50561454926,8.975,1,2,2,1,1,20260917,setup_sweep
279,5,2,210,2100,0.0128319219754,97.5666972132,1.47183261557,8.95,1,2,2,1,1,20260917,setup_sweep
280,5,2,215,2150,0.0130486512176,97.6346075524,1.46046578216,8.925,1,2,2,1,1,20260917,setup_sweep
281,5,2,220,2200,0.0132812237165,97.7275957708,1.4459563133,8.9,1,2,2,1,1,20260917,setup_sweep
282,5,2,225,2250,0.0135361587211,97.8559997448,1.43467051935,8.875,1,2,2,1,1,20260917,setup_sweep
283,5,2,230,2300,0.0138098421624,98.013262981,1.42540756812,8.85,1,2,2,1,1,20260917,setup_sweep
284,5,2,235,2350,0.0140995219255,98.1943611142,1.41752487768,8.825,1,2,2,1,1,20260917,setup_sweep
285,5,2,240,2400,0.0144030037866,98.3952744684,1.41063514806,8.8,1,2,2,1,1,20260917,setup_sweep
286,5,2,245,2450,0.0147184875104,98.6127007402,1.40448607619,8.775,1,2,2,1,1,20260917,setup_sweep
287,5,2,250,2500,0.0150444673609,98.8438787992,1.39890405258,8.75,1,2,2,1,1,20260917,setup_sweep
288,5,2,255,2550,0.0153796665311,99.0864714198,1.39376469202,8.725,1,2,2,1,1,20260917,setup_sweep
289,5,2,260,2600,0.0157229912795,99.3384825027,1.38897609676,8.7,1,2,2,1,1,20260917,setup_sweep
290,5,2,265,2650,0.0161029199308,99.6469048578,1.37183914041,8.675,1,2,2,1,1,20260917,setup_sweep
291,5,2,270,2700,0.0165450497528,100.053435521,1.38157580714,8.65,1,2,2,1,1,20260917,setup_sweep
292,5,2,275,2750,0.0169471414806,100.385865439,1.41382076966,8.625,1,2,2,1,1,20260917,setup_sweep
293,5,2,280,2800,0.0171905693631,100.451267249,1.41309937748,8.6,1,2,2,1,1,20260917,setup_sweep
294,5,2,285,2850,0.0174338296801,100.515311105,1.41238439603,8.575,1,2,2,1,1,20260917,setup_sweep
295,5,2,290,2900,0.0176769242211,100.57802241,1.41167581203,8.55,1,2,2,1,1,20260917,setup_sweep
296,6,2,0,0,0,85,1.05499832275,10,1,2,3,3,1,20260917,setup_sweep
297,6,2,5,50,0.000216110437403,85.2746589854,1.0386198442,9.975,1,2,3,3,1,20260917,setup_sweep
298,6,2,10,100,0.000471111092766,85.6090272714,1.02739433746,9.95,1,2,3,3,1,20260917,setup_sweep
299,6,2,15,150,0.000755010271461,85.985618727,1.01965851463,9.925,1,2,3,3,1,20260917,setup_sweep
300,6,2,20,200,0.00104090503043,86.3592151155,1.02208744289,9.9,1,2,3,3,1,20260917,setup_sweep
301,6,2,25,250,0.00134037265919,86.749121001,1.01718932768,9.875,1,2,3,3,1,20260917,setup_sweep
302,6,2,30,300,0.00165577388983,87.158912599,1.01324030014,9.85,1,2,3,3,1,20260917,setup_sweep
303,6,2,35,350,0.00198479981472,87.5844459938,1.00996850355,9.825,1,2,3,3,1,20260917,setup_sweep
304,6,2,40,400,0.00232555584169,88.022330298,1.00719035789,9.8,1,2,3,3,1,20260917,setup_sweep
305,6,2,45,450,0.00267646225948,88.4697509456,1.00477604212,9.775,1,2,3,3,1,20260917,setup_sweep
306,6,2,50,500,0.00303618657991,88.9243483907,1.00263063448,9.75,1,2,3,3,1,20260917,setup_sweep
307,6,2,55,550,0.00340359504806,89.3841304734,1.00068300822,9.725,1,2,3,3,1,20260917,setup_sweep
308,6,2,60,600,0.00377771650862,89.8474066455,0.998878898466,9.7,1,2,3,3,1,20260917,setup_sweep
309,6,2,65,650,0.00415771466169,90.3127371438,0.997176363271,9.675,1,2,3,3,1,20260917,setup_sweep
310,6,2,70,700,0.00454286625034,90.7788928031,0.995542693453,9.65,1,2,3,3,1,20260917,setup_sweep
311,6,2,75,750,0.0049325435892,91.2448227057,0.993952238558,9.625,1,2,3,3,1,20260917,setup_sweep
312,6,2,80,800,0.0053262003575,91.70962776,0.99238483431,9.6,1,2,3,3,1,20260917,setup_sweep
313,6,2,85,850,0.00576135613445,92.2354395524,0.981606189273,9.575,1,2,3,3,1,20260917,setup_sweep
314,6,2,90,900,0.00620445793616,92.7655840564,0.980842136081,9.55,1,2,3,3,1,20260917,setup_sweep
315,6,2,95,950,0.00669076094929,93.3588689439,0.986614741717,9.525,1,2,3,3,1,20260917,setup_sweep
316,6,2,100,1000,0.00717349873892,93.9352708066,1.02573207933,9.5,1,2,3,3,1,20260917,setup_sweep
317,6,2,105,1050,0.00743049157333,94.1293750399,1.0574894988,9.475,1,2,3,3,1,20260917,setup_sweep
318,6,2,110,1100,0.0075903121445,94.1599971434,1.05726863675,9.45,1,2,3,3,1,20260917,setup_sweep
319,6,2,115,1150,0.00775011562657,94.1900848624,1.05704842917,9.425,1,2,3,3,1,20260917,setup_sweep
320,6,2,120,1200,0.00790990207941,94.2196471285,1.05682887964,9.4,1,2,3,3,1,20260917,setup_sweep
321,6,2,125,1250,0.00807017316446,94.2495273436,1.05974387211,9.375,1,2,3,3,1,20260917,setup_sweep
322,6,2,130,1300,0.00825750852501,94.3237371654,1.04148259521,9.35,1,2,3,3,1,20260917,setup_sweep
323,6,2,135,1350,0.00848935275442,94.4702820761,1.02588610394,9.325,1,2,3,3,1,20260917,setup_sweep
324,6,2,140,1400,0.00875577256217,94.671528137,1.01504511541,9.3,1,2,3,3,1,20260917,setup_sweep
325,6,2,145,1450,0.0090487854787,94.9133891202,1.00690849953,9.275,1,2,3,3,1,20260917,setup_sweep
326,6,2,150,1500,0.00936324407372,95.1866894454,1.00042185699,9.25,1,2,3,3,1,20260917,setup_sweep
327,6,2,155,1550,0.00969531832689,95.4845812663,0.99503107297,9.225,1,2,3,3,1,20260917,setup_sweep
328,6,2,160,1600,0.0100420314433,95.8017394604,0.990406712937,9.2,1,2,3,3,1,20260917,setup_sweep
329,6,2,165,1650,0.0104010074061,96.1339194981,0.986336757454,9.175,1,2,3,3,1,20260917,setup_sweep
330,6,2,170,1700,0.0107703158533,96.4776833349,0.982677068205,9.15,1,2,3,3,1,20260917,setup_sweep
331,6,2,175,1750,0.0111483687554,96.8302153903,0.979325706808,9.125,1,2,3,3,1,20260917,setup_sweep
332,6,2,180,1800,0.011600619685,97.2998415002,0.998436580761,9.1,1,2,3,3,1,20260917,setup_sweep
333,6,2,185,1850,0.0119169854471,97.5363837561,1.03683394246,9.075,1,2,3,3,1,20260917,setup_sweep
334,6,2,190,1900,0.0120902207653,97.5326162504,1.06286033781,9.05,1,2,3,3,1,20260917,setup_sweep
335,6,2,195,1950,0.0122142873352,97.4478916092,1.06304388924,9.025,1,2,3,3,1,20260917,setup_sweep
336,6,2,200,2000,0.0123383596981,97.3645769173,1.06321883122,9,1,2,3,3,1,20260917,setup_sweep
337,6,2,205,2050,0.0124637853874,97.2848910235,1.0629896597,8.975,1,2,3,3,1,20260917,setup_sweep
338,6,2,210,2100,0.0126159109677,97.2507196933,1.04406013868,8.95,1,2,3,3,1,20260917,setup_sweep
339,6,2,215,2150,0.0128050287395,97.278235845,1.03337383815,8.925,1,2,3,3,1,20260917,setup_sweep
340,6,2,220,2200,0.0130214790667,97.3504942552,1.01970042237,8.9,1,2,3,3,1,20260917,setup_sweep
341,6,2,225,2250,0.0132694350907,97.4736105923,1.00916742895,8.875,1,2,3,3,1,20260917,setup_sweep
342,6,2,230,2300,0.0135418369833,97.6350866489,1.00104753859,8.85,1,2,3,3,1,20260917,setup_sweep
343,6,2,235,2350,0.0138344729917,97.827329838,0.994426625573,8.825,1,2,3,3,1,20260917,setup_sweep
344,6,2,240,2400,0.0141441554955,98.0445647142,0.988818528875,8.8,1,2,3,3,1,20260917,setup_sweep
345,6,2,245,2450,0.014468361539,98.2822093308,0.983931826307,8.775,1,2,3,3,1,20260917,setup_sweep
346,6,2,250,2500,0.0148050382977,98.5365342081,0.979577663177,8.75,1,2,3,3,1,20260917,setup_sweep
347,6,2,255,2550,0.0151524842803,98.8044520035,0.97562677307,8.725,1,2,3,3,1,20260917,setup_sweep
348,6,2,260,2600,0.0155092705704,99.0833767867,0.971987054339,8.7,1,2,3,3,1,20260917,setup_sweep
349,6,2,265,2650,0.0159051129975,99.4223241069,0.959941633589,8.675,1,2,3,3,1,20260917,setup_sweep
350,6,2,270,2700,0.0163922286283,99.9061183778,0.990325000154,8.65,1,2,3,3,1,20260917,setup_sweep
351,6,2,275,2750,0.0166688554478,100.033887863,1.01466143463,8.625,1,2,3,3,1,20260917,setup_sweep
352,6,2,280,2800,0.0168583217382,100.015917029,1.01456064798,8.6,1,2,3,3,1,20260917,setup_sweep
353,6,2,285,2850,0.0170477759469,99.9982232574,1.01445846056,8.575,1,2,3,3,1,20260917,setup_sweep
354,6,2,290,2900,0.0172372178424,99.9808015851,1.01435490373,8.55,1,2,3,3,1,20260917,setup_sweep
355,7,2,0,0,0,85,1.5123052597,10,1,3,1,1,1,20260917,setup_sweep
356,7,2,5,50,0.000274852585829,85.3717070798,1.5001113818,9.975,1,3,1,1,1,20260917,setup_sweep
357,7,2,10,100,0.000573273513844,85.7762129796,1.49150061328,9.95,1,3,1,1,1,20260917,setup_sweep
358,7,2,15,150,0.000890435048554,86.2049994273,1.48512057449,9.925,1,3,1,1,1,20260917,setup_sweep
359,7,2,20,200,0.0011959534949,86.6073751403,1.4949523437,9.9,1,3,1,1,1,20260917,setup_sweep
360,7,2,25,250,0.00150830917334,87.0144709177,1.49002565227,9.875,1,3,1,1,1,20260917,setup_sweep
361,7,2,30,300,0.00183218369528,87.4338727357,1.48597632905,9.85,1,3,1,1,1,20260917,setup_sweep
362,7,2,35,350,0.00216583464499,87.8624979908,1.48256599275,9.825,1,3,1,1,1,20260917,setup_sweep
363,7,2,40,400,0.00250782305901,88.2978164236,1.47962491013,9.8,1,3,1,1,1,20260917,setup_sweep
364,7,2,45,450,0.00285694831287,88.7377334155,1.47702856038,9.775,1,3,1,1,1,20260917,setup_sweep
365,7,2,50,500,0.00321220081333,89.1805046257,1.47468356531,9.75,1,3,1,1,1,20260917,setup_sweep
366,7,2,55,550,0.00357272638761,89.6246713645,1.47251876639,9.725,1,3,1,1,1,20260917,setup_sweep
367,7,2,60,600,0.00393779889377,90.0690106151,1.47047931555,9.7,1,3,1,1,1,20260917,setup_sweep
368,7,2,65,650,0.00430679863892,90.5124954778,1.46852261232,9.675,1,3,1,1,1,20260917,setup_sweep
369,7,2,70,700,0.00467919509292,90.9542633652,1.4666154235,9.65,1,3,1,1,1,20260917,setup_sweep
370,7,2,75,750,0.00505453286209,91.3935901088,1.46473178805,9.625,1,3,1,1,1,20260917,setup_sweep
371,7,2,80,800,0.00543242018647,91.8298686639,1.46285145912,9.6,1,3,1,1,1,20260917,setup_sweep
372,7,2,85,850,0.00581251942344,92.2625914485,1.46095872393,9.575,1,3,1,1,1,20260917,setup_sweep
373,7,2,90,900,0.0062403197875,92.7671223615,1.44275015016,9.55,1,3,1,1,1,20260917,setup_sweep
374,7,2,95,950,0.00667522488904,93.2749250056,1.44208474725,9.525,1,3,1,1,1,20260917,setup_sweep
375,7,2,100,1000,0.00717590862204,93.883646462,1.46312814553,9.5,1,3,1,1,1,20260917,setup_sweep
376,7,2,105,1050,0.00759904423318,94.3528899979,1.51806355455,9.475,1,3,1,1,1,20260917,setup_sweep
377,7,2,110,1100,0.00780669088991,94.4588671647,1.51746419332,9.45,1,3,1,1,1,20260917,setup_sweep
378,7,2,115,1150,0.00801426327696,94.5629699257,1.51686331161,9.425,1,3,1,1,1,20260917,setup_sweep
379,7,2,120,1200,0.00822176123595,94.6652290003,1.51626120299,9.4,1,3,1,1,1,20260917,setup_sweep
380,7,2,125,1250,0.00842936298585,94.7659714345,1.52784999787,9.375,1,3,1,1,1,20260917,setup_sweep
381,7,2,130,1300,0.00866283940567,94.9078989447,1.5044868518,9.35,1,3,1,1,1,20260917,setup_sweep
382,7,2,135,1350,0.00892960776588,95.1024856206,1.48893750921,9.325,1,3,1,1,1,20260917,setup_sweep
383,7,2,140,1400,0.00922177040546,95.335815208,1.47740782174,9.3,1,3,1,1,1,20260917,setup_sweep
384,7,2,145,1450,0.00953398656877,95.5984238358,1.46831239237,9.275,1,3,1,1,1,20260917,setup_sweep
385,7,2,150,1500,0.00986234200931,95.8833603356,1.46082334588,9.25,1,3,1,1,1,20260917,setup_sweep
386,7,2,155,1550,0.0102038432269,96.1853095053,1.45445131384,9.225,1,3,1,1,1,20260917,setup_sweep
387,7,2,160,1600,0.0105561405971,96.5001077636,1.4488831089,9.2,1,3,1,1,1,20260917,setup_sweep
388,7,2,165,1650,0.0109173576639,96.8244421249,1.44390701265,9.175,1,3,1,1,1,20260917,setup_sweep
389,7,2,170,1700,0.0112859774108,97.1556482569,1.43937414484,9.15,1,3,1,1,1,20260917,setup_sweep
390,7,2,175,1750,0.0116607622997,97.4915676531,1.4351767174,9.125,1,3,1,1,1,20260917,setup_sweep
391,7,2,180,1800,0.0120406959363,97.8304428927,1.4312349765,9.1,1,3,1,1,1,20260917,setup_sweep
392,7,2,185,1850,0.0125075886266,98.3073934179,1.48401482142,9.075,1,3,1,1,1,20260917,setup_sweep
393,7,2,190,1900,0.0127503009084,98.4054143599,1.53653647333,9.05,1,3,1,1,1,20260917,setup_sweep
394,7,2,195,1950,0.0128892320485,98.330832615,1.53676665612,9.025,1,3,1,1,1,20260917,setup_sweep
395,7,2,200,2000,0.0130281719925,98.2574981487,1.53698580115,9,1,3,1,1,1,20260917,setup_sweep
396,7,2,205,2050,0.0131697341799,98.1897388301,1.53979157968,8.975,1,3,1,1,1,20260917,setup_sweep
397,7,2,210,2100,0.0133608749228,98.2051495753,1.50129373417,8.95,1,3,1,1,1,20260917,setup_sweep
398,7,2,215,2150,0.0135942602519,98.2900315119,1.49224963195,8.925,1,3,1,1,1,20260917,setup_sweep
399,7,2,220,2200,0.0138410284946,98.3956520366,1.47756593727,8.9,1,3,1,1,1,20260917,setup_sweep
400,7,2,225,2250,0.0141106697323,98.5373216056,1.46631849975,8.875,1,3,1,1,1,20260917,setup_sweep
401,7,2,230,2300,0.0143989369437,98.7074276207,1.45720479846,8.85,1,3,1,1,1,20260917,setup_sweep
402,7,2,235,2350,0.0147026437464,98.9002352756,1.44953182672,8.825,1,3,1,1,1,20260917,setup_sweep
403,7,2,240,2400,0.0150192955006,99.111247327,1.4428845971,8.8,1,3,1,1,1,20260917,setup_sweep
404,7,2,245,2450,0.0153468868481,99.3368492358,1.43699466958,8.775,1,3,1,1,1,20260917,setup_sweep
405,7,2,250,2500,0.0156837768418,99.5740883048,1.43167872212,8.75,1,3,1,1,1,20260917,setup_sweep
406,7,2,255,2550,0.0160286056334,99.8205251041,1.42680646437,8.725,1,3,1,1,1,20260917,setup_sweep
407,7,2,260,2600,0.0163802356918,100.074127872,1.42228245222,8.7,1,3,1,1,1,20260917,setup_sweep
408,7,2,265,2650,0.0167723048871,100.390467415,1.402365641,8.675,1,3,1,1,1,20260917,setup_sweep
409,7,2,270,2700,0.0171805758989,100.728325124,1.40277623593,8.65,1,3,1,1,1,20260917,setup_sweep
410,7,2,275,2750,0.0176471672706,101.156047144,1.43758987413,8.625,1,3,1,1,1,20260917,setup_sweep
411,7,2,280,2800,0.0179225221764,101.261489379,1.43651681341,8.6,1,3,1,1,1,20260917,setup_sweep
412,7,2,285,2850,0.0181975655735,101.364673936,1.43545346035,8.575,1,3,1,1,1,20260917,setup_sweep
413,7,2,290,2900,0.0184723010042,101.465643987,1.43439991865,8.55,1,3,1,1,1,20260917,setup_sweep
414,8,2,0,0,0,85,1.48388942373,10,1,3,2,1,1,20260917,setup_sweep
415,8,2,5,50,0.000243270201605,85.3195098169,1.46920771599,9.975,1,3,2,1,1,20260917,setup_sweep
416,8,2,10,100,0.000511639594397,85.6752106754,1.4590190817,9.95,1,3,2,1,1,20260917,setup_sweep
417,8,2,15,150,0.000800050842562,86.0581492352,1.45150702223,9.925,1,3,2,1,1,20260917,setup_sweep
418,8,2,20,200,0.0010811735191,86.4226396915,1.45957752925,9.9,1,3,2,1,1,20260917,setup_sweep
419,8,2,25,250,0.00137026707473,86.7943406264,1.45424306774,9.875,1,3,2,1,1,20260917,setup_sweep
420,8,2,30,300,0.00167121956891,87.1794949344,1.44985327308,9.85,1,3,2,1,1,20260917,setup_sweep
421,8,2,35,350,0.00198235847148,87.5751165089,1.44615859176,9.825,1,3,2,1,1,20260917,setup_sweep
422,8,2,40,400,0.00230229366824,87.9787352299,1.44298260841,9.8,1,3,2,1,1,20260917,setup_sweep
423,8,2,45,450,0.00262985587657,88.388286695,1.44019626573,9.775,1,3,2,1,1,20260917,setup_sweep
424,8,2,50,500,0.0029640527297,88.8020329564,1.43770272438,9.75,1,3,2,1,1,20260917,setup_sweep
425,8,2,55,550,0.00330403608231,89.2185031073,1.43542792519,9.725,1,3,2,1,1,20260917,setup_sweep
426,8,2,60,600,0.00364907706369,89.6364476478,1.43331442664,9.7,1,3,2,1,1,20260917,setup_sweep
427,8,2,65,650,0.00399854653946,90.0548025421,1.43131721805,9.675,1,3,2,1,1,20260917,setup_sweep
428,8,2,70,700,0.00435189949933,90.472660355,1.42940078004,9.65,1,3,2,1,1,20260917,setup_sweep
429,8,2,75,750,0.00470866239146,90.8892467356,1.42753696272,9.625,1,3,2,1,1,20260917,setup_sweep
430,8,2,80,800,0.0050684227186,91.3039010253,1.42570341771,9.6,1,3,2,1,1,20260917,setup_sweep
431,8,2,85,850,0.0054308204032,91.7160601097,1.42388241567,9.575,1,3,2,1,1,20260917,setup_sweep
432,8,2,90,900,0.00583663236552,92.1932705934,1.40637175262,9.55,1,3,2,1,1,20260917,setup_sweep
433,8,2,95,950,0.00625012899839,92.6751769327,1.40566158458,9.525,1,3,2,1,1,20260917,setup_sweep
434,8,2,100,1000,0.00675656327453,93.3031539909,1.43817237133,9.5,1,3,2,1,1,20260917,setup_sweep
435,8,2,105,1050,0.00711555753555,93.676069797,1.48693248452,9.475,1,3,2,1,1,20260917,setup_sweep
436,8,2,110,1100,0.00730253241094,93.7590664394,1.48647150967,9.45,1,3,2,1,1,20260917,setup_sweep
437,8,2,115,1150,0.00748946520997,93.8406217217,1.48600978767,9.425,1,3,2,1,1,20260917,setup_sweep
438,8,2,120,1200,0.00767635587064,93.920759365,1.48554748649,9.4,1,3,2,1,1,20260917,setup_sweep
439,8,2,125,1250,0.00786423511116,94.0012178253,1.49557034212,9.375,1,3,2,1,1,20260917,setup_sweep
440,8,2,130,1300,0.00807992367275,94.1263799752,1.47227136362,9.35,1,3,2,1,1,20260917,setup_sweep
441,8,2,135,1350,0.00832712851077,94.3015453413,1.45685476412,9.325,1,3,2,1,1,20260917,setup_sweep
442,8,2,140,1400,0.00859866836048,94.5140251286,1.445430047,9.3,1,3,2,1,1,20260917,setup_sweep
443,8,2,145,1450,0.00888970820306,94.7552145948,1.43641983058,9.275,1,3,2,1,1,20260917,setup_sweep
444,8,2,150,1500,0.00919668906059,95.0187589125,1.42900970273,9.25,1,3,2,1,1,20260917,setup_sweep
445,8,2,155,1550,0.00951686568911,95.2997525665,1.42272019351,9.225,1,3,2,1,1,20260917,setup_sweep
446,8,2,160,1600,0.00984805959012,95.5943074603,1.41724449126,9.2,1,3,2,1,1,20260917,setup_sweep
447,8,2,165,1650,0.0101885091977,95.8992886288,1.41237468343,9.175,1,3,2,1,1,20260917,setup_sweep
448,8,2,170,1700,0.0105367711009,96.2121386079,1.40796392757,9.15,1,3,2,1,1,20260917,setup_sweep
449,8,2,175,1750,0.0108916509825,96.5307537924,1.403905275,9.125,1,3,2,1,1,20260917,setup_sweep
450,8,2,180,1800,0.0112521534173,96.8533939914,1.40202014375,9.1,1,3,2,1,1,20260917,setup_sweep
451,8,2,185,1850,0.011692529723,97.3022621959,1.45998573455,9.075,1,3,2,1,1,20260917,setup_sweep
452,8,2,190,1900,0.0119087111003,97.3731697009,1.50269669761,9.05,1,3,2,1,1,20260917,setup_sweep
453,8,2,195,1950,0.0120420009104,97.3063251525,1.50284023462,9.025,1,3,2,1,1,20260917,setup_sweep
454,8,2,200,2000,0.0121752956958,97.2405936704,1.50297519504,9,1,3,2,1,1,20260917,setup_sweep
455,8,2,205,2050,0.0123109876647,97.1799372357,1.5062617782,8.975,1,3,2,1,1,20260917,setup_sweep
456,8,2,210,2100,0.012490093686,97.1921359884,1.4711136714,8.95,1,3,2,1,1,20260917,setup_sweep
457,8,2,215,2150,0.0127084868104,97.268980997,1.46182854289,8.925,1,3,2,1,1,20260917,setup_sweep
458,8,2,220,2200,0.0129399418275,97.3661631138,1.44779028961,8.9,1,3,2,1,1,20260917,setup_sweep
459,8,2,225,2250,0.0131926338764,97.4968311645,1.43698031621,8.875,1,3,2,1,1,20260917,setup_sweep
460,8,2,230,2300,0.0134628597912,97.6543134055,1.42819181152,8.85,1,3,2,1,1,20260917,setup_sweep
461,8,2,235,2350,0.01374782259,97.8335451957,1.4207801644,8.825,1,3,2,1,1,20260917,setup_sweep
462,8,2,240,2400,0.0140453140721,98.0305182819,1.41435743275,8.8,1,3,2,1,1,20260917,setup_sweep
463,8,2,245,2450,0.0143535420372,98.2419779612,1.40867126651,8.775,1,3,2,1,1,20260917,setup_sweep
464,8,2,250,2500,0.0146710245577,98.4652359764,1.40354829265,8.75,1,3,2,1,1,20260917,setup_sweep
465,8,2,255,2550,0.0149965198781,98.6980453452,1.39886450039,8.725,1,3,2,1,1,20260917,setup_sweep
466,8,2,260,2600,0.015328977173,98.9385117128,1.39452842668,8.7,1,3,2,1,1,20260917,setup_sweep
467,8,2,265,2650,0.0156997673329,99.2384453862,1.37539666628,8.675,1,3,2,1,1,20260917,setup_sweep
468,8,2,270,2700,0.0161291098534,99.6305772371,1.38759020008,8.65,1,3,2,1,1,20260917,setup_sweep
469,8,2,275,2750,0.0165185604271,99.9490843491,1.42163954869,8.625,1,3,2,1,1,20260917,setup_sweep
470,8,2,280,2800,0.0167517145357,100.004724566,1.42099437276,8.6,1,3,2,1,1,20260917,setup_sweep
471,8,2,285,2850,0.0169847485699,100.059246669,1.42035451083,8.575,1,3,2,1,1,20260917,setup_sweep
472,8,2,290,2900,0.017217663683,100.112671043,1.41971993925,8.55,1,3,2,1,1,20260917,setup_sweep
473,9,2,0,0,0,85,1.0548595205,10,1,3,3,3,1,20260917,setup_sweep
474,9,2,5,50,0.00021519912382,85.2731553806,1.03756094494,9.975,1,3,3,3,1,20260917,setup_sweep
475,9,2,10,100,0.000469432013649,85.6062787715,1.0263111051,9.95,1,3,3,3,1,20260917,setup_sweep
476,9,2,15,150,0.000751934025752,85.9806044162,1.01873165313,9.925,1,3,3,3,1,20260917,setup_sweep
477,9,2,20,200,0.00103296947947,86.3462427768,1.02291289796,9.9,1,3,3,3,1,20260917,setup_sweep
478,9,2,25,250,0.00132579629273,86.7253840784,1.01823910722,9.875,1,3,3,3,1,20260917,setup_sweep
479,9,2,30,300,0.00163330226244,87.1225154758,1.01452811038,9.85,1,3,3,3,1,20260917,setup_sweep
480,9,2,35,350,0.00195314458783,87.5334684577,1.01149901932,9.825,1,3,3,3,1,20260917,setup_sweep
481,9,2,40,400,0.00228342953196,87.9548853504,1.00896397412,9.8,1,3,3,3,1,20260917,setup_sweep
482,9,2,45,450,0.00262260153064,88.3840227307,1.00679126265,9.775,1,3,3,3,1,20260917,setup_sweep
483,9,2,50,500,0.00296936790484,88.8186168929,1.0048853454,9.75,1,3,3,3,1,20260917,setup_sweep
484,9,2,55,550,0.00332264506902,89.2567870472,1.0031751734,9.725,1,3,3,3,1,20260917,setup_sweep
485,9,2,60,600,0.0036815186122,89.6969630352,1.00160693514,9.7,1,3,3,3,1,20260917,setup_sweep
486,9,2,65,650,0.00404521280899,90.1378298194,1.00013933164,9.675,1,3,3,3,1,20260917,setup_sweep
487,9,2,70,700,0.00441306679148,90.5782838937,0.99874037449,9.65,1,3,3,3,1,20260917,setup_sweep
488,9,2,75,750,0.00478451560347,91.0173984824,0.997385143829,9.625,1,3,3,3,1,20260917,setup_sweep
489,9,2,80,800,0.00515907491345,91.4543953587,0.984183012483,9.6,1,3,3,3,1,20260917,setup_sweep
490,9,2,85,850,0.00558918991887,91.9759799622,0.983916221137,9.575,1,3,3,3,1,20260917,setup_sweep
491,9,2,90,900,0.00601576530601,92.4830943605,0.983458632366,9.55,1,3,3,3,1,20260917,setup_sweep
492,9,2,95,950,0.0064704978628,93.0287115329,0.989420975911,9.525,1,3,3,3,1,20260917,setup_sweep
493,9,2,100,1000,0.00693480656472,93.580163711,1.02752205515,9.5,1,3,3,3,1,20260917,setup_sweep
494,9,2,105,1050,0.00718821628521,93.7742296618,1.05836182244,9.475,1,3,3,3,1,20260917,setup_sweep
495,9,2,110,1100,0.00734770092292,93.8101665542,1.05813619992,9.45,1,3,3,3,1,20260917,setup_sweep
496,9,2,115,1150,0.00750716903883,93.845482154,1.05791113815,9.425,1,3,3,3,1,20260917,setup_sweep
497,9,2,120,1200,0.00766662068174,93.8801868109,1.05768664831,9.4,1,3,3,3,1,20260917,setup_sweep
498,9,2,125,1250,0.00782670841671,93.9153764271,1.05962446191,9.375,1,3,3,3,1,20260917,setup_sweep
499,9,2,130,1300,0.00801611751589,93.9985436802,1.04006972745,9.35,1,3,3,3,1,20260917,setup_sweep
500,9,2,135,1350,0.00825116744699,94.1557574652,1.02457408709,9.325,1,3,3,3,1,20260917,setup_sweep
501,9,2,140,1400,0.00851936746147,94.3651417235,1.01415719745,9.3,1,3,3,3,1,20260917,setup_sweep
502,9,2,145,1450,0.00881275617683,94.6126846778,1.00643477334,9.275,1,3,3,3,1,20260917,setup_sweep
503,9,2,150,1500,0.00912604702766,94.889021612,1.00035099979,9.25,1,3,3,3,1,20260917,setup_sweep
504,9,2,155,1550,0.00945535829679,95.1872631104,0.995350627789,9.225,1,3,3,3,1,20260917,setup_sweep
505,9,2,160,1600,0.00979771856077,95.5021374405,0.99110390683,9.2,1,3,3,3,1,20260917,setup_sweep
506,9,2,165,1650,0.0101507943852,95.8295140488,0.987399101402,9.175,1,3,3,3,1,20260917,setup_sweep
507,9,2,170,1700,0.0105127218149,96.1661063375,0.984092730723,9.15,1,3,3,3,1,20260917,setup_sweep
508,9,2,175,1750,0.010881993834,96.5092717958,0.98108372586,9.125,1,3,3,3,1,20260917,setup_sweep
509,9,2,180,1800,0.0113171737613,96.9559726427,1.0006474554,9.1,1,3,3,3,1,20260917,setup_sweep
510,9,2,185,1850,0.0116291814793,97.1910158708,1.03829004906,9.075,1,3,3,3,1,20260917,setup_sweep
511,9,2,190,1900,0.0118025990992,97.1932606182,1.06391367948,9.05,1,3,3,3,1,20260917,setup_sweep
512,9,2,195,1950,0.0119271942138,97.1150186373,1.06406015771,9.025,1,3,3,3,1,20260917,setup_sweep
513,9,2,200,2000,0.0120517940897,97.038077752,1.06419912875,9,1,3,3,3,1,20260917,setup_sweep
514,9,2,205,2050,0.0121777874268,96.9647271057,1.06344594528,8.975,1,3,3,3,1,20260917,setup_sweep
515,9,2,210,2100,0.0123318587658,96.9390687317,1.04324031423,8.95,1,3,3,3,1,20260917,setup_sweep
516,9,2,215,2150,0.0125252725744,96.9788380996,1.03276952196,8.925,1,3,3,3,1,20260917,setup_sweep
517,9,2,220,2200,0.012745195351,97.061779456,1.01922004851,8.9,1,3,3,3,1,20260917,setup_sweep
518,9,2,225,2250,0.0129941766909,97.1913582531,1.00939597002,8.875,1,3,3,3,1,20260917,setup_sweep
519,9,2,230,2300,0.0132656953845,97.3560355853,1.00185074443,8.85,1,3,3,3,1,20260917,setup_sweep
520,9,2,235,2350,0.0135555919616,97.5483591669,0.995733237189,8.825,1,3,3,3,1,20260917,setup_sweep
521,9,2,240,2400,0.0138607335643,97.7626956705,0.990584621614,8.8,1,3,3,3,1,20260917,setup_sweep
522,9,2,245,2450,0.0141786620303,97.9946195008,0.986127681986,8.775,1,3,3,3,1,20260917,setup_sweep
523,9,2,250,2500,0.014507398652,98.2405703509,0.982181912106,8.75,1,3,3,3,1,20260917,setup_sweep
524,9,2,255,2550,0.0148453228994,98.4976385616,0.978623415468,8.725,1,3,3,3,1,20260917,setup_sweep
525,9,2,260,2600,0.0151910910967,98.7634200176,0.975363789019,8.7,1,3,3,3,1,20260917,setup_sweep
526,9,2,265,2650,0.0155775296817,99.0921173348,0.962632962262,8.675,1,3,3,3,1,20260917,setup_sweep
527,9,2,270,2700,0.0160477198055,99.5533443566,0.994031322768,8.65,1,3,3,3,1,20260917,setup_sweep
528,9,2,275,2750,0.0163167358465,99.6743908258,1.01744399901,8.625,1,3,3,3,1,20260917,setup_sweep
529,9,2,280,2800,0.0165034161057,99.6577570514,1.01733650301,8.6,1,3,3,3,1,20260917,setup_sweep
530,9,2,285,2850,0.0166900846411,99.641378831,1.01722775656,8.575,1,3,3,3,1,20260917,setup_sweep
531,9,2,290,2900,0.0168767412666,99.6252516329,1.01711778548,8.55,1,3,3,3,1,20260917,setup_sweep
532,10,2,0,0,0,85,1.51552974069,10,1,4,1,1,1,20260917,setup_sweep
533,10,2,5,50,0.000272501897965,85.3678261109,1.50246344001,9.975,1,4,1,1,1,20260917,setup_sweep
534,10,2,10,100,0.000570773047334,85.7721538554,1.49296920408,9.95,1,4,1,1,1,20260917,setup_sweep
535,10,2,15,150,0.00089029096408,86.2049078948,1.48572042839,9.925,1,4,1,1,1,20260917,setup_sweep
536,10,2,20,200,0.00120094430142,86.6157774277,1.49398765963,9.9,1,4,1,1,1,20260917,setup_sweep
537,10,2,25,250,0.00152026662435,87.0342530811,1.48855176974,9.875,1,4,1,1,1,20260917,setup_sweep
538,10,2,30,300,0.00185293252103,87.4678629147,1.48396436064,9.85,1,4,1,1,1,20260917,setup_sweep
539,10,2,35,350,0.00219727120764,87.9135958605,1.48000157467,9.825,1,4,1,1,1,20260917,setup_sweep
540,10,2,40,400,0.00255186973918,88.3689166507,1.4765019123,9.8,1,4,1,1,1,20260917,setup_sweep
541,10,2,45,450,0.00291552007513,88.8316705015,1.47334535559,9.775,1,4,1,1,1,20260917,setup_sweep
542,10,2,50,500,0.00328718058743,89.3000132271,1.4704407339,9.75,1,4,1,1,1,20260917,setup_sweep
543,10,2,55,550,0.00366594713845,89.7723583196,1.46771766339,9.725,1,4,1,1,1,20260917,setup_sweep
544,10,2,60,600,0.00405103074381,90.247335782,1.46512117556,9.7,1,4,1,1,1,20260917,setup_sweep
545,10,2,65,650,0.00444173989326,90.723759337,1.46260800383,9.675,1,4,1,1,1,20260917,setup_sweep
546,10,2,70,700,0.00483746630266,91.2005998472,1.46014393602,9.65,1,4,1,1,1,20260917,setup_sweep
547,10,2,75,750,0.00523767325891,91.6769634586,1.45770187645,9.625,1,4,1,1,1,20260917,setup_sweep
548,10,2,80,800,0.00564188596687,92.1520734132,1.45526039489,9.6,1,4,1,1,1,20260917,setup_sweep
549,10,2,85,850,0.00604968347034,92.6252547635,1.45280261853,9.575,1,4,1,1,1,20260917,setup_sweep
550,10,2,90,900,0.00650476374389,93.1688816924,1.43457354184,9.55,1,4,1,1,1,20260917,setup_sweep
551,10,2,95,950,0.00696956965851,93.7194721208,1.43296391382,9.525,1,4,1,1,1,20260917,setup_sweep
552,10,2,100,1000,0.00754671202226,94.4469292834,1.46789577707,9.5,1,4,1,1,1,20260917,setup_sweep
553,10,2,105,1050,0.00794580347075,94.8672022924,1.51728717446,9.475,1,4,1,1,1,20260917,setup_sweep
554,10,2,110,1100,0.00815039360053,94.9596266364,1.51670136119,9.45,1,4,1,1,1,20260917,setup_sweep
555,10,2,115,1150,0.00835491243735,95.0504055035,1.51611563101,9.425,1,4,1,1,1,20260917,setup_sweep
556,10,2,120,1200,0.00855936003298,95.1395661767,1.51553018622,9.4,1,4,1,1,1,20260917,setup_sweep
557,10,2,125,1250,0.00876403406161,95.2276307324,1.52840320259,9.375,1,4,1,1,1,20260917,setup_sweep
558,10,2,130,1300,0.00899509579167,95.3579375187,1.50488215552,9.35,1,4,1,1,1,20260917,setup_sweep
559,10,2,135,1350,0.00926044994903,95.5427514955,1.48875490888,9.325,1,4,1,1,1,20260917,setup_sweep
560,10,2,140,1400,0.00955298526585,95.7694246365,1.4764776528,9.3,1,4,1,1,1,20260917,setup_sweep
561,10,2,145,1450,0.00986780382278,96.0291729535,1.46655560109,9.275,1,4,1,1,1,20260917,setup_sweep
562,10,2,150,1500,0.0102012333483,96.3153821345,1.4582028899,9.25,1,4,1,1,1,20260917,setup_sweep
563,10,2,155,1550,0.0105503921939,96.6228533071,1.45095202841,9.225,1,4,1,1,1,20260917,setup_sweep
564,10,2,160,1600,0.0109129547884,96.9473922525,1.44450184355,9.2,1,4,1,1,1,20260917,setup_sweep
565,10,2,165,1650,0.011287008664,97.285556626,1.43864727451,9.175,1,4,1,1,1,20260917,setup_sweep
566,10,2,170,1700,0.0116709598447,97.6344872283,1.4332429942,9.15,1,4,1,1,1,20260917,setup_sweep
567,10,2,175,1750,0.0120634664954,97.9917887474,1.4281828995,9.125,1,4,1,1,1,20260917,setup_sweep
568,10,2,180,1800,0.0124633903961,98.3554419163,1.42526316323,9.1,1,4,1,1,1,20260917,setup_sweep
569,10,2,185,1850,0.0129516019765,98.8583949308,1.48499522019,9.075,1,4,1,1,1,20260917,setup_sweep
570,10,2,190,1900,0.0131850820227,98.9320969851,1.53361805201,9.05,1,4,1,1,1,20260917,setup_sweep
571,10,2,195,1950,0.0133225436367,98.8463810352,1.53394552155,9.025,1,4,1,1,1,20260917,setup_sweep
572,10,2,200,2000,0.0134600168506,98.7621010176,1.53425917956,9,1,4,1,1,1,20260917,setup_sweep
573,10,2,205,2050,0.0136000724851,98.6835107707,1.53834030222,8.975,1,4,1,1,1,20260917,setup_sweep
574,10,2,210,2100,0.0137882251367,98.685819756,1.50087380326,8.95,1,4,1,1,1,20260917,setup_sweep
575,10,2,215,2150,0.0140189382081,98.758344569,1.49057726397,8.925,1,4,1,1,1,20260917,setup_sweep
576,10,2,220,2200,0.0142649502209,98.8549768932,1.47552315775,8.9,1,4,1,1,1,20260917,setup_sweep
577,10,2,225,2250,0.014535102695,98.9899027451,1.46374689111,8.875,1,4,1,1,1,20260917,setup_sweep
578,10,2,230,2300,0.0148255082761,99.156066545,1.45401745294,8.85,1,4,1,1,1,20260917,setup_sweep
579,10,2,235,2350,0.0151332068032,99.3480608552,1.44567652743,8.825,1,4,1,1,1,20260917,setup_sweep
580,10,2,240,2400,0.0154558392576,99.5615607124,1.43832829726,8.8,1,4,1,1,1,20260917,setup_sweep
581,10,2,245,2450,0.015791471286,99.7930142546,1.43171575934,8.775,1,4,1,1,1,20260917,setup_sweep
582,10,2,250,2500,0.0161384857642,100.039452472,1.42566274069,8.75,1,4,1,1,1,20260917,setup_sweep
583,10,2,255,2550,0.0164955118749,100.29836241,1.42004354489,8.725,1,4,1,1,1,20260917,setup_sweep
584,10,2,260,2600,0.0168613754895,100.567597654,1.4147657236,8.7,1,4,1,1,1,20260917,setup_sweep
585,10,2,265,2650,0.0172710372229,100.904868279,1.39472542272,8.675,1,4,1,1,1,20260917,setup_sweep
586,10,2,270,2700,0.0177414530589,101.337362865,1.40411323088,8.65,1,4,1,1,1,20260917,setup_sweep
587,10,2,275,2750,0.0181821473442,101.712319058,1.43460303797,8.625,1,4,1,1,1,20260917,setup_sweep
588,10,2,280,2800,0.0184521861757,101.799780309,1.43363236482,8.6,1,4,1,1,1,20260917,setup_sweep
589,10,2,285,2850,0.0187219493459,101.885340331,1.43267146494,8.575,1,4,1,1,1,20260917,setup_sweep
590,10,2,290,2900,0.0189914402388,101.969036143,1.43172034545,8.55,1,4,1,1,1,20260917,setup_sweep
591,11,2,0,0,0,85,1.48672525341,10,1,4,2,1,1,20260917,setup_sweep
592,11,2,5,50,0.000240896682078,85.3155887927,1.47160319124,9.975,1,4,2,1,1,20260917,setup_sweep
593,11,2,10,100,0.000508134332522,85.6694871859,1.46082120193,9.95,1,4,2,1,1,20260917,setup_sweep
594,11,2,15,150,0.000797113131614,86.0534625342,1.45265389126,9.925,1,4,2,1,1,20260917,setup_sweep
595,11,2,20,200,0.00108118385162,86.4229078918,1.45931418578,9.9,1,4,2,1,1,20260917,setup_sweep
596,11,2,25,250,0.00137473749793,86.8019793994,1.45355186817,9.875,1,4,2,1,1,20260917,setup_sweep
597,11,2,30,300,0.00168163509939,87.1968372523,1.44869901221,9.85,1,4,2,1,1,20260917,setup_sweep
598,11,2,35,350,0.00200030563171,87.6046244482,1.44452185518,9.825,1,4,2,1,1,20260917,setup_sweep
599,11,2,40,400,0.00232941742165,88.0229266856,1.44085324329,9.8,1,4,2,1,1,20260917,setup_sweep
600,11,2,45,450,0.00266782723815,88.4496809421,1.43756952304,9.775,1,4,2,1,1,20260917,setup_sweep
601,11,2,50,500,0.00301454411623,88.8831099001,1.43457687011,9.75,1,4,2,1,1,20260917,setup_sweep
602,11,2,55,550,0.00336870252698,89.3216728948,1.43180272116,9.725,1,4,2,1,1,20260917,setup_sweep
603,11,2,60,600,0.00372954194032,89.7640282345,1.42919015163,9.7,1,4,2,1,1,20260917,setup_sweep
604,11,2,65,650,0.00409639080569,90.2090034427,1.42669403906,9.675,1,4,2,1,1,20260917,setup_sweep
605,11,2,70,700,0.00446865373089,90.6555712757,1.42427835806,9.65,1,4,2,1,1,20260917,setup_sweep
606,11,2,75,750,0.00484580104503,91.1028300752,1.421914219,9.625,1,4,2,1,1,20260917,setup_sweep
607,11,2,80,800,0.00522736018117,91.5499874536,1.41957841138,9.6,1,4,2,1,1,20260917,setup_sweep
608,11,2,85,850,0.00561290847616,91.9963465894,1.41725229896,9.575,1,4,2,1,1,20260917,setup_sweep
609,11,2,90,900,0.00604037961167,92.5047211322,1.39981703688,9.55,1,4,2,1,1,20260917,setup_sweep
610,11,2,95,950,0.00647769159649,93.0208492101,1.39969333661,9.525,1,4,2,1,1,20260917,setup_sweep
611,11,2,100,1000,0.00703751575812,93.7306339301,1.44260118321,9.5,1,4,2,1,1,20260917,setup_sweep
612,11,2,105,1050,0.0073788511542,94.0673580036,1.48678344305,9.475,1,4,2,1,1,20260917,setup_sweep
613,11,2,110,1100,0.00756329833646,94.1397093156,1.48633394062,9.45,1,4,2,1,1,20260917,setup_sweep
614,11,2,115,1150,0.00774770534218,94.2107983597,1.48588462004,9.425,1,4,2,1,1,20260917,setup_sweep
615,11,2,120,1200,0.00793207220192,94.2806460499,1.48543559822,9.4,1,4,2,1,1,20260917,setup_sweep
616,11,2,125,1250,0.00811750532141,94.3511138625,1.49665660867,9.375,1,4,2,1,1,20260917,setup_sweep
617,11,2,130,1300,0.00833081220742,94.466556104,1.4734277749,9.35,1,4,2,1,1,20260917,setup_sweep
618,11,2,135,1350,0.00857613666403,94.6329929593,1.45762002277,9.325,1,4,2,1,1,20260917,setup_sweep
619,11,2,140,1400,0.00884705133454,94.8389644164,1.44561775924,9.3,1,4,2,1,1,20260917,setup_sweep
620,11,2,145,1450,0.00913916789457,95.0765668707,1.43593941906,9.275,1,4,2,1,1,20260917,setup_sweep
621,11,2,150,1500,0.00944919753248,95.3398434478,1.42781470759,9.25,1,4,2,1,1,20260917,setup_sweep
622,11,2,155,1550,0.00977454948503,95.624088895,1.42078731345,9.225,1,4,2,1,1,20260917,setup_sweep
623,11,2,160,1600,0.0101131196402,95.9254797456,1.41456341865,9.2,1,4,2,1,1,20260917,setup_sweep
624,11,2,165,1650,0.0104631639619,96.2408506625,1.40894259851,9.175,1,4,2,1,1,20260917,setup_sweep
625,11,2,170,1700,0.0108232158453,96.5675470312,1.40378229544,9.15,1,4,2,1,1,20260917,setup_sweep
626,11,2,175,1750,0.0111920287069,96.9033216709,1.3989778972,9.125,1,4,2,1,1,20260917,setup_sweep
627,11,2,180,1800,0.0115972699912,97.2940723151,1.40425200725,9.1,1,4,2,1,1,20260917,setup_sweep
628,11,2,185,1850,0.0120197030482,97.7059198148,1.46146303154,9.075,1,4,2,1,1,20260917,setup_sweep
629,11,2,190,1900,0.0122291588962,97.7590722297,1.50103944228,9.05,1,4,2,1,1,20260917,setup_sweep
630,11,2,195,1950,0.0123612277361,97.6838311908,1.50124617573,9.025,1,4,2,1,1,20260917,setup_sweep
631,11,2,200,2000,0.0124933030705,97.6098445106,1.50144252611,9,1,4,2,1,1,20260917,setup_sweep
632,11,2,205,2050,0.0126277463773,97.5410207038,1.50578855594,8.975,1,4,2,1,1,20260917,setup_sweep
633,11,2,210,2100,0.0128040887182,97.542680574,1.47184825861,8.95,1,4,2,1,1,20260917,setup_sweep
634,11,2,215,2150,0.0130197421483,97.609206833,1.46149580185,8.925,1,4,2,1,1,20260917,setup_sweep
635,11,2,220,2200,0.0132500087254,97.698802806,1.44716947341,8.9,1,4,2,1,1,20260917,setup_sweep
636,11,2,225,2250,0.0135024533056,97.8235662628,1.43592786221,8.875,1,4,2,1,1,20260917,setup_sweep
637,11,2,230,2300,0.0137736987069,97.9773361782,1.42662777584,8.85,1,4,2,1,1,20260917,setup_sweep
638,11,2,235,2350,0.0140611656772,98.1553713582,1.41865573734,8.825,1,4,2,1,1,20260917,setup_sweep
639,11,2,240,2400,0.0143627892317,98.3538585454,1.41164113405,8.8,1,4,2,1,1,20260917,setup_sweep
640,11,2,245,2450,0.0146768661592,98.5696452159,1.40534201717,8.775,1,4,2,1,1,20260917,setup_sweep
641,11,2,250,2500,0.0150019629109,98.8000765054,1.39959154789,8.75,1,4,2,1,1,20260917,setup_sweep
642,11,2,255,2550,0.0153368552374,99.0428872624,1.3942699302,8.725,1,4,2,1,1,20260917,setup_sweep
643,11,2,260,2600,0.015680486229,99.2961262857,1.38928845523,8.7,1,4,2,1,1,20260917,setup_sweep
644,11,2,265,2650,0.0160651073862,99.6130172942,1.37016547535,8.675,1,4,2,1,1,20260917,setup_sweep
645,11,2,270,2700,0.0165347885852,100.065646704,1.38979705584,8.65,1,4,2,1,1,20260917,setup_sweep
646,11,2,275,2750,0.0169056612732,100.346333127,1.42018803617,8.625,1,4,2,1,1,20260917,setup_sweep
647,11,2,280,2800,0.0171347869984,100.388749105,1.41961959911,8.6,1,4,2,1,1,20260917,setup_sweep
648,11,2,285,2850,0.0173638096832,100.4302937,1.41905586393,8.575,1,4,2,1,1,20260917,setup_sweep
649,11,2,290,2900,0.017592730325,100.470982963,1.4184967897,8.55,1,4,2,1,1,20260917,setup_sweep
650,12,2,0,0,0,85,1.05665654637,10,1,4,3,3,1,20260917,setup_sweep
651,12,2,5,50,0.000212028564901,85.2679146203,1.03959501967,9.975,1,4,3,3,1,20260917,setup_sweep
652,12,2,10,100,0.000463877856779,85.5971876152,1.0279583618,9.95,1,4,3,3,1,20260917,setup_sweep
653,12,2,15,150,0.000745604485649,85.9703861811,1.01988057732,9.925,1,4,3,3,1,20260917,setup_sweep
654,12,2,20,200,0.00102853617758,86.3393331755,1.02301227778,9.9,1,4,3,3,1,20260917,setup_sweep
655,12,2,25,250,0.0013250144806,86.7246277324,1.0179822662,9.875,1,4,3,3,1,20260917,setup_sweep
656,12,2,30,300,0.0016379328524,87.130721612,1.01388579284,9.85,1,4,3,3,1,20260917,setup_sweep
657,12,2,35,350,0.00196508930378,87.5536324415,1.01045790264,9.825,1,4,3,3,1,20260917,setup_sweep
658,12,2,40,400,0.00230466517544,87.9900770085,1.0075194194,9.8,1,4,3,3,1,20260917,setup_sweep
659,12,2,45,450,0.00265513233349,88.4373063989,1.00494333346,9.775,1,4,3,3,1,20260917,setup_sweep
660,12,2,50,500,0.00301519056677,88.8929937427,1.00263647941,9.75,1,4,3,3,1,20260917,setup_sweep
661,12,2,55,550,0.00338372305534,89.3551536653,1.00052876966,9.725,1,4,3,3,1,20260917,setup_sweep
662,12,2,60,600,0.00375976339204,89.822082155,0.998566483976,9.7,1,4,3,3,1,20260917,setup_sweep
663,12,2,65,650,0.00414247038689,90.2923102818,0.996707883006,9.675,1,4,3,3,1,20260917,setup_sweep
664,12,2,70,700,0.00453110832301,90.7645676883,0.9949202251,9.65,1,4,3,3,1,20260917,setup_sweep
665,12,2,75,750,0.00492503118332,91.2377532435,0.993177669349,9.625,1,4,3,3,1,20260917,setup_sweep
666,12,2,80,800,0.00532366983686,91.7109110728,0.991459759101,9.6,1,4,3,3,1,20260917,setup_sweep
667,12,2,85,850,0.00572652143559,92.1832106355,0.989750297144,9.575,1,4,3,3,1,20260917,setup_sweep
668,12,2,90,900,0.00617501646082,92.7232550211,0.97737635399,9.55,1,4,3,3,1,20260917,setup_sweep
669,12,2,95,950,0.00672959229768,93.4301145798,0.995100445841,9.525,1,4,3,3,1,20260917,setup_sweep
670,12,2,100,1000,0.00715467655871,93.9102034444,1.03031676309,9.5,1,4,3,3,1,20260917,setup_sweep
671,12,2,105,1050,0.00739791067576,94.08202965,1.05858468188,9.475,1,4,3,3,1,20260917,setup_sweep
672,12,2,110,1100,0.00755545319182,94.1096690146,1.05837194444,9.45,1,4,3,3,1,20260917,setup_sweep
673,12,2,115,1150,0.00771298065227,94.136826656,1.05815982478,9.425,1,4,3,3,1,20260917,setup_sweep
674,12,2,120,1200,0.00787049310952,94.1635106231,1.05794832537,9.4,1,4,3,3,1,20260917,setup_sweep
675,12,2,125,1250,0.00802863738768,94.1908049965,1.06043105633,9.375,1,4,3,3,1,20260917,setup_sweep
676,12,2,130,1300,0.00821497748362,94.2643430077,1.04157529444,9.35,1,4,3,3,1,20260917,setup_sweep
677,12,2,135,1350,0.00844658003621,94.411468689,1.02584670052,9.325,1,4,3,3,1,20260917,setup_sweep
678,12,2,140,1400,0.00871272459671,94.6132327389,1.01494489566,9.3,1,4,3,3,1,20260917,setup_sweep
679,12,2,145,1450,0.0090060111258,94.8565110442,1.00666519776,9.275,1,4,3,3,1,20260917,setup_sweep
680,12,2,150,1500,0.00932155017666,95.1325393049,0.99999298339,9.25,1,4,3,3,1,20260917,setup_sweep
681,12,2,155,1550,0.00965567323422,95.4347147874,0.994392752322,9.225,1,4,3,3,1,20260917,setup_sweep
682,12,2,160,1600,0.0100055006651,95.7578471318,0.989544996611,9.2,1,4,3,3,1,20260917,setup_sweep
683,12,2,165,1650,0.0103687082316,96.097749366,0.985243377587,9.175,1,4,3,3,1,20260917,setup_sweep
684,12,2,170,1700,0.0107433845405,96.4509858443,0.981347123223,9.15,1,4,3,3,1,20260917,setup_sweep
685,12,2,175,1750,0.0111279366143,96.8147038308,0.977756306605,9.125,1,4,3,3,1,20260917,setup_sweep
686,12,2,180,1800,0.0115871175689,97.295662041,1.00425799434,9.1,1,4,3,3,1,20260917,setup_sweep
687,12,2,185,1850,0.0118799000871,97.4933675302,1.03936920074,9.075,1,4,3,3,1,20260917,setup_sweep
688,12,2,190,1900,0.0120492056483,97.4838368146,1.06320884438,9.05,1,4,3,3,1,20260917,setup_sweep
689,12,2,195,1950,0.0121728673065,97.3992491657,1.06339046576,9.025,1,4,3,3,1,20260917,setup_sweep
690,12,2,200,2000,0.0122965344888,97.3160687578,1.06356352568,9,1,4,3,3,1,20260917,setup_sweep
691,12,2,205,2050,0.0124215933532,97.2365787506,1.06321359539,8.975,1,4,3,3,1,20260917,setup_sweep
692,12,2,210,2100,0.0125737233536,97.2032145217,1.04392174525,8.95,1,4,3,3,1,20260917,setup_sweep
693,12,2,215,2150,0.0127636698524,97.2328861905,1.03338970664,8.925,1,4,3,3,1,20260917,setup_sweep
694,12,2,220,2200,0.0129805826637,97.3066559538,1.01979602414,8.9,1,4,3,3,1,20260917,setup_sweep
695,12,2,225,2250,0.0132278016501,97.429277245,1.00956526635,8.875,1,4,3,3,1,20260917,setup_sweep
696,12,2,230,2300,0.0134990516237,97.5895816433,1.00156590033,8.85,1,4,3,3,1,20260917,setup_sweep
697,12,2,235,2350,0.0137904732493,97.78056993,0.99496745629,8.825,1,4,3,3,1,20260917,setup_sweep
698,12,2,240,2400,0.0140991222491,97.9968700611,0.989322422901,8.8,1,4,3,3,1,20260917,setup_sweep
699,12,2,245,2450,0.0144226498066,98.2341824999,0.984360158362,8.775,1,4,3,3,1,20260917,setup_sweep
700,12,2,250,2500,0.0147591287309,98.4889753701,0.979904088501,8.75,1,4,3,3,1,20260917,setup_sweep
701,12,2,255,2550,0.0151069472743,98.7582963682,0.975832677199,8.725,1,4,3,3,1,20260917,setup_sweep
702,12,2,260,2600,0.0154647388726,99.0396471127,0.972058906141,8.7,1,4,3,3,1,20260917,setup_sweep
703,12,2,265,2650,0.0158900460905,99.4282932214,0.963778789067,8.675,1,4,3,3,1,20260917,setup_sweep
704,12,2,270,2700,0.0163459798536,99.8602047792,0.995761859535,8.65,1,4,3,3,1,20260917,setup_sweep
705,12,2,275,2750,0.0166046192573,99.9590692049,1.01718672253,8.625,1,4,3,3,1,20260917,setup_sweep
706,12,2,280,2800,0.0167883566824,99.9328660499,1.01712716002,8.6,1,4,3,3,1,20260917,setup_sweep
707,12,2,285,2850,0.0169720896424,99.9070886141,1.017065356,8.575,1,4,3,3,1,20260917,setup_sweep
708,12,2,290,2900,0.0171558178117,99.8817293229,1.01700135978,8.55,1,4,3,3,1,20260917,setup_sweep
709,13,2,0,0,0,85,1.49635117846,10,1,5,1,1,1,20260917,setup_sweep
710,13,2,5,50,0.000309048705097,85.4282186256,1.48771130204,9.975,1,5,1,1,1,20260917,setup_sweep
711,13,2,10,100,0.000637853607259,85.8820034696,1.48142935426,9.95,1,5,1,1,1,20260917,setup_sweep
712,13,2,15,150,0.000982450743537,86.3543826383,1.47668328021,9.925,1,5,1,1,1,20260917,setup_sweep
713,13,2,20,200,0.00131290926348,86.7955076198,1.48631924518,9.9,1,5,1,1,1,20260917,setup_sweep
714,13,2,25,250,0.00164903007591,87.2387720249,1.48213268391,9.875,1,5,1,1,1,20260917,setup_sweep
715,13,2,30,300,0.00199576603565,87.6922512419,1.47864702537,9.85,1,5,1,1,1,20260917,setup_sweep
716,13,2,35,350,0.00235148400503,88.1530778078,1.47566625428,9.825,1,5,1,1,1,20260917,setup_sweep
717,13,2,40,400,0.00271483702577,88.6189045116,1.47304902908,9.8,1,5,1,1,1,20260917,setup_sweep
718,13,2,45,450,0.00308470386716,89.0877959201,1.47069092034,9.775,1,5,1,1,1,20260917,setup_sweep
719,13,2,50,500,0.0034601443569,89.5581477679,1.46851339303,9.75,1,5,1,1,1,20260917,setup_sweep
720,13,2,55,550,0.00384036560012,90.0286256695,1.4664566461,9.725,1,5,1,1,1,20260917,setup_sweep
721,13,2,60,600,0.00422469579946,90.4981174001,1.46447476971,9.7,1,5,1,1,1,20260917,setup_sweep
722,13,2,65,650,0.00461256358129,90.9656950638,1.46253236035,9.675,1,5,1,1,1,20260917,setup_sweep
723,13,2,70,700,0.00500348143687,91.4305846852,1.46060208914,9.65,1,5,1,1,1,20260917,setup_sweep
724,13,2,75,750,0.0053970323032,91.8921414914,1.45866291394,9.625,1,5,1,1,1,20260917,setup_sweep
725,13,2,80,800,0.00579285858115,92.34982963,1.45669873843,9.6,1,5,1,1,1,20260917,setup_sweep
726,13,2,85,850,0.00619065307379,92.803205395,1.4546973894,9.575,1,5,1,1,1,20260917,setup_sweep
727,13,2,90,900,0.00663421237358,93.3248424041,1.43836608351,9.55,1,5,1,1,1,20260917,setup_sweep
728,13,2,95,950,0.00708396551403,93.8479673579,1.43750535635,9.525,1,5,1,1,1,20260917,setup_sweep
729,13,2,100,1000,0.00758406775591,94.4462197878,1.4507076057,9.5,1,5,1,1,1,20260917,setup_sweep
730,13,2,105,1050,0.00805358953763,94.9828056049,1.50438460857,9.475,1,5,1,1,1,20260917,setup_sweep
731,13,2,110,1100,0.00828317353183,95.1146302969,1.50363942833,9.45,1,5,1,1,1,20260917,setup_sweep
732,13,2,115,1150,0.00851263085359,95.2440667464,1.50289152251,9.425,1,5,1,1,1,20260917,setup_sweep
733,13,2,120,1200,0.00874196113551,95.3711538203,1.50214136194,9.4,1,5,1,1,1,20260917,setup_sweep
734,13,2,125,1250,0.00897032278612,95.4945300942,1.51562278984,9.375,1,5,1,1,1,20260917,setup_sweep
735,13,2,130,1300,0.00922057952894,95.6521513965,1.4938009644,9.35,1,5,1,1,1,20260917,setup_sweep
736,13,2,135,1350,0.00950422174695,95.862326707,1.47903886735,9.325,1,5,1,1,1,20260917,setup_sweep
737,13,2,140,1400,0.0098131807663,96.1108588634,1.46798577009,9.3,1,5,1,1,1,20260917,setup_sweep
738,13,2,145,1450,0.0101419877243,96.3880787641,1.45919035484,9.275,1,5,1,1,1,20260917,setup_sweep
739,13,2,150,1500,0.0104866541198,96.6869223848,1.45188402225,9.25,1,5,1,1,1,20260917,setup_sweep
740,13,2,155,1550,0.0108441511474,97.0020278772,1.44560991661,9.225,1,5,1,1,1,20260917,setup_sweep
741,13,2,160,1600,0.011212119384,97.3292279177,1.44007528683,9.2,1,5,1,1,1,20260917,setup_sweep
742,13,2,165,1650,0.0115886884964,97.6652321395,1.43508246436,9.175,1,5,1,1,1,20260917,setup_sweep
743,13,2,170,1700,0.0119723570536,98.0074140836,1.43049282881,9.15,1,5,1,1,1,20260917,setup_sweep
744,13,2,175,1750,0.012361908311,98.3536610922,1.42620640182,9.125,1,5,1,1,1,20260917,setup_sweep
745,13,2,180,1800,0.0127563490661,98.7022647932,1.42214954685,9.1,1,5,1,1,1,20260917,setup_sweep
746,13,2,185,1850,0.0132398728144,99.1924379447,1.4676737758,9.075,1,5,1,1,1,20260917,setup_sweep
747,13,2,190,1900,0.0135033509195,99.3100645124,1.52571966256,9.05,1,5,1,1,1,20260917,setup_sweep
748,13,2,195,1950,0.0136470574434,99.2284232416,1.52603117181,9.025,1,5,1,1,1,20260917,setup_sweep
749,13,2,200,2000,0.01379077758,99.1481538808,1.52632947228,9,1,5,1,1,1,20260917,setup_sweep
750,13,2,205,2050,0.0139371421977,99.0736112412,1.52955373941,8.975,1,5,1,1,1,20260917,setup_sweep
751,13,2,210,2100,0.0141361578153,99.0874376392,1.49040787075,8.95,1,5,1,1,1,20260917,setup_sweep
752,13,2,215,2150,0.0143804042659,99.1756931433,1.48041369941,8.925,1,5,1,1,1,20260917,setup_sweep
753,13,2,220,2200,0.0146399476081,99.2877940939,1.46551973,8.9,1,5,1,1,1,20260917,setup_sweep
754,13,2,225,2250,0.0149237594452,99.4381422785,1.4541527305,8.875,1,5,1,1,1,20260917,setup_sweep
755,13,2,230,2300,0.0152271323005,99.6183281492,1.44494728837,8.85,1,5,1,1,1,20260917,setup_sweep
756,13,2,235,2350,0.0155465763682,99.822092486,1.4371848674,8.825,1,5,1,1,1,20260917,setup_sweep
757,13,2,240,2400,0.015879389194,100.044580233,1.43043949999,8.8,1,5,1,1,1,20260917,setup_sweep
758,13,2,245,2450,0.0162234200521,100.281928113,1.42443822178,8.775,1,5,1,1,1,20260917,setup_sweep
759,13,2,250,2500,0.0165769251403,100.531009034,1.4189962723,8.75,1,5,1,1,1,20260917,setup_sweep
760,13,2,255,2550,0.0169384714809,100.789261164,1.41398345088,8.725,1,5,1,1,1,20260917,setup_sweep
761,13,2,260,2600,0.0173068695759,101.054567326,1.40930515762,8.7,1,5,1,1,1,20260917,setup_sweep
762,13,2,265,2650,0.0177135760841,101.378888803,1.39111315225,8.675,1,5,1,1,1,20260917,setup_sweep
763,13,2,270,2700,0.0181295801927,101.713122606,1.38843908888,8.65,1,5,1,1,1,20260917,setup_sweep
764,13,2,275,2750,0.018624651747,102.172021258,1.4115907984,8.625,1,5,1,1,1,20260917,setup_sweep
765,13,2,280,2800,0.0189507191935,102.344490439,1.40995752719,8.6,1,5,1,1,1,20260917,setup_sweep
766,13,2,285,2850,0.0192760530418,102.512896444,1.40833858891,8.575,1,5,1,1,1,20260917,setup_sweep
767,13,2,290,2900,0.0196006626571,102.677321911,1.40673452495,8.55,1,5,1,1,1,20260917,setup_sweep
768,14,2,0,0,0,85,1.4716919944,10,1,5,2,1,1,20260917,setup_sweep
769,14,2,5,50,0.000267341741372,85.3592924274,1.45955806454,9.975,1,5,2,1,1,20260917,setup_sweep
770,14,2,10,100,0.00055816858868,85.7514515667,1.45096344641,9.95,1,5,2,1,1,20260917,setup_sweep
771,14,2,15,150,0.000867775256879,86.1681604015,1.44455956748,9.925,1,5,2,1,1,20260917,setup_sweep
772,14,2,20,200,0.00116895871049,86.5639885273,1.4522354785,9.9,1,5,2,1,1,20260917,setup_sweep
773,14,2,25,250,0.00147778428439,86.9659668011,1.44737048502,9.875,1,5,2,1,1,20260917,setup_sweep
774,14,2,30,300,0.00179822413022,87.3804935883,1.44334702547,9.85,1,5,2,1,1,20260917,setup_sweep
775,14,2,35,350,0.00212859920278,87.8045869829,1.43993829844,9.825,1,5,2,1,1,20260917,setup_sweep
776,14,2,40,400,0.00246751848031,88.2357902632,1.43698285323,9.8,1,5,2,1,1,20260917,setup_sweep
777,14,2,45,450,0.0028138164583,88.6720599452,1.43436218916,9.775,1,5,2,1,1,20260917,setup_sweep
778,14,2,50,500,0.00316650806217,89.1116844604,1.43198733705,9.75,1,5,2,1,1,20260917,setup_sweep
779,14,2,55,550,0.00352475494437,89.5532229839,1.42979036976,9.725,1,5,2,1,1,20260917,setup_sweep
780,14,2,60,600,0.00388783970471,89.995458364,1.42771879258,9.7,1,5,2,1,1,20260917,setup_sweep
781,14,2,65,650,0.00425514567859,90.4373600287,1.42573169558,9.675,1,5,2,1,1,20260917,setup_sweep
782,14,2,70,700,0.00462614081236,90.8780542573,1.42379703177,9.65,1,5,2,1,1,20260917,setup_sweep
783,14,2,75,750,0.00500036461704,91.3168000309,1.42188964108,9.625,1,5,2,1,1,20260917,setup_sweep
784,14,2,80,800,0.00537741748781,91.7529691897,1.41998978333,9.6,1,5,2,1,1,20260917,setup_sweep
785,14,2,85,850,0.00575695187351,92.1860299758,1.41808202814,9.575,1,5,2,1,1,20260917,setup_sweep
786,14,2,90,900,0.00617825950313,92.6810798446,1.40233378808,9.55,1,5,2,1,1,20260917,setup_sweep
787,14,2,95,950,0.00660647714301,93.1792542103,1.40147303296,9.525,1,5,2,1,1,20260917,setup_sweep
788,14,2,100,1000,0.00711875213288,93.808677895,1.42586222432,9.5,1,5,2,1,1,20260917,setup_sweep
789,14,2,105,1050,0.00751904049593,94.2414533031,1.47622967428,9.475,1,5,2,1,1,20260917,setup_sweep
790,14,2,110,1100,0.00772145390637,94.3406225793,1.4756797198,9.45,1,5,2,1,1,20260917,setup_sweep
791,14,2,115,1150,0.00792380125108,94.4380435341,1.47512864145,9.425,1,5,2,1,1,20260917,setup_sweep
792,14,2,120,1200,0.00812608242094,94.5337448846,1.47457668677,9.4,1,5,2,1,1,20260917,setup_sweep
793,14,2,125,1250,0.00832866153597,94.6283609414,1.48625596258,9.375,1,5,2,1,1,20260917,setup_sweep
794,14,2,130,1300,0.00855727387372,94.7645211698,1.46372904516,9.35,1,5,2,1,1,20260917,setup_sweep
795,14,2,135,1350,0.00881836835336,94.9520981472,1.44871646447,9.325,1,5,2,1,1,20260917,setup_sweep
796,14,2,140,1400,0.00910434860452,95.1776939965,1.43754971003,9.3,1,5,2,1,1,20260917,setup_sweep
797,14,2,145,1450,0.00941011061871,95.4322479893,1.42870836956,9.275,1,5,2,1,1,20260917,setup_sweep
798,14,2,150,1500,0.00973192180947,95.7091144094,1.42140227079,9.25,1,5,2,1,1,20260917,setup_sweep
799,14,2,155,1550,0.0100669255387,96.0032044347,1.41516576293,9.225,1,5,2,1,1,20260917,setup_sweep
800,14,2,160,1600,0.0104128730642,96.3105176701,1.40970138654,9.2,1,5,2,1,1,20260917,setup_sweep
801,14,2,165,1650,0.0107679601079,96.62785419,1.40480821152,9.175,1,5,2,1,1,20260917,setup_sweep
802,14,2,170,1700,0.0111307190784,96.952623258,1.40034491141,9.15,1,5,2,1,1,20260917,setup_sweep
803,14,2,175,1750,0.0114999439618,97.2827091688,1.39620904378,9.125,1,5,2,1,1,20260917,setup_sweep
804,14,2,180,1800,0.0118746359537,97.6163735716,1.3931227585,9.1,1,5,2,1,1,20260917,setup_sweep
805,14,2,185,1850,0.0123355025177,98.0867065819,1.44566845987,9.075,1,5,2,1,1,20260917,setup_sweep
806,14,2,190,1900,0.0125682968424,98.1720303009,1.49413438592,9.05,1,5,2,1,1,20260917,setup_sweep
807,14,2,195,1950,0.0127054010921,98.0982864691,1.49434483344,9.025,1,5,2,1,1,20260917,setup_sweep
808,14,2,200,2000,0.0128425133229,98.0257747065,1.49454489539,9,1,5,2,1,1,20260917,setup_sweep
809,14,2,205,2050,0.0129820376102,97.9584747742,1.49813041465,8.975,1,5,2,1,1,20260917,setup_sweep
810,14,2,210,2100,0.0131678207028,97.9688506098,1.46206529419,8.95,1,5,2,1,1,20260917,setup_sweep
811,14,2,215,2150,0.0133958887569,98.0488535802,1.45183316779,8.925,1,5,2,1,1,20260917,setup_sweep
812,14,2,220,2200,0.0136389167715,98.1522778385,1.43750104749,8.9,1,5,2,1,1,20260917,setup_sweep
813,14,2,225,2250,0.0139046338651,98.2914837119,1.4265166481,8.875,1,5,2,1,1,20260917,setup_sweep
814,14,2,230,2300,0.014188904983,98.4590480643,1.4176019676,8.85,1,5,2,1,1,20260917,setup_sweep
815,14,2,235,2350,0.014488641281,98.6493985571,1.41008149034,8.825,1,5,2,1,1,20260917,setup_sweep
816,14,2,240,2400,0.0148014284674,98.8581693161,1.40355251386,8.8,1,5,2,1,1,20260917,setup_sweep
817,14,2,245,2450,0.0151253251161,99.0818478709,1.39775538654,8.775,1,5,2,1,1,20260917,setup_sweep
818,14,2,250,2500,0.0154587395788,99.3175577223,1.39251319954,8.75,1,5,2,1,1,20260917,setup_sweep
819,14,2,255,2550,0.015800348668,99.5629134955,1.38770041814,8.725,1,5,2,1,1,20260917,setup_sweep
820,14,2,260,2600,0.0161490408119,99.8159189066,1.38322516637,8.7,1,5,2,1,1,20260917,setup_sweep
821,14,2,265,2650,0.0165343825189,100.125396896,1.36567486454,8.675,1,5,2,1,1,20260917,setup_sweep
822,14,2,270,2700,0.0169535084248,100.485775087,1.36894363432,8.65,1,5,2,1,1,20260917,setup_sweep
823,14,2,275,2750,0.0173957842478,100.877394898,1.40094342311,8.625,1,5,2,1,1,20260917,setup_sweep
824,14,2,280,2800,0.0176616055627,100.971685326,1.39999558533,8.6,1,5,2,1,1,20260917,setup_sweep
825,14,2,285,2850,0.0179271674141,101.06398842,1.39905623675,8.575,1,5,2,1,1,20260917,setup_sweep
826,14,2,290,2900,0.0181924726529,101.154341742,1.39812543856,8.55,1,5,2,1,1,20260917,setup_sweep
827,15,2,0,0,0,85,1.04891510382,10,1,5,3,3,1,20260917,setup_sweep
828,15,2,5,50,0.000232581939496,85.3018863598,1.03230115317,9.975,1,5,3,3,1,20260917,setup_sweep
829,15,2,10,100,0.000503889426379,85.6627567342,1.02189913045,9.95,1,5,3,3,1,20260917,setup_sweep
830,15,2,15,150,0.000803403991035,86.0642678511,1.01487429629,9.925,1,5,3,3,1,20260917,setup_sweep
831,15,2,20,200,0.00110151297924,86.4567443863,1.01857327349,9.9,1,5,3,3,1,20260917,setup_sweep
832,15,2,25,250,0.00141177182053,86.8628724681,1.01410174372,9.875,1,5,3,3,1,20260917,setup_sweep
833,15,2,30,300,0.00173691245201,87.2868792192,1.01055460366,9.85,1,5,3,3,1,20260917,setup_sweep
834,15,2,35,350,0.00207447910668,87.7244113475,1.00765604442,9.825,1,5,3,3,1,20260917,setup_sweep
835,15,2,40,400,0.00242250112638,88.1719890018,1.00522172617,9.8,1,5,3,3,1,20260917,setup_sweep
836,15,2,45,450,0.00277937131467,88.6267903798,1.00312273239,9.775,1,5,3,3,1,20260917,setup_sweep
837,15,2,50,500,0.00314376321854,89.0865041961,1.00126591562,9.75,1,5,3,3,1,20260917,setup_sweep
838,15,2,55,550,0.00351457213154,89.5492237716,0.999582352815,9.725,1,5,3,3,1,20260917,setup_sweep
839,15,2,60,600,0.00389087148732,90.0133682986,0.998020157676,9.7,1,5,3,3,1,20260917,setup_sweep
840,15,2,65,650,0.00427187973147,90.4776227175,0.99653979079,9.675,1,5,3,3,1,20260917,setup_sweep
841,15,2,70,700,0.00465693459428,90.9408908151,0.995110879152,9.65,1,5,3,3,1,20260917,setup_sweep
842,15,2,75,750,0.00504547277274,91.4022580346,0.993709989266,9.625,1,5,3,3,1,20260917,setup_sweep
843,15,2,80,800,0.00543701364615,91.8609615651,0.992319024871,9.6,1,5,3,3,1,20260917,setup_sweep
844,15,2,85,850,0.00586256859582,92.3684728169,0.981058931148,9.575,1,5,3,3,1,20260917,setup_sweep
845,15,2,90,900,0.0063060963026,92.8971178139,0.980558552117,9.55,1,5,3,3,1,20260917,setup_sweep
846,15,2,95,950,0.00674588774186,93.4108509669,0.980561797837,9.525,1,5,3,3,1,20260917,setup_sweep
847,15,2,100,1000,0.00727602544977,94.0648137813,1.01832128297,9.5,1,5,3,3,1,20260917,setup_sweep
848,15,2,105,1050,0.0075571356683,94.2965780026,1.0527969731,9.475,1,5,3,3,1,20260917,setup_sweep
849,15,2,110,1100,0.00772547678852,94.3385196996,1.05254360529,9.45,1,5,3,3,1,20260917,setup_sweep
850,15,2,115,1150,0.00789379471129,94.3797298195,1.05229097099,9.425,1,5,3,3,1,20260917,setup_sweep
851,15,2,120,1200,0.00806208951731,94.4202205876,1.05203908744,9.4,1,5,3,3,1,20260917,setup_sweep
852,15,2,125,1250,0.00823094145177,94.4609693674,1.05423475517,9.375,1,5,3,3,1,20260917,setup_sweep
853,15,2,130,1300,0.00843143234844,94.5534451233,1.0342743972,9.35,1,5,3,3,1,20260917,setup_sweep
854,15,2,135,1350,0.00868012780428,94.72404223,1.01908718503,9.325,1,5,3,3,1,20260917,setup_sweep
855,15,2,140,1400,0.00896275647292,94.9478835009,1.00891441187,9.3,1,5,3,3,1,20260917,setup_sweep
856,15,2,145,1450,0.00927104406886,95.2104209249,1.00135388054,9.275,1,5,3,3,1,20260917,setup_sweep
857,15,2,150,1500,0.00959941662937,95.501806199,0.995375409812,9.25,1,5,3,3,1,20260917,setup_sweep
858,15,2,155,1550,0.00994382033443,95.8148647511,0.99043651178,9.225,1,5,3,3,1,20260917,setup_sweep
859,15,2,160,1600,0.0103011823267,96.1441611374,0.986215736649,9.2,1,5,3,3,1,20260917,setup_sweep
860,15,2,165,1650,0.0106691120019,96.4854769162,0.98250749276,9.175,1,5,3,3,1,20260917,setup_sweep
861,15,2,170,1700,0.0110457162548,96.8354853392,0.979173142364,9.15,1,5,3,3,1,20260917,setup_sweep
862,15,2,175,1750,0.0114294766615,97.191533715,0.976115560998,9.125,1,5,3,3,1,20260917,setup_sweep
863,15,2,180,1800,0.0118780210597,97.6492283403,0.989697183862,9.1,1,5,3,3,1,20260917,setup_sweep
864,15,2,185,1850,0.0122275156724,97.9346777699,1.03010815807,9.075,1,5,3,3,1,20260917,setup_sweep
865,15,2,190,1900,0.0124098956868,97.9394071771,1.05882445393,9.05,1,5,3,3,1,20260917,setup_sweep
866,15,2,195,1950,0.0125371054814,97.8531541697,1.05902623895,9.025,1,5,3,3,1,20260917,setup_sweep
867,15,2,200,2000,0.0126643224939,97.7683387289,1.05921895811,9,1,5,3,3,1,20260917,setup_sweep
868,15,2,205,2050,0.012792932205,97.6872423867,1.05848117251,8.975,1,5,3,3,1,20260917,setup_sweep
869,15,2,210,2100,0.0129515814442,97.6572159372,1.0375392957,8.95,1,5,3,3,1,20260917,setup_sweep
870,15,2,215,2150,0.0131530092121,97.6983683544,1.02627647464,8.925,1,5,3,3,1,20260917,setup_sweep
871,15,2,220,2200,0.0133837901848,97.787369357,1.01240208952,8.9,1,5,3,3,1,20260917,setup_sweep
872,15,2,225,2250,0.0136456738531,97.9262845168,1.00242305662,8.875,1,5,3,3,1,20260917,setup_sweep
873,15,2,230,2300,0.0139314513184,98.1023846807,0.994787372265,8.85,1,5,3,3,1,20260917,setup_sweep
874,15,2,235,2350,0.0142365159187,98.3074443656,0.988601076471,8.825,1,5,3,3,1,20260917,setup_sweep
875,15,2,240,2400,0.0145574392073,98.535320226,0.983387366685,8.8,1,5,3,3,1,20260917,setup_sweep
876,15,2,245,2450,0.0148915603059,98.7812384924,0.978860958169,8.775,1,5,3,3,1,20260917,setup_sweep
877,15,2,250,2500,0.0152367586451,99.0413969684,0.974837772576,8.75,1,5,3,3,1,20260917,setup_sweep
878,15,2,255,2550,0.0155913133355,99.3127166674,0.971192546588,8.725,1,5,3,3,1,20260917,setup_sweep
879,15,2,260,2600,0.0159538093916,99.5926749379,0.96783663866,8.7,1,5,3,3,1,20260917,setup_sweep
880,15,2,265,2650,0.0163549994375,99.9320420777,0.955324770461,8.675,1,5,3,3,1,20260917,setup_sweep
881,15,2,270,2700,0.0168489927735,100.419189264,0.980283003845,8.65,1,5,3,3,1,20260917,setup_sweep
882,15,2,275,2750,0.0171536858751,100.584793566,1.00597640097,8.625,1,5,3,3,1,20260917,setup_sweep
883,15,2,280,2800,0.0173571249723,100.580812043,1.00580242687,8.6,1,5,3,3,1,20260917,setup_sweep
884,15,2,285,2850,0.0175605353601,100.576848876,1.00562837441,8.575,1,5,3,3,1,20260917,setup_sweep
885,15,2,290,2900,0.0177639170282,100.572903745,1.00545424536,8.55,1,5,3,3,1,20260917,setup_sweep
886,16,2,0,0,0,85,1.51998711043,10,1,6,1,1,1,20260917,setup_sweep
887,16,2,5,50,0.00026586642454,85.3568587536,1.50652528688,9.975,1,6,1,1,1,20260917,setup_sweep
888,16,2,10,100,0.000557686149032,85.7507051691,1.49666377803,9.95,1,6,1,1,1,20260917,setup_sweep
889,16,2,15,150,0.000871138358081,86.1737890068,1.48907613117,9.925,1,6,1,1,1,20260917,setup_sweep
890,16,2,20,200,0.00117953515272,86.5814534818,1.4949783846,9.9,1,6,1,1,1,20260917,setup_sweep
891,16,2,25,250,0.00149804271224,86.9991512035,1.48926718433,9.875,1,6,1,1,1,20260917,setup_sweep
892,16,2,30,300,0.00183056010687,87.4330972694,1.48442141847,9.85,1,6,1,1,1,20260917,setup_sweep
893,16,2,35,350,0.00217543991477,87.880300769,1.48021635849,9.825,1,6,1,1,1,20260917,setup_sweep
894,16,2,40,400,0.00253127680095,88.3382202352,1.47648906063,9.8,1,6,1,1,1,20260917,setup_sweep
895,16,2,45,450,0.00289685897057,88.8046760112,1.47311781225,9.775,1,6,1,1,1,20260917,setup_sweep
896,16,2,50,500,0.00327113283507,89.277785892,1.47000966988,9.75,1,6,1,1,1,20260917,setup_sweep
897,16,2,55,550,0.00365317642362,89.7559162765,1.46709249519,9.725,1,6,1,1,1,20260917,setup_sweep
898,16,2,60,600,0.00404217878765,90.2376440281,1.46430963883,9.7,1,6,1,1,1,20260917,setup_sweep
899,16,2,65,650,0.00443742363859,90.7217259598,1.46161625865,9.675,1,6,1,1,1,20260917,setup_sweep
900,16,2,70,700,0.00483827610147,91.2070739707,1.45897668947,9.65,1,6,1,1,1,20260917,setup_sweep
901,16,2,75,750,0.00524417182416,91.6927344873,1.45636251326,9.625,1,6,1,1,1,20260917,setup_sweep
902,16,2,80,800,0.00565460790753,92.1778712517,1.45375111033,9.6,1,6,1,1,1,20260917,setup_sweep
903,16,2,85,850,0.00606913527037,92.6617507657,1.45112454969,9.575,1,6,1,1,1,20260917,setup_sweep
904,16,2,90,900,0.00652552182115,93.2069188806,1.43514505907,9.55,1,6,1,1,1,20260917,setup_sweep
905,16,2,95,950,0.0069910050972,93.7580020362,1.43334753352,9.525,1,6,1,1,1,20260917,setup_sweep
906,16,2,100,1000,0.00758139818224,94.5065379282,1.46981910671,9.5,1,6,1,1,1,20260917,setup_sweep
907,16,2,105,1050,0.0079704854746,94.9093126615,1.52029661254,9.475,1,6,1,1,1,20260917,setup_sweep
908,16,2,110,1100,0.00816993305291,94.9925411074,1.51974463827,9.45,1,6,1,1,1,20260917,setup_sweep
909,16,2,115,1150,0.0083693161842,95.0742873868,1.5191932635,9.425,1,6,1,1,1,20260917,setup_sweep
910,16,2,120,1200,0.0085686349785,95.1545761795,1.51864264198,9.4,1,6,1,1,1,20260917,setup_sweep
911,16,2,125,1250,0.00876825649224,95.2340423472,1.5325006062,9.375,1,6,1,1,1,20260917,setup_sweep
912,16,2,130,1300,0.00899395969361,95.3553845931,1.5089083946,9.35,1,6,1,1,1,20260917,setup_sweep
913,16,2,135,1350,0.00925348965753,95.530613768,1.49259406669,9.325,1,6,1,1,1,20260917,setup_sweep
914,16,2,140,1400,0.0095401710415,95.7478121044,1.48009477251,9.3,1,6,1,1,1,20260917,setup_sweep
915,16,2,145,1450,0.00984937140179,95.9986323187,1.46994308924,9.275,1,6,1,1,1,20260917,setup_sweep
916,16,2,150,1500,0.0101775870147,96.2767294811,1.46136432589,9.25,1,6,1,1,1,20260917,setup_sweep
917,16,2,155,1550,0.0105220427248,96.5770671374,1.45389576229,9.225,1,6,1,1,1,20260917,setup_sweep
918,16,2,160,1600,0.010880477457,96.8955414219,1.44723807146,9.2,1,6,1,1,1,20260917,setup_sweep
919,16,2,165,1650,0.0112510139701,97.2287504938,1.44118658812,9.175,1,6,1,1,1,20260917,setup_sweep
920,16,2,170,1700,0.0116320728059,97.5738407755,1.43559563329,9.15,1,6,1,1,1,20260917,setup_sweep
921,16,2,175,1750,0.0120223119264,97.9283981632,1.4303583694,9.125,1,6,1,1,1,20260917,setup_sweep
922,16,2,180,1800,0.0124259557278,98.2993081841,1.42696430459,9.1,1,6,1,1,1,20260917,setup_sweep
923,16,2,185,1850,0.0129056689858,98.7891561383,1.48569250006,9.075,1,6,1,1,1,20260917,setup_sweep
924,16,2,190,1900,0.0131374238558,98.8611488441,1.53612352464,9.05,1,6,1,1,1,20260917,setup_sweep
925,16,2,195,1950,0.0132729749273,98.7734477146,1.53646254073,9.025,1,6,1,1,1,20260917,setup_sweep
926,16,2,200,2000,0.013408537418,98.6872150305,1.53678735691,9,1,6,1,1,1,20260917,setup_sweep
927,16,2,205,2050,0.0135465548925,98.6064923529,1.5419541177,8.975,1,6,1,1,1,20260917,setup_sweep
928,16,2,210,2100,0.013729711114,98.6018114389,1.50588021114,8.95,1,6,1,1,1,20260917,setup_sweep
929,16,2,215,2150,0.0139550840129,98.6669031238,1.49374551227,8.925,1,6,1,1,1,20260917,setup_sweep
930,16,2,220,2200,0.0141978976928,98.7597610545,1.47833023538,8.9,1,6,1,1,1,20260917,setup_sweep
931,16,2,225,2250,0.0144652220909,98.8915873019,1.46621367851,8.875,1,6,1,1,1,20260917,setup_sweep
932,16,2,230,2300,0.0147533241154,99.0555699503,1.45616444967,8.85,1,6,1,1,1,20260917,setup_sweep
933,16,2,235,2350,0.0150593407101,99.2464467812,1.44752206742,8.825,1,6,1,1,1,20260917,setup_sweep
934,16,2,240,2400,0.0153809719582,99.459972868,1.43988820976,8.8,1,6,1,1,1,20260917,setup_sweep
935,16,2,245,2450,0.0157163161726,99.6926313887,1.43300344869,8.775,1,6,1,1,1,20260917,setup_sweep
936,16,2,250,2500,0.0160637700648,99.9414566841,1.4266893894,8.75,1,6,1,1,1,20260917,setup_sweep
937,16,2,255,2550,0.0164219630848,100.203916678,1.42081834458,8.725,1,6,1,1,1,20260917,setup_sweep
938,16,2,260,2600,0.0167897115755,100.477829965,1.41529610182,8.7,1,6,1,1,1,20260917,setup_sweep
939,16,2,265,2650,0.0171978666787,100.814084549,1.39727732292,8.675,1,6,1,1,1,20260917,setup_sweep
940,16,2,270,2700,0.0176765184514,101.261731385,1.40687997639,8.65,1,6,1,1,1,20260917,setup_sweep
941,16,2,275,2750,0.018105516079,101.618626154,1.43883997484,8.625,1,6,1,1,1,20260917,setup_sweep
942,16,2,280,2800,0.0183680156483,101.695174776,1.43796017528,8.6,1,6,1,1,1,20260917,setup_sweep
943,16,2,285,2850,0.0186302706668,101.770053961,1.43708932056,8.575,1,6,1,1,1,20260917,setup_sweep
944,16,2,290,2900,0.0188922841645,101.843296309,1.43622738963,8.55,1,6,1,1,1,20260917,setup_sweep
945,17,2,0,0,0,85,1.49097694662,10,1,6,2,1,1,20260917,setup_sweep
946,17,2,5,50,0.000235008753754,85.3058562101,1.47560107121,9.975,1,6,2,1,1,20260917,setup_sweep
947,17,2,10,100,0.000496203988633,85.6499282081,1.46454886739,9.95,1,6,2,1,1,20260917,setup_sweep
948,17,2,15,150,0.000779233517689,86.0243939733,1.45611312267,9.925,1,6,2,1,1,20260917,setup_sweep
949,17,2,20,200,0.00106054081979,86.3897611216,1.46062755766,9.9,1,6,2,1,1,20260917,setup_sweep
950,17,2,25,250,0.00135250409838,86.766752919,1.45461716635,9.875,1,6,2,1,1,20260917,setup_sweep
951,17,2,30,300,0.00165832134559,87.1604085192,1.44952884988,9.85,1,6,2,1,1,20260917,setup_sweep
952,17,2,35,350,0.00197645966961,87.5679194043,1.44512912999,9.825,1,6,2,1,1,20260917,setup_sweep
953,17,2,40,400,0.00230560983047,87.9868930176,1.44125031554,9.8,1,6,2,1,1,20260917,setup_sweep
954,17,2,45,450,0.00264463935306,88.4152684288,1.43776779384,9.775,1,6,2,1,1,20260917,setup_sweep
955,17,2,50,500,0.00299255926342,88.8512558958,1.43458657284,9.75,1,6,2,1,1,20260917,setup_sweep
956,17,2,55,550,0.00334849942419,89.2932916312,1.43163283409,9.725,1,6,2,1,1,20260917,setup_sweep
957,17,2,60,600,0.00371168973848,89.7400030104,1.42884838242,9.7,1,6,2,1,1,20260917,setup_sweep
958,17,2,65,650,0.00408144539323,90.1901810293,1.4261868534,9.675,1,6,2,1,1,20260917,setup_sweep
959,17,2,70,700,0.00445715501966,90.6427580361,1.42361103563,9.65,1,6,2,1,1,20260917,setup_sweep
960,17,2,75,750,0.00483827102488,91.0967894188,1.4210909261,9.625,1,6,2,1,1,20260917,setup_sweep
961,17,2,80,800,0.0052243015793,91.5514383308,1.41860228325,9.6,1,6,2,1,1,20260917,setup_sweep
962,17,2,85,850,0.00561480389029,92.0059627949,1.41612552699,9.575,1,6,2,1,1,20260917,setup_sweep
963,17,2,90,900,0.00604340109056,92.5160290511,1.40082667138,9.55,1,6,2,1,1,20260917,setup_sweep
964,17,2,95,950,0.00648138088109,93.0330753404,1.39869452486,9.525,1,6,2,1,1,20260917,setup_sweep
965,17,2,100,1000,0.00704968205368,93.7564487869,1.44372556976,9.5,1,6,2,1,1,20260917,setup_sweep
966,17,2,105,1050,0.00738615718289,94.0847286294,1.4896058964,9.475,1,6,2,1,1,20260917,setup_sweep
967,17,2,110,1100,0.00756640694681,94.1498551163,1.48918007469,9.45,1,6,2,1,1,20260917,setup_sweep
968,17,2,115,1150,0.00774662034989,94.213845058,1.48875472426,9.425,1,6,2,1,1,20260917,setup_sweep
969,17,2,120,1200,0.00792679744946,94.2767173347,1.48832993624,9.4,1,6,2,1,1,20260917,setup_sweep
970,17,2,125,1250,0.00810809189806,94.3404099904,1.50041942028,9.375,1,6,2,1,1,20260917,setup_sweep
971,17,2,130,1300,0.00831675179686,94.448346262,1.47728663535,9.35,1,6,2,1,1,20260917,setup_sweep
972,17,2,135,1350,0.00855678026898,94.6063297393,1.46139397542,9.325,1,6,2,1,1,20260917,setup_sweep
973,17,2,140,1400,0.00882217706283,94.8036214996,1.44924431035,9.3,1,6,2,1,1,20260917,setup_sweep
974,17,2,145,1450,0.00910881725149,95.0327567867,1.43939499423,9.275,1,6,2,1,1,20260917,setup_sweep
975,17,2,150,1500,0.00941358635212,95.2880632014,1.43109226866,9.25,1,6,2,1,1,20260917,setup_sweep
976,17,2,155,1550,0.00973401119235,95.5650215351,1.42388765582,9.225,1,6,2,1,1,20260917,setup_sweep
977,17,2,160,1600,0.0100680664203,95.8599271392,1.417491165,9.2,1,6,2,1,1,20260917,setup_sweep
978,17,2,165,1650,0.010414059121,96.1696858671,1.41170415326,9.175,1,6,2,1,1,20260917,setup_sweep
979,17,2,170,1700,0.0107705536833,96.4916798639,1.40638473064,9.15,1,6,2,1,1,20260917,setup_sweep
980,17,2,175,1750,0.0111363196736,96.8236735768,1.40142832389,9.125,1,6,2,1,1,20260917,setup_sweep
981,17,2,180,1800,0.011545980038,97.2231226347,1.40563353814,9.1,1,6,2,1,1,20260917,setup_sweep
982,17,2,185,1850,0.0119632593611,97.6276484775,1.46226096367,9.075,1,6,2,1,1,20260917,setup_sweep
983,17,2,190,1900,0.0121712500556,97.6796707276,1.50331449945,9.05,1,6,2,1,1,20260917,setup_sweep
984,17,2,195,1950,0.0123016972482,97.6030617324,1.50352714651,9.025,1,6,2,1,1,20260917,setup_sweep
985,17,2,200,2000,0.0124321507805,97.5277294506,1.50372920443,9,1,6,2,1,1,20260917,setup_sweep
986,17,2,205,2050,0.0125648742892,97.4574192299,1.50891723358,8.975,1,6,2,1,1,20260917,setup_sweep
987,17,2,210,2100,0.012736892132,97.4533077287,1.47652558761,8.95,1,6,2,1,1,20260917,setup_sweep
988,17,2,215,2150,0.01294770598,97.5133159462,1.46458477829,8.925,1,6,2,1,1,20260917,setup_sweep
989,17,2,220,2200,0.0131748766108,97.5993799677,1.44997229198,8.9,1,6,2,1,1,20260917,setup_sweep
990,17,2,225,2250,0.0134244375095,97.721021086,1.43845096619,8.875,1,6,2,1,1,20260917,setup_sweep
991,17,2,230,2300,0.0136931574283,97.8723125812,1.42888266568,8.85,1,6,2,1,1,20260917,setup_sweep
992,17,2,235,2350,0.0139785544587,98.0486634251,1.42065471369,8.825,1,6,2,1,1,20260917,setup_sweep
993,17,2,240,2400,0.014278628404,98.2463542609,1.41339585148,8.8,1,6,2,1,1,20260917,setup_sweep
994,17,2,245,2450,0.0145917177812,98.4622868159,1.40686296936,8.775,1,6,2,1,1,20260917,setup_sweep
995,17,2,250,2500,0.0149164139293,98.6938317556,1.4008879111,8.75,1,6,2,1,1,20260917,setup_sweep
996,17,2,255,2550,0.0152515049676,98.938728353,1.39534955724,8.725,1,6,2,1,1,20260917,setup_sweep
997,17,2,260,2600,0.0155959369659,99.1950142446,1.3901579355,8.7,1,6,2,1,1,20260917,setup_sweep
998,17,2,265,2650,0.0159781244615,99.5095449306,1.37296947732,8.675,1,6,2,1,1,20260917,setup_sweep
999,17,2,270,2700,0.0164512033177,99.969463443,1.3923074416,8.65,1,6,2,1,1,20260917,setup_sweep
1000,17,2,275,2750,0.0168138031605,100.23808525,1.42436819078,8.625,1,6,2,1,1,20260917,setup_sweep
1001,17,2,280,2800,0.0170366286365,100.271877046,1.42386367172,8.6,1,6,2,1,1,20260917,setup_sweep
1002,17,2,285,2850,0.0172593663722,100.304965292,1.42336308561,8.575,1,6,2,1,1,20260917,setup_sweep
1003,17,2,290,2900,0.017482017172,100.337362948,1.4228663891,8.55,1,6,2,1,1,20260917,setup_sweep
1004,18,2,0,0,0,85,1.05945276402,10,1,6,3,3,1,20260917,setup_sweep
1005,18,2,5,50,0.000204683302295,85.2557675068,1.04319767851,9.975,1,6,3,3,1,20260917,setup_sweep
1006,18,2,10,100,0.000449034358842,85.5728478347,1.03114882936,9.95,1,6,3,3,1,20260917,setup_sweep
1007,18,2,15,150,0.00072342643625,85.9343263951,1.02274030298,9.925,1,6,3,3,1,20260917,setup_sweep
1008,18,2,20,200,0.00100244298527,86.2974077503,1.02425668044,9.9,1,6,3,3,1,20260917,setup_sweep
1009,18,2,25,250,0.00129638675341,86.679207543,1.01896977868,9.875,1,6,3,3,1,20260917,setup_sweep
1010,18,2,30,300,0.00160747323395,87.0830259039,1.01464211656,9.85,1,6,3,3,1,20260917,setup_sweep
1011,18,2,35,350,0.0019335395419,87.5049248873,1.01100450697,9.825,1,6,3,3,1,20260917,setup_sweep
1012,18,2,40,400,0.00227278511376,87.9416302647,1.0078744733,9.8,1,6,3,3,1,20260917,setup_sweep
1013,18,2,45,450,0.00262368471398,88.3903768491,1.00512226206,9.775,1,6,3,3,1,20260917,setup_sweep
1014,18,2,50,500,0.0029849300193,88.8488035757,1.00265234368,9.75,1,6,3,3,1,20260917,setup_sweep
1015,18,2,55,550,0.00335538816315,89.3148783314,1.00039255357,9.725,1,6,3,3,1,20260917,setup_sweep
1016,18,2,60,600,0.00373407104891,89.7868418162,0.998287328577,9.7,1,6,3,3,1,20260917,setup_sweep
1017,18,2,65,650,0.00412011187789,90.2631642509,0.996293287115,9.675,1,6,3,3,1,20260917,setup_sweep
1018,18,2,70,700,0.00451274671742,90.742511128,0.994376223333,9.65,1,6,3,3,1,20260917,setup_sweep
1019,18,2,75,750,0.00491129971769,91.2237155562,0.992508992848,9.625,1,6,3,3,1,20260917,setup_sweep
1020,18,2,80,800,0.00531517105684,91.7057555704,0.990669982415,9.6,1,6,3,3,1,20260917,setup_sweep
1021,18,2,85,850,0.0057238269493,92.1877352253,0.988841973991,9.575,1,6,3,3,1,20260917,setup_sweep
1022,18,2,90,900,0.00617270179204,92.7283178901,0.977989137968,9.55,1,6,3,3,1,20260917,setup_sweep
1023,18,2,95,950,0.0067356779704,93.4489959592,0.994896263785,9.525,1,6,3,3,1,20260917,setup_sweep
1024,18,2,100,1000,0.00716195661056,93.9307220203,1.03130892321,9.5,1,6,3,3,1,20260917,setup_sweep
1025,18,2,105,1050,0.00740179967139,94.096604269,1.06038965477,9.475,1,6,3,3,1,20260917,setup_sweep
1026,18,2,110,1100,0.00755624890093,94.1188899873,1.06018986287,9.45,1,6,3,3,1,20260917,setup_sweep
1027,18,2,115,1150,0.00771068484816,94.1407854015,1.05999063164,9.425,1,6,3,3,1,20260917,setup_sweep
1028,18,2,120,1200,0.00786510755922,94.162297039,1.05979196161,9.4,1,6,3,3,1,20260917,setup_sweep
1029,18,2,125,1250,0.0080200594496,94.1843337692,1.06285573544,9.375,1,6,3,3,1,20260917,setup_sweep
1030,18,2,130,1300,0.00820041037567,94.2480699055,1.0453110644,9.35,1,6,3,3,1,20260917,setup_sweep
1031,18,2,135,1350,0.00842323660109,94.3809615429,1.02962475163,9.325,1,6,3,3,1,20260917,setup_sweep
1032,18,2,140,1400,0.00868124011206,94.5697745264,1.01832434427,9.3,1,6,3,3,1,20260917,setup_sweep
1033,18,2,145,1450,0.00896678259287,94.8009724127,1.00973477688,9.275,1,6,3,3,1,20260917,setup_sweep
1034,18,2,150,1500,0.00927512626904,95.0660270751,1.0028028686,9.25,1,6,3,3,1,20260917,setup_sweep
1035,18,2,155,1550,0.00960270176677,95.3584812502,0.996977190584,9.225,1,6,3,3,1,20260917,setup_sweep
1036,18,2,160,1600,0.00994668857751,95.673221529,0.991929828002,9.2,1,6,3,3,1,20260917,setup_sweep
1037,18,2,165,1650,0.0103047923235,96.0060882686,0.987449189302,9.175,1,6,3,3,1,20260917,setup_sweep
1038,18,2,170,1700,0.0106751103334,96.3536377781,0.983390809946,9.15,1,6,3,3,1,20260917,setup_sweep
1039,18,2,175,1750,0.0110560432116,96.7129843961,0.979651951119,9.125,1,6,3,3,1,20260917,setup_sweep
1040,18,2,180,1800,0.0115163171655,97.1974552722,1.0050163528,9.1,1,6,3,3,1,20260917,setup_sweep
1041,18,2,185,1850,0.0118078209301,97.3946631838,1.04072967679,9.075,1,6,3,3,1,20260917,setup_sweep
1042,18,2,190,1900,0.0119753252786,97.3837895446,1.06468682148,9.05,1,6,3,3,1,20260917,setup_sweep
1043,18,2,195,1950,0.0120977187918,97.2987594715,1.06486765554,9.025,1,6,3,3,1,20260917,setup_sweep
1044,18,2,200,2000,0.01222011751,97.2151434246,1.0650399173,9,1,6,3,3,1,20260917,setup_sweep
1045,18,2,205,2050,0.0123438688128,97.1351599284,1.06502073184,8.975,1,6,3,3,1,20260917,setup_sweep
1046,18,2,210,2100,0.0124929202033,97.0983768993,1.0470312593,8.95,1,6,3,3,1,20260917,setup_sweep
1047,18,2,215,2150,0.0126766185267,97.1194504411,1.03656458015,8.925,1,6,3,3,1,20260917,setup_sweep
1048,18,2,220,2200,0.0128865945199,97.1836297372,1.02315648721,8.9,1,6,3,3,1,20260917,setup_sweep
1049,18,2,225,2250,0.0131280332749,97.2987323044,1.01238884083,8.875,1,6,3,3,1,20260917,setup_sweep
1050,18,2,230,2300,0.0133943041226,97.4529664675,1.00398452646,8.85,1,6,3,3,1,20260917,setup_sweep
1051,18,2,235,2350,0.0136815914751,97.6393813532,0.99705444737,8.825,1,6,3,3,1,20260917,setup_sweep
1052,18,2,240,2400,0.0139869803441,97.8526285507,0.991124913854,8.8,1,6,3,3,1,20260917,setup_sweep
1053,18,2,245,2450,0.0143081346201,98.0884043607,0.985911129533,8.775,1,6,3,3,1,20260917,setup_sweep
1054,18,2,250,2500,0.0146431257672,98.343149594,0.981227831431,8.75,1,6,3,3,1,20260917,setup_sweep
1055,18,2,255,2550,0.0149903297467,98.6138669999,0.97694764891,8.725,1,6,3,3,1,20260917,setup_sweep
1056,18,2,260,2600,0.0153483595177,98.8980004691,0.972979381904,8.7,1,6,3,3,1,20260917,setup_sweep
1057,18,2,265,2650,0.0157705372866,99.2838052396,0.964445294473,8.675,1,6,3,3,1,20260917,setup_sweep
1058,18,2,270,2700,0.0162272512479,99.7193671698,0.99772948061,8.65,1,6,3,3,1,20260917,setup_sweep
1059,18,2,275,2750,0.0164814057263,99.8131454077,1.02026560337,8.625,1,6,3,3,1,20260917,setup_sweep
1060,18,2,280,2800,0.0166605270805,99.7817244751,1.02023179813,8.6,1,6,3,3,1,20260917,setup_sweep
1061,18,2,285,2850,0.0168396477316,99.7508217221,1.02019522071,8.575,1,6,3,3,1,20260917,setup_sweep
1062,18,2,290,2900,0.0170187672976,99.7204279522,1.02015593445,8.55,1,6,3,3,1,20260917,setup_sweep
1063,19,2,0,0,0,85,1.51664845799,10,1,7,1,1,1,20260917,setup_sweep
1064,19,2,5,50,0.000269658740717,85.3631210193,1.50460682319,9.975,1,7,1,1,1,20260917,setup_sweep
1065,19,2,10,100,0.000562693783202,85.7588671667,1.49581504952,9.95,1,7,1,1,1,20260917,setup_sweep
1066,19,2,15,150,0.000874921235065,86.1797864966,1.48910400335,9.925,1,7,1,1,1,20260917,setup_sweep
1067,19,2,20,200,0.00117997212969,86.5818178408,1.49592203996,9.9,1,7,1,1,1,20260917,setup_sweep
1068,19,2,25,250,0.00149350873396,86.9912897308,1.4907125927,9.875,1,7,1,1,1,20260917,setup_sweep
1069,19,2,30,300,0.00181945505518,87.4145012005,1.48633888333,9.85,1,7,1,1,1,20260917,setup_sweep
1070,19,2,35,350,0.00215618656947,87.8485406787,1.48258330316,9.825,1,7,1,1,1,20260917,setup_sweep
1071,19,2,40,400,0.0025023315473,88.2909624191,1.47928825488,9.8,1,7,1,1,1,20260917,setup_sweep
1072,19,2,45,450,0.00285672024232,88.739694854,1.47633631717,9.775,1,7,1,1,1,20260917,setup_sweep
1073,19,2,50,500,0.00321834757416,89.1929727538,1.47363814291,9.75,1,7,1,1,1,20260917,setup_sweep
1074,19,2,55,550,0.00358634484281,89.6492854279,1.47112468668,9.725,1,7,1,1,1,20260917,setup_sweep
1075,19,2,60,600,0.00395995771698,90.1073361471,1.4687419963,9.7,1,7,1,1,1,20260917,setup_sweep
1076,19,2,65,650,0.00433852869268,90.5660096222,1.46644759476,9.675,1,7,1,1,1,20260917,setup_sweep
1077,19,2,70,700,0.00472148287408,91.0243455088,1.46420789047,9.65,1,7,1,1,1,20260917,setup_sweep
1078,19,2,75,750,0.00510831628637,91.4815165347,1.46199627556,9.625,1,7,1,1,1,20260917,setup_sweep
1079,19,2,80,800,0.00549858615939,91.9368102439,1.45979169843,9.6,1,7,1,1,1,20260917,setup_sweep
1080,19,2,85,850,0.00589190277264,92.3896136232,1.45757757191,9.575,1,7,1,1,1,20260917,setup_sweep
1081,19,2,90,900,0.00632735746467,92.9046824484,1.44186689664,9.55,1,7,1,1,1,20260917,setup_sweep
1082,19,2,95,950,0.00677028434368,93.4234744573,1.44070308665,9.525,1,7,1,1,1,20260917,setup_sweep
1083,19,2,100,1000,0.00730972081941,94.0936984688,1.46862597063,9.5,1,7,1,1,1,20260917,setup_sweep
1084,19,2,105,1050,0.00770987158967,94.5215562859,1.52022746359,9.475,1,7,1,1,1,20260917,setup_sweep
1085,19,2,110,1100,0.00791215397942,94.6158793006,1.5196605508,9.45,1,7,1,1,1,20260917,setup_sweep
1086,19,2,115,1150,0.00811436660449,94.708527982,1.51909319021,9.425,1,7,1,1,1,20260917,setup_sweep
1087,19,2,120,1200,0.00831650944775,94.7995299762,1.51852560075,9.4,1,7,1,1,1,20260917,setup_sweep
1088,19,2,125,1250,0.00851869517857,94.8891000031,1.53282226778,9.375,1,7,1,1,1,20260917,setup_sweep
1089,19,2,130,1300,0.00874516650929,95.0174102699,1.50992461748,9.35,1,7,1,1,1,20260917,setup_sweep
1090,19,2,135,1350,0.00900400312269,95.1970762175,1.49423432056,9.325,1,7,1,1,1,20260917,setup_sweep
1091,19,2,140,1400,0.00928835288503,95.4159298563,1.48234316979,9.3,1,7,1,1,1,20260917,setup_sweep
1092,19,2,145,1450,0.00959347351911,95.6654884752,1.47279381573,9.275,1,7,1,1,1,20260917,setup_sweep
1093,19,2,150,1500,0.00991580670335,95.9393652202,1.4648137772,9.25,1,7,1,1,1,20260917,setup_sweep
1094,19,2,155,1550,0.0102525644824,96.2325514647,1.45794086276,9.225,1,7,1,1,1,20260917,setup_sweep
1095,19,2,160,1600,0.010601503967,96.5410219048,1.45187600823,9.2,1,7,1,1,1,20260917,setup_sweep
1096,19,2,165,1650,0.0109607887714,96.861489417,1.44641488385,9.175,1,7,1,1,1,20260917,setup_sweep
1097,19,2,170,1700,0.0113288965965,97.1912401793,1.44141226979,9.15,1,7,1,1,1,20260917,setup_sweep
1098,19,2,175,1750,0.0117045539555,97.5280163545,1.43676188324,9.125,1,7,1,1,1,20260917,setup_sweep
1099,19,2,180,1800,0.012086688162,97.8699292267,1.43271762328,9.1,1,7,1,1,1,20260917,setup_sweep
1100,19,2,185,1850,0.0125558709507,98.3497282751,1.48676827767,9.075,1,7,1,1,1,20260917,setup_sweep
1101,19,2,190,1900,0.012791942378,98.436094318,1.53864573058,9.05,1,7,1,1,1,20260917,setup_sweep
1102,19,2,195,1950,0.0129281018997,98.356424397,1.53891152412,9.025,1,7,1,1,1,20260917,setup_sweep
1103,19,2,200,2000,0.0130642708446,98.2780868784,1.53916522241,9,1,7,1,1,1,20260917,setup_sweep
1104,19,2,205,2050,0.0132028828675,98.2051090823,1.54434562982,8.975,1,7,1,1,1,20260917,setup_sweep
1105,19,2,210,2100,0.013386592788,98.2079765975,1.50823376919,8.95,1,7,1,1,1,20260917,setup_sweep
1106,19,2,215,2150,0.0136116350998,98.2790287477,1.49667787093,8.925,1,7,1,1,1,20260917,setup_sweep
1107,19,2,220,2200,0.0138529949891,98.3758925012,1.48158892193,8.9,1,7,1,1,1,20260917,setup_sweep
1108,19,2,225,2250,0.0141177428194,98.509802191,1.46985829613,8.875,1,7,1,1,1,20260917,setup_sweep
1109,19,2,230,2300,0.0144020046,98.6737449271,1.46023163586,8.85,1,7,1,1,1,20260917,setup_sweep
1110,19,2,235,2350,0.0147028285496,98.8623470331,1.45203677671,8.825,1,7,1,1,1,20260917,setup_sweep
1111,19,2,240,2400,0.0150178634102,99.0713157316,1.4448687088,8.8,1,7,1,1,1,20260917,setup_sweep
1112,19,2,245,2450,0.0153451839698,99.2971330992,1.43846390532,8.775,1,7,1,1,1,20260917,setup_sweep
1113,19,2,250,2500,0.0156831844851,99.5368672073,1.43264135382,8.75,1,7,1,1,1,20260917,setup_sweep
1114,19,2,255,2550,0.0160305080261,99.7880457114,1.42727165202,8.725,1,7,1,1,1,20260917,setup_sweep
1115,19,2,260,2600,0.0163859967921,100.04856617,1.42225944388,8.7,1,7,1,1,1,20260917,setup_sweep
1116,19,2,265,2650,0.0167792337003,100.367251004,1.40461261701,8.675,1,7,1,1,1,20260917,setup_sweep
1117,19,2,270,2700,0.017212196079,100.746557286,1.40747419291,8.65,1,7,1,1,1,20260917,setup_sweep
1118,19,2,275,2750,0.0176586433354,101.140763891,1.43960486907,8.625,1,7,1,1,1,20260917,setup_sweep
1119,19,2,280,2800,0.0179297959271,101.239512917,1.43859229656,8.6,1,7,1,1,1,20260917,setup_sweep
1120,19,2,285,2850,0.0182006352365,101.336111964,1.437589297,8.575,1,7,1,1,1,20260917,setup_sweep
1121,19,2,290,2900,0.0184711650363,101.430602803,1.43659593905,8.55,1,7,1,1,1,20260917,setup_sweep
1122,20,2,0,0,0,85,1.4887264604,10,1,7,2,1,1,20260917,setup_sweep
1123,20,2,5,50,0.00023715498381,85.3093998975,1.4743207894,9.975,1,7,2,1,1,20260917,setup_sweep
1124,20,2,10,100,0.000498812938274,85.6541744163,1.46401652703,9.95,1,7,2,1,1,20260917,setup_sweep
1125,20,2,15,150,0.000780611334077,86.0265313647,1.45621806555,9.925,1,7,2,1,1,20260917,setup_sweep
1126,20,2,20,200,0.00105914505418,86.3872760952,1.46144810329,9.9,1,7,2,1,1,20260917,setup_sweep
1127,20,2,25,250,0.00134710272503,86.7576855466,1.45582632787,9.875,1,7,2,1,1,20260917,setup_sweep
1128,20,2,30,300,0.00164766266055,87.1427986657,1.45111479037,9.85,1,7,2,1,1,20260917,setup_sweep
1129,20,2,35,350,0.00195927813096,87.539816493,1.44708214062,9.825,1,7,2,1,1,20260917,setup_sweep
1130,20,2,40,400,0.00228063937571,87.9463778779,1.44356256092,9.8,1,7,2,1,1,20260917,setup_sweep
1131,20,2,45,450,0.00261062408871,88.3604704399,1.44043319678,9.775,1,7,2,1,1,20260917,setup_sweep
1132,20,2,50,500,0.00294826199589,88.7803662807,1.43760074139,9.75,1,7,2,1,1,20260917,setup_sweep
1133,20,2,55,550,0.00329270839953,89.2045735703,1.43499299289,9.725,1,7,2,1,1,20260917,setup_sweep
1134,20,2,60,600,0.00364322390767,89.6317991523,1.43255329581,9.7,1,7,2,1,1,20260917,setup_sweep
1135,20,2,65,650,0.00399915845411,90.0609188553,1.43023673683,9.675,1,7,2,1,1,20260917,setup_sweep
1136,20,2,70,700,0.00435993844083,90.4909534544,1.42800745562,9.65,1,7,2,1,1,20260917,setup_sweep
1137,20,2,75,750,0.0047250562222,90.9210488982,1.42583669124,9.625,1,7,2,1,1,20260917,setup_sweep
1138,20,2,80,800,0.00509406138737,91.350459835,1.42370132866,9.6,1,7,2,1,1,20260917,setup_sweep
1139,20,2,85,850,0.00546655345163,91.7785357385,1.42158279517,9.575,1,7,2,1,1,20260917,setup_sweep
1140,20,2,90,900,0.00587650180958,92.2615350676,1.40650574382,9.55,1,7,2,1,1,20260917,setup_sweep
1141,20,2,95,950,0.00629430428485,92.7494340888,1.40534641046,9.525,1,7,2,1,1,20260917,setup_sweep
1142,20,2,100,1000,0.00682453194271,93.4151555187,1.44262863712,9.5,1,7,2,1,1,20260917,setup_sweep
1143,20,2,105,1050,0.00716888126181,93.7620703948,1.48950681169,9.475,1,7,2,1,1,20260917,setup_sweep
1144,20,2,110,1100,0.00735101225498,93.8356393465,1.48907176691,9.45,1,7,2,1,1,20260917,setup_sweep
1145,20,2,115,1150,0.00753310450014,93.9079282655,1.48863657272,9.425,1,7,2,1,1,20260917,setup_sweep
1146,20,2,120,1200,0.00771515799675,93.9789583081,1.48820135706,9.4,1,7,2,1,1,20260917,setup_sweep
1147,20,2,125,1250,0.00789815580322,94.0503860038,1.50061025844,9.375,1,7,2,1,1,20260917,setup_sweep
1148,20,2,130,1300,0.00810733228616,94.1639677738,1.47794443435,9.35,1,7,2,1,1,20260917,setup_sweep
1149,20,2,135,1350,0.00834683543799,94.325780785,1.46251995,9.325,1,7,2,1,1,20260917,setup_sweep
1150,20,2,140,1400,0.00861046310066,94.5247825837,1.45085085493,9.3,1,7,2,1,1,20260917,setup_sweep
1151,20,2,145,1450,0.00889395782337,94.7533245345,1.44149105199,9.275,1,7,2,1,1,20260917,setup_sweep
1152,20,2,150,1500,0.00919412429697,95.0056388135,1.43368326065,9.25,1,7,2,1,1,20260917,setup_sweep
1153,20,2,155,1550,0.00950844712776,95.2771761482,1.4269766049,9.225,1,7,2,1,1,20260917,setup_sweep
1154,20,2,160,1600,0.00983488777814,95.5642502969,1.42107965372,9.2,1,7,2,1,1,20260917,setup_sweep
1155,20,2,165,1650,0.0101717620572,95.8638214157,1.41579300956,9.175,1,7,2,1,1,20260917,setup_sweep
1156,20,2,170,1700,0.010517659575,96.1733523118,1.4109744948,9.15,1,7,2,1,1,20260917,setup_sweep
1157,20,2,175,1750,0.0108713874259,96.4907070944,1.40651955568,9.125,1,7,2,1,1,20260917,setup_sweep
1158,20,2,180,1800,0.0112417381338,96.8303978264,1.40524882877,9.1,1,7,2,1,1,20260917,setup_sweep
1159,20,2,185,1850,0.0116707598672,97.2607966616,1.46321707154,9.075,1,7,2,1,1,20260917,setup_sweep
1160,20,2,190,1900,0.0118813119879,97.3231031491,1.50512765739,9.05,1,7,2,1,1,20260917,setup_sweep
1161,20,2,195,1950,0.0120122180148,97.2531460812,1.50528811595,9.025,1,7,2,1,1,20260917,setup_sweep
1162,20,2,200,2000,0.0121431291584,97.1843537588,1.50543948545,9,1,7,2,1,1,20260917,setup_sweep
1163,20,2,205,2050,0.0122762989059,97.1204564919,1.51063340515,8.975,1,7,2,1,1,20260917,setup_sweep
1164,20,2,210,2100,0.012448782722,97.1226843928,1.47813269744,8.95,1,7,2,1,1,20260917,setup_sweep
1165,20,2,215,2150,0.0126594414175,97.1878988308,1.46666257469,8.925,1,7,2,1,1,20260917,setup_sweep
1166,20,2,220,2200,0.0128855640914,97.2776076187,1.45231902584,8.9,1,7,2,1,1,20260917,setup_sweep
1167,20,2,225,2250,0.0131331853814,97.4013591473,1.4411206421,8.875,1,7,2,1,1,20260917,setup_sweep
1168,20,2,230,2300,0.0133989448571,97.5530386475,1.43190834239,8.85,1,7,2,1,1,20260917,setup_sweep
1169,20,2,235,2350,0.013680273296,97.7279393195,1.42405879669,8.825,1,7,2,1,1,20260917,setup_sweep
1170,20,2,240,2400,0.0139751135287,97.9222780793,1.41719465394,8.8,1,7,2,1,1,20260917,setup_sweep
1171,20,2,245,2450,0.0142817700797,98.1329319492,1.41106908203,8.775,1,7,2,1,1,20260917,setup_sweep
1172,20,2,250,2500,0.0145988180994,98.3572767159,1.40551156333,8.75,1,7,2,1,1,20260917,setup_sweep
1173,20,2,255,2550,0.0149250434786,98.5930797558,1.40039945103,8.725,1,7,2,1,1,20260917,setup_sweep
1174,20,2,260,2600,0.0152594010405,98.8384244897,1.39564177785,8.7,1,7,2,1,1,20260917,setup_sweep
1175,20,2,265,2650,0.0156292591528,99.1384642576,1.37875191275,8.675,1,7,2,1,1,20260917,setup_sweep
1176,20,2,270,2700,0.0160728732519,99.5558826256,1.39260543686,8.65,1,7,2,1,1,20260917,setup_sweep
1177,20,2,275,2750,0.0164469118123,99.8502173249,1.42505073269,8.625,1,7,2,1,1,20260917,setup_sweep
1178,20,2,280,2800,0.0166746498005,99.89853963,1.42446211572,8.6,1,7,2,1,1,20260917,setup_sweep
1179,20,2,285,2850,0.016902276355,99.9458790561,1.42387830514,8.575,1,7,2,1,1,20260917,setup_sweep
1180,20,2,290,2900,0.0171297925515,99.9922536271,1.4232992708,8.55,1,7,2,1,1,20260917,setup_sweep
1181,21,2,0,0,0,85,1.05844879651,10,1,7,3,3,1,20260917,setup_sweep
1182,21,2,5,50,0.000206299846199,85.2584379678,1.04247963088,9.975,1,7,3,3,1,20260917,setup_sweep
1183,21,2,10,100,0.000450856657942,85.5758108997,1.03090220675,9.95,1,7,3,3,1,20260917,setup_sweep
1184,21,2,15,150,0.000723853916094,85.9349313551,1.02291078797,9.925,1,7,3,3,1,20260917,setup_sweep
1185,21,2,20,200,0.000999937254477,86.293151731,1.0249037443,9.9,1,7,3,3,1,20260917,setup_sweep
1186,21,2,25,250,0.00128964250057,86.6680132447,1.01988858867,9.875,1,7,3,3,1,20260917,setup_sweep
1187,21,2,30,300,0.00159511515336,87.0627347018,1.01583283847,9.85,1,7,3,3,1,20260917,setup_sweep
1188,21,2,35,350,0.00191415109687,87.4733457508,1.012465329,9.825,1,7,3,3,1,20260917,setup_sweep
1189,21,2,40,400,0.00224493390958,87.8965822152,1.00960290544,9.8,1,7,3,3,1,20260917,setup_sweep
1190,21,2,45,450,0.00258594178667,88.3297206638,1.00711587768,9.775,1,7,3,3,1,20260917,setup_sweep
1191,21,2,50,500,0.00293588455656,88.7704654204,1.00490921258,9.75,1,7,3,3,1,20260917,setup_sweep
1192,21,2,55,550,0.0032936587034,89.2168671831,1.00291148967,9.725,1,7,3,3,1,20260917,setup_sweep
1193,21,2,60,600,0.00365831391684,89.6672620319,1.0010680199,9.7,1,7,3,3,1,20260917,setup_sweep
1194,21,2,65,650,0.00402902742361,90.1202242992,0.999336347922,9.675,1,7,3,3,1,20260917,setup_sweep
1195,21,2,70,700,0.00440508379968,90.5745292746,0.997683193855,9.65,1,7,3,3,1,20260917,setup_sweep
1196,21,2,75,750,0.00478585877558,91.0291231238,0.996082303459,9.625,1,7,3,3,1,20260917,setup_sweep
1197,21,2,80,800,0.00517080604185,91.4830982609,0.984696793695,9.6,1,7,3,3,1,20260917,setup_sweep
1198,21,2,85,850,0.00560337930508,92.008277224,0.984037456445,9.575,1,7,3,3,1,20260917,setup_sweep
1199,21,2,90,900,0.00603475343546,92.5227941235,0.983238692996,9.55,1,7,3,3,1,20260917,setup_sweep
1200,21,2,95,950,0.00652789048113,93.1314624758,0.992755360856,9.525,1,7,3,3,1,20260917,setup_sweep
1201,21,2,100,1000,0.00697279669296,93.6491729982,1.03059537749,9.5,1,7,3,3,1,20260917,setup_sweep
1202,21,2,105,1050,0.00721717068537,93.8271825551,1.0605410577,9.475,1,7,3,3,1,20260917,setup_sweep
1203,21,2,110,1100,0.00737263752029,93.8556033739,1.06033195094,9.45,1,7,3,3,1,20260917,setup_sweep
1204,21,2,115,1150,0.00752808993699,93.8835306068,1.06012340433,9.425,1,7,3,3,1,20260917,setup_sweep
1205,21,2,120,1200,0.00768352798172,93.9109724885,1.05991542142,9.4,1,7,3,3,1,20260917,setup_sweep
1206,21,2,125,1250,0.00783944212612,93.9387531387,1.06303009662,9.375,1,7,3,3,1,20260917,setup_sweep
1207,21,2,130,1300,0.0080203659754,94.0074944272,1.04561598668,9.35,1,7,3,3,1,20260917,setup_sweep
1208,21,2,135,1350,0.00824306542461,94.1441505256,1.03018217658,9.325,1,7,3,3,1,20260917,setup_sweep
1209,21,2,140,1400,0.00849969939397,94.3346109618,1.01921903883,9.3,1,7,3,3,1,20260917,setup_sweep
1210,21,2,145,1450,0.00878238727283,94.5649740388,1.01099043316,9.275,1,7,3,3,1,20260917,setup_sweep
1211,21,2,150,1500,0.00908623597213,94.8264961375,1.00443143034,9.25,1,7,3,3,1,20260917,setup_sweep
1212,21,2,155,1550,0.00940759339143,95.1126279814,0.998984616965,9.225,1,7,3,3,1,20260917,setup_sweep
1213,21,2,160,1600,0.00974360713642,95.4182496637,0.994318884176,9.2,1,7,3,3,1,20260917,setup_sweep
1214,21,2,165,1650,0.010091987343,95.7392552878,0.990220958606,9.175,1,7,3,3,1,20260917,setup_sweep
1215,21,2,170,1700,0.0104508620591,96.0722973157,0.986545569261,9.15,1,7,3,3,1,20260917,setup_sweep
1216,21,2,175,1750,0.0108186813552,96.4146156214,0.983189693941,9.125,1,7,3,3,1,20260917,setup_sweep
1217,21,2,180,1800,0.0112582343498,96.8700330319,1.00447401594,9.1,1,7,3,3,1,20260917,setup_sweep
1218,21,2,185,1850,0.0115576416386,97.0856920262,1.04131795795,9.075,1,7,3,3,1,20260917,setup_sweep
1219,21,2,190,1900,0.0117266205296,97.0823554273,1.06581532915,9.05,1,7,3,3,1,20260917,setup_sweep
1220,21,2,195,1950,0.011849314888,97.0028048738,1.06596448505,9.025,1,7,3,3,1,20260917,setup_sweep
1221,21,2,200,2000,0.0119720137317,96.9245765884,1.06610601431,9,1,7,3,3,1,20260917,setup_sweep
1222,21,2,205,2050,0.0120960514789,96.8498690458,1.06606465869,8.975,1,7,3,3,1,20260917,setup_sweep
1223,21,2,210,2100,0.0122453061505,96.8181371597,1.04804064234,8.95,1,7,3,3,1,20260917,setup_sweep
1224,21,2,215,2150,0.0124288432111,96.8435746015,1.0377946035,8.925,1,7,3,3,1,20260917,setup_sweep
1225,21,2,220,2200,0.0126378859544,96.9107695962,1.02453919953,8.9,1,7,3,3,1,20260917,setup_sweep
1226,21,2,225,2250,0.0128775983515,97.027526626,1.01396820578,8.875,1,7,3,3,1,20260917,setup_sweep
1227,21,2,230,2300,0.0131410843292,97.1816379004,1.00581370475,8.85,1,7,3,3,1,20260917,setup_sweep
1228,21,2,235,2350,0.0134243677937,97.3659167909,0.999163115449,8.825,1,7,3,3,1,20260917,setup_sweep
1229,21,2,240,2400,0.0137244328535,97.5748814888,0.993531807897,8.8,1,7,3,3,1,20260917,setup_sweep
1230,21,2,245,2450,0.0140388837693,97.8041652908,0.988629134091,8.775,1,7,3,3,1,20260917,setup_sweep
1231,21,2,250,2500,0.0143657625337,98.0501968728,0.984266452387,8.75,1,7,3,3,1,20260917,setup_sweep
1232,21,2,255,2550,0.0147034382465,98.3100044067,0.980314358176,8.725,1,7,3,3,1,20260917,setup_sweep
1233,21,2,260,2600,0.0150505341512,98.5810851147,0.976680403232,8.7,1,7,3,3,1,20260917,setup_sweep
1234,21,2,265,2650,0.0154356175915,98.9105489885,0.964518886261,8.675,1,7,3,3,1,20260917,setup_sweep
1235,21,2,270,2700,0.0159071694845,99.3768405537,0.997843121997,8.65,1,7,3,3,1,20260917,setup_sweep
1236,21,2,275,2750,0.0161675632498,99.486571102,1.02107738366,8.625,1,7,3,3,1,20260917,setup_sweep
1237,21,2,280,2800,0.0163489624293,99.4643128673,1.02099745621,8.6,1,7,3,3,1,20260917,setup_sweep
1238,21,2,285,2850,0.0165303541974,99.4424102781,1.02091576233,8.575,1,7,3,3,1,20260917,setup_sweep
1239,21,2,290,2900,0.0167117382978,99.4208570328,1.02083233988,8.55,1,7,3,3,1,20260917,setup_sweep
1240,22,2,0,0,0,85,1.50980576298,10,1,8,1,1,1,20260917,setup_sweep
1241,22,2,5,50,0.000285304003607,85.3889817591,1.49832261319,9.975,1,8,1,1,1,20260917,setup_sweep
1242,22,2,10,100,0.000594538541839,85.8110769435,1.48992337015,9.95,1,8,1,1,1,20260917,setup_sweep
1243,22,2,15,150,0.000923398308326,86.2586249738,1.48349453895,9.925,1,8,1,1,1,20260917,setup_sweep
1244,22,2,20,200,0.00124489684911,86.6865382139,1.4900194977,9.9,1,8,1,1,1,20260917,setup_sweep
1245,22,2,25,250,0.00157518257367,87.1219640099,1.48494582918,9.875,1,8,1,1,1,20260917,setup_sweep
1246,22,2,30,300,0.00191826783025,87.5713445947,1.48066083568,9.85,1,8,1,1,1,20260917,setup_sweep
1247,22,2,35,350,0.00227248210033,88.0316888496,1.47695231022,9.825,1,8,1,1,1,20260917,setup_sweep
1248,22,2,40,400,0.00263641985394,88.5004929411,1.47366684219,9.8,1,8,1,1,1,20260917,setup_sweep
1249,22,2,45,450,0.00300888597437,88.9756421009,1.47069043604,9.775,1,8,1,1,1,20260917,setup_sweep
1250,22,2,50,500,0.0033888557853,89.4553381526,1.46793664868,9.75,1,8,1,1,1,20260917,setup_sweep
1251,22,2,55,550,0.00377544494438,89.9380445346,1.46533895694,9.725,1,8,1,1,1,20260917,setup_sweep
1252,22,2,60,600,0.00416788613978,90.4224434714,1.46284563637,9.7,1,8,1,1,1,20260917,setup_sweep
1253,22,2,65,650,0.00456551065378,90.9074018941,1.46041620214,9.675,1,8,1,1,1,20260917,setup_sweep
1254,22,2,70,700,0.00496773352993,91.3919438775,1.45801886166,9.65,1,8,1,1,1,20260917,setup_sweep
1255,22,2,75,750,0.00537404147158,91.8752280463,1.4556286446,9.625,1,8,1,1,1,20260917,setup_sweep
1256,22,2,80,800,0.00578398285265,92.3565288441,1.45322600005,9.6,1,8,1,1,1,20260917,setup_sweep
1257,22,2,85,850,0.00619715938929,92.8352208572,1.45079572428,9.575,1,8,1,1,1,20260917,setup_sweep
1258,22,2,90,900,0.00665096356208,93.3732497857,1.43584438537,9.55,1,8,1,1,1,20260917,setup_sweep
1259,22,2,95,950,0.00711241867101,93.9149228538,1.43428374642,9.525,1,8,1,1,1,20260917,setup_sweep
1260,22,2,100,1000,0.00768165390305,94.6262839668,1.46133853766,9.5,1,8,1,1,1,20260917,setup_sweep
1261,22,2,105,1050,0.00810285729309,95.0801284109,1.51239785723,9.475,1,8,1,1,1,20260917,setup_sweep
1262,22,2,110,1100,0.00831592038209,95.1830379241,1.51175701358,9.45,1,8,1,1,1,20260917,setup_sweep
1263,22,2,115,1150,0.00852889337843,95.2840975826,1.51111592869,9.425,1,8,1,1,1,20260917,setup_sweep
1264,22,2,120,1200,0.00874177631191,95.3833380112,1.51047486207,9.4,1,8,1,1,1,20260917,setup_sweep
1265,22,2,125,1250,0.00895444340358,95.4805800377,1.52443226626,9.375,1,8,1,1,1,20260917,setup_sweep
1266,22,2,130,1300,0.00919181619673,95.6171370369,1.50154403555,9.35,1,8,1,1,1,20260917,setup_sweep
1267,22,2,135,1350,0.00946323668142,95.8076927166,1.48585954375,9.325,1,8,1,1,1,20260917,setup_sweep
1268,22,2,140,1400,0.00976134662894,96.0391995442,1.47394128978,9.3,1,8,1,1,1,20260917,setup_sweep
1269,22,2,145,1450,0.0100811059262,96.3026536993,1.46432366153,9.275,1,8,1,1,1,20260917,setup_sweep
1270,22,2,150,1500,0.0104187683878,96.5913374622,1.45623424755,9.25,1,8,1,1,1,20260917,setup_sweep
1271,22,2,155,1550,0.010771422551,96.9000231101,1.44921391294,9.225,1,8,1,1,1,20260917,setup_sweep
1272,22,2,160,1600,0.0111367415681,97.2245351922,1.4429675657,9.2,1,8,1,1,1,20260917,setup_sweep
1273,22,2,165,1650,0.0115128300395,97.561480124,1.43729493634,9.175,1,8,1,1,1,20260917,setup_sweep
1274,22,2,170,1700,0.0118981225991,97.9080657257,1.43205462478,9.15,1,8,1,1,1,20260917,setup_sweep
1275,22,2,175,1750,0.012291312967,98.261974068,1.42714381072,9.125,1,8,1,1,1,20260917,setup_sweep
1276,22,2,180,1800,0.0126913022597,98.6212682322,1.42259003156,9.1,1,8,1,1,1,20260917,setup_sweep
1277,22,2,185,1850,0.0131848805077,99.1289071178,1.47559428155,9.075,1,8,1,1,1,20260917,setup_sweep
1278,22,2,190,1900,0.0134317695577,99.2202359884,1.530327115,9.05,1,8,1,1,1,20260917,setup_sweep
1279,22,2,195,1950,0.0135710356356,99.1327400405,1.53067889358,9.025,1,8,1,1,1,20260917,setup_sweep
1280,22,2,200,2000,0.0137103151352,99.0467124562,1.53101621825,9,1,8,1,1,1,20260917,setup_sweep
1281,22,2,205,2050,0.0138521156524,98.9663013401,1.53554063819,8.975,1,8,1,1,1,20260917,setup_sweep
1282,22,2,210,2100,0.0140425485137,98.967709154,1.49802395391,8.95,1,8,1,1,1,20260917,setup_sweep
1283,22,2,215,2150,0.0142772350505,99.0421477912,1.48611229921,8.925,1,8,1,1,1,20260917,setup_sweep
1284,22,2,220,2200,0.0145295151973,99.1444515552,1.47081784535,8.9,1,8,1,1,1,20260917,setup_sweep
1285,22,2,225,2250,0.0148066239458,99.2860916283,1.45893731766,8.875,1,8,1,1,1,20260917,setup_sweep
1286,22,2,230,2300,0.0151043522931,99.4594638631,1.44916818625,8.85,1,8,1,1,1,20260917,setup_sweep
1287,22,2,235,2350,0.0154195262055,99.6587993345,1.44081985664,8.825,1,8,1,1,1,20260917,setup_sweep
1288,22,2,240,2400,0.015749639504,99.8795277683,1.43348017168,8.8,1,8,1,1,1,20260917,setup_sweep
1289,22,2,245,2450,0.0160926553204,100.117929802,1.42688331372,8.775,1,8,1,1,1,20260917,setup_sweep
1290,22,2,250,2500,0.0164468852635,100.37092332,1.42084820896,8.75,1,8,1,1,1,20260917,setup_sweep
1291,22,2,255,2550,0.0168109097343,100.635921279,1.41524643372,8.725,1,8,1,1,1,20260917,setup_sweep
1292,22,2,260,2600,0.0171835222802,100.910731592,1.40998407445,8.7,1,8,1,1,1,20260917,setup_sweep
1293,22,2,265,2650,0.0175938614276,101.243433461,1.39291405943,8.675,1,8,1,1,1,20260917,setup_sweep
1294,22,2,270,2700,0.0180462019289,101.640308925,1.39488619267,8.65,1,8,1,1,1,20260917,setup_sweep
1295,22,2,275,2750,0.0185159666313,102.058268378,1.42506495113,8.625,1,8,1,1,1,20260917,setup_sweep
1296,22,2,280,2800,0.0188052519155,102.171822886,1.42387925015,8.6,1,8,1,1,1,20260917,setup_sweep
1297,22,2,285,2850,0.0190941304294,102.282828182,1.42270560571,8.575,1,8,1,1,1,20260917,setup_sweep
1298,22,2,290,2900,0.0193826074272,102.391335087,1.42154411786,8.55,1,8,1,1,1,20260917,setup_sweep
1299,23,2,0,0,0,85,1.48253700722,10,1,8,2,1,1,20260917,setup_sweep
1300,23,2,5,50,0.000249966075524,85.3305772783,1.46849061156,9.975,1,8,2,1,1,20260917,setup_sweep
1301,23,2,10,100,0.000525425951413,85.6978162285,1.45844980615,9.95,1,8,2,1,1,20260917,setup_sweep
1302,23,2,15,150,0.000821788458888,86.0935256879,1.45085141132,9.925,1,8,2,1,1,20260917,setup_sweep
1303,23,2,20,200,0.0011148329062,86.4771467646,1.45587719008,9.9,1,8,2,1,1,20260917,setup_sweep
1304,23,2,25,250,0.00141775570755,86.8708072522,1.45033882824,9.875,1,8,2,1,1,20260917,setup_sweep
1305,23,2,30,300,0.00173382057293,87.2796791321,1.44568354019,9.85,1,8,2,1,1,20260917,setup_sweep
1306,23,2,35,350,0.00206140968008,87.7008375909,1.44168054169,9.825,1,8,2,1,1,20260917,setup_sweep
1307,23,2,40,400,0.0023991589432,88.1318254054,1.43816480735,9.8,1,8,2,1,1,20260917,setup_sweep
1308,23,2,45,450,0.00274590383111,88.5705557022,1.43501442968,9.775,1,8,2,1,1,20260917,setup_sweep
1309,23,2,50,500,0.00310064063763,89.0152418483,1.43213713881,9.75,1,8,2,1,1,20260917,setup_sweep
1310,23,2,55,550,0.00346249768863,89.464344916,1.4294618142,9.725,1,8,2,1,1,20260917,setup_sweep
1311,23,2,60,600,0.00383071337427,89.9165332916,1.42693289479,9.7,1,8,2,1,1,20260917,setup_sweep
1312,23,2,65,650,0.00420461893001,90.3706507973,1.42450655427,9.675,1,8,2,1,1,20260917,setup_sweep
1313,23,2,70,700,0.00458362467316,90.8256910485,1.4221479993,9.65,1,8,2,1,1,20260917,setup_sweep
1314,23,2,75,750,0.00496720882352,91.2807765055,1.4198295082,9.625,1,8,2,1,1,20260917,setup_sweep
1315,23,2,80,800,0.00535490829978,91.7351411356,1.41752897337,9.6,1,8,2,1,1,20260917,setup_sweep
1316,23,2,85,850,0.00574631105596,92.1881159057,1.41522879567,9.575,1,8,2,1,1,20260917,setup_sweep
1317,23,2,90,900,0.00617387814059,92.6934634097,1.40083455861,9.55,1,8,2,1,1,20260917,setup_sweep
1318,23,2,95,950,0.00660943860406,93.2035757967,1.39939219903,9.525,1,8,2,1,1,20260917,setup_sweep
1319,23,2,100,1000,0.00716813284934,93.9087989353,1.43530675879,9.5,1,8,2,1,1,20260917,setup_sweep
1320,23,2,105,1050,0.00753213443484,94.2800232412,1.48302984779,9.475,1,8,2,1,1,20260917,setup_sweep
1321,23,2,110,1100,0.0077224762479,94.3586024546,1.48254749323,9.45,1,8,2,1,1,20260917,setup_sweep
1322,23,2,115,1150,0.00791276919176,94.4358020942,1.48206525776,9.425,1,8,2,1,1,20260917,setup_sweep
1323,23,2,120,1200,0.00810301330014,94.5116450181,1.48158328197,9.4,1,8,2,1,1,20260917,setup_sweep
1324,23,2,125,1250,0.00829404897938,94.5875520194,1.49371787746,9.375,1,8,2,1,1,20260917,setup_sweep
1325,23,2,130,1300,0.00851225586544,94.7071862497,1.47076021688,9.35,1,8,2,1,1,20260917,setup_sweep
1326,23,2,135,1350,0.00876269238472,94.8780953649,1.45519712041,9.325,1,8,2,1,1,20260917,setup_sweep
1327,23,2,140,1400,0.00903860035023,95.0882683093,1.44342554229,9.3,1,8,2,1,1,20260917,setup_sweep
1328,23,2,145,1450,0.0093353957257,95.3294826869,1.43396129264,9.275,1,8,2,1,1,20260917,setup_sweep
1329,23,2,150,1500,0.00964967173188,95.5955965179,1.42603294864,9.25,1,8,2,1,1,20260917,setup_sweep
1330,23,2,155,1550,0.00997876887642,95.8818038415,1.41918460508,9.225,1,8,2,1,1,20260917,setup_sweep
1331,23,2,160,1600,0.0103205468795,96.1842359379,1.41312368381,9.2,1,8,2,1,1,20260917,setup_sweep
1332,23,2,165,1650,0.0106732475356,96.4997193062,1.4076513777,9.175,1,8,2,1,1,20260917,setup_sweep
1333,23,2,170,1700,0.0110354050492,96.8256160481,1.40262686928,9.15,1,8,2,1,1,20260917,setup_sweep
1334,23,2,175,1750,0.0114057838169,97.1597122253,1.39794727109,9.125,1,8,2,1,1,20260917,setup_sweep
1335,23,2,180,1800,0.0117956167856,97.5205746844,1.39660275974,9.1,1,8,2,1,1,20260917,setup_sweep
1336,23,2,185,1850,0.0122455874026,97.9741890322,1.4528342554,9.075,1,8,2,1,1,20260917,setup_sweep
1337,23,2,190,1900,0.0124658627562,98.0407337667,1.49836341349,9.05,1,8,2,1,1,20260917,setup_sweep
1338,23,2,195,1950,0.012599336217,97.9631589089,1.49859445273,9.025,1,8,2,1,1,20260917,setup_sweep
1339,23,2,200,2000,0.0127328173649,97.8868789557,1.49881444716,9,1,8,2,1,1,20260917,setup_sweep
1340,23,2,205,2050,0.0128686191346,97.8157209812,1.50343848651,8.975,1,8,2,1,1,20260917,setup_sweep
1341,23,2,210,2100,0.0130468294112,97.8159315978,1.46942601371,8.95,1,8,2,1,1,20260917,setup_sweep
1342,23,2,215,2150,0.0132660546597,97.8838502326,1.45755845388,8.925,1,8,2,1,1,20260917,setup_sweep
1343,23,2,220,2200,0.0135020233709,97.9783336503,1.4429399668,8.9,1,8,2,1,1,20260917,setup_sweep
1344,23,2,225,2250,0.0137609311456,98.1091608893,1.43155077222,8.875,1,8,2,1,1,20260917,setup_sweep
1345,23,2,230,2300,0.0140391031354,98.2696597532,1.42217525295,8.85,1,8,2,1,1,20260917,setup_sweep
1346,23,2,235,2350,0.0143337572955,98.4547430257,1.41416641499,8.825,1,8,2,1,1,20260917,setup_sweep
1347,23,2,240,2400,0.0146426845072,98.6603540459,1.40713613294,8.8,1,8,2,1,1,20260917,setup_sweep
1348,23,2,245,2450,0.0149640770109,98.8831663078,1.40083262885,8.775,1,8,2,1,1,20260917,setup_sweep
1349,23,2,250,2500,0.0152964248215,99.1204002848,1.39508331199,8.75,1,8,2,1,1,20260917,setup_sweep
1350,23,2,255,2550,0.0156384478709,99.3697022886,1.38976495361,8.725,1,8,2,1,1,20260917,setup_sweep
1351,23,2,260,2600,0.015989048872,99.6290595572,1.3847867981,8.7,1,8,2,1,1,20260917,setup_sweep
1352,23,2,265,2650,0.0163754280486,99.9433387848,1.36838694567,8.675,1,8,2,1,1,20260917,setup_sweep
1353,23,2,270,2700,0.016838652025,100.379889493,1.3806922008,8.65,1,8,2,1,1,20260917,setup_sweep
1354,23,2,275,2750,0.0172344733443,100.696586593,1.41243685363,8.625,1,8,2,1,1,20260917,setup_sweep
1355,23,2,280,2800,0.0174761523025,100.753961962,1.41175352001,8.6,1,8,2,1,1,20260917,setup_sweep
1356,23,2,285,2850,0.0177176838761,100.810145397,1.41107634425,8.575,1,8,2,1,1,20260917,setup_sweep
1357,23,2,290,2900,0.0179590696275,100.865159182,1.41040529175,8.55,1,8,2,1,1,20260917,setup_sweep
1358,24,2,0,0,0,85,1.05490794155,10,1,8,3,3,1,20260917,setup_sweep
1359,24,2,5,50,0.00021733909601,85.2766920536,1.03838627378,9.975,1,8,3,3,1,20260917,setup_sweep
1360,24,2,10,100,0.000474606470699,85.6147751144,1.02702449048,9.95,1,8,3,3,1,20260917,setup_sweep
1361,24,2,15,150,0.000761514917169,85.9962469441,1.01919875937,9.925,1,8,3,3,1,20260917,setup_sweep
1362,24,2,20,200,0.00105172302962,86.3768001005,1.02107714565,9.9,1,8,3,3,1,20260917,setup_sweep
1363,24,2,25,250,0.00135620591159,86.7747059592,1.01612784585,9.875,1,8,3,3,1,20260917,setup_sweep
1364,24,2,30,300,0.00167713544812,87.1932132821,1.01211907182,9.85,1,8,3,3,1,20260917,setup_sweep
1365,24,2,35,350,0.00201219641624,87.6281558991,1.00877865485,9.825,1,8,3,3,1,20260917,setup_sweep
1366,24,2,40,400,0.00235949196749,88.0761277352,1.00592339271,9.8,1,8,3,3,1,20260917,setup_sweep
1367,24,2,45,450,0.00271744079773,88.5343003792,1.00342406562,9.775,1,8,3,3,1,20260917,setup_sweep
1368,24,2,50,500,0.00308470773038,89.0002988556,1.00118638344,9.75,1,8,3,3,1,20260917,setup_sweep
1369,24,2,55,550,0.00346015438066,89.4721126194,0.999139803085,9.725,1,8,3,3,1,20260917,setup_sweep
1370,24,2,60,600,0.00384280270081,89.9480293015,0.99723056814,9.7,1,8,3,3,1,20260917,setup_sweep
1371,24,2,65,650,0.00423180721933,90.4265839115,0.995417166098,9.675,1,8,3,3,1,20260917,setup_sweep
1372,24,2,70,700,0.00462643338391,90.9065189638,0.993667244509,9.65,1,8,3,3,1,20260917,setup_sweep
1373,24,2,75,750,0.00502604033852,91.3867525899,0.991955447447,9.625,1,8,3,3,1,20260917,setup_sweep
1374,24,2,80,800,0.00543006700702,91.86635264,0.990261854422,9.6,1,8,3,3,1,20260917,setup_sweep
1375,24,2,85,850,0.00587203723536,92.4008284694,0.980127662659,9.575,1,8,3,3,1,20260917,setup_sweep
1376,24,2,90,900,0.00632226118151,92.9400140896,0.97911258211,9.55,1,8,3,3,1,20260917,setup_sweep
1377,24,2,95,950,0.00683650837793,93.5767040523,0.987141238229,9.525,1,8,3,3,1,20260917,setup_sweep
1378,24,2,100,1000,0.00731550130738,94.143352566,1.02464450656,9.5,1,8,3,3,1,20260917,setup_sweep
1379,24,2,105,1050,0.00757445718125,94.3372607755,1.05659861201,9.475,1,8,3,3,1,20260917,setup_sweep
1380,24,2,110,1100,0.00773515194111,94.3658917368,1.05637804376,9.45,1,8,3,3,1,20260917,setup_sweep
1381,24,2,115,1150,0.00789582958783,94.3940211846,1.05615816812,9.425,1,8,3,3,1,20260917,setup_sweep
1382,24,2,120,1200,0.00805649018597,94.4216575147,1.05593898793,9.4,1,8,3,3,1,20260917,setup_sweep
1383,24,2,125,1250,0.00821768013873,94.4497180404,1.05874149651,9.375,1,8,3,3,1,20260917,setup_sweep
1384,24,2,130,1300,0.0084067369043,94.5234665044,1.04033110626,9.35,1,8,3,3,1,20260917,setup_sweep
1385,24,2,135,1350,0.00864122946538,94.6710891801,1.0246881565,9.325,1,8,3,3,1,20260917,setup_sweep
1386,24,2,140,1400,0.00891094981028,94.8744727679,1.01380138922,9.3,1,8,3,3,1,20260917,setup_sweep
1387,24,2,145,1450,0.00920781143116,95.119341887,1.00560005433,9.275,1,8,3,3,1,20260917,setup_sweep
1388,24,2,150,1500,0.00952664455313,95.3964697268,0.999027420317,9.25,1,8,3,3,1,20260917,setup_sweep
1389,24,2,155,1550,0.00986362275561,95.6990008778,0.99353161058,9.225,1,8,3,3,1,20260917,setup_sweep
1390,24,2,160,1600,0.0102157799185,96.0216144471,0.988786236126,9.2,1,8,3,3,1,20260917,setup_sweep
1391,24,2,165,1650,0.0105807497567,96.3600684953,0.984582161256,9.175,1,8,3,3,1,20260917,setup_sweep
1392,24,2,170,1700,0.0109566073274,96.7109203929,0.980777728198,9.15,1,8,3,3,1,20260917,setup_sweep
1393,24,2,175,1750,0.0113417645531,97.0713410125,0.977273052242,9.125,1,8,3,3,1,20260917,setup_sweep
1394,24,2,180,1800,0.011805817141,97.5564645013,0.997042239164,9.1,1,8,3,3,1,20260917,setup_sweep
1395,24,2,185,1850,0.0121242644851,97.7922095324,1.03488245106,9.075,1,8,3,3,1,20260917,setup_sweep
1396,24,2,190,1900,0.0122988436525,97.7864302398,1.06142886507,9.05,1,8,3,3,1,20260917,setup_sweep
1397,24,2,195,1950,0.0124233852396,97.6982955582,1.0616350269,9.025,1,8,3,3,1,20260917,setup_sweep
1398,24,2,200,2000,0.0125479333667,97.611628424,1.06183192337,9,1,8,3,3,1,20260917,setup_sweep
1399,24,2,205,2050,0.0126738507799,97.5286720457,1.06153092443,8.975,1,8,3,3,1,20260917,setup_sweep
1400,24,2,210,2100,0.0128271324568,97.4923845064,1.04236865806,8.95,1,8,3,3,1,20260917,setup_sweep
1401,24,2,215,2150,0.0130184794805,97.5195934666,1.03135625674,8.925,1,8,3,3,1,20260917,setup_sweep
1402,24,2,220,2200,0.0132382334993,97.593324965,1.01760068677,8.9,1,8,3,3,1,20260917,setup_sweep
1403,24,2,225,2250,0.0134901435822,97.7189644392,1.00702849843,8.875,1,8,3,3,1,20260917,setup_sweep
1404,24,2,230,2300,0.013767049098,97.8838301356,0.998853698531,8.85,1,8,3,3,1,20260917,setup_sweep
1405,24,2,235,2350,0.0140646950598,98.0802437724,0.992160145754,8.825,1,8,3,3,1,20260917,setup_sweep
1406,24,2,240,2400,0.0143798779998,98.3023908441,0.986462684834,8.8,1,8,3,3,1,20260917,setup_sweep
1407,24,2,245,2450,0.0147100711605,98.5456708765,0.981471684324,8.775,1,8,3,3,1,20260917,setup_sweep
1408,24,2,250,2500,0.0150532225162,98.8063437612,0.977000165142,8.75,1,8,3,3,1,20260917,setup_sweep
1409,24,2,255,2550,0.0154076321323,99.0813129495,0.97292059379,8.725,1,8,3,3,1,20260917,setup_sweep
1410,24,2,260,2600,0.0157718714221,99.3679814263,0.969142395388,8.7,1,8,3,3,1,20260917,setup_sweep
1411,24,2,265,2650,0.016174202135,99.7129464417,0.957384335073,8.675,1,8,3,3,1,20260917,setup_sweep
1412,24,2,270,2700,0.0166718782045,100.209218338,0.988609332804,8.65,1,8,3,3,1,20260917,setup_sweep
1413,24,2,275,2750,0.0169487090284,100.332318534,1.01290040745,8.625,1,8,3,3,1,20260917,setup_sweep
1414,24,2,280,2800,0.0171386262532,100.310160413,1.01282089151,8.6,1,8,3,3,1,20260917,setup_sweep
1415,24,2,285,2850,0.0173285351951,100.288354841,1.01273950937,8.575,1,8,3,3,1,20260917,setup_sweep
1416,24,2,290,2900,0.0175184355474,100.266895486,1.01265630048,8.55,1,8,3,3,1,20260917,setup_sweep
1417,25,2,0,0,0,85,1.51735566256,10,1,9,1,1,1,20260917,setup_sweep
1418,25,2,5,50,0.00026701651382,85.3587575104,1.50431755922,9.975,1,9,1,1,1,20260917,setup_sweep
1419,25,2,10,100,0.000558795229488,85.7525017406,1.49496126408,9.95,1,9,1,1,1,20260917,setup_sweep
1420,25,2,15,150,0.000870713378059,86.1730167788,1.48790638091,9.925,1,9,1,1,1,20260917,setup_sweep
1421,25,2,20,200,0.00117334716818,86.5711581509,1.49657801331,9.9,1,9,1,1,1,20260917,setup_sweep
1422,25,2,25,250,0.00148398910549,86.9760220596,1.49127645896,9.875,1,9,1,1,1,20260917,setup_sweep
1423,25,2,30,300,0.00180713541417,87.3948579996,1.48685368998,9.85,1,9,1,1,1,20260917,setup_sweep
1424,25,2,35,350,0.00214109961853,87.8246482081,1.48307788852,9.825,1,9,1,1,1,20260917,setup_sweep
1425,25,2,40,400,0.0024844662163,88.262872535,1.47978265193,9.8,1,9,1,1,1,20260917,setup_sweep
1426,25,2,45,450,0.00283603453241,88.707407459,1.4768448698,9.775,1,9,1,1,1,20260917,setup_sweep
1427,25,2,50,500,0.00319477789856,89.1564520878,1.4741714034,9.75,1,9,1,1,1,20260917,setup_sweep
1428,25,2,55,550,0.00355981288986,89.6084719966,1.47169061823,9.725,1,9,1,1,1,20260917,setup_sweep
1429,25,2,60,600,0.00393037556527,90.062155566,1.4693467608,9.7,1,9,1,1,1,20260917,setup_sweep
1430,25,2,65,650,0.00430580264698,90.5163792,1.46709608197,9.675,1,9,1,1,1,20260917,setup_sweep
1431,25,2,70,700,0.00468551634686,90.9701791461,1.46490408041,9.65,1,9,1,1,1,20260917,setup_sweep
1432,25,2,75,750,0.00506901195795,91.422728349,1.46274349021,9.625,1,9,1,1,1,20260917,setup_sweep
1433,25,2,80,800,0.00545584758715,91.873317225,1.4605927784,9.6,1,9,1,1,1,20260917,setup_sweep
1434,25,2,85,850,0.00584563557637,92.321337544,1.45843500132,9.575,1,9,1,1,1,20260917,setup_sweep
1435,25,2,90,900,0.00628226389613,92.8394874902,1.44032980986,9.55,1,9,1,1,1,20260917,setup_sweep
1436,25,2,95,950,0.00672732595583,93.3628857055,1.43922213787,9.525,1,9,1,1,1,20260917,setup_sweep
1437,25,2,100,1000,0.00726658631322,94.0338248956,1.46907371557,9.5,1,9,1,1,1,20260917,setup_sweep
1438,25,2,105,1050,0.0076661602396,94.4617005639,1.52061349412,9.475,1,9,1,1,1,20260917,setup_sweep
1439,25,2,110,1100,0.00786795518212,94.5562072365,1.52004777722,9.45,1,9,1,1,1,20260917,setup_sweep
1440,25,2,115,1150,0.00806968459415,94.6490435388,1.51948150563,9.425,1,9,1,1,1,20260917,setup_sweep
1441,25,2,120,1200,0.00827134844126,94.7402370227,1.51891490075,9.4,1,9,1,1,1,20260917,setup_sweep
1442,25,2,125,1250,0.00847327855472,94.8303670036,1.5314248439,9.375,1,9,1,1,1,20260917,setup_sweep
1443,25,2,130,1300,0.00870117862487,94.9620120566,1.50797661375,9.35,1,9,1,1,1,20260917,setup_sweep
1444,25,2,135,1350,0.00896230630299,95.1463818462,1.49208597166,9.325,1,9,1,1,1,20260917,setup_sweep
1445,25,2,140,1400,0.00924943398685,95.3706656833,1.48012021221,9.3,1,9,1,1,1,20260917,setup_sweep
1446,25,2,145,1450,0.00955760357298,95.6260123498,1.47055312173,9.275,1,9,1,1,1,20260917,setup_sweep
1447,25,2,150,1500,0.00988311894297,95.9058014461,1.46258349522,9.25,1,9,1,1,1,20260917,setup_sweep
1448,25,2,155,1550,0.0102231003874,96.2048707145,1.45573509535,9.225,1,9,1,1,1,20260917,setup_sweep
1449,25,2,160,1600,0.0105752430485,96.5190929645,1.4497013192,9.2,1,9,1,1,1,20260917,setup_sweep
1450,25,2,165,1650,0.0109376688479,96.845114366,1.44427356293,9.175,1,9,1,1,1,20260917,setup_sweep
1451,25,2,170,1700,0.0113088280149,97.1801789885,1.43930411627,9.15,1,9,1,1,1,20260917,setup_sweep
1452,25,2,175,1750,0.0116874297337,97.5220043385,1.43468524084,9.125,1,9,1,1,1,20260917,setup_sweep
1453,25,2,180,1800,0.0120723913214,97.8686895658,1.43173068266,9.1,1,9,1,1,1,20260917,setup_sweep
1454,25,2,185,1850,0.0125431228768,98.3510440782,1.48878879965,9.075,1,9,1,1,1,20260917,setup_sweep
1455,25,2,190,1900,0.0127763703243,98.4327448437,1.53784549829,9.05,1,9,1,1,1,20260917,setup_sweep
1456,25,2,195,1950,0.012913295002,98.3543949757,1.53810236311,9.025,1,9,1,1,1,20260917,setup_sweep
1457,25,2,200,2000,0.0130502288042,98.2773551978,1.53834740188,9,1,9,1,1,1,20260917,setup_sweep
1458,25,2,205,2050,0.0131897204913,98.2058447221,1.54225843828,8.975,1,9,1,1,1,20260917,setup_sweep
1459,25,2,210,2100,0.0133765514214,98.213861543,1.50490929953,8.95,1,9,1,1,1,20260917,setup_sweep
1460,25,2,215,2150,0.0136047602033,98.2900454826,1.4950962037,8.925,1,9,1,1,1,20260917,setup_sweep
1461,25,2,220,2200,0.0138472838219,98.3886501324,1.4802620673,8.9,1,9,1,1,1,20260917,setup_sweep
1462,25,2,225,2250,0.014112949777,98.5238658961,1.46874393027,8.875,1,9,1,1,1,20260917,setup_sweep
1463,25,2,230,2300,0.0143978487676,98.6886287491,1.45930163125,8.85,1,9,1,1,1,20260917,setup_sweep
1464,25,2,235,2350,0.0146990094391,98.8775407243,1.45127086469,8.825,1,9,1,1,1,20260917,setup_sweep
1465,25,2,240,2400,0.0150140720966,99.0863035533,1.44425155975,8.8,1,9,1,1,1,20260917,setup_sweep
1466,25,2,245,2450,0.0153411109362,99.3114068733,1.43798356379,8.775,1,9,1,1,1,20260917,setup_sweep
1467,25,2,250,2500,0.0156785251194,99.549935272,1.43228830877,8.75,1,9,1,1,1,20260917,setup_sweep
1468,25,2,255,2550,0.0160249664235,99.79943893,1.4270382401,8.725,1,9,1,1,1,20260917,setup_sweep
1469,25,2,260,2600,0.0163792883217,100.057841799,1.42213944241,8.7,1,9,1,1,1,20260917,setup_sweep
1470,25,2,265,2650,0.0167751936401,100.380794466,1.40227131665,8.675,1,9,1,1,1,20260917,setup_sweep
1471,25,2,270,2700,0.0172179472411,100.776130295,1.40872927373,8.65,1,9,1,1,1,20260917,setup_sweep
1472,25,2,275,2750,0.0176581808607,101.159573706,1.44168020619,8.625,1,9,1,1,1,20260917,setup_sweep
1473,25,2,280,2800,0.0179227338968,101.247103862,1.44073830318,8.6,1,9,1,1,1,20260917,setup_sweep
1474,25,2,285,2850,0.0181870343022,101.332769717,1.43980529117,8.575,1,9,1,1,1,20260917,setup_sweep
1475,25,2,290,2900,0.018451084997,101.416606911,1.43888119768,8.55,1,9,1,1,1,20260917,setup_sweep
1476,26,2,0,0,0,85,1.48819727663,10,1,9,2,1,1,20260917,setup_sweep
1477,26,2,5,50,0.000236871011275,85.3089332177,1.47307790407,9.975,1,9,2,1,1,20260917,setup_sweep
1478,26,2,10,100,0.00049922827074,85.6548730227,1.46241261612,9.95,1,9,2,1,1,20260917,setup_sweep
1479,26,2,15,150,0.000782370826219,86.0294412774,1.45441630523,9.925,1,9,2,1,1,20260917,setup_sweep
1480,26,2,20,200,0.00106012392779,86.3888410997,1.46145154364,9.9,1,9,2,1,1,20260917,setup_sweep
1481,26,2,25,250,0.00134672470233,86.7569819344,1.45582052254,9.875,1,9,2,1,1,20260917,setup_sweep
1482,26,2,30,300,0.00164590392614,87.1398244648,1.45112209653,9.85,1,9,2,1,1,20260917,setup_sweep
1483,26,2,35,350,0.00195607478685,87.5345035461,1.44711638883,9.825,1,9,2,1,1,20260917,setup_sweep
1484,26,2,40,400,0.00227589997019,87.9386136348,1.44363254567,9.8,1,9,2,1,1,20260917,setup_sweep
1485,26,2,45,450,0.00260423849276,88.3501133567,1.44054462246,9.775,1,9,2,1,1,20260917,setup_sweep
1486,26,2,50,500,0.00294010786984,88.7672569824,1.43775737176,9.75,1,9,2,1,1,20260917,setup_sweep
1487,26,2,55,550,0.00328265596914,89.188543037,1.43519735912,9.725,1,9,2,1,1,20260917,setup_sweep
1488,26,2,60,600,0.00363113952545,89.6126747627,1.43280714648,9.7,1,9,2,1,1,20260917,setup_sweep
1489,26,2,65,650,0.00398490726949,90.0385288577,1.43054133011,9.675,1,9,2,1,1,20260917,setup_sweep
1490,26,2,70,700,0.00434338640044,90.4651302574,1.42836375162,9.65,1,9,2,1,1,20260917,setup_sweep
1491,26,2,75,750,0.00470607155965,90.8916314633,1.42624547904,9.625,1,9,2,1,1,20260917,setup_sweep
1492,26,2,80,800,0.00507251572014,91.3172953806,1.42416330998,9.6,1,9,2,1,1,20260917,setup_sweep
1493,26,2,85,850,0.00544232257325,91.741480912,1.42209863849,9.575,1,9,2,1,1,20260917,setup_sweep
1494,26,2,90,900,0.00585409418263,92.228118565,1.4047411157,9.55,1,9,2,1,1,20260917,setup_sweep
1495,26,2,95,950,0.00627463103687,92.7210889045,1.40363309092,9.525,1,9,2,1,1,20260917,setup_sweep
1496,26,2,100,1000,0.00680619138514,93.3894734436,1.44373921641,9.5,1,9,2,1,1,20260917,setup_sweep
1497,26,2,105,1050,0.00714683961109,93.7306874396,1.48927476669,9.475,1,9,2,1,1,20260917,setup_sweep
1498,26,2,110,1100,0.00732927834976,93.8052837673,1.48883705414,9.45,1,9,2,1,1,20260917,setup_sweep
1499,26,2,115,1150,0.00751167962933,93.8785852117,1.48839910486,9.425,1,9,2,1,1,20260917,setup_sweep
1500,26,2,120,1200,0.00769404344018,93.9506131595,1.48796105181,9.4,1,9,2,1,1,20260917,setup_sweep
1501,26,2,125,1250,0.00787749069179,94.0232537502,1.49885020307,9.375,1,9,2,1,1,20260917,setup_sweep
1502,26,2,130,1300,0.00808836026806,94.1400845825,1.47572226108,9.35,1,9,2,1,1,20260917,setup_sweep
1503,26,2,135,1350,0.00833030967721,94.3063368967,1.46013359664,9.325,1,9,2,1,1,20260917,setup_sweep
1504,26,2,140,1400,0.00859682539261,94.5104343452,1.44840526401,9.3,1,9,2,1,1,20260917,setup_sweep
1505,26,2,145,1450,0.00888346746772,94.7444159882,1.43903363239,9.275,1,9,2,1,1,20260917,setup_sweep
1506,26,2,150,1500,0.0091869208698,95.0023105323,1.43123752097,9.25,1,9,2,1,1,20260917,setup_sweep
1507,26,2,155,1550,0.0095045879302,95.2794304586,1.42455432824,9.225,1,9,2,1,1,20260917,setup_sweep
1508,26,2,160,1600,0.00983437248128,95.5719942774,1.41868628905,9.2,1,9,2,1,1,20260917,setup_sweep
1509,26,2,165,1650,0.010174549831,95.8768967697,1.41343038517,9.175,1,9,2,1,1,20260917,setup_sweep
1510,26,2,170,1700,0.01052368139,96.1915567729,1.40864230932,9.15,1,9,2,1,1,20260917,setup_sweep
1511,26,2,175,1750,0.0108805550617,96.513810036,1.40421624987,9.125,1,9,2,1,1,20260917,setup_sweep
1512,26,2,180,1800,0.0112560195169,96.8615937911,1.40556859373,9.1,1,9,2,1,1,20260917,setup_sweep
1513,26,2,185,1850,0.0116830130194,97.2881037714,1.46438412736,9.075,1,9,2,1,1,20260917,setup_sweep
1514,26,2,190,1900,0.011892080316,97.3475191661,1.50413995722,9.05,1,9,2,1,1,20260917,setup_sweep
1515,26,2,195,1950,0.0120237085561,97.2783522502,1.50429655672,9.025,1,9,2,1,1,20260917,setup_sweep
1516,26,2,200,2000,0.0121553418324,97.2103368867,1.5044441887,9,1,9,2,1,1,20260917,setup_sweep
1517,26,2,205,2050,0.0122893227949,97.1473519609,1.50865718959,8.975,1,9,2,1,1,20260917,setup_sweep
1518,26,2,210,2100,0.0124645675846,97.1537022556,1.47484738617,8.95,1,9,2,1,1,20260917,setup_sweep
1519,26,2,215,2150,0.0126781098636,97.22316623,1.46492374115,8.925,1,9,2,1,1,20260917,setup_sweep
1520,26,2,220,2200,0.0129054050298,97.3142297098,1.45080343516,8.9,1,9,2,1,1,20260917,setup_sweep
1521,26,2,225,2250,0.013154018486,97.4390153937,1.43979318735,8.875,1,9,2,1,1,20260917,setup_sweep
1522,26,2,230,2300,0.013420555318,97.5913568459,1.43074501242,8.85,1,9,2,1,1,20260917,setup_sweep
1523,26,2,235,2350,0.0137024244943,97.7665173958,1.42304191606,8.825,1,9,2,1,1,20260917,setup_sweep
1524,26,2,240,2400,0.0139975563338,97.9606999421,1.41631062371,8.8,1,9,2,1,1,20260917,setup_sweep
1525,26,2,245,2450,0.0143042496665,98.170778985,1.41030714114,8.775,1,9,2,1,1,20260917,setup_sweep
1526,26,2,250,2500,0.01462107895,98.3941360951,1.40486303969,8.75,1,9,2,1,1,20260917,setup_sweep
1527,26,2,255,2550,0.0149468330415,98.6285503815,1.39985727439,8.725,1,9,2,1,1,20260917,setup_sweep
1528,26,2,260,2600,0.0152804723831,98.8721211874,1.39520014399,8.7,1,9,2,1,1,20260917,setup_sweep
1529,26,2,265,2650,0.015653188482,99.1763377786,1.37619720861,8.675,1,9,2,1,1,20260917,setup_sweep
1530,26,2,270,2700,0.0161042973965,99.6055323892,1.39361045318,8.65,1,9,2,1,1,20260917,setup_sweep
1531,26,2,275,2750,0.0164731101371,99.8904030942,1.42559829589,8.625,1,9,2,1,1,20260917,setup_sweep
1532,26,2,280,2800,0.0166984007918,99.9340161333,1.42503611842,8.6,1,9,2,1,1,20260917,setup_sweep
1533,26,2,285,2850,0.0169235948506,99.9767486552,1.42447841234,8.575,1,9,2,1,1,20260917,setup_sweep
1534,26,2,290,2900,0.0171486932094,100.018616695,1.42392514315,8.55,1,9,2,1,1,20260917,setup_sweep
1535,27,2,0,0,0,85,1.05737792601,10,1,9,3,3,1,20260917,setup_sweep
1536,27,2,5,50,0.000209005774594,85.2629156871,1.0404562611,9.975,1,9,3,3,1,20260917,setup_sweep
1537,27,2,10,100,0.000456904335344,85.5857390492,1.02889049844,9.95,1,9,3,3,1,20260917,setup_sweep
1538,27,2,15,150,0.000733580237812,85.9507761752,1.02094815786,9.925,1,9,3,3,1,20260917,setup_sweep
1539,27,2,20,200,0.00101073383527,86.3104959261,1.02436751733,9.9,1,9,3,3,1,20260917,setup_sweep
1540,27,2,25,250,0.00130062566136,86.6853786246,1.01945143849,9.875,1,9,3,3,1,20260917,setup_sweep
1541,27,2,30,300,0.00160603260399,87.0797038704,1.01548614584,9.85,1,9,3,3,1,20260917,setup_sweep
1542,27,2,35,350,0.00192473515516,87.4894827951,1.01220126222,9.825,1,9,3,3,1,20260917,setup_sweep
1543,27,2,40,400,0.00225491103297,87.9114487582,1.00941454974,9.8,1,9,3,3,1,20260917,setup_sweep
1544,27,2,45,450,0.00259503912406,88.342886729,1.0069972237,9.775,1,9,3,3,1,20260917,setup_sweep
1545,27,2,50,500,0.00294383446865,88.7815167608,1.00485509793,9.75,1,9,3,3,1,20260917,setup_sweep
1546,27,2,55,550,0.00330020185239,89.2254101253,1.00291752626,9.725,1,9,3,3,1,20260917,setup_sweep
1547,27,2,60,600,0.00366320132706,89.67292654,1.00113051883,9.7,1,9,3,3,1,20260917,setup_sweep
1548,27,2,65,650,0.00403202179593,90.1226657552,0.999452246987,9.675,1,9,3,3,1,20260917,setup_sweep
1549,27,2,70,700,0.00440596027191,90.5734293145,0.997849988955,9.65,1,9,3,3,1,20260917,setup_sweep
1550,27,2,75,750,0.00478440528104,91.0241897949,0.996297984987,9.625,1,9,3,3,1,20260917,setup_sweep
1551,27,2,80,800,0.00516682337243,91.4740656895,0.983294969926,9.6,1,9,3,3,1,20260917,setup_sweep
1552,27,2,85,850,0.00560291135062,92.0052023883,0.982686575151,9.575,1,9,3,3,1,20260917,setup_sweep
1553,27,2,90,900,0.00603743325878,92.5249721821,0.981929293279,9.55,1,9,3,3,1,20260917,setup_sweep
1554,27,2,95,950,0.00654159087852,93.1518305211,0.994998206737,9.525,1,9,3,3,1,20260917,setup_sweep
1555,27,2,100,1000,0.00696986028228,93.6417640038,1.03121263158,9.5,1,9,3,3,1,20260917,setup_sweep
1556,27,2,105,1050,0.00721221103569,93.8165652399,1.05984810046,9.475,1,9,3,3,1,20260917,setup_sweep
1557,27,2,110,1100,0.00736861295928,93.8467071127,1.05963503008,9.45,1,9,3,3,1,20260917,setup_sweep
1558,27,2,115,1150,0.0075250002815,93.8763266503,1.05942252484,9.425,1,9,3,3,1,20260917,setup_sweep
1559,27,2,120,1200,0.00768137304754,93.9054325609,1.05921059011,9.4,1,9,3,3,1,20260917,setup_sweep
1560,27,2,125,1250,0.00783834824216,93.9350599358,1.06164174742,9.375,1,9,3,3,1,20260917,setup_sweep
1561,27,2,130,1300,0.00802271074127,94.0095535801,1.0429843745,9.35,1,9,3,3,1,20260917,setup_sweep
1562,27,2,135,1350,0.00825115791038,94.1556732544,1.02737457541,9.325,1,9,3,3,1,20260917,setup_sweep
1563,27,2,140,1400,0.00851309886207,94.3547147336,1.01664191839,9.3,1,9,3,3,1,20260917,setup_sweep
1564,27,2,145,1450,0.00880098515913,94.5933374507,1.00857503246,9.275,1,9,3,3,1,20260917,setup_sweep
1565,27,2,150,1500,0.00910987062004,94.8627153737,1.00214069907,9.25,1,9,3,3,1,20260917,setup_sweep
1566,27,2,155,1550,0.00943606522031,95.1562432522,0.996794425728,9.225,1,9,3,3,1,20260917,setup_sweep
1567,27,2,160,1600,0.00977669304266,95.4687699274,0.992211657352,9.2,1,9,3,3,1,20260917,setup_sweep
1568,27,2,165,1650,0.010129452001,95.7961774393,0.988182990273,9.175,1,9,3,3,1,20260917,setup_sweep
1569,27,2,170,1700,0.0104924662961,96.1351202225,0.98456570979,9.15,1,9,3,3,1,20260917,setup_sweep
1570,27,2,175,1750,0.0108641881799,96.4828500503,0.981258629932,9.125,1,9,3,3,1,20260917,setup_sweep
1571,27,2,180,1800,0.0113054355659,96.9398049491,1.00538180388,9.1,1,9,3,3,1,20260917,setup_sweep
1572,27,2,185,1850,0.0115994205998,97.1453722761,1.04106384848,9.075,1,9,3,3,1,20260917,setup_sweep
1573,27,2,190,1900,0.0117684747973,97.1411775585,1.06494739585,9.05,1,9,3,3,1,20260917,setup_sweep
1574,27,2,195,1950,0.011891837381,97.0617592402,1.06509751615,9.025,1,9,3,3,1,20260917,setup_sweep
1575,27,2,200,2000,0.012015204558,96.9836611828,1.06523999617,9,1,9,3,3,1,20260917,setup_sweep
1576,27,2,205,2050,0.012139949258,96.9091459734,1.06485692096,8.975,1,9,3,3,1,20260917,setup_sweep
1577,27,2,210,2100,0.0122912947577,96.8798953396,1.04570168309,8.95,1,9,3,3,1,20260917,setup_sweep
1578,27,2,215,2150,0.0124794846812,96.9120052139,1.03546167816,8.925,1,9,3,3,1,20260917,setup_sweep
1579,27,2,220,2200,0.0126935973181,96.9864483659,1.02201521954,8.9,1,9,3,3,1,20260917,setup_sweep
1580,27,2,225,2250,0.0129371072211,97.108229552,1.01193170582,8.875,1,9,3,3,1,20260917,setup_sweep
1581,27,2,230,2300,0.0132036776427,97.2661036051,1.00410799927,8.85,1,9,3,3,1,20260917,setup_sweep
1582,27,2,235,2350,0.0134894193506,97.4530482078,0.99770487531,8.825,1,9,3,3,1,20260917,setup_sweep
1583,27,2,240,2400,0.0137913721711,97.6636917378,0.992269993508,8.8,1,9,3,3,1,20260917,setup_sweep
1584,27,2,245,2450,0.0141071835438,97.8937551537,0.987529641178,8.775,1,9,3,3,1,20260917,setup_sweep
1585,27,2,250,2500,0.014434932701,98.1397435367,0.983305139399,8.75,1,9,3,3,1,20260917,setup_sweep
1586,27,2,255,2550,0.0147730226454,98.3987546894,0.979473443504,8.725,1,9,3,3,1,20260917,setup_sweep
1587,27,2,260,2600,0.0151201082628,98.6683505787,0.975946420473,8.7,1,9,3,3,1,20260917,setup_sweep
1588,27,2,265,2650,0.0155173573214,99.0165837991,0.965176159669,8.675,1,9,3,3,1,20260917,setup_sweep
1589,27,2,270,2700,0.015976568589,99.4606943437,0.998307158034,8.65,1,9,3,3,1,20260917,setup_sweep
1590,27,2,275,2750,0.0162335438465,99.5634088899,1.02020087287,8.625,1,9,3,3,1,20260917,setup_sweep
1591,27,2,280,2800,0.016415250346,99.5403885952,1.02012465055,8.6,1,9,3,3,1,20260917,setup_sweep
1592,27,2,285,2850,0.0165969502379,99.5177378705,1.0200465701,8.575,1,9,3,3,1,20260917,setup_sweep
1593,27,2,290,2900,0.0167786432642,99.495450181,1.01996667152,8.55,1,9,3,3,1,20260917,setup_sweep
1594,28,2,0,0,0,85,1.50939345286,10,1,10,1,1,1,20260917,setup_sweep
1595,28,2,5,50,0.00028531469089,85.3890010919,1.4976150366,9.975,1,10,1,1,1,20260917,setup_sweep
1596,28,2,10,100,0.000595305514794,85.8123476045,1.48897520462,9.95,1,10,1,1,1,20260917,setup_sweep
1597,28,2,15,150,0.000925642414052,86.2623176766,1.4823393633,9.925,1,10,1,1,1,20260917,setup_sweep
1598,28,2,20,200,0.00124701936911,86.6899636985,1.49013227437,9.9,1,10,1,1,1,20260917,setup_sweep
1599,28,2,25,250,0.00157696043175,87.1247639112,1.48496721323,9.875,1,10,1,1,1,20260917,setup_sweep
1600,28,2,30,300,0.00192003106387,87.5740747865,1.48059021165,9.85,1,10,1,1,1,20260917,setup_sweep
1601,28,2,35,350,0.00227457010311,88.0349114645,1.47679043429,9.825,1,10,1,1,1,20260917,setup_sweep
1602,28,2,40,400,0.00263917440151,88.5047647444,1.47341514727,9.8,1,10,1,1,1,20260917,setup_sweep
1603,28,2,45,450,0.00301264613772,88.9815061757,1.47035060505,9.775,1,10,1,1,1,20260917,setup_sweep
1604,28,2,50,500,0.00339395422811,89.4633180082,1.46751035136,9.75,1,10,1,1,1,20260917,setup_sweep
1605,28,2,55,550,0.00378220525392,89.9486400205,1.46482769003,9.725,1,10,1,1,1,20260917,setup_sweep
1606,28,2,60,600,0.00417662093689,90.436128046,1.46225063068,9.7,1,10,1,1,1,20260917,setup_sweep
1607,28,2,65,650,0.00457652029776,90.9246209216,1.45973837401,9.675,1,10,1,1,1,20260917,setup_sweep
1608,28,2,70,700,0.00498130528003,91.4131137067,1.45725879405,9.65,1,10,1,1,1,20260917,setup_sweep
1609,28,2,75,750,0.00539044900006,91.9007356863,1.45478658798,9.625,1,10,1,1,1,20260917,setup_sweep
1610,28,2,80,800,0.00580348602864,92.3867320925,1.45230188645,9.6,1,10,1,1,1,20260917,setup_sweep
1611,28,2,85,850,0.00622000427077,92.8704487703,1.44978918972,9.575,1,10,1,1,1,20260917,setup_sweep
1612,28,2,90,900,0.00668072001426,93.4193291892,1.43300915676,9.55,1,10,1,1,1,20260917,setup_sweep
1613,28,2,95,950,0.00715032912999,93.973718902,1.43130178498,9.525,1,10,1,1,1,20260917,setup_sweep
1614,28,2,100,1000,0.0077349346039,94.7094191223,1.46195416286,9.5,1,10,1,1,1,20260917,setup_sweep
1615,28,2,105,1050,0.00815341858372,95.1573951023,1.51140960252,9.475,1,10,1,1,1,20260917,setup_sweep
1616,28,2,110,1100,0.00836661265469,95.2592440059,1.51076692548,9.45,1,10,1,1,1,20260917,setup_sweep
1617,28,2,115,1150,0.00857971773328,95.3592624039,1.51012417335,9.425,1,10,1,1,1,20260917,setup_sweep
1618,28,2,120,1200,0.00879273386904,95.4574806337,1.50948159685,9.4,1,10,1,1,1,20260917,setup_sweep
1619,28,2,125,1250,0.00900554177113,95.553730003,1.52325213809,9.375,1,10,1,1,1,20260917,setup_sweep
1620,28,2,130,1300,0.00924327443156,95.6896735669,1.50026845194,9.35,1,10,1,1,1,20260917,setup_sweep
1621,28,2,135,1350,0.00951549624713,95.8803559052,1.48444402906,9.325,1,10,1,1,1,20260917,setup_sweep
1622,28,2,140,1400,0.0098149382082,96.1128645678,1.47236868572,9.3,1,10,1,1,1,20260917,setup_sweep
1623,28,2,145,1450,0.0101365994621,96.3782460823,1.46258681924,9.275,1,10,1,1,1,20260917,setup_sweep
1624,28,2,150,1500,0.0104767453388,96.6697864178,1.4543302909,9.25,1,10,1,1,1,20260917,setup_sweep
1625,28,2,155,1550,0.0108324590492,96.9822336608,1.44714186741,9.225,1,10,1,1,1,20260917,setup_sweep
1626,28,2,160,1600,0.0112013978962,97.3113711865,1.44072725408,9.2,1,10,1,1,1,20260917,setup_sweep
1627,28,2,165,1650,0.0115816440784,97.6537540947,1.4348864317,9.175,1,10,1,1,1,20260917,setup_sweep
1628,28,2,170,1700,0.011971605887,98.0065332282,1.42947797531,9.15,1,10,1,1,1,20260917,setup_sweep
1629,28,2,175,1750,0.0123699485267,98.3673310342,1.424398907,9.125,1,10,1,1,1,20260917,setup_sweep
1630,28,2,180,1800,0.012775543635,98.7341503659,1.42031162263,9.1,1,10,1,1,1,20260917,setup_sweep
1631,28,2,185,1850,0.0132755274816,99.2503725621,1.4768727866,9.075,1,10,1,1,1,20260917,setup_sweep
1632,28,2,190,1900,0.0135186779899,99.3335339424,1.52877594275,9.05,1,10,1,1,1,20260917,setup_sweep
1633,28,2,195,1950,0.013658167872,99.2445352607,1.52914341916,9.025,1,10,1,1,1,20260917,setup_sweep
1634,28,2,200,2000,0.0137976716332,99.1570305369,1.52949600758,9,1,10,1,1,1,20260917,setup_sweep
1635,28,2,205,2050,0.0139397507863,99.0752571642,1.53380534228,8.975,1,10,1,1,1,20260917,setup_sweep
1636,28,2,210,2100,0.0141311028655,99.0763829919,1.49604463198,8.95,1,10,1,1,1,20260917,setup_sweep
1637,28,2,215,2150,0.0143663551055,99.1499575503,1.4852070814,8.925,1,10,1,1,1,20260917,setup_sweep
1638,28,2,220,2200,0.0146180135823,99.2494517231,1.47002808215,8.9,1,10,1,1,1,20260917,setup_sweep
1639,28,2,225,2250,0.0148945220197,99.3883642645,1.45817790932,8.875,1,10,1,1,1,20260917,setup_sweep
1640,28,2,230,2300,0.0151917861219,99.5592791444,1.44839324455,8.85,1,10,1,1,1,20260917,setup_sweep
1641,28,2,235,2350,0.015506704396,99.7565428008,1.44000189678,8.825,1,10,1,1,1,20260917,setup_sweep
1642,28,2,240,2400,0.015836817237,99.9756555214,1.43260158185,8.8,1,10,1,1,1,20260917,setup_sweep
1643,28,2,245,2450,0.016180117003,100.212938681,1.42593224138,8.775,1,10,1,1,1,20260917,setup_sweep
1644,28,2,250,2500,0.01653493241,100.465330203,1.41981635618,8.75,1,10,1,1,1,20260917,setup_sweep
1645,28,2,255,2550,0.0168998522798,100.730248405,1.41412778527,8.725,1,10,1,1,1,20260917,setup_sweep
1646,28,2,260,2600,0.017273672275,101.005496053,1.40877412404,8.7,1,10,1,1,1,20260917,setup_sweep
1647,28,2,265,2650,0.0176889245456,101.344762517,1.38998766533,8.675,1,10,1,1,1,20260917,setup_sweep
1648,28,2,270,2700,0.0181560915689,101.764565181,1.39459502316,8.65,1,10,1,1,1,20260917,setup_sweep
1649,28,2,275,2750,0.0186232846789,102.176227133,1.42370165164,8.625,1,10,1,1,1,20260917,setup_sweep
1650,28,2,280,2800,0.0189115633136,102.286168144,1.42253464316,8.6,1,10,1,1,1,20260917,setup_sweep
1651,28,2,285,2850,0.0191994508338,102.393645546,1.42137968332,8.575,1,10,1,1,1,20260917,setup_sweep
1652,28,2,290,2900,0.0194869523222,102.498708459,1.42023685212,8.55,1,10,1,1,1,20260917,setup_sweep
1653,29,2,0,0,0,85,1.48192003785,10,1,10,2,1,1,20260917,setup_sweep
1654,29,2,5,50,0.000250184424117,85.3309391642,1.46770927446,9.975,1,10,2,1,1,20260917,setup_sweep
1655,29,2,10,100,0.000526334188015,85.6993135003,1.45751528759,9.95,1,10,2,1,1,20260917,setup_sweep
1656,29,2,15,150,0.000823889280691,86.0969705095,1.44977226177,9.925,1,10,2,1,1,20260917,setup_sweep
1657,29,2,20,200,0.00111670825593,86.4801574213,1.45597384388,9.9,1,10,2,1,1,20260917,setup_sweep
1658,29,2,25,250,0.00141914890903,86.8729716904,1.45038130381,9.875,1,10,2,1,1,20260917,setup_sweep
1659,29,2,30,300,0.00173495664794,87.281383327,1.44566420666,9.85,1,10,2,1,1,20260917,setup_sweep
1660,29,2,35,350,0.00206253589464,87.7024978832,1.44159507761,9.825,1,10,2,1,1,20260917,setup_sweep
1661,29,2,40,400,0.00240053650818,88.1338742876,1.43801089233,9.8,1,10,2,1,1,20260917,setup_sweep
1662,29,2,45,450,0.00274780171806,88.5734313337,1.43479094534,9.775,1,10,2,1,1,20260917,setup_sweep
1663,29,2,50,500,0.00310333091036,89.0193802486,1.43184366282,9.75,1,10,2,1,1,20260917,setup_sweep
1664,29,2,55,550,0.00346625196514,89.4701741542,1.42909829328,9.725,1,10,2,1,1,20260917,setup_sweep
1665,29,2,60,600,0.00383580014038,89.9244691793,1.42649943107,9.7,1,10,2,1,1,20260917,setup_sweep
1666,29,2,65,650,0.00421130150845,90.3810937355,1.42400326619,9.675,1,10,2,1,1,20260917,setup_sweep
1667,29,2,70,700,0.00459215970336,90.8390237709,1.42157493271,9.65,1,10,2,1,1,20260917,setup_sweep
1668,29,2,75,750,0.00497784514256,91.2973625216,1.41918658201,9.625,1,10,2,1,1,20260917,setup_sweep
1669,29,2,80,800,0.00536788614065,91.7553237236,1.41681594911,9.6,1,10,2,1,1,20260917,setup_sweep
1670,29,2,85,850,0.00576186149762,92.2122175388,1.41444526382,9.575,1,10,2,1,1,20260917,setup_sweep
1671,29,2,90,900,0.00619512966112,92.7265984517,1.39833337749,9.55,1,10,2,1,1,20260917,setup_sweep
1672,29,2,95,950,0.00663751435168,93.2474434907,1.39725696472,9.525,1,10,2,1,1,20260917,setup_sweep
1673,29,2,100,1000,0.00720754292719,93.9704935334,1.43649080401,9.5,1,10,2,1,1,20260917,setup_sweep
1674,29,2,105,1050,0.00756725981594,94.3336151959,1.48212171954,9.475,1,10,2,1,1,20260917,setup_sweep
1675,29,2,110,1100,0.0077579095101,94.4118174956,1.4816373759,9.45,1,10,2,1,1,20260917,setup_sweep
1676,29,2,115,1150,0.00794851066375,94.4886469947,1.48115321836,9.425,1,10,2,1,1,20260917,setup_sweep
1677,29,2,120,1200,0.00813906331647,94.5641264489,1.48066938493,9.4,1,10,2,1,1,20260917,setup_sweep
1678,29,2,125,1250,0.0083303911782,94.6396487599,1.49267003379,9.375,1,10,2,1,1,20260917,setup_sweep
1679,29,2,130,1300,0.00854892149611,94.758956976,1.46967791391,9.35,1,10,2,1,1,20260917,setup_sweep
1680,29,2,135,1350,0.00879997845862,94.9300366939,1.45401822829,9.325,1,10,2,1,1,20260917,setup_sweep
1681,29,2,140,1400,0.00907690582776,95.1410369997,1.44212578877,9.3,1,10,2,1,1,20260917,setup_sweep
1682,29,2,145,1450,0.00937517109722,95.3838097366,1.43252963578,9.275,1,10,2,1,1,20260917,setup_sweep
1683,29,2,150,1500,0.00969139188111,95.6522411157,1.42446407874,9.25,1,10,2,1,1,20260917,setup_sweep
1684,29,2,155,1550,0.0100229163935,95.9415253362,1.41747592859,9.225,1,10,2,1,1,20260917,setup_sweep
1685,29,2,160,1600,0.0103676012208,96.2477759285,1.41127391597,9.2,1,10,2,1,1,20260917,setup_sweep
1686,29,2,165,1650,0.010723677832,96.5677900548,1.4056598271,9.175,1,10,2,1,1,20260917,setup_sweep
1687,29,2,170,1700,0.0110896653342,96.8988930822,1.40049305734,9.15,1,10,2,1,1,20260917,setup_sweep
1688,29,2,175,1750,0.0114643099237,97.2388298187,1.3956707279,9.125,1,10,2,1,1,20260917,setup_sweep
1689,29,2,180,1800,0.0118701857345,97.6250273564,1.39802583394,9.1,1,10,2,1,1,20260917,setup_sweep
1690,29,2,185,1850,0.0123111430626,98.0620154644,1.4547262071,9.075,1,10,2,1,1,20260917,setup_sweep
1691,29,2,190,1900,0.0125277998357,98.1211515584,1.49716673135,9.05,1,10,2,1,1,20260917,setup_sweep
1692,29,2,195,1950,0.0126615051889,98.0426307965,1.49740659444,9.025,1,10,2,1,1,20260917,setup_sweep
1693,29,2,200,2000,0.012795218456,97.9654209482,1.49763516809,9,1,10,2,1,1,20260917,setup_sweep
1694,29,2,205,2050,0.0129312933656,97.8934167,1.50214562146,8.975,1,10,2,1,1,20260917,setup_sweep
1695,29,2,210,2100,0.013110369621,97.8937743784,1.46780341723,8.95,1,10,2,1,1,20260917,setup_sweep
1696,29,2,215,2150,0.0133300781669,97.9612025655,1.45693178026,8.925,1,10,2,1,1,20260917,setup_sweep
1697,29,2,220,2200,0.013565441236,98.0534061864,1.44244192173,8.9,1,10,2,1,1,20260917,setup_sweep
1698,29,2,225,2250,0.013823706284,98.1819303066,1.43109973357,8.875,1,10,2,1,1,20260917,setup_sweep
1699,29,2,230,2300,0.014101305072,98.3402792202,1.42172661714,8.85,1,10,2,1,1,20260917,setup_sweep
1700,29,2,235,2350,0.0143955254672,98.5234786719,1.41369312712,8.825,1,10,2,1,1,20260917,setup_sweep
1701,29,2,240,2400,0.0147042056587,98.7275457555,1.4066206578,8.8,1,10,2,1,1,20260917,setup_sweep
1702,29,2,245,2450,0.0150255699452,98.9492013064,1.4002630475,8.775,1,10,2,1,1,20260917,setup_sweep
1703,29,2,250,2500,0.0153581295669,99.1856944602,1.39445121037,8.75,1,10,2,1,1,20260917,setup_sweep
1704,29,2,255,2550,0.0157006177425,99.4346866006,1.38906419205,8.725,1,10,2,1,1,20260917,setup_sweep
1705,29,2,260,2600,0.0160519445471,99.6941699999,1.38401275461,8.7,1,10,2,1,1,20260917,setup_sweep
1706,29,2,265,2650,0.0164423633821,100.014059202,1.3660109362,8.675,1,10,2,1,1,20260917,setup_sweep
1707,29,2,270,2700,0.0169148859455,100.464828597,1.38106560922,8.65,1,10,2,1,1,20260917,setup_sweep
1708,29,2,275,2750,0.0173075531606,100.774913077,1.41132400296,8.625,1,10,2,1,1,20260917,setup_sweep
1709,29,2,280,2800,0.0175489887704,100.830591613,1.41064908251,8.6,1,10,2,1,1,20260917,setup_sweep
1710,29,2,285,2850,0.0177902815587,100.885113803,1.40998024729,8.575,1,10,2,1,1,20260917,setup_sweep
1711,29,2,290,2900,0.0180314330376,100.938501261,1.40931746092,8.55,1,10,2,1,1,20260917,setup_sweep
1712,30,2,0,0,0,85,1.05424312519,10,1,10,3,3,1,20260917,setup_sweep
1713,30,2,5,50,0.000218980937281,85.2794067726,1.03737265289,9.975,1,10,3,3,1,20260917,setup_sweep
1714,30,2,10,100,0.000477837970453,85.6200728784,1.02606978752,9.95,1,10,3,3,1,20260917,setup_sweep
1715,30,2,15,150,0.00076662871084,86.0045691143,1.0182268191,9.925,1,10,3,3,1,20260917,setup_sweep
1716,30,2,20,200,0.00105716972992,86.3855301249,1.02097970021,9.9,1,10,3,3,1,20260917,setup_sweep
1717,30,2,25,250,0.00136163588053,86.7832643524,1.0160277229,9.875,1,10,3,3,1,20260917,setup_sweep
1718,30,2,30,300,0.00168272472669,87.2018939838,1.01199702824,9.85,1,10,3,3,1,20260917,setup_sweep
1719,30,2,35,350,0.00201817014896,87.6373291049,1.00862317625,9.825,1,10,3,3,1,20260917,setup_sweep
1720,30,2,40,400,0.00236610674014,88.0862094577,1.00572741645,9.8,1,10,3,3,1,20260917,setup_sweep
1721,30,2,45,450,0.00272497228886,88.5457312898,1.00318319487,9.775,1,10,3,3,1,20260917,setup_sweep
1722,30,2,50,500,0.00309344185026,89.0135292368,1.00089784687,9.75,1,10,3,3,1,20260917,setup_sweep
1723,30,2,55,550,0.00347038081761,89.4875915438,0.998801819914,9.725,1,10,3,3,1,20260917,setup_sweep
1724,30,2,60,600,0.00385481018948,89.966196834,0.996841948493,9.7,1,10,3,3,1,20260917,setup_sweep
1725,30,2,65,650,0.00424588007309,90.4478655291,0.994977054545,9.675,1,10,3,3,1,20260917,setup_sweep
1726,30,2,70,700,0.00464284896675,90.93132162,0.993174954296,9.65,1,10,3,3,1,20260917,setup_sweep
1727,30,2,75,750,0.00504506725343,91.4154620279,0.991410353956,9.625,1,10,3,3,1,20260917,setup_sweep
1728,30,2,80,800,0.00545196383077,91.8993316529,0.9896633281,9.6,1,10,3,3,1,20260917,setup_sweep
1729,30,2,85,850,0.00586303508257,92.3821027042,0.987918191389,9.575,1,10,3,3,1,20260917,setup_sweep
1730,30,2,90,900,0.00631662204214,92.9272673593,0.976520642974,9.55,1,10,3,3,1,20260917,setup_sweep
1731,30,2,95,950,0.00686998178809,93.6288807432,0.989990857547,9.525,1,10,3,3,1,20260917,setup_sweep
1732,30,2,100,1000,0.00732654908259,94.1576584213,1.02607598273,9.5,1,10,3,3,1,20260917,setup_sweep
1733,30,2,105,1050,0.00758101847738,94.3439358219,1.05607017519,9.475,1,10,3,3,1,20260917,setup_sweep
1734,30,2,110,1100,0.00774222139189,94.3732963597,1.055847639,9.45,1,10,3,3,1,20260917,setup_sweep
1735,30,2,115,1150,0.00790340698588,94.4021429823,1.05562580373,9.425,1,10,3,3,1,20260917,setup_sweep
1736,30,2,120,1200,0.00806457532464,94.430484292,1.05540467224,9.4,1,10,3,3,1,20260917,setup_sweep
1737,30,2,125,1250,0.00822632996185,94.4593328956,1.05803128491,9.375,1,10,3,3,1,20260917,setup_sweep
1738,30,2,130,1300,0.0084171709538,94.5358757863,1.03899308067,9.35,1,10,3,3,1,20260917,setup_sweep
1739,30,2,135,1350,0.00865433828027,94.6877118433,1.02338550296,9.325,1,10,3,3,1,20260917,setup_sweep
1740,30,2,140,1400,0.00892644496421,94.8947652125,1.01258749062,9.3,1,10,3,3,1,20260917,setup_sweep
1741,30,2,145,1450,0.00922590640231,95.1435966942,1.00438732154,9.275,1,10,3,3,1,20260917,setup_sweep
1742,30,2,150,1500,0.00954768202784,95.4251880141,0.997774490705,9.25,1,10,3,3,1,20260917,setup_sweep
1743,30,2,155,1550,0.00988801158165,95.7327847363,0.992216116498,9.225,1,10,3,3,1,20260917,setup_sweep
1744,30,2,160,1600,0.0102439604472,96.0611080295,0.987394943105,9.2,1,10,3,3,1,20260917,setup_sweep
1745,30,2,165,1650,0.010613172944,96.4059227993,0.983106657555,9.175,1,10,3,3,1,20260917,setup_sweep
1746,30,2,170,1700,0.0109937215547,96.7637713777,0.979212303509,9.15,1,10,3,3,1,20260917,setup_sweep
1747,30,2,175,1750,0.0113840071778,97.1317958903,0.975613567671,9.125,1,10,3,3,1,20260917,setup_sweep
1748,30,2,180,1800,0.0118529901314,97.623850294,0.999244615545,9.1,1,10,3,3,1,20260917,setup_sweep
1749,30,2,185,1850,0.0121603946533,97.8402644954,1.03561336929,9.075,1,10,3,3,1,20260917,setup_sweep
1750,30,2,190,1900,0.0123334258825,97.8311426554,1.06094571771,9.05,1,10,3,3,1,20260917,setup_sweep
1751,30,2,195,1950,0.0124581264831,97.7425317693,1.06115519928,9.025,1,10,3,3,1,20260917,setup_sweep
1752,30,2,200,2000,0.0125828338364,97.655396653,1.06135532413,9,1,10,3,3,1,20260917,setup_sweep
1753,30,2,205,2050,0.0127089301302,97.5720127282,1.06098423196,8.975,1,10,3,3,1,20260917,setup_sweep
1754,30,2,210,2100,0.0128629243898,97.5361887648,1.04134734184,8.95,1,10,3,3,1,20260917,setup_sweep
1755,30,2,215,2150,0.0130561843229,97.5658366662,1.0304237567,8.925,1,10,3,3,1,20260917,setup_sweep
1756,30,2,220,2200,0.0132777891116,97.6418609802,1.01665251048,8.9,1,10,3,3,1,20260917,setup_sweep
1757,30,2,225,2250,0.0135306873841,97.7683306912,1.00632990725,8.875,1,10,3,3,1,20260917,setup_sweep
1758,30,2,230,2300,0.01380831843,97.9335793013,0.998275445835,8.85,1,10,3,3,1,20260917,setup_sweep
1759,30,2,235,2350,0.0141066181807,98.1302512689,0.991636133206,8.825,1,10,3,3,1,20260917,setup_sweep
1760,30,2,240,2400,0.0144225023598,98.3527310393,0.985954576235,8.8,1,10,3,3,1,20260917,setup_sweep
1761,30,2,245,2450,0.0147535224733,98.5965461972,0.980955402681,8.775,1,10,3,3,1,20260917,setup_sweep
1762,30,2,250,2500,0.015097678706,98.8580395386,0.976459713833,8.75,1,10,3,3,1,20260917,setup_sweep
1763,30,2,255,2550,0.0154533056579,99.1341668467,0.972344873844,8.725,1,10,3,3,1,20260917,setup_sweep
1764,30,2,260,2600,0.0158189968022,99.4223619642,0.96852342365,8.7,1,10,3,3,1,20260917,setup_sweep
1765,30,2,265,2650,0.0162310680969,99.7825899511,0.957153869017,8.675,1,10,3,3,1,20260917,setup_sweep
1766,30,2,270,2700,0.0167234824759,100.268875999,0.989528800303,8.65,1,10,3,3,1,20260917,setup_sweep
1767,30,2,275,2750,0.0169961340629,100.384107938,1.01212170552,8.625,1,10,3,3,1,20260917,setup_sweep
1768,30,2,280,2800,0.0171865077878,100.361848341,1.01204278636,8.6,1,10,3,3,1,20260917,setup_sweep
1769,30,2,285,2850,0.0173768733555,100.33994318,1.01196198255,8.575,1,10,3,3,1,20260917,setup_sweep
1770,30,2,290,2900,0.0175672304582,100.318386087,1.01187933469,8.55,1,10,3,3,1,20260917,setup_sweep
1771,31,2,0,0,0,85,1.51131359173,10,1,11,1,1,1,20260917,setup_sweep
1772,31,2,5,50,0.00028110888013,85.3820518539,1.49880621871,9.975,1,11,1,1,1,20260917,setup_sweep
1773,31,2,10,100,0.000587802052109,85.8000643811,1.48971696998,9.95,1,11,1,1,1,20260917,setup_sweep
1774,31,2,15,150,0.000915510211416,86.2458938293,1.48278179155,9.925,1,11,1,1,1,20260917,setup_sweep
1775,31,2,20,200,0.00123343313603,86.6680993154,1.49131934322,9.9,1,11,1,1,1,20260917,setup_sweep
1776,31,2,25,250,0.00155975736104,87.0972830665,1.4860458699,9.875,1,11,1,1,1,20260917,setup_sweep
1777,31,2,30,300,0.00189930867663,87.5412314163,1.48159465909,9.85,1,11,1,1,1,20260917,setup_sweep
1778,31,2,35,350,0.00225039321356,87.9969012709,1.47774532806,9.825,1,11,1,1,1,20260917,setup_sweep
1779,31,2,40,400,0.00261158378333,88.4617404749,1.47433902667,9.8,1,11,1,1,1,20260917,setup_sweep
1780,31,2,45,450,0.0029816646045,88.933588379,1.47125789733,9.775,1,11,1,1,1,20260917,setup_sweep
1781,31,2,50,500,0.00335959105785,89.4106028766,1.46841260867,9.75,1,11,1,1,1,20260917,setup_sweep
1782,31,2,55,550,0.00374445947626,89.8912052236,1.46573438681,9.725,1,11,1,1,1,20260917,setup_sweep
1783,31,2,60,600,0.00413548383314,90.3740371675,1.46316969678,9.7,1,11,1,1,1,20260917,setup_sweep
1784,31,2,65,650,0.00453197733036,90.8579268802,1.46067656199,9.675,1,11,1,1,1,20260917,setup_sweep
1785,31,2,70,700,0.00493333759808,91.3418614202,1.45822193861,9.65,1,11,1,1,1,20260917,setup_sweep
1786,31,2,75,750,0.0053390346235,91.8249641602,1.45577979327,9.625,1,11,1,1,1,20260917,setup_sweep
1787,31,2,80,800,0.00574860078462,92.3064760652,1.45332966381,9.6,1,11,1,1,1,20260917,setup_sweep
1788,31,2,85,850,0.00616162253645,92.7857400107,1.4508555606,9.575,1,11,1,1,1,20260917,setup_sweep
1789,31,2,90,900,0.00662202739411,93.3355153402,1.4327866613,9.55,1,11,1,1,1,20260917,setup_sweep
1790,31,2,95,950,0.0070920064199,93.8919015079,1.43113019691,9.525,1,11,1,1,1,20260917,setup_sweep
1791,31,2,100,1000,0.007673343335,94.6235274319,1.46385390136,9.5,1,11,1,1,1,20260917,setup_sweep
1792,31,2,105,1050,0.00808531023508,95.0621488103,1.51343287502,9.475,1,11,1,1,1,20260917,setup_sweep
1793,31,2,110,1100,0.00829565623653,95.1608645673,1.51280855444,9.45,1,11,1,1,1,20260917,setup_sweep
1794,31,2,115,1150,0.00850592024356,95.2578131715,1.51218420978,9.425,1,11,1,1,1,20260917,setup_sweep
1795,31,2,120,1200,0.00871610230655,95.3530239148,1.51156007691,9.4,1,11,1,1,1,20260917,setup_sweep
1796,31,2,125,1250,0.00892634675084,95.4467657,1.52426949617,9.375,1,11,1,1,1,20260917,setup_sweep
1797,31,2,130,1300,0.00916294239149,95.5825990714,1.50085139069,9.35,1,11,1,1,1,20260917,setup_sweep
1798,31,2,135,1350,0.00943444613335,95.7738650494,1.48482578325,9.325,1,11,1,1,1,20260917,setup_sweep
1799,31,2,140,1400,0.00973344528894,96.0074024611,1.47263945924,9.3,1,11,1,1,1,20260917,setup_sweep
1800,31,2,145,1450,0.0100548584019,96.2741173319,1.46279279101,9.275,1,11,1,1,1,20260917,setup_sweep
1801,31,2,150,1500,0.0103948966889,96.5672011959,1.45449869415,9.25,1,11,1,1,1,20260917,setup_sweep
1802,31,2,155,1550,0.0107506039007,96.8813334687,1.44729012394,9.225,1,11,1,1,1,20260917,setup_sweep
1803,31,2,160,1600,0.0111196073502,97.2122456352,1.44086706775,9.2,1,11,1,1,1,20260917,setup_sweep
1804,31,2,165,1650,0.0114999659611,97.5564528565,1.43502589497,9.175,1,11,1,1,1,20260917,setup_sweep
1805,31,2,170,1700,0.0118900697879,97.9110750213,1.42962276681,9.15,1,11,1,1,1,20260917,setup_sweep
1806,31,2,175,1750,0.012288569705,98.2737105896,1.42455302521,9.125,1,11,1,1,1,20260917,setup_sweep
1807,31,2,180,1800,0.0126943261399,98.6423439789,1.42166508753,9.1,1,11,1,1,1,20260917,setup_sweep
1808,31,2,185,1850,0.0131901266393,99.153155402,1.47958393577,9.075,1,11,1,1,1,20260917,setup_sweep
1809,31,2,190,1900,0.0134296860929,99.2320077195,1.53001219492,9.05,1,11,1,1,1,20260917,setup_sweep
1810,31,2,195,1950,0.0135687720738,99.1440195272,1.53036827751,9.025,1,11,1,1,1,20260917,setup_sweep
1811,31,2,200,2000,0.013707871258,99.057507474,1.53070978413,9,1,11,1,1,1,20260917,setup_sweep
1812,31,2,205,2050,0.0138495999328,98.976800386,1.5343550062,8.975,1,11,1,1,1,20260917,setup_sweep
1813,31,2,210,2100,0.0140411497471,98.979880813,1.49623288998,8.95,1,11,1,1,1,20260917,setup_sweep
1814,31,2,215,2150,0.0142765227744,99.0552481169,1.48599178123,8.925,1,11,1,1,1,20260917,setup_sweep
1815,31,2,220,2200,0.014527417767,99.1550452605,1.47089507094,8.9,1,11,1,1,1,20260917,setup_sweep
1816,31,2,225,2250,0.0148029399517,99.2938875984,1.45911770422,8.875,1,11,1,1,1,20260917,setup_sweep
1817,31,2,230,2300,0.0150990106364,99.4643910538,1.44940045945,8.85,1,11,1,1,1,20260917,setup_sweep
1818,31,2,235,2350,0.015412541904,99.6609301397,1.4410734444,8.825,1,11,1,1,1,20260917,setup_sweep
1819,31,2,240,2400,0.0157410864319,99.8790306181,1.43373573032,8.8,1,11,1,1,1,20260917,setup_sweep
1820,31,2,245,2450,0.0160826479105,100.115037347,1.4271280961,8.775,1,11,1,1,1,20260917,setup_sweep
1821,31,2,250,2500,0.0164355656229,100.365910084,1.42107355875,8.75,1,11,1,1,1,20260917,setup_sweep
1822,31,2,255,2550,0.0167984383026,100.629087529,1.4154463293,8.725,1,11,1,1,1,20260917,setup_sweep
1823,31,2,260,2600,0.0171700709406,100.902391536,1.41015423735,8.7,1,11,1,1,1,20260917,setup_sweep
1824,31,2,265,2650,0.0175855186357,101.243691823,1.39022977534,8.675,1,11,1,1,1,20260917,setup_sweep
1825,31,2,270,2700,0.0180566368795,101.67173594,1.39764627381,8.65,1,11,1,1,1,20260917,setup_sweep
1826,31,2,275,2750,0.0185132634037,102.067477071,1.42739662397,8.625,1,11,1,1,1,20260917,setup_sweep
1827,31,2,280,2800,0.0187940417996,102.166818884,1.4263145588,8.6,1,11,1,1,1,20260917,setup_sweep
1828,31,2,285,2850,0.0190744859684,102.263966302,1.4252436367,8.575,1,11,1,1,1,20260917,setup_sweep
1829,31,2,290,2900,0.0193546001614,102.358962622,1.42418389796,8.55,1,11,1,1,1,20260917,setup_sweep
1830,32,2,0,0,0,85,1.48315362275,10,1,11,2,1,1,20260917,setup_sweep
1831,32,2,5,50,0.000247631844036,85.3267216911,1.46837618529,9.975,1,11,2,1,1,20260917,setup_sweep
1832,32,2,10,100,0.000521821933744,85.6919277627,1.4578554105,9.95,1,11,2,1,1,20260917,setup_sweep
1833,32,2,15,150,0.000817841184098,86.0871691248,1.44990232376,9.925,1,11,2,1,1,20260917,setup_sweep
1834,32,2,20,200,0.00110830646389,86.4666249516,1.45680089449,9.9,1,11,2,1,1,20260917,setup_sweep
1835,32,2,25,250,0.00140815852453,86.8553843502,1.45115089723,9.875,1,11,2,1,1,20260917,setup_sweep
1836,32,2,30,300,0.00172137825159,87.2598090529,1.44639748561,9.85,1,11,2,1,1,20260917,setup_sweep
1837,32,2,35,350,0.00204635338508,87.6769759301,1.44230701267,9.825,1,11,2,1,1,20260917,setup_sweep
1838,32,2,40,400,0.00238172227021,88.1044242399,1.43871264555,9.8,1,11,2,1,1,20260917,setup_sweep
1839,32,2,45,450,0.00272632013876,88.5400592397,1.43549120103,9.775,1,11,2,1,1,20260917,setup_sweep
1840,32,2,50,500,0.00307914087831,88.9820829729,1.43254942359,9.75,1,11,2,1,1,20260917,setup_sweep
1841,32,2,55,550,0.00343930868546,89.4289425284,1.42981537871,9.725,1,11,2,1,1,20260917,setup_sweep
1842,32,2,60,600,0.00380605648374,89.8792903307,1.4272328022,9.7,1,11,2,1,1,20260917,setup_sweep
1843,32,2,65,650,0.00417870902931,90.3319528305,1.42475724318,9.675,1,11,2,1,1,20260917,setup_sweep
1844,32,2,70,700,0.00455666941603,90.7859053299,1.42235334454,9.65,1,11,2,1,1,20260917,setup_sweep
1845,32,2,75,750,0.00493940811581,91.2402514119,1.41999287145,9.625,1,11,2,1,1,20260917,setup_sweep
1846,32,2,80,800,0.00532645395391,91.6942059076,1.41765324766,9.6,1,11,2,1,1,20260917,setup_sweep
1847,32,2,85,850,0.00571738659002,92.1470806326,1.41531644589,9.575,1,11,2,1,1,20260917,setup_sweep
1848,32,2,90,900,0.00615049675764,92.6622848926,1.39800988622,9.55,1,11,2,1,1,20260917,setup_sweep
1849,32,2,95,950,0.00659334534552,93.1849594488,1.39750997125,9.525,1,11,2,1,1,20260917,setup_sweep
1850,32,2,100,1000,0.00715932039523,93.9023134692,1.43851942742,9.5,1,11,2,1,1,20260917,setup_sweep
1851,32,2,105,1050,0.00751244533104,94.2556691934,1.48359764283,9.475,1,11,2,1,1,20260917,setup_sweep
1852,32,2,110,1100,0.00770121989106,94.3320605098,1.48312353716,9.45,1,11,2,1,1,20260917,setup_sweep
1853,32,2,115,1150,0.00788994896898,94.4071140136,1.48264961832,9.425,1,11,2,1,1,20260917,setup_sweep
1854,32,2,120,1200,0.00807863260115,94.480851877,1.48217601814,9.4,1,11,2,1,1,20260917,setup_sweep
1855,32,2,125,1250,0.00826828471626,94.5549829346,1.4932349411,9.375,1,11,2,1,1,20260917,setup_sweep
1856,32,2,130,1300,0.00848614936071,94.6745910739,1.4699238191,9.35,1,11,2,1,1,20260917,setup_sweep
1857,32,2,135,1350,0.00873681950625,94.8464263677,1.45412036141,9.325,1,11,2,1,1,20260917,setup_sweep
1858,32,2,140,1400,0.00901354343442,95.0584727083,1.44214915175,9.3,1,11,2,1,1,20260917,setup_sweep
1859,32,2,145,1450,0.00931173548948,95.3024893426,1.43250727036,9.275,1,11,2,1,1,20260917,setup_sweep
1860,32,2,150,1500,0.00962797718218,95.5722995638,1.42441557383,9.25,1,11,2,1,1,20260917,setup_sweep
1861,32,2,155,1550,0.00995958988568,95.8630509923,1.41741395513,9.225,1,11,2,1,1,20260917,setup_sweep
1862,32,2,160,1600,0.010304409335,96.1708212446,1.41120710981,9.2,1,11,2,1,1,20260917,setup_sweep
1863,32,2,165,1650,0.0106606504458,96.4923792641,1.40559426158,9.175,1,11,2,1,1,20260917,setup_sweep
1864,32,2,170,1700,0.011026819057,96.8250280929,1.40043307881,9.15,1,11,2,1,1,20260917,setup_sweep
1865,32,2,175,1750,0.0114016506997,97.1664948848,1.39561946845,9.125,1,11,2,1,1,20260917,setup_sweep
1866,32,2,180,1800,0.0118085277628,97.5555519397,1.39970976875,9.1,1,11,2,1,1,20260917,setup_sweep
1867,32,2,185,1850,0.0122437046428,97.9841301481,1.45679957326,9.075,1,11,2,1,1,20260917,setup_sweep
1868,32,2,190,1900,0.0124578826406,98.0404695559,1.49805620187,9.05,1,11,2,1,1,20260917,setup_sweep
1869,32,2,195,1950,0.0125912884837,97.9627873026,1.49828798214,9.025,1,11,2,1,1,20260917,setup_sweep
1870,32,2,200,2000,0.0127247018691,97.8864014895,1.49850869666,9,1,11,2,1,1,20260917,setup_sweep
1871,32,2,205,2050,0.0128605200842,97.8152795193,1.50247929299,8.975,1,11,2,1,1,20260917,setup_sweep
1872,32,2,210,2100,0.0130398449053,97.8173401646,1.4677578434,8.95,1,11,2,1,1,20260917,setup_sweep
1873,32,2,215,2150,0.0132597187653,97.8863032436,1.45742839218,8.925,1,11,2,1,1,20260917,setup_sweep
1874,32,2,220,2200,0.0134944763552,97.9787435975,1.4430252957,8.9,1,11,2,1,1,20260917,setup_sweep
1875,32,2,225,2250,0.0137519296452,98.1071596277,1.43175674214,8.875,1,11,2,1,1,20260917,setup_sweep
1876,32,2,230,2300,0.014028525809,98.265086794,1.42244963558,8.85,1,11,2,1,1,20260917,setup_sweep
1877,32,2,235,2350,0.0143215652867,98.4475768019,1.41447750592,8.825,1,11,2,1,1,20260917,setup_sweep
1878,32,2,240,2400,0.0146288972204,98.6506696013,1.4074635001,8.8,1,11,2,1,1,20260917,setup_sweep
1879,32,2,245,2450,0.0149487557886,98.8711067332,1.40116255697,8.775,1,11,2,1,1,20260917,setup_sweep
1880,32,2,250,2500,0.015279661322,99.1061563917,1.3954063157,8.75,1,11,2,1,1,20260917,setup_sweep
1881,32,2,255,2550,0.0156203555024,99.3534976683,1.39007431705,8.725,1,11,2,1,1,20260917,setup_sweep
1882,32,2,260,2600,0.0159697563425,99.6111393809,1.38507767015,8.7,1,11,2,1,1,20260917,setup_sweep
1883,32,2,265,2650,0.0163603363723,99.9326732401,1.36602858945,8.675,1,11,2,1,1,20260917,setup_sweep
1884,32,2,270,2700,0.0168337369452,100.386205918,1.38379870085,8.65,1,11,2,1,1,20260917,setup_sweep
1885,32,2,275,2750,0.0172178123375,100.683396181,1.41405838755,8.625,1,11,2,1,1,20260917,setup_sweep
1886,32,2,280,2800,0.0174546891049,100.733052295,1.41342788651,8.6,1,11,2,1,1,20260917,setup_sweep
1887,32,2,285,2850,0.0176914413824,100.781681905,1.41280291841,8.575,1,11,2,1,1,20260917,setup_sweep
1888,32,2,290,2900,0.0179280704414,100.829304079,1.4121834397,8.55,1,11,2,1,1,20260917,setup_sweep
1889,33,2,0,0,0,85,1.0546648076,10,1,11,3,3,1,20260917,setup_sweep
1890,33,2,5,50,0.000217769371598,85.2774058438,1.03741560716,9.975,1,11,3,3,1,20260917,setup_sweep
1891,33,2,10,100,0.000475923374498,85.6169437913,1.02594542063,9.95,1,11,3,3,1,20260917,setup_sweep
1892,33,2,15,150,0.000764300752749,86.0008090404,1.0180121163,9.925,1,11,3,3,1,20260917,setup_sweep
1893,33,2,20,200,0.00105340589999,86.3794556304,1.02130767964,9.9,1,11,3,3,1,20260917,setup_sweep
1894,33,2,25,250,0.00135605364442,86.7742844598,1.01635648645,9.875,1,11,3,3,1,20260917,setup_sweep
1895,33,2,30,300,0.00167521279541,87.1898727607,1.01233255516,9.85,1,11,3,3,1,20260917,setup_sweep
1896,33,2,35,350,0.00200861473284,87.6221287405,1.00896935019,9.825,1,11,3,3,1,20260917,setup_sweep
1897,33,2,40,400,0.00235439440657,88.0676950141,1.00608704258,9.8,1,11,3,3,1,20260917,setup_sweep
1898,33,2,45,450,0.00271099168904,88.5237735064,1.00355849201,9.775,1,11,3,3,1,20260917,setup_sweep
1899,33,2,50,500,0.00307708479537,88.9880062145,1.0012907037,9.75,1,11,3,3,1,20260917,setup_sweep
1900,33,2,55,550,0.00345154295363,89.4583897378,0.999213935044,9.725,1,11,3,3,1,20260917,setup_sweep
1901,33,2,60,600,0.00383339141175,89.9332116005,0.997274909023,9.7,1,11,3,3,1,20260917,setup_sweep
1902,33,2,65,650,0.0042217847639,90.4110013704,0.995432380507,9.675,1,11,3,3,1,20260917,setup_sweep
1903,33,2,70,700,0.00461598611098,90.8904922246,0.993654123243,9.65,1,11,3,3,1,20260917,setup_sweep
1904,33,2,75,750,0.00501535046771,91.3705901665,0.99191481376,9.625,1,11,3,3,1,20260917,setup_sweep
1905,33,2,80,800,0.00541931133008,91.8503489729,0.990194502583,9.6,1,11,3,3,1,20260917,setup_sweep
1906,33,2,85,850,0.00582736933705,92.3289490151,0.988477475698,9.575,1,11,3,3,1,20260917,setup_sweep
1907,33,2,90,900,0.00628117037177,92.875354838,0.976211763479,9.55,1,11,3,3,1,20260917,setup_sweep
1908,33,2,95,950,0.0068362502839,93.5806057063,0.991895336393,9.525,1,11,3,3,1,20260917,setup_sweep
1909,33,2,100,1000,0.00727986087266,94.0887968638,1.0274054572,9.5,1,11,3,3,1,20260917,setup_sweep
1910,33,2,105,1050,0.00753049486997,94.2698843589,1.05669932396,9.475,1,11,3,3,1,20260917,setup_sweep
1911,33,2,110,1100,0.00769077755754,94.2989478599,1.05647903377,9.45,1,11,3,3,1,20260917,setup_sweep
1912,33,2,115,1150,0.00785104362852,94.3275035189,1.05625942238,9.425,1,11,3,3,1,20260917,setup_sweep
1913,33,2,120,1200,0.00801129314275,94.3555598285,1.05604049126,9.4,1,11,3,3,1,20260917,setup_sweep
1914,33,2,125,1250,0.00817220438794,94.3842536462,1.05831722252,9.375,1,11,3,3,1,20260917,setup_sweep
1915,33,2,130,1300,0.00836289861926,94.4617966871,1.03888879323,9.35,1,11,3,3,1,20260917,setup_sweep
1916,33,2,135,1350,0.00860037280176,94.6153641269,1.02320213073,9.325,1,11,3,3,1,20260917,setup_sweep
1917,33,2,140,1400,0.00887283846434,94.8242068126,1.01238832254,9.3,1,11,3,3,1,20260917,setup_sweep
1918,33,2,145,1450,0.00917272493265,95.0749071536,1.00418250483,9.275,1,11,3,3,1,20260917,setup_sweep
1919,33,2,150,1500,0.00949496870047,95.3584076556,0.997570226156,9.25,1,11,3,3,1,20260917,setup_sweep
1920,33,2,155,1550,0.0098357906555,95.6679220628,0.992016537666,9.225,1,11,3,3,1,20260917,setup_sweep
1921,33,2,160,1600,0.0101922406596,95.9981457552,0.987202894347,9.2,1,11,3,3,1,20260917,setup_sweep
1922,33,2,165,1650,0.0105619503776,96.3448230133,0.982924103862,9.175,1,11,3,3,1,20260917,setup_sweep
1923,33,2,170,1700,0.0109429821228,96.7044799928,0.979040580267,9.15,1,11,3,3,1,20260917,setup_sweep
1924,33,2,175,1750,0.0113337287728,97.0742464598,0.975453547406,9.125,1,11,3,3,1,20260917,setup_sweep
1925,33,2,180,1800,0.0118000356219,97.5627655024,1.00063919595,9.1,1,11,3,3,1,20260917,setup_sweep
1926,33,2,185,1850,0.0121025410803,97.7721062849,1.03644307563,9.075,1,11,3,3,1,20260917,setup_sweep
1927,33,2,190,1900,0.0122746813762,97.7626431214,1.06128852362,9.05,1,11,3,3,1,20260917,setup_sweep
1928,33,2,195,1950,0.0123993059507,97.6750387722,1.06149154505,9.025,1,11,3,3,1,20260917,setup_sweep
1929,33,2,200,2000,0.0125239369226,97.5888929688,1.06168539792,9,1,11,3,3,1,20260917,setup_sweep
1930,33,2,205,2050,0.0126499756363,97.5065132924,1.06116811448,8.975,1,11,3,3,1,20260917,setup_sweep
1931,33,2,210,2100,0.0128042314424,97.4722053541,1.04122892777,8.95,1,11,3,3,1,20260917,setup_sweep
1932,33,2,215,2150,0.012998343301,97.5043192234,1.03037398202,8.925,1,11,3,3,1,20260917,setup_sweep
1933,33,2,220,2200,0.0132205395212,97.5823365723,1.01662752257,8.9,1,11,3,3,1,20260917,setup_sweep
1934,33,2,225,2250,0.0134734681101,97.7098393672,1.00645141319,8.875,1,11,3,3,1,20260917,setup_sweep
1935,33,2,230,2300,0.0137507662453,97.8755037671,0.998500487339,8.85,1,11,3,3,1,20260917,setup_sweep
1936,33,2,235,2350,0.0140484223627,98.0720711663,0.991942460009,8.825,1,11,3,3,1,20260917,setup_sweep
1937,33,2,240,2400,0.0143633885625,98.2939947116,0.986329207442,8.8,1,11,3,3,1,20260917,setup_sweep
1938,33,2,245,2450,0.0146932442351,98.5368555279,0.98139020773,8.775,1,11,3,3,1,20260917,setup_sweep
1939,33,2,250,2500,0.0150360122867,98.797040537,0.976949371923,8.75,1,11,3,3,1,20260917,setup_sweep
1940,33,2,255,2550,0.0153900465698,99.0715431885,0.972885812919,8.725,1,11,3,3,1,20260917,setup_sweep
1941,33,2,260,2600,0.0157539573039,99.3578302281,0.969113219084,8.7,1,11,3,3,1,20260917,setup_sweep
1942,33,2,265,2650,0.0161763705077,99.7363335966,0.959392082853,8.675,1,11,3,3,1,20260917,setup_sweep
1943,33,2,270,2700,0.016652490619,100.196487541,0.991354573671,8.65,1,11,3,3,1,20260917,setup_sweep
1944,33,2,275,2750,0.0169197808992,100.304071214,1.01333623207,8.625,1,11,3,3,1,20260917,setup_sweep
1945,33,2,280,2800,0.0171080982702,100.279735658,1.01326790572,8.6,1,11,3,3,1,20260917,setup_sweep
1946,33,2,285,2850,0.0172964094924,100.25579217,1.01319748256,8.575,1,11,3,3,1,20260917,setup_sweep
1947,33,2,290,2900,0.0174847142392,100.23223373,1.01312500837,8.55,1,11,3,3,1,20260917,setup_sweep
1948,34,2,0,0,0,85,1.50376074804,10,1,12,1,1,1,20260917,setup_sweep
1949,34,2,5,50,0.000293334407649,85.4022504978,1.49344700016,9.975,1,12,1,1,1,20260917,setup_sweep
1950,34,2,10,100,0.00060858843955,85.8340712136,1.48601320705,9.95,1,12,1,1,1,20260917,setup_sweep
1951,34,2,15,150,0.000941405592481,86.2877755933,1.48042456161,9.925,1,12,1,1,1,20260917,setup_sweep
1952,34,2,20,200,0.00126186696199,86.7134809221,1.48979480974,9.9,1,12,1,1,1,20260917,setup_sweep
1953,34,2,25,250,0.00158892724764,87.143127079,1.485194364,9.875,1,12,1,1,1,20260917,setup_sweep
1954,34,2,30,300,0.00192734210418,87.5844351517,1.48137523111,9.85,1,12,1,1,1,20260917,setup_sweep
1955,34,2,35,350,0.00227541533974,88.0344095521,1.47812315883,9.825,1,12,1,1,1,20260917,setup_sweep
1956,34,2,40,400,0.00263174209281,88.490585573,1.47528419323,9.8,1,12,1,1,1,20260917,setup_sweep
1957,34,2,45,450,0.00299514753803,88.950919347,1.47274471164,9.775,1,12,1,1,1,20260917,setup_sweep
1958,34,2,50,500,0.00336464183169,89.4137064512,1.47041920003,9.75,1,12,1,1,1,20260917,setup_sweep
1959,34,2,55,550,0.00373938605767,89.8775200302,1.46824238748,9.725,1,12,1,1,1,20260917,setup_sweep
1960,34,2,60,600,0.00411866587128,90.3411626596,1.46616397063,9.7,1,12,1,1,1,20260917,setup_sweep
1961,34,2,65,650,0.004501870661,90.8036281216,1.46414494912,9.675,1,12,1,1,1,20260917,setup_sweep
1962,34,2,70,700,0.00488847682208,91.2640706063,1.46215500578,9.65,1,12,1,1,1,20260917,setup_sweep
1963,34,2,75,750,0.00527803416369,91.721779599,1.46017058723,9.625,1,12,1,1,1,20260917,setup_sweep
1964,34,2,80,800,0.00567015474857,92.1761592029,1.45817346821,9.6,1,12,1,1,1,20260917,setup_sweep
1965,34,2,85,850,0.00606450365095,92.6267109721,1.45614965826,9.575,1,12,1,1,1,20260917,setup_sweep
1966,34,2,90,900,0.00650500203061,93.1462072396,1.43923145809,9.55,1,12,1,1,1,20260917,setup_sweep
1967,34,2,95,950,0.00695224032211,93.6681291736,1.4383501954,9.525,1,12,1,1,1,20260917,setup_sweep
1968,34,2,100,1000,0.00746389530087,94.2884957463,1.45605706963,9.5,1,12,1,1,1,20260917,setup_sweep
1969,34,2,105,1050,0.00791127993821,94.7911169871,1.51026520581,9.475,1,12,1,1,1,20260917,setup_sweep
1970,34,2,110,1100,0.00813044349463,94.9088866026,1.50958912473,9.45,1,12,1,1,1,20260917,setup_sweep
1971,34,2,115,1150,0.00834950679981,95.0245439563,1.50891124998,9.425,1,12,1,1,1,20260917,setup_sweep
1972,34,2,120,1200,0.00856846964767,95.1381236203,1.50823194521,9.4,1,12,1,1,1,20260917,setup_sweep
1973,34,2,125,1250,0.00878695058537,95.2490252871,1.52116844057,9.375,1,12,1,1,1,20260917,setup_sweep
1974,34,2,130,1300,0.00902923142585,95.3975217423,1.49858169581,9.35,1,12,1,1,1,20260917,setup_sweep
1975,34,2,135,1350,0.00930513346437,95.599113024,1.48335542589,9.325,1,12,1,1,1,20260917,setup_sweep
1976,34,2,140,1400,0.00960673279358,95.8398321757,1.47196808851,9.3,1,12,1,1,1,20260917,setup_sweep
1977,34,2,145,1450,0.00992864430985,96.1101356701,1.4629160108,9.275,1,12,1,1,1,20260917,setup_sweep
1978,34,2,150,1500,0.0102669167751,96.4030061714,1.45540694332,9.25,1,12,1,1,1,20260917,setup_sweep
1979,34,2,155,1550,0.0106185282734,96.7130775747,1.44897065404,9.225,1,12,1,1,1,20260917,setup_sweep
1980,34,2,160,1600,0.0109811072896,97.0361470171,1.44330568067,9.2,1,12,1,1,1,20260917,setup_sweep
1981,34,2,165,1650,0.0113527599963,97.3688703469,1.43820814505,9.175,1,12,1,1,1,20260917,setup_sweep
1982,34,2,170,1700,0.0117319550525,97.7085576144,1.43353473283,9.15,1,12,1,1,1,20260917,setup_sweep
1983,34,2,175,1750,0.0121174426557,98.0530285219,1.4291817771,9.125,1,12,1,1,1,20260917,setup_sweep
1984,34,2,180,1800,0.0125081955454,98.4005065277,1.42507266711,9.1,1,12,1,1,1,20260917,setup_sweep
1985,34,2,185,1850,0.0129895783627,98.892026057,1.47409971184,9.075,1,12,1,1,1,20260917,setup_sweep
1986,34,2,190,1900,0.0132437153201,98.9992140811,1.53003302063,9.05,1,12,1,1,1,20260917,setup_sweep
1987,34,2,195,1950,0.0133850677384,98.9188197178,1.53032435445,9.025,1,12,1,1,1,20260917,setup_sweep
1988,34,2,200,2000,0.0135264320176,98.8397737598,1.53060299287,9,1,12,1,1,1,20260917,setup_sweep
1989,34,2,205,2050,0.0136704104166,98.7663838025,1.5339013648,8.975,1,12,1,1,1,20260917,setup_sweep
1990,34,2,210,2100,0.0138653561728,98.7785573039,1.49516625662,8.95,1,12,1,1,1,20260917,setup_sweep
1991,34,2,215,2150,0.0141043606358,98.8632529594,1.48529594909,8.925,1,12,1,1,1,20260917,setup_sweep
1992,34,2,220,2200,0.0143583039769,98.9712610691,1.47038683579,8.9,1,12,1,1,1,20260917,setup_sweep
1993,34,2,225,2250,0.0146362055073,99.1170718295,1.45895700357,8.875,1,12,1,1,1,20260917,setup_sweep
1994,34,2,230,2300,0.014933593539,99.2926725083,1.44967459054,8.85,1,12,1,1,1,20260917,setup_sweep
1995,34,2,235,2350,0.0152471238996,99.4920452357,1.44183450477,8.825,1,12,1,1,1,20260917,setup_sweep
1996,34,2,240,2400,0.0155741850337,99.7104819035,1.43501648825,8.8,1,12,1,1,1,20260917,setup_sweep
1997,34,2,245,2450,0.015912681774,99.9442053733,1.42894988232,8.775,1,12,1,1,1,20260917,setup_sweep
1998,34,2,250,2500,0.0162609022891,100.190134302,1.42345061665,8.75,1,12,1,1,1,20260917,setup_sweep
1999,34,2,255,2550,0.016617429551,100.445725383,1.41838838738,8.725,1,12,1,1,1,20260917,setup_sweep
2000,34,2,260,2600,0.0169810790589,100.708861563,1.41366810497,8.7,1,12,1,1,1,20260917,setup_sweep
2001,34,2,265,2650,0.0173839871431,101.032621499,1.39490068956,8.675,1,12,1,1,1,20260917,setup_sweep
2002,34,2,270,2700,0.0177967832563,101.367277145,1.3925100094,8.65,1,12,1,1,1,20260917,setup_sweep
2003,34,2,275,2750,0.0182877793443,101.824874321,1.42230994752,8.625,1,12,1,1,1,20260917,setup_sweep
2004,34,2,280,2800,0.0185899585414,101.963598031,1.42095265841,8.6,1,12,1,1,1,20260917,setup_sweep
2005,34,2,285,2850,0.0188916286158,102.099187347,1.41960784711,8.575,1,12,1,1,1,20260917,setup_sweep
2006,34,2,290,2900,0.0191927958682,102.231704491,1.41827578475,8.55,1,12,1,1,1,20260917,setup_sweep
2007,35,2,0,0,0,85,1.4775151007,10,1,12,2,1,1,20260917,setup_sweep
2008,35,2,5,50,0.000256067896076,85.3406608921,1.46416450819,9.975,1,12,2,1,1,20260917,setup_sweep
2009,35,2,10,100,0.000536655066278,85.7162053893,1.45475820874,9.95,1,12,2,1,1,20260917,setup_sweep
2010,35,2,15,150,0.000836923795152,86.1180644185,1.44775829324,9.925,1,12,2,1,1,20260917,setup_sweep
2011,35,2,20,200,0.00112985431523,86.5010816912,1.45528903421,9.9,1,12,2,1,1,20260917,setup_sweep
2012,35,2,25,250,0.00143092605983,86.8912846448,1.45013558516,9.875,1,12,2,1,1,20260917,setup_sweep
2013,35,2,30,300,0.00174401010009,87.2948886205,1.44587118638,9.85,1,12,2,1,1,20260917,setup_sweep
2014,35,2,35,350,0.00206742567692,87.7088947729,1.44225954564,9.825,1,12,2,1,1,20260917,setup_sweep
2015,35,2,40,400,0.00239977380606,88.1308193968,1.43913266514,9.8,1,12,2,1,1,20260917,setup_sweep
2016,35,2,45,450,0.0027398765104,88.5585850202,1.43636720108,9.775,1,12,2,1,1,20260917,setup_sweep
2017,35,2,50,500,0.00308673316779,88.9904415681,1.43387041073,9.75,1,12,2,1,1,20260917,setup_sweep
2018,35,2,55,550,0.00343948789252,89.4249070577,1.43157131127,9.725,1,12,2,1,1,20260917,setup_sweep
2019,35,2,60,600,0.00379740458662,89.8607219445,1.42941486345,9.7,1,12,2,1,1,20260917,setup_sweep
2020,35,2,65,650,0.00415984735491,90.296813085,1.4273579953,9.675,1,12,2,1,1,20260917,setup_sweep
2021,35,2,70,700,0.00452626484403,90.7322647774,1.42536679617,9.65,1,12,2,1,1,20260917,setup_sweep
2022,35,2,75,750,0.00489617753392,91.1662951598,1.42341448278,9.625,1,12,2,1,1,20260917,setup_sweep
2023,35,2,80,800,0.00526916729876,91.5982367485,1.42147989083,9.6,1,12,2,1,1,20260917,setup_sweep
2024,35,2,85,850,0.00564486874455,92.0275202326,1.41954633388,9.575,1,12,2,1,1,20260917,setup_sweep
2025,35,2,90,900,0.00606253888393,92.5191785731,1.40324897065,9.55,1,12,2,1,1,20260917,setup_sweep
2026,35,2,95,950,0.00648758594336,93.0147894421,1.4023601873,9.525,1,12,2,1,1,20260917,setup_sweep
2027,35,2,100,1000,0.00700631016614,93.6575181713,1.43107064898,9.5,1,12,2,1,1,20260917,setup_sweep
2028,35,2,105,1050,0.00738774977995,94.061655486,1.48090120341,9.475,1,12,2,1,1,20260917,setup_sweep
2029,35,2,110,1100,0.00758280007241,94.1516264215,1.48039381868,9.45,1,12,2,1,1,20260917,setup_sweep
2030,35,2,115,1150,0.00777779631672,94.2400209344,1.47988569447,9.425,1,12,2,1,1,20260917,setup_sweep
2031,35,2,120,1200,0.00797273845139,94.326864979,1.47937702993,9.4,1,12,2,1,1,20260917,setup_sweep
2032,35,2,125,1250,0.00816829080562,94.4132895804,1.49057940706,9.375,1,12,2,1,1,20260917,setup_sweep
2033,35,2,130,1300,0.00839068690217,94.5427291036,1.46766730001,9.35,1,12,2,1,1,20260917,setup_sweep
2034,35,2,135,1350,0.00864530316113,94.7232641972,1.4523894742,9.325,1,12,2,1,1,20260917,setup_sweep
2035,35,2,140,1400,0.0089248107701,94.9419442244,1.44100917487,9.3,1,12,2,1,1,20260917,setup_sweep
2036,35,2,145,1450,0.00922426587829,95.1899709097,1.43198976754,9.275,1,12,2,1,1,20260917,setup_sweep
2037,35,2,150,1500,0.00954003047082,95.4608483153,1.42453396667,9.25,1,12,2,1,1,20260917,setup_sweep
2038,35,2,155,1550,0.00986930085594,95.7495661615,1.41817162096,9.225,1,12,2,1,1,20260917,setup_sweep
2039,35,2,160,1600,0.0102098542073,96.0521566454,1.41260185343,9.2,1,12,2,1,1,20260917,setup_sweep
2040,35,2,165,1650,0.0105598944259,96.3654225948,1.4076209214,9.175,1,12,2,1,1,20260917,setup_sweep
2041,35,2,170,1700,0.0109179504738,96.6867567762,1.40308510134,9.15,1,12,2,1,1,20260917,setup_sweep
2042,35,2,175,1750,0.0112828053709,97.0140148394,1.39888987531,9.125,1,12,2,1,1,20260917,setup_sweep
2043,35,2,180,1800,0.0116534446494,97.3454225024,1.39603208137,9.1,1,12,2,1,1,20260917,setup_sweep
2044,35,2,185,1850,0.012109416441,97.8120017428,1.45174034627,9.075,1,12,2,1,1,20260917,setup_sweep
2045,35,2,190,1900,0.0123342539314,97.8887508903,1.49762856965,9.05,1,12,2,1,1,20260917,setup_sweep
2046,35,2,195,1950,0.0124694725542,97.8165725858,1.49782015288,9.025,1,12,2,1,1,20260917,setup_sweep
2047,35,2,200,2000,0.0126046980349,97.7455986181,1.49800184536,9,1,12,2,1,1,20260917,setup_sweep
2048,35,2,205,2050,0.0127423130844,97.679773658,1.50166938582,8.975,1,12,2,1,1,20260917,setup_sweep
2049,35,2,210,2100,0.0129245970265,97.6889679972,1.46618484944,8.95,1,12,2,1,1,20260917,setup_sweep
2050,35,2,215,2150,0.0131479133286,97.7657418922,1.45611512493,8.925,1,12,2,1,1,20260917,setup_sweep
2051,35,2,220,2200,0.0133857501639,97.8652640989,1.44182084886,8.9,1,12,2,1,1,20260917,setup_sweep
2052,35,2,225,2250,0.013645875484,97.9999709099,1.43081388814,8.875,1,12,2,1,1,20260917,setup_sweep
2053,35,2,230,2300,0.0139243791559,98.1628205928,1.42185314394,8.85,1,12,2,1,1,20260917,setup_sweep
2054,35,2,235,2350,0.0142183176314,98.3484843923,1.41427887978,8.825,1,12,2,1,1,20260917,setup_sweep
2055,35,2,240,2400,0.0145253729327,98.5527550789,1.40769579954,8.8,1,12,2,1,1,20260917,setup_sweep
2056,35,2,245,2450,0.0148436676006,98.7722227668,1.40184782326,8.775,1,12,2,1,1,20260917,setup_sweep
2057,35,2,250,2500,0.0151716517217,99.0040751183,1.39655969476,8.75,1,12,2,1,1,20260917,setup_sweep
2058,35,2,255,2550,0.0155080281978,99.2459640104,1.39170651779,8.725,1,12,2,1,1,20260917,setup_sweep
2059,35,2,260,2600,0.015851700386,99.4959113577,1.3871965037,8.7,1,12,2,1,1,20260917,setup_sweep
2060,35,2,265,2650,0.0162327610362,99.8036047835,1.36912682544,8.675,1,12,2,1,1,20260917,setup_sweep
2061,35,2,270,2700,0.0166651534174,100.191418135,1.37646081512,8.65,1,12,2,1,1,20260917,setup_sweep
2062,35,2,275,2750,0.0170837638298,100.548820051,1.40965328646,8.625,1,12,2,1,1,20260917,setup_sweep
2063,35,2,280,2800,0.0173341051405,100.622955313,1.4088597526,8.6,1,12,2,1,1,20260917,setup_sweep
2064,35,2,285,2850,0.0175842620041,100.695560367,1.4080732539,8.575,1,12,2,1,1,20260917,setup_sweep
2065,35,2,290,2900,0.01783423637,100.766663726,1.40729379388,8.55,1,12,2,1,1,20260917,setup_sweep
2066,36,2,0,0,0,85,1.05184837548,10,1,12,3,3,1,20260917,setup_sweep
2067,36,2,5,50,0.000224278429523,85.2881626815,1.03490233574,9.975,1,12,3,3,1,20260917,setup_sweep
2068,36,2,10,100,0.000487659203125,85.636158792,1.02405235215,9.95,1,12,3,3,1,20260917,setup_sweep
2069,36,2,15,150,0.000779593920043,86.0255820499,1.01670246312,9.925,1,12,3,3,1,20260917,setup_sweep
2070,36,2,20,200,0.00107070752962,86.4071366887,1.0203810595,9.9,1,12,3,3,1,20260917,setup_sweep
2071,36,2,25,250,0.00137420434098,86.8029085247,1.0157547421,9.875,1,12,3,3,1,20260917,setup_sweep
2072,36,2,30,300,0.00169282714488,87.2171339743,1.01207113861,9.85,1,12,3,3,1,20260917,setup_sweep
2073,36,2,35,350,0.00202416884459,87.6455306258,1.00905306592,9.825,1,12,3,3,1,20260917,setup_sweep
2074,36,2,40,400,0.00236628430593,88.0846500992,1.00651483731,9.8,1,12,3,3,1,20260917,setup_sweep
2075,36,2,45,450,0.00271757620875,88.5316756935,1.00432619908,9.775,1,12,3,3,1,20260917,setup_sweep
2076,36,2,50,500,0.00307671739851,88.9842836659,1.00239269878,9.75,1,12,3,3,1,20260917,setup_sweep
2077,36,2,55,550,0.00344259538654,89.4405433886,1.00064416294,9.725,1,12,3,3,1,20260917,setup_sweep
2078,36,2,60,600,0.00381427118881,89.8988428439,0.999027524846,9.7,1,12,3,3,1,20260917,setup_sweep
2079,36,2,65,650,0.00419094792488,90.3578314743,0.99750214339,9.675,1,12,3,3,1,20260917,setup_sweep
2080,36,2,70,700,0.00457194631413,90.8163753726,0.99603662631,9.65,1,12,3,3,1,20260917,setup_sweep
2081,36,2,75,750,0.0049566852253,91.2735215617,0.994606603511,9.625,1,12,3,3,1,20260917,setup_sweep
2082,36,2,80,800,0.00534466600613,91.7284691108,0.993193122793,9.6,1,12,3,3,1,20260917,setup_sweep
2083,36,2,85,850,0.00577669631081,92.2488099122,0.981731411835,9.575,1,12,3,3,1,20260917,setup_sweep
2084,36,2,90,900,0.0062160730625,92.7725734307,0.981174312637,9.55,1,12,3,3,1,20260917,setup_sweep
2085,36,2,95,950,0.00666606437562,93.305376483,0.983179667888,9.525,1,12,3,3,1,20260917,setup_sweep
2086,36,2,100,1000,0.0071741789003,93.9245634828,1.02243056172,9.5,1,12,3,3,1,20260917,setup_sweep
2087,36,2,105,1050,0.00744186653647,94.136497339,1.05523481992,9.475,1,12,3,3,1,20260917,setup_sweep
2088,36,2,110,1100,0.0076059306992,94.1740157554,1.0549965455,9.45,1,12,3,3,1,20260917,setup_sweep
2089,36,2,115,1150,0.00776997514152,94.2108814521,1.05475895168,9.425,1,12,3,3,1,20260917,setup_sweep
2090,36,2,120,1200,0.00793399992828,94.2471053248,1.05452204832,9.4,1,12,3,3,1,20260917,setup_sweep
2091,36,2,125,1250,0.0080986019535,94.2836911564,1.05672235058,9.375,1,12,3,3,1,20260917,setup_sweep
2092,36,2,130,1300,0.00829353205288,94.3699006991,1.03705719395,9.35,1,12,3,3,1,20260917,setup_sweep
2093,36,2,135,1350,0.00853549752718,94.5324082822,1.02166308625,9.325,1,12,3,3,1,20260917,setup_sweep
2094,36,2,140,1400,0.00881137924462,94.7482653577,1.01128660588,9.3,1,12,3,3,1,20260917,setup_sweep
2095,36,2,145,1450,0.00911307448076,95.0032065109,1.0035610074,9.275,1,12,3,3,1,20260917,setup_sweep
2096,36,2,150,1500,0.00943515986081,95.2876257238,0.99744578128,9.25,1,12,3,3,1,20260917,setup_sweep
2097,36,2,155,1550,0.0097736598496,95.5944672798,0.992393068722,9.225,1,12,3,3,1,20260917,setup_sweep
2098,36,2,160,1600,0.0101255360477,95.9183402334,0.98807769535,9.2,1,12,3,3,1,20260917,setup_sweep
2099,36,2,165,1650,0.0104884053537,96.2550253816,0.984291148287,9.175,1,12,3,3,1,20260917,setup_sweep
2100,36,2,170,1700,0.0108603656336,96.6011679209,0.980892376875,9.15,1,12,3,3,1,20260917,setup_sweep
2101,36,2,175,1750,0.0112398795279,96.9540712057,0.977782216756,9.125,1,12,3,3,1,20260917,setup_sweep
2102,36,2,180,1800,0.0116864674023,97.4123683473,0.994531232522,9.1,1,12,3,3,1,20260917,setup_sweep
2103,36,2,185,1850,0.0120174667878,97.6712096005,1.0336703492,9.075,1,12,3,3,1,20260917,setup_sweep
2104,36,2,190,1900,0.0121953996901,97.6729617831,1.06090135597,9.05,1,12,3,3,1,20260917,setup_sweep
2105,36,2,195,1950,0.0123213039592,97.5889548849,1.06108557737,9.025,1,12,3,3,1,20260917,setup_sweep
2106,36,2,200,2000,0.012447214473,97.5063468193,1.06126121504,9,1,12,3,3,1,20260917,setup_sweep
2107,36,2,205,2050,0.0125745121069,97.4274120965,1.06059753494,8.975,1,12,3,3,1,20260917,setup_sweep
2108,36,2,210,2100,0.0127307676404,97.3977197886,1.04013732651,8.95,1,12,3,3,1,20260917,setup_sweep
2109,36,2,215,2150,0.0129279868321,97.4362019167,1.02919092092,8.925,1,12,3,3,1,20260917,setup_sweep
2110,36,2,220,2200,0.013153502521,97.520831818,1.01540159488,8.9,1,12,3,3,1,20260917,setup_sweep
2111,36,2,225,2250,0.0134095533721,97.6545107848,1.00539059683,8.875,1,12,3,3,1,20260917,setup_sweep
2112,36,2,230,2300,0.0136892488545,97.8250500732,0.997700095716,8.85,1,12,3,3,1,20260917,setup_sweep
2113,36,2,235,2350,0.0139881996745,98.0245886095,0.991453822725,8.825,1,12,3,3,1,20260917,setup_sweep
2114,36,2,240,2400,0.0143031117179,98.247204284,0.986182157957,8.8,1,12,3,3,1,20260917,setup_sweep
2115,36,2,245,2450,0.0146314073858,98.4882565736,0.981602805904,8.775,1,12,3,3,1,20260917,setup_sweep
2116,36,2,250,2500,0.0149710162308,98.7440195517,0.977532794639,8.75,1,12,3,3,1,20260917,setup_sweep
2117,36,2,255,2550,0.0153202453096,99.0114526059,0.97384706596,8.725,1,12,3,3,1,20260917,setup_sweep
2118,36,2,260,2600,0.0156776925287,99.288045956,0.970456742353,8.7,1,12,3,3,1,20260917,setup_sweep
2119,36,2,265,2650,0.0160747289748,99.6255854275,0.95755698005,8.675,1,12,3,3,1,20260917,setup_sweep
2120,36,2,270,2700,0.0165655999695,100.112415765,0.986135230001,8.65,1,12,3,3,1,20260917,setup_sweep
2121,36,2,275,2750,0.0168531800358,100.254853466,1.01085420054,8.625,1,12,3,3,1,20260917,setup_sweep
2122,36,2,280,2800,0.017048589843,100.243054148,1.01072161018,8.6,1,12,3,3,1,20260917,setup_sweep
2123,36,2,285,2850,0.0172439815175,100.231419884,1.01058820084,8.575,1,12,3,3,1,20260917,setup_sweep
2124,36,2,290,2900,0.0174393549162,100.21994771,1.01045398815,8.55,1,12,3,3,1,20260917,setup_sweep
2125,37,2,0,0,0,85,1.44804068602,10,2,1,1,1,1,20260917,setup_sweep
2126,37,2,5,50,0.000432288895671,85.6318726693,1.44879368711,9.975,2,1,1,1,1,20260917,setup_sweep
2127,37,2,10,100,0.000866565078052,86.2565854639,1.46450422857,9.95,2,1,1,1,1,20260917,setup_sweep
2128,37,2,15,150,0.00125922108226,86.8021887916,1.46336499373,9.925,2,1,1,1,1,20260917,setup_sweep
2129,37,2,20,200,0.00165711883596,87.3474364699,1.46225618043,9.9,2,1,1,1,1,20260917,setup_sweep
2130,37,2,25,250,0.00205963544841,87.8913050188,1.46114147401,9.875,2,1,1,1,1,20260917,setup_sweep
2131,37,2,30,300,0.0024662275746,88.4329193249,1.45999258197,9.85,2,1,1,1,1,20260917,setup_sweep
2132,37,2,35,350,0.00287642002586,88.9715313689,1.45878757561,9.825,2,1,1,1,1,20260917,setup_sweep
2133,37,2,40,400,0.00328979629651,89.5065024703,1.45750962518,9.8,2,1,1,1,1,20260917,setup_sweep
2134,37,2,45,450,0.0037059906174,90.0372883496,1.45614601849,9.775,2,1,1,1,1,20260917,setup_sweep
2135,37,2,50,500,0.00414750894787,90.6013454048,1.43981714641,9.75,2,1,1,1,1,20260917,setup_sweep
2136,37,2,55,550,0.00462125447154,91.2091448576,1.43950538529,9.725,2,1,1,1,1,20260917,setup_sweep
2137,37,2,60,600,0.0051352139465,91.8738493373,1.44831445038,9.7,2,1,1,1,1,20260917,setup_sweep
2138,37,2,65,650,0.00567145402887,92.5632447573,1.49002011386,9.675,2,1,1,1,1,20260917,setup_sweep
2139,37,2,70,700,0.00596050482539,92.8333509632,1.48918737746,9.65,2,1,1,1,1,20260917,setup_sweep
2140,37,2,75,750,0.00624929251704,93.0985578062,1.48831943677,9.625,2,1,1,1,1,20260917,setup_sweep
2141,37,2,80,800,0.00653780574033,93.3589274853,1.48741863725,9.6,2,1,1,1,1,20260917,setup_sweep
2142,37,2,85,850,0.00682603397222,93.6145225604,1.4864872361,9.575,2,1,1,1,1,20260917,setup_sweep
2143,37,2,90,900,0.00710493058464,93.850433837,1.49711474937,9.55,2,1,1,1,1,20260917,setup_sweep
2144,37,2,95,950,0.00740061726446,94.1102911148,1.48423585994,9.525,2,1,1,1,1,20260917,setup_sweep
2145,37,2,100,1000,0.00771992135323,94.4048785704,1.47412674078,9.5,2,1,1,1,1,20260917,setup_sweep
2146,37,2,105,1050,0.00805854482946,94.726520861,1.46581186542,9.475,2,1,1,1,1,20260917,setup_sweep
2147,37,2,110,1100,0.00841319223761,95.0693256926,1.45872893317,9.45,2,1,1,1,1,20260917,setup_sweep
2148,37,2,115,1150,0.00878125668871,95.4286357475,1.4525237009,9.425,2,1,1,1,1,20260917,setup_sweep
2149,37,2,120,1200,0.00916063299132,95.8006995953,1.44695910731,9.4,2,1,1,1,1,20260917,setup_sweep
2150,37,2,125,1250,0.00954959611863,96.1824559493,1.44186953305,9.375,2,1,1,1,1,20260917,setup_sweep
2151,37,2,130,1300,0.00996420725421,96.6004850301,1.44345345373,9.35,2,1,1,1,1,20260917,setup_sweep
2152,37,2,135,1350,0.0104157379793,97.0717828114,1.5142077962,9.325,2,1,1,1,1,20260917,setup_sweep
2153,37,2,140,1400,0.0106102453337,97.1107475268,1.53465593222,9.3,2,1,1,1,1,20260917,setup_sweep
2154,37,2,145,1450,0.0107648879808,97.0835335539,1.5345643582,9.275,2,1,1,1,1,20260917,setup_sweep
2155,37,2,150,1500,0.0109195280021,97.056765048,1.53447009207,9.25,2,1,1,1,1,20260917,setup_sweep
2156,37,2,155,1550,0.0110741652558,97.0304344118,1.53437319649,9.225,2,1,1,1,1,20260917,setup_sweep
2157,37,2,160,1600,0.0112463106507,97.0336054932,1.52176317391,9.2,2,1,1,1,1,20260917,setup_sweep
2158,37,2,165,1650,0.0114735978904,97.1278368852,1.50585713487,9.175,2,1,1,1,1,20260917,setup_sweep
2159,37,2,170,1700,0.0117185606597,97.2496929527,1.48853544005,9.15,2,1,1,1,1,20260917,setup_sweep
2160,37,2,175,1750,0.0119906382606,97.4143390171,1.47552985343,9.125,2,1,1,1,1,20260917,setup_sweep
2161,37,2,180,1800,0.0122849372801,97.612983406,1.46508503567,9.1,2,1,1,1,1,20260917,setup_sweep
2162,37,2,185,1850,0.0125978513252,97.8391054881,1.45632147056,9.075,2,1,1,1,1,20260917,setup_sweep
2163,37,2,190,1900,0.0129265729693,98.0876122566,1.44873124931,9.05,2,1,1,1,1,20260917,setup_sweep
2164,37,2,195,1950,0.0132688436466,98.3544016636,1.44199366633,9.025,2,1,1,1,1,20260917,setup_sweep
2165,37,2,200,2000,0.0136228063961,98.6361030017,1.43589340851,9,2,1,1,1,1,20260917,setup_sweep
2166,37,2,205,2050,0.01401119555,98.9701792915,1.4163468095,8.975,2,1,1,1,1,20260917,setup_sweep
2167,37,2,210,2100,0.0144222358571,99.3360315508,1.41183368864,8.95,2,1,1,1,1,20260917,setup_sweep
2168,37,2,215,2150,0.014886664893,99.7843463908,1.39496382403,8.925,2,1,1,1,1,20260917,setup_sweep
2169,37,2,220,2200,0.0153893671646,100.288246948,1.38963064367,8.9,2,1,1,1,1,20260917,setup_sweep
2170,37,2,225,2250,0.0158976766086,100.793084813,1.38432372607,8.875,2,1,1,1,1,20260917,setup_sweep
2171,37,2,230,2300,0.0164108387098,101.297597637,1.37902301218,8.85,2,1,1,1,1,20260917,setup_sweep
2172,37,2,235,2350,0.0169282028973,101.800715706,1.37371395264,8.825,2,1,1,1,1,20260917,setup_sweep
2173,38,2,0,0,0,85,1.42297118145,10,2,1,2,1,1,20260917,setup_sweep
2174,38,2,5,50,0.000375734267866,85.5384081636,1.42155842492,9.975,2,1,2,1,1,20260917,setup_sweep
2175,38,2,10,100,0.00075856680185,86.079647408,1.43452525506,9.95,2,1,2,1,1,20260917,setup_sweep
2176,38,2,15,150,0.00110984640409,86.5597918142,1.43223633192,9.925,2,1,2,1,1,20260917,setup_sweep
2177,38,2,20,200,0.00146883020436,87.0447319926,1.43018642466,9.9,2,1,2,1,1,20260917,setup_sweep
2178,38,2,25,250,0.00183464659342,87.5329483011,1.42830529519,9.875,2,1,2,1,1,20260917,setup_sweep
2179,38,2,30,300,0.00220653590945,88.0231312055,1.42653806233,9.85,2,1,2,1,1,20260917,setup_sweep
2180,38,2,35,350,0.00258383290532,88.5141488354,1.42484149417,9.825,2,1,2,1,1,20260917,setup_sweep
2181,38,2,40,400,0.00296595275561,89.0050209264,1.42318137281,9.8,2,1,2,1,1,20260917,setup_sweep
2182,38,2,45,450,0.00335237971202,89.4948975682,1.42153056995,9.775,2,1,2,1,1,20260917,setup_sweep
2183,38,2,50,500,0.00374265772217,89.9830415484,1.40512957492,9.75,2,1,2,1,1,20260917,setup_sweep
2184,38,2,55,550,0.00418196114548,90.5441392454,1.40459108256,9.725,2,1,2,1,1,20260917,setup_sweep
2185,38,2,60,600,0.00470394571084,91.2332633001,1.42400834852,9.7,2,1,2,1,1,20260917,setup_sweep
2186,38,2,65,650,0.00515602359907,91.7942506999,1.46622215943,9.675,2,1,2,1,1,20260917,setup_sweep
2187,38,2,70,700,0.00539750472568,91.9984418357,1.46566000205,9.65,2,1,2,1,1,20260917,setup_sweep
2188,38,2,75,750,0.00563887365909,92.1990725396,1.46507693212,9.625,2,1,2,1,1,20260917,setup_sweep
2189,38,2,80,800,0.00588012596302,92.3961943287,1.46447423544,9.6,2,1,2,1,1,20260917,setup_sweep
2190,38,2,85,850,0.00612125749087,92.5898583471,1.46385315262,9.575,2,1,2,1,1,20260917,setup_sweep
2191,38,2,90,900,0.00636075192236,92.7776220377,1.4716708452,9.55,2,1,2,1,1,20260917,setup_sweep
2192,38,2,95,950,0.00662317401078,93.000232488,1.45730535173,9.525,2,1,2,1,1,20260917,setup_sweep
2193,38,2,100,1000,0.00691032136503,93.2600194544,1.44635050553,9.5,2,1,2,1,1,20260917,setup_sweep
2194,38,2,105,1050,0.00721778193032,93.5490789776,1.43752885618,9.475,2,1,2,1,1,20260917,setup_sweep
2195,38,2,110,1100,0.00754222574145,93.8614251529,1.43014755736,9.45,2,1,2,1,1,20260917,setup_sweep
2196,38,2,115,1150,0.00788103191674,94.1923424419,1.42378575854,9.425,2,1,2,1,1,20260917,setup_sweep
2197,38,2,120,1200,0.00823208236666,94.5380239419,1.4181681445,9.4,2,1,2,1,1,20260917,setup_sweep
2198,38,2,125,1250,0.00859363406497,94.8953453726,1.41310501501,9.375,2,1,2,1,1,20260917,setup_sweep
2199,38,2,130,1300,0.00899987983421,95.3210174679,1.42160197506,9.35,2,1,2,1,1,20260917,setup_sweep
2200,38,2,135,1350,0.009390286596,95.7125078288,1.48796028,9.325,2,1,2,1,1,20260917,setup_sweep
2201,38,2,140,1400,0.00956810285219,95.7464218706,1.50360662166,9.3,2,1,2,1,1,20260917,setup_sweep
2202,38,2,145,1450,0.00971378184364,95.7269425948,1.50347464127,9.275,2,1,2,1,1,20260917,setup_sweep
2203,38,2,150,1500,0.00985945693346,95.7077788341,1.50334117122,9.25,2,1,2,1,1,20260917,setup_sweep
2204,38,2,155,1550,0.0100051280574,95.6889252674,1.50320624333,9.225,2,1,2,1,1,20260917,setup_sweep
2205,38,2,160,1600,0.0101661229713,95.6958233693,1.49226327349,9.2,2,1,2,1,1,20260917,setup_sweep
2206,38,2,165,1650,0.010378062044,95.7867894623,1.47627594138,9.175,2,1,2,1,1,20260917,setup_sweep
2207,38,2,170,1700,0.0106070866887,95.9044621755,1.45972537992,9.15,2,1,2,1,1,20260917,setup_sweep
2208,38,2,175,1750,0.0108611102757,96.0614983959,1.44726401579,9.125,2,1,2,1,1,20260917,setup_sweep
2209,38,2,180,1800,0.0111358586595,96.2501861638,1.43724610624,9.1,2,1,2,1,1,20260917,setup_sweep
2210,38,2,185,1850,0.0114281723628,96.4647820262,1.42884556607,9.075,2,1,2,1,1,20260917,setup_sweep
2211,38,2,190,1900,0.0117355787459,96.7007720694,1.4215833725,9.05,2,1,2,1,1,20260917,setup_sweep
2212,38,2,195,1950,0.0120560748749,96.9544929912,1.41515546803,9.025,2,1,2,1,1,20260917,setup_sweep
2213,38,2,200,2000,0.0123880009045,97.2229088965,1.4093564951,9,2,1,2,1,1,20260917,setup_sweep
2214,38,2,205,2050,0.0127523616542,97.5406176808,1.39066174286,8.975,2,1,2,1,1,20260917,setup_sweep
2215,38,2,210,2100,0.0131387519815,97.8893574233,1.38634697525,8.95,2,1,2,1,1,20260917,setup_sweep
2216,38,2,215,2150,0.0135752905935,98.3153041134,1.37353048355,8.925,2,1,2,1,1,20260917,setup_sweep
2217,38,2,220,2200,0.0140170846774,98.742795096,1.3710722363,8.9,2,1,2,1,1,20260917,setup_sweep
2218,38,2,225,2250,0.0144565709862,99.1594058065,1.36857425116,8.875,2,1,2,1,1,20260917,setup_sweep
2219,38,2,230,2300,0.0148937302386,99.5652842277,1.36604318611,8.85,2,1,2,1,1,20260917,setup_sweep
2220,38,2,235,2350,0.0153285504375,99.9605879341,1.36345328333,8.825,2,1,2,1,1,20260917,setup_sweep
2221,39,2,0,0,0,85,1.02592968086,10,2,1,3,3,1,20260917,setup_sweep
2222,39,2,5,50,0.000287148126004,85.3920334786,1.01766647761,9.975,2,1,3,3,1,20260917,setup_sweep
2223,39,2,10,100,0.000599609557003,85.819414314,1.02097512259,9.95,2,1,3,3,1,20260917,setup_sweep
2224,39,2,15,150,0.000902403400036,86.2237434469,1.01583433366,9.925,2,1,3,3,1,20260917,setup_sweep
2225,39,2,20,200,0.0012225159303,86.6500086221,1.01174573118,9.9,2,1,3,3,1,20260917,setup_sweep
2226,39,2,25,250,0.00155739832277,87.0936356575,1.00839588206,9.875,2,1,3,3,1,20260917,setup_sweep
2227,39,2,30,300,0.00190497877756,87.5509140997,1.00557733574,9.85,2,1,3,3,1,20260917,setup_sweep
2228,39,2,35,350,0.00226354168547,88.0187833425,1.00314555958,9.825,2,1,3,3,1,20260917,setup_sweep
2229,39,2,40,400,0.00263164724569,88.4946890918,1.00099608196,9.8,2,1,3,3,1,20260917,setup_sweep
2230,39,2,45,450,0.00300807490642,88.9764815538,0.999051333013,9.775,2,1,3,3,1,20260917,setup_sweep
2231,39,2,50,500,0.0033917818679,89.4623401871,0.997252575321,9.75,2,1,3,3,1,20260917,setup_sweep
2232,39,2,55,550,0.00379973820156,89.9803944112,0.985882126374,9.725,2,1,3,3,1,20260917,setup_sweep
2233,39,2,60,600,0.00433704956749,90.7033171266,1.01840323177,9.7,2,1,3,3,1,20260917,setup_sweep
2234,39,2,65,650,0.00465208601727,91.0466888627,1.05087022652,9.675,2,1,3,3,1,20260917,setup_sweep
2235,39,2,70,700,0.00484184900783,91.1777537158,1.05061615422,9.65,2,1,3,3,1,20260917,setup_sweep
2236,39,2,75,750,0.00503157734054,91.3065949706,1.05035550002,9.625,2,1,3,3,1,20260917,setup_sweep
2237,39,2,80,800,0.00522127001482,91.4332477265,1.05008864547,9.6,2,1,3,3,1,20260917,setup_sweep
2238,39,2,85,850,0.00541092608922,91.5577466003,1.0498159568,9.575,2,1,3,3,1,20260917,setup_sweep
2239,39,2,90,900,0.00560867554027,91.6936319713,1.04484899339,9.55,2,1,3,3,1,20260917,setup_sweep
2240,39,2,95,950,0.00584996431324,91.8992592705,1.02917780893,9.525,2,1,3,3,1,20260917,setup_sweep
2241,39,2,100,1000,0.00612663999045,92.1599542017,1.01857462129,9.5,2,1,3,3,1,20260917,setup_sweep
2242,39,2,105,1050,0.00643077386214,92.4617108695,1.01067998417,9.475,2,1,3,3,1,20260917,setup_sweep
2243,39,2,110,1100,0.00675705221902,92.7950716176,1.00443657046,9.45,2,1,3,3,1,20260917,setup_sweep
2244,39,2,115,1150,0.00710153079442,93.1529971334,0.999285007747,9.425,2,1,3,3,1,20260917,setup_sweep
2245,39,2,120,1200,0.00746115110204,93.5300277686,0.994891329892,9.4,2,1,3,3,1,20260917,setup_sweep
2246,39,2,125,1250,0.00783347631645,93.9218211878,0.991040008681,9.375,2,1,3,3,1,20260917,setup_sweep
2247,39,2,130,1300,0.00827539340816,94.4221270236,1.0185178036,9.35,2,1,3,3,1,20260917,setup_sweep
2248,39,2,135,1350,0.0085514007058,94.6395838953,1.0585739703,9.325,2,1,3,3,1,20260917,setup_sweep
2249,39,2,140,1400,0.00870323913399,94.6484141165,1.06946990271,9.3,2,1,3,3,1,20260917,setup_sweep
2250,39,2,145,1450,0.00883640381662,94.6263989828,1.06938297587,9.275,2,1,3,3,1,20260917,setup_sweep
2251,39,2,150,1500,0.0089695661325,94.6047438152,1.06929498848,9.25,2,1,3,3,1,20260917,setup_sweep
2252,39,2,155,1550,0.00910272603955,94.5834425946,1.06920596722,9.225,2,1,3,3,1,20260917,setup_sweep
2253,39,2,160,1600,0.00924507312183,94.577746631,1.06025668328,9.2,2,1,3,3,1,20260917,setup_sweep
2254,39,2,165,1650,0.00942797535184,94.6392099621,1.04719421618,9.175,2,1,3,3,1,20260917,setup_sweep
2255,39,2,170,1700,0.00963953089754,94.7470057149,1.03197683379,9.15,2,1,3,3,1,20260917,setup_sweep
2256,39,2,175,1750,0.00988636508057,94.9113059592,1.02034292714,9.125,2,1,3,3,1,20260917,setup_sweep
2257,39,2,180,1800,0.0101600617121,95.1172777252,1.01162522431,9.1,2,1,3,3,1,20260917,setup_sweep
2258,39,2,185,1850,0.0104557993856,95.3562667386,1.00465399458,9.075,2,1,3,3,1,20260917,setup_sweep
2259,39,2,190,1900,0.0107700120383,95.6218352,0.998835132253,9.05,2,1,3,3,1,20260917,setup_sweep
2260,39,2,195,1950,0.011099918203,95.9089478342,0.993822171779,9.025,2,1,3,3,1,20260917,setup_sweep
2261,39,2,200,2000,0.01144327758,96.2135466642,0.989394636857,9,2,1,3,3,1,20260917,setup_sweep
2262,39,2,205,2050,0.0118217496672,96.571271633,0.975940234549,8.975,2,1,3,3,1,20260917,setup_sweep
2263,39,2,210,2100,0.0122892769492,97.0705212312,0.992294594393,8.95,2,1,3,3,1,20260917,setup_sweep
2264,39,2,215,2150,0.0126220491598,97.3379286218,1.00112120394,8.925,2,1,3,3,1,20260917,setup_sweep
2265,39,2,220,2200,0.0129015578009,97.5133442122,1.00032166008,8.9,2,1,3,3,1,20260917,setup_sweep
2266,39,2,225,2250,0.0131807017459,97.6852576488,0.999521236164,8.875,2,1,3,3,1,20260917,setup_sweep
2267,39,2,230,2300,0.013459481403,97.8537274925,0.998720500135,8.85,2,1,3,3,1,20260917,setup_sweep
2268,39,2,235,2350,0.0137378974495,98.0188117808,0.997915448619,8.825,2,1,3,3,1,20260917,setup_sweep
2269,40,2,0,0,0,85,1.45260660685,10,2,2,1,1,1,20260917,setup_sweep
2270,40,2,5,50,0.000416346460082,85.605521672,1.45334875641,9.975,2,2,1,1,1,20260917,setup_sweep
2271,40,2,10,100,0.000834478122114,86.2039850431,1.46837616123,9.95,2,2,1,1,1,20260917,setup_sweep
2272,40,2,15,150,0.00121400933037,86.7287642031,1.46718816707,9.925,2,2,1,1,1,20260917,setup_sweep
2273,40,2,20,200,0.00159869117557,87.2533813031,1.46605719705,9.9,2,2,1,1,1,20260917,setup_sweep
2274,40,2,25,250,0.00198789777746,87.7768047251,1.464944397,9.875,2,2,1,1,1,20260917,setup_sweep
2275,40,2,30,300,0.00238108416632,88.2981536078,1.46381933877,9.85,2,2,1,1,1,20260917,setup_sweep
2276,40,2,35,350,0.00277777469926,88.8166762133,1.46265826558,9.825,2,2,1,1,1,20260917,setup_sweep
2277,40,2,40,400,0.00317755340715,89.3317318414,1.46144275822,9.8,2,2,1,1,1,20260917,setup_sweep
2278,40,2,45,450,0.0035800558839,89.8427755915,1.46015870305,9.775,2,2,1,1,1,20260917,setup_sweep
2279,40,2,50,500,0.00398496242424,90.3493454393,1.45879548173,9.75,2,2,1,1,1,20260917,setup_sweep
2280,40,2,55,550,0.00442470597457,90.9052995285,1.44343651459,9.725,2,2,1,1,1,20260917,setup_sweep
2281,40,2,60,600,0.00492439754122,91.5514149844,1.45174439528,9.7,2,2,1,1,1,20260917,setup_sweep
2282,40,2,65,650,0.00544487245084,92.2200862816,1.495184701,9.675,2,2,1,1,1,20260917,setup_sweep
2283,40,2,70,700,0.00572243475979,92.4768756829,1.49444407717,9.65,2,2,1,1,1,20260917,setup_sweep
2284,40,2,75,750,0.00599977287099,92.7290501392,1.49367081805,9.625,2,2,1,1,1,20260917,setup_sweep
2285,40,2,80,800,0.00627687660603,92.976669107,1.49286702976,9.6,2,2,1,1,1,20260917,setup_sweep
2286,40,2,85,850,0.00655373651015,93.2197922561,1.49203473857,9.575,2,2,1,1,1,20260917,setup_sweep
2287,40,2,90,900,0.00682202764709,93.4447020848,1.50345097032,9.55,2,2,1,1,1,20260917,setup_sweep
2288,40,2,95,950,0.00710685034833,93.6933070754,1.49054709349,9.525,2,2,1,1,1,20260917,setup_sweep
2289,40,2,100,1000,0.00741452708882,93.9755668384,1.48047336579,9.5,2,2,1,1,1,20260917,setup_sweep
2290,40,2,105,1050,0.00774089270596,94.284043295,1.47223900272,9.475,2,2,1,1,1,20260917,setup_sweep
2291,40,2,110,1100,0.00808274551885,94.6130129327,1.46527265364,9.45,2,2,1,1,1,20260917,setup_sweep
2292,40,2,115,1150,0.00843754754951,94.9579433536,1.45921378116,9.425,2,2,1,1,1,20260917,setup_sweep
2293,40,2,120,1200,0.00880324629289,95.3151791803,1.45382056635,9.4,2,2,1,1,1,20260917,setup_sweep
2294,40,2,125,1250,0.00917815859485,95.6817357273,1.4489236233,9.375,2,2,1,1,1,20260917,setup_sweep
2295,40,2,130,1300,0.00957374155917,96.0765382745,1.44872568144,9.35,2,2,1,1,1,20260917,setup_sweep
2296,40,2,135,1350,0.0100140355329,96.5379330898,1.52017393306,9.325,2,2,1,1,1,20260917,setup_sweep
2297,40,2,140,1400,0.0102038668012,96.5780036861,1.54060818351,9.3,2,2,1,1,1,20260917,setup_sweep
2298,40,2,145,1450,0.0103550511428,96.5538791163,1.54049748349,9.275,2,2,1,1,1,20260917,setup_sweep
2299,40,2,150,1500,0.0105062320413,96.5301475994,1.54038459312,9.25,2,2,1,1,1,20260917,setup_sweep
2300,40,2,155,1550,0.0106574093859,96.5068024557,1.5402695595,9.225,2,2,1,1,1,20260917,setup_sweep
2301,40,2,160,1600,0.0108251094112,96.5112740748,1.52890910623,9.2,2,2,1,1,1,20260917,setup_sweep
2302,40,2,165,1650,0.0110456313097,96.6029516758,1.51249317854,9.175,2,2,1,1,1,20260917,setup_sweep
2303,40,2,170,1700,0.0112839402053,96.7224829219,1.49524500552,9.15,2,2,1,1,1,20260917,setup_sweep
2304,40,2,175,1750,0.0115483664322,96.8831944801,1.48230056445,9.125,2,2,1,1,1,20260917,setup_sweep
2305,40,2,180,1800,0.0118342383921,97.0766876844,1.47192818616,9.1,2,2,1,1,1,20260917,setup_sweep
2306,40,2,185,1850,0.0121380946001,97.2967014022,1.46325511765,9.075,2,2,1,1,1,20260917,setup_sweep
2307,40,2,190,1900,0.01245722835,97.5383248476,1.455774713,9.05,2,2,1,1,1,20260917,setup_sweep
2308,40,2,195,1950,0.0127894541031,97.7975894366,1.44916552064,9.025,2,2,1,1,1,20260917,setup_sweep
2309,40,2,200,2000,0.0131329696978,98.0712256079,1.44321075098,9,2,2,1,1,1,20260917,setup_sweep
2310,40,2,205,2050,0.013508826264,98.3939136465,1.42454432231,8.975,2,2,1,1,1,20260917,setup_sweep
2311,40,2,210,2100,0.0139057687517,98.7459881787,1.42032232526,8.95,2,2,1,1,1,20260917,setup_sweep
2312,40,2,215,2150,0.014353487021,99.1764219658,1.40335085306,8.925,2,2,1,1,1,20260917,setup_sweep
2313,40,2,220,2200,0.014837472105,99.6594326414,1.39841654914,8.9,2,2,1,1,1,20260917,setup_sweep
2314,40,2,225,2250,0.0153265472099,100.142871244,1.39351787034,8.875,2,2,1,1,1,20260917,setup_sweep
2315,40,2,230,2300,0.0158200077882,100.625566422,1.38863431734,8.85,2,2,1,1,1,20260917,setup_sweep
2316,40,2,235,2350,0.0163172485238,101.106530166,1.38375080145,8.825,2,2,1,1,1,20260917,setup_sweep
2317,41,2,0,0,0,85,1.42573917187,10,2,2,2,1,1,20260917,setup_sweep
2318,41,2,5,50,0.000366417809355,85.5230073192,1.42455186615,9.975,2,2,2,1,1,20260917,setup_sweep
2319,41,2,10,100,0.000739044876124,86.0476311319,1.43705147323,9.95,2,2,2,1,1,20260917,setup_sweep
2320,41,2,15,150,0.00108185745915,86.5143087291,1.43487566026,9.925,2,2,2,1,1,20260917,setup_sweep
2321,41,2,20,200,0.00143184148074,86.9851242397,1.43293088996,9.9,2,2,2,1,1,20260917,setup_sweep
2322,41,2,25,250,0.0017881789845,87.4586575556,1.43115122435,9.875,2,2,2,1,1,20260917,setup_sweep
2323,41,2,30,300,0.00215015594367,87.9336837836,1.429484869,9.85,2,2,2,1,1,20260917,setup_sweep
2324,41,2,35,350,0.00251714644265,88.4091438794,1.42789083169,9.825,2,2,2,1,1,20260917,setup_sweep
2325,41,2,40,400,0.00288859996262,88.8841208981,1.42633652727,9.8,2,2,2,1,1,20260917,setup_sweep
2326,41,2,45,450,0.0032640309921,89.3578204776,1.42479601524,9.775,2,2,2,1,1,20260917,setup_sweep
2327,41,2,50,500,0.00364301037159,89.8295545094,1.40915486339,9.75,2,2,2,1,1,20260917,setup_sweep
2328,41,2,55,550,0.0040689039389,90.3710233403,1.40882541585,9.725,2,2,2,1,1,20260917,setup_sweep
2329,41,2,60,600,0.00457259430441,91.0327556605,1.42745727423,9.7,2,2,2,1,1,20260917,setup_sweep
2330,41,2,65,650,0.00500998154897,91.5727841486,1.47080026467,9.675,2,2,2,1,1,20260917,setup_sweep
2331,41,2,70,700,0.00524228488387,91.7654662846,1.47028975322,9.65,2,2,2,1,1,20260917,setup_sweep
2332,41,2,75,750,0.0054744924916,91.9548054333,1.46976026036,9.625,2,2,2,1,1,20260917,setup_sweep
2333,41,2,80,800,0.00570660056528,92.1408505577,1.46921293405,9.6,2,2,2,1,1,20260917,setup_sweep
2334,41,2,85,850,0.00593860553508,92.3236502033,1.46864887487,9.575,2,2,2,1,1,20260917,setup_sweep
2335,41,2,90,900,0.00616943579946,92.5014952254,1.47704761083,9.55,2,2,2,1,1,20260917,setup_sweep
2336,41,2,95,950,0.00642259774696,92.7133617493,1.46267696067,9.525,2,2,2,1,1,20260917,setup_sweep
2337,41,2,100,1000,0.00669957706727,92.9610821997,1.45175125978,9.5,2,2,2,1,1,20260917,setup_sweep
2338,41,2,105,1050,0.00699612956435,93.2370517849,1.44298694295,9.475,2,2,2,1,1,20260917,setup_sweep
2339,41,2,110,1100,0.00730904323229,93.5354964003,1.43568785749,9.45,2,2,2,1,1,20260917,setup_sweep
2340,41,2,115,1150,0.00763578364399,93.8518567634,1.42943056578,9.425,2,2,2,1,1,20260917,setup_sweep
2341,41,2,120,1200,0.00797429835768,94.1824452729,1.42393750169,9.4,2,2,2,1,1,20260917,setup_sweep
2342,41,2,125,1250,0.00832289582398,94.5242315668,1.41901696004,9.375,2,2,2,1,1,20260917,setup_sweep
2343,41,2,130,1300,0.00871319126011,94.9296599488,1.42596765925,9.35,2,2,2,1,1,20260917,setup_sweep
2344,41,2,135,1350,0.0090933897951,95.3107587633,1.49253357756,9.325,2,2,2,1,1,20260917,setup_sweep
2345,41,2,140,1400,0.00926729503395,95.3448579638,1.50805168553,9.3,2,2,2,1,1,20260917,setup_sweep
2346,41,2,145,1450,0.00941007569663,95.3272254392,1.50791152189,9.275,2,2,2,1,1,20260917,setup_sweep
2347,41,2,150,1500,0.00955285234558,95.3098777204,1.50777010796,9.25,2,2,2,1,1,20260917,setup_sweep
2348,41,2,155,1550,0.00969562493062,95.292810017,1.5076274712,9.225,2,2,2,1,1,20260917,setup_sweep
2349,41,2,160,1600,0.00985270906453,95.2997833721,1.49808187344,9.2,2,2,2,1,1,20260917,setup_sweep
2350,41,2,165,1650,0.0100583923554,95.386951227,1.4816467505,9.175,2,2,2,1,1,20260917,setup_sweep
2351,41,2,170,1700,0.0102812646458,95.5010613628,1.46518694492,9.15,2,2,2,1,1,20260917,setup_sweep
2352,41,2,175,1750,0.0105281892165,95.6530297374,1.45279297676,9.125,2,2,2,1,1,20260917,setup_sweep
2353,41,2,180,1800,0.0107950899236,95.835496345,1.44284360477,9.1,2,2,2,1,1,20260917,setup_sweep
2354,41,2,185,1850,0.0110789394976,96.0429552092,1.43452141186,9.075,2,2,2,1,1,20260917,setup_sweep
2355,41,2,190,1900,0.0113773593054,96.2710628672,1.42735042245,9.05,2,2,2,1,1,20260917,setup_sweep
2356,41,2,195,1950,0.0116884160158,96.5162833368,1.42102732394,9.025,2,2,2,1,1,20260917,setup_sweep
2357,41,2,200,2000,0.0120105029407,96.7756787699,1.41534649478,9,2,2,2,1,1,20260917,setup_sweep
2358,41,2,205,2050,0.0123630091314,97.0811758378,1.39750151738,8.975,2,2,2,1,1,20260917,setup_sweep
2359,41,2,210,2100,0.0127360445121,97.4154348335,1.39341966481,8.95,2,2,2,1,1,20260917,setup_sweep
2360,41,2,215,2150,0.0131555649227,97.8211387767,1.3786021213,8.925,2,2,2,1,1,20260917,setup_sweep
2361,41,2,220,2200,0.0135888442479,98.2427238768,1.37633294228,8.9,2,2,2,1,1,20260917,setup_sweep
2362,41,2,225,2250,0.0140197885006,98.6534811996,1.37402304084,8.875,2,2,2,1,1,20260917,setup_sweep
2363,41,2,230,2300,0.0144483777713,99.0535568232,1.37167883504,8.85,2,2,2,1,1,20260917,setup_sweep
2364,41,2,235,2350,0.0148746000192,99.4431074154,1.36928226474,8.825,2,2,2,1,1,20260917,setup_sweep
2365,42,2,0,0,0,85,1.02938066499,10,2,2,3,3,1,20260917,setup_sweep
2366,42,2,5,50,0.000276310248913,85.3741181595,1.02096244171,9.975,2,2,3,3,1,20260917,setup_sweep
2367,42,2,10,100,0.00057716516863,85.7826097112,1.02363748026,9.95,2,2,3,3,1,20260917,setup_sweep
2368,42,2,15,150,0.000870308701148,86.1715955595,1.01840891446,9.925,2,2,3,3,1,20260917,setup_sweep
2369,42,2,20,200,0.00118033042076,86.5820431232,1.0142586165,9.9,2,2,3,3,1,20260917,setup_sweep
2370,42,2,25,250,0.00150474120773,87.0094847025,1.01086886037,9.875,2,2,3,3,1,20260917,setup_sweep
2371,42,2,30,300,0.00184151328021,87.4502886512,1.00802933877,9.85,2,2,3,3,1,20260917,setup_sweep
2372,42,2,35,350,0.00218896439985,87.9014542783,1.00559341662,9.825,2,2,3,3,1,20260917,setup_sweep
2373,42,2,40,400,0.00254568084507,88.3604741688,1.00345497067,9.8,2,2,3,3,1,20260917,setup_sweep
2374,42,2,45,450,0.00291046311805,88.8252363312,1.00153507593,9.775,2,2,3,3,1,20260917,setup_sweep
2375,42,2,50,500,0.00328228597945,89.2939516299,0.999773848786,9.75,2,2,3,3,1,20260917,setup_sweep
2376,42,2,55,550,0.00367691737283,89.792754326,0.988767723531,9.725,2,2,3,3,1,20260917,setup_sweep
2377,42,2,60,600,0.00419565781016,90.4881307751,1.02119748002,9.7,2,2,3,3,1,20260917,setup_sweep
2378,42,2,65,650,0.00449978439302,90.8170411258,1.05385980681,9.675,2,2,3,3,1,20260917,setup_sweep
2379,42,2,70,700,0.00468331114773,90.941594143,1.05362773571,9.65,2,2,3,3,1,20260917,setup_sweep
2380,42,2,75,750,0.0048668088496,91.0640404578,1.05338950512,9.625,2,2,3,3,1,20260917,setup_sweep
2381,42,2,80,800,0.00505027662909,91.1844134539,1.05314546303,9.6,2,2,3,3,1,20260917,setup_sweep
2382,42,2,85,850,0.00523371366556,91.3027460439,1.05289594336,9.575,2,2,3,3,1,20260917,setup_sweep
2383,42,2,90,900,0.0054241639006,91.4307733671,1.04887774741,9.55,2,2,3,3,1,20260917,setup_sweep
2384,42,2,95,950,0.00565538536559,91.624105751,1.03322669157,9.525,2,2,3,3,1,20260917,setup_sweep
2385,42,2,100,1000,0.00592130137106,91.8715624681,1.0224936444,9.5,2,2,3,3,1,20260917,setup_sweep
2386,42,2,105,1050,0.006213890434,92.1590023914,1.0145463714,9.475,2,2,3,3,1,20260917,setup_sweep
2387,42,2,110,1100,0.00652798294278,92.4772237478,1.00829802775,9.45,2,2,3,3,1,20260917,setup_sweep
2388,42,2,115,1150,0.00685973551441,92.8193674914,1.00317600009,9.425,2,2,3,3,1,20260917,setup_sweep
2389,42,2,120,1200,0.00720616233784,93.1801046639,0.998838765993,9.4,2,2,3,3,1,20260917,setup_sweep
2390,42,2,125,1250,0.00756488086742,93.5551910712,0.995065813158,9.375,2,2,3,3,1,20260917,setup_sweep
2391,42,2,130,1300,0.00799063769802,94.0348863613,1.02167895457,9.35,2,2,3,3,1,20260917,setup_sweep
2392,42,2,135,1350,0.00825946118812,94.2468807265,1.06149529841,9.325,2,2,3,3,1,20260917,setup_sweep
2393,42,2,140,1400,0.00840849496875,94.2575716419,1.07212568894,9.3,2,2,3,3,1,20260917,setup_sweep
2394,42,2,145,1450,0.00853946521214,94.2383894767,1.07203067749,9.275,2,2,3,3,1,20260917,setup_sweep
2395,42,2,150,1500,0.00867043293699,94.219520202,1.07193482778,9.25,2,2,3,3,1,20260917,setup_sweep
2396,42,2,155,1550,0.00880139811137,94.2009585933,1.07183815951,9.225,2,2,3,3,1,20260917,setup_sweep
2397,42,2,160,1600,0.00894100953457,94.1970584752,1.06366744063,9.2,2,2,3,3,1,20260917,setup_sweep
2398,42,2,165,1650,0.0091177059065,94.2545468289,1.05121452369,9.175,2,2,3,3,1,20260917,setup_sweep
2399,42,2,170,1700,0.00932072909421,94.3545902871,1.03663559896,9.15,2,2,3,3,1,20260917,setup_sweep
2400,42,2,175,1750,0.00955843152383,94.5102818643,1.02473495081,9.125,2,2,3,3,1,20260917,setup_sweep
2401,42,2,180,1800,0.00982247175634,94.7069202985,1.01588047994,9.1,2,2,3,3,1,20260917,setup_sweep
2402,42,2,185,1850,0.010108114289,94.9360052367,1.00884306794,9.075,2,2,3,3,1,20260917,setup_sweep
2403,42,2,190,1900,0.0104118585356,95.1912164928,1.00300448082,9.05,2,2,3,3,1,20260917,setup_sweep
2404,42,2,195,1950,0.0107309710631,95.4676056417,0.998005686937,9.025,2,2,3,3,1,20260917,setup_sweep
2405,42,2,200,2000,0.0110632468872,95.761179108,0.993618573245,9,2,2,3,3,1,20260917,setup_sweep
2406,42,2,205,2050,0.0114286027975,96.1046915875,0.980736187896,8.975,2,2,3,3,1,20260917,setup_sweep
2407,42,2,210,2100,0.0118791491193,96.5835817974,0.996940399603,8.95,2,2,3,3,1,20260917,setup_sweep
2408,42,2,215,2150,0.0121991423001,96.8379278732,1.00640409672,8.925,2,2,3,3,1,20260917,setup_sweep
2409,42,2,220,2200,0.012467317581,97.0028754603,1.00567944177,8.9,2,2,3,3,1,20260917,setup_sweep
2410,42,2,225,2250,0.0127351770479,97.1645747088,1.00495372575,8.875,2,2,3,3,1,20260917,setup_sweep
2411,42,2,230,2300,0.0130027209182,97.3230796697,1.00422744922,8.85,2,2,3,3,1,20260917,setup_sweep
2412,42,2,235,2350,0.0132699496382,97.4784438773,1.00349782297,8.825,2,2,3,3,1,20260917,setup_sweep
2413,43,2,0,0,0,85,1.45511124008,10,2,3,1,1,1,20260917,setup_sweep
2414,43,2,5,50,0.000399934614627,85.5783935809,1.45602225484,9.975,2,3,1,1,1,20260917,setup_sweep
2415,43,2,10,100,0.000800929119247,86.1489786071,1.47388725214,9.95,2,3,1,1,1,20260917,setup_sweep
2416,43,2,15,150,0.00115991601136,86.6407093215,1.47269012067,9.925,2,3,1,1,1,20260917,setup_sweep
2417,43,2,20,200,0.00152364968067,87.1321566304,1.47159887469,9.9,2,3,1,1,1,20260917,setup_sweep
2418,43,2,25,250,0.0018914817187,87.6222537187,1.47056670809,9.875,2,3,1,1,1,20260917,setup_sweep
2419,43,2,30,300,0.00226285745728,88.1101063061,1.4695572561,9.85,2,3,1,1,1,20260917,setup_sweep
2420,43,2,35,350,0.00263730079891,88.59496473,1.46854223971,9.825,2,3,1,1,1,20260917,setup_sweep
2421,43,2,40,400,0.00301440223635,89.0762017585,1.46749973986,9.8,2,3,1,1,1,20260917,setup_sweep
2422,43,2,45,450,0.00339380895357,89.5532942099,1.46641289061,9.775,2,3,1,1,1,20260917,setup_sweep
2423,43,2,50,500,0.00377521654561,90.0258075493,1.46526887139,9.75,2,3,1,1,1,20260917,setup_sweep
2424,43,2,55,550,0.00420479424086,90.5702481556,1.44780540475,9.725,2,3,1,1,1,20260917,setup_sweep
2425,43,2,60,600,0.00466023403167,91.148510637,1.45434794906,9.7,2,3,1,1,1,20260917,setup_sweep
2426,43,2,65,650,0.00517052554441,91.8069845242,1.50256426312,9.675,2,3,1,1,1,20260917,setup_sweep
2427,43,2,70,700,0.00543192356661,92.0438848419,1.50192098447,9.65,2,3,1,1,1,20260917,setup_sweep
2428,43,2,75,750,0.00569317197614,92.2766222374,1.50124836074,9.625,2,3,1,1,1,20260917,setup_sweep
2429,43,2,80,800,0.00595426359554,92.5052536555,1.50054819209,9.6,2,3,1,1,1,20260917,setup_sweep
2430,43,2,85,850,0.00621519171766,92.7298358772,1.49982221039,9.575,2,3,1,1,1,20260917,setup_sweep
2431,43,2,90,900,0.00647150035745,92.9430608169,1.50751476135,9.55,2,3,1,1,1,20260917,setup_sweep
2432,43,2,95,950,0.00674794186845,93.1861061562,1.49379984042,9.525,2,3,1,1,1,20260917,setup_sweep
2433,43,2,100,1000,0.00704766267987,93.463599383,1.48346082139,9.5,2,3,1,1,1,20260917,setup_sweep
2434,43,2,105,1050,0.00736591299879,93.767123709,1.47524139435,9.475,2,3,1,1,1,20260917,setup_sweep
2435,43,2,110,1100,0.00769914897067,94.0903935194,1.46844879602,9.45,2,3,1,1,1,20260917,setup_sweep
2436,43,2,115,1150,0.00804463148396,94.428556571,1.46265899247,9.425,2,3,1,1,1,20260917,setup_sweep
2437,43,2,120,1200,0.00840019559742,94.7777894466,1.457593964,9.4,2,3,1,1,1,20260917,setup_sweep
2438,43,2,125,1250,0.00876410384753,95.1350382207,1.45306244802,9.375,2,3,1,1,1,20260917,setup_sweep
2439,43,2,130,1300,0.00913470168327,95.4974336036,1.45107954772,9.35,2,3,1,1,1,20260917,setup_sweep
2440,43,2,135,1350,0.00957671058789,95.9711906132,1.52509369921,9.325,2,3,1,1,1,20260917,setup_sweep
2441,43,2,140,1400,0.00976504279791,96.0181634435,1.54403820791,9.3,2,3,1,1,1,20260917,setup_sweep
2442,43,2,145,1450,0.00991608863467,96.0030632862,1.54388036206,9.275,2,3,1,1,1,20260917,setup_sweep
2443,43,2,150,1500,0.0100671290481,95.9882037486,1.54372134752,9.25,2,3,1,1,1,20260917,setup_sweep
2444,43,2,155,1550,0.0102181639841,95.9735807638,1.54356118968,9.225,2,3,1,1,1,20260917,setup_sweep
2445,43,2,160,1600,0.0103865757552,95.9880475123,1.52926874746,9.2,2,3,1,1,1,20260917,setup_sweep
2446,43,2,165,1650,0.0106085239187,96.0907303646,1.51475784176,9.175,2,3,1,1,1,20260917,setup_sweep
2447,43,2,170,1700,0.0108450922493,96.2158485176,1.49796640014,9.15,2,3,1,1,1,20260917,setup_sweep
2448,43,2,175,1750,0.0111065523547,96.3800285391,1.48553280046,9.125,2,3,1,1,1,20260917,setup_sweep
2449,43,2,180,1800,0.0113880881914,96.574668246,1.47568986613,9.1,2,3,1,1,1,20260917,setup_sweep
2450,43,2,185,1850,0.0116861707298,96.7934333741,1.46755183149,9.075,2,3,1,1,1,20260917,setup_sweep
2451,43,2,190,1900,0.0119980743933,97.0314216213,1.46060638302,9.05,2,3,1,1,1,20260917,setup_sweep
2452,43,2,195,1950,0.0123216271493,97.2847262324,1.45452944916,9.025,2,3,1,1,1,20260917,setup_sweep
2453,43,2,200,2000,0.0126550622184,97.5501745919,1.44910307959,9,2,3,1,1,1,20260917,setup_sweep
2454,43,2,205,2050,0.0130217165494,97.8662740678,1.42838691699,8.975,2,3,1,1,1,20260917,setup_sweep
2455,43,2,210,2100,0.013409328801,98.2116446248,1.4248152442,8.95,2,3,1,1,1,20260917,setup_sweep
2456,43,2,215,2150,0.0138428277608,98.627385878,1.40890899808,8.925,2,3,1,1,1,20260917,setup_sweep
2457,43,2,220,2200,0.0143084389577,99.0890976642,1.40468148353,8.9,2,3,1,1,1,20260917,setup_sweep
2458,43,2,225,2250,0.0147772974872,99.5485441813,1.40047113449,8.875,2,3,1,1,1,20260917,setup_sweep
2459,43,2,230,2300,0.0152488977724,100.004927419,1.39626283747,8.85,2,3,1,1,1,20260917,setup_sweep
2460,43,2,235,2350,0.0157228142989,100.457594856,1.39204568308,8.825,2,3,1,1,1,20260917,setup_sweep
2461,44,2,0,0,0,85,1.43727997514,10,2,3,2,1,1,20260917,setup_sweep
2462,44,2,5,50,0.000331211510762,85.4648237922,1.43437057064,9.975,2,3,2,1,1,20260917,setup_sweep
2463,44,2,10,100,0.000671619704402,85.9371620312,1.44765029395,9.95,2,3,2,1,1,20260917,setup_sweep
2464,44,2,15,150,0.000984295637506,86.35585754,1.44446758105,9.925,2,3,2,1,1,20260917,setup_sweep
2465,44,2,20,200,0.00130555519341,86.781817383,1.44177053919,9.9,2,3,2,1,1,20260917,setup_sweep
2466,44,2,25,250,0.00163426204885,87.2130437307,1.43943520566,9.875,2,3,2,1,1,20260917,setup_sweep
2467,44,2,30,300,0.00196945046289,87.6478536442,1.43736816151,9.85,2,3,2,1,1,20260917,setup_sweep
2468,44,2,35,350,0.00231029422477,88.084822565,1.43549775045,9.825,2,3,2,1,1,20260917,setup_sweep
2469,44,2,40,400,0.00265608271801,88.5227404943,1.43376828816,9.8,2,3,2,1,1,20260917,setup_sweep
2470,44,2,45,450,0.00300620206027,88.9605772833,1.43213609879,9.775,2,3,2,1,1,20260917,setup_sweep
2471,44,2,50,500,0.00336951711802,89.4130904925,1.41423014446,9.75,2,3,2,1,1,20260917,setup_sweep
2472,44,2,55,550,0.00377109637859,89.9212553464,1.41404710808,9.725,2,3,2,1,1,20260917,setup_sweep
2473,44,2,60,600,0.004225529021,90.5088951607,1.42971434523,9.7,2,3,2,1,1,20260917,setup_sweep
2474,44,2,65,650,0.00465504938847,91.0445402373,1.47553707633,9.675,2,3,2,1,1,20260917,setup_sweep
2475,44,2,70,700,0.00487934947088,91.2327253258,1.47509807281,9.65,2,3,2,1,1,20260917,setup_sweep
2476,44,2,75,750,0.00510358196877,91.4176882735,1.47463954918,9.625,2,3,2,1,1,20260917,setup_sweep
2477,44,2,80,800,0.00532774359449,91.5994769041,1.47416261616,9.6,2,3,2,1,1,20260917,setup_sweep
2478,44,2,85,850,0.00555183125295,91.7781385693,1.47366834132,9.575,2,3,2,1,1,20260917,setup_sweep
2479,44,2,90,900,0.0057768686641,91.9554374575,1.47888891936,9.55,2,3,2,1,1,20260917,setup_sweep
2480,44,2,95,950,0.00602622036206,92.1700325537,1.46402857494,9.525,2,3,2,1,1,20260917,setup_sweep
2481,44,2,100,1000,0.00629943888936,92.4205169034,1.45304240772,9.5,2,3,2,1,1,20260917,setup_sweep
2482,44,2,105,1050,0.00659182246862,92.6985293834,1.44442411167,9.475,2,3,2,1,1,20260917,setup_sweep
2483,44,2,110,1100,0.00689989313866,92.9978685278,1.43738269399,9.45,2,3,2,1,1,20260917,setup_sweep
2484,44,2,115,1150,0.00722096048281,93.313736395,1.43144712647,9.425,2,3,2,1,1,20260917,setup_sweep
2485,44,2,120,1200,0.00755288556669,93.6423254723,1.42631346068,9.4,2,3,2,1,1,20260917,setup_sweep
2486,44,2,125,1250,0.00789393654975,93.9805637927,1.42177440572,9.375,2,3,2,1,1,20260917,setup_sweep
2487,44,2,130,1300,0.00826787231927,94.3678403712,1.42850183716,9.35,2,3,2,1,1,20260917,setup_sweep
2488,44,2,135,1350,0.00864681058993,94.7561102955,1.49623765563,9.325,2,3,2,1,1,20260917,setup_sweep
2489,44,2,140,1400,0.00882008410711,94.7983403421,1.51056600815,9.3,2,3,2,1,1,20260917,setup_sweep
2490,44,2,145,1450,0.00896304663285,94.7900415496,1.51038809518,9.275,2,3,2,1,1,20260917,setup_sweep
2491,44,2,150,1500,0.00910600388851,94.7818712134,1.51020971346,9.25,2,3,2,1,1,20260917,setup_sweep
2492,44,2,155,1550,0.00924895585647,94.7738271812,1.51003087277,9.225,2,3,2,1,1,20260917,setup_sweep
2493,44,2,160,1600,0.009407116314,94.7911642986,1.49772507608,9.2,2,3,2,1,1,20260917,setup_sweep
2494,44,2,165,1650,0.00961462571626,94.8897570406,1.48305438942,9.175,2,3,2,1,1,20260917,setup_sweep
2495,44,2,170,1700,0.00983652446574,95.0104738782,1.46703198319,9.15,2,3,2,1,1,20260917,setup_sweep
2496,44,2,175,1750,0.0100814477426,95.1672406725,1.45510757081,9.125,2,3,2,1,1,20260917,setup_sweep
2497,44,2,180,1800,0.0103451948374,95.3525215719,1.44563727332,9.1,2,3,2,1,1,20260917,setup_sweep
2498,44,2,185,1850,0.0106246707849,95.560731604,1.43779543724,9.075,2,3,2,1,1,20260917,setup_sweep
2499,44,2,190,1900,0.0109174672042,95.7875123067,1.43110256325,9.05,2,3,2,1,1,20260917,setup_sweep
2500,44,2,195,1950,0.0112216474989,96.0293566981,1.42525379134,9.025,2,3,2,1,1,20260917,setup_sweep
2501,44,2,200,2000,0.0115356205364,96.2833865447,1.42004291288,9,2,3,2,1,1,20260917,setup_sweep
2502,44,2,205,2050,0.0118809738551,96.5852069817,1.40021879332,8.975,2,3,2,1,1,20260917,setup_sweep
2503,44,2,210,2100,0.0122468588533,96.9158418704,1.39772456419,8.95,2,3,2,1,1,20260917,setup_sweep
2504,44,2,215,2150,0.0126615504731,97.3213894451,1.39588493153,8.925,2,3,2,1,1,20260917,setup_sweep
2505,44,2,220,2200,0.0130325834455,97.6483531432,1.39406673567,8.9,2,3,2,1,1,20260917,setup_sweep
2506,44,2,225,2250,0.0134024858588,97.9680439315,1.39222369678,8.875,2,3,2,1,1,20260917,setup_sweep
2507,44,2,230,2300,0.0137712476433,98.280565383,1.39035931903,8.85,2,3,2,1,1,20260917,setup_sweep
2508,44,2,235,2350,0.0141388612206,98.5860234755,1.38844801273,8.825,2,3,2,1,1,20260917,setup_sweep
2509,45,2,0,0,0,85,1.03205192536,10,2,3,3,3,1,20260917,setup_sweep
2510,45,2,5,50,0.000265926732778,85.3569593403,1.02257029852,9.975,2,3,3,3,1,20260917,setup_sweep
2511,45,2,10,100,0.000557466724846,85.7503395569,1.02622027685,9.95,2,3,3,3,1,20260917,setup_sweep
2512,45,2,15,150,0.000839295118663,86.1211560211,1.02078124524,9.925,2,3,3,3,1,20260917,setup_sweep
2513,45,2,20,200,0.00113762796879,86.5131161527,1.0165678589,9.9,2,3,3,3,1,20260917,setup_sweep
2514,45,2,25,250,0.00144974633017,86.9213778897,1.01320285923,9.875,2,3,3,3,1,20260917,setup_sweep
2515,45,2,30,300,0.00177348299633,87.3420907387,1.01044386181,9.85,2,3,3,3,1,20260917,setup_sweep
2516,45,2,35,350,0.00210707496231,87.77213568,1.00812564556,9.825,2,3,3,3,1,20260917,setup_sweep
2517,45,2,40,400,0.00244906746454,88.2089545519,1.00613077959,9.8,2,3,3,3,1,20260917,setup_sweep
2518,45,2,45,450,0.00279824750838,88.6504309611,1.00437323001,9.775,2,3,3,3,1,20260917,setup_sweep
2519,45,2,50,500,0.00315359567838,89.0948033629,1.00278854863,9.75,2,3,3,3,1,20260917,setup_sweep
2520,45,2,55,550,0.00353224642487,89.570493247,0.990227640246,9.725,2,3,3,3,1,20260917,setup_sweep
2521,45,2,60,600,0.00402610621787,90.2284269955,1.0232400641,9.7,2,3,3,3,1,20260917,setup_sweep
2522,45,2,65,650,0.00432157270938,90.5473429108,1.05471206857,9.675,2,3,3,3,1,20260917,setup_sweep
2523,45,2,70,700,0.00450298809565,90.672863873,1.05449641243,9.65,2,3,3,3,1,20260917,setup_sweep
2524,45,2,75,750,0.00468437929842,90.7962701825,1.05427417521,9.625,2,3,3,3,1,20260917,setup_sweep
2525,45,2,80,800,0.00486574547415,90.9175953973,1.05404571525,9.6,2,3,3,3,1,20260917,setup_sweep
2526,45,2,85,850,0.00504708582471,91.0368725956,1.05381137619,9.575,2,3,3,3,1,20260917,setup_sweep
2527,45,2,90,900,0.00523650658792,91.1675999466,1.04805647381,9.55,2,3,3,3,1,20260917,setup_sweep
2528,45,2,95,950,0.005468444956,91.3664654438,1.03211233011,9.525,2,3,3,3,1,20260917,setup_sweep
2529,45,2,100,1000,0.00573438523256,91.6182188883,1.02159308425,9.5,2,3,3,3,1,20260917,setup_sweep
2530,45,2,105,1050,0.00602599011755,91.908216939,1.01394114159,9.475,2,3,3,3,1,20260917,setup_sweep
2531,45,2,110,1100,0.00633783621776,92.2268674711,1.00801915454,9.45,2,3,3,3,1,20260917,setup_sweep
2532,45,2,115,1150,0.00666595812091,92.5671451504,1.00323355296,9.425,2,3,3,3,1,20260917,setup_sweep
2533,45,2,120,1200,0.00700732769972,92.9236891504,0.999232983274,9.4,2,3,3,3,1,20260917,setup_sweep
2534,45,2,125,1250,0.00735957066899,93.2923074825,0.995792147687,9.375,2,3,3,3,1,20260917,setup_sweep
2535,45,2,130,1300,0.00777288241603,93.7557800051,1.02305918803,9.35,2,3,3,3,1,20260917,setup_sweep
2536,45,2,135,1350,0.00803891735854,93.9677931661,1.06219850344,9.325,2,3,3,3,1,20260917,setup_sweep
2537,45,2,140,1400,0.0081882487474,93.9835904866,1.07246123076,9.3,2,3,3,3,1,20260917,setup_sweep
2538,45,2,145,1450,0.00831969199848,93.9697186435,1.07235270718,9.275,2,3,3,3,1,20260917,setup_sweep
2539,45,2,150,1500,0.00845113227193,93.9560711601,1.07224364728,9.25,2,3,3,3,1,20260917,setup_sweep
2540,45,2,155,1550,0.00858256954674,93.9426442935,1.07213406221,9.225,2,3,3,3,1,20260917,setup_sweep
2541,45,2,160,1600,0.00872306305307,93.9444748394,1.06282624011,9.2,2,3,3,3,1,20260917,setup_sweep
2542,45,2,165,1650,0.00890296889577,94.0114495781,1.05037082566,9.175,2,3,3,3,1,20260917,setup_sweep
2543,45,2,170,1700,0.00910918444556,94.1207900985,1.03544240443,9.15,2,3,3,3,1,20260917,setup_sweep
2544,45,2,175,1750,0.00934813663592,94.2824076402,1.02429635803,9.125,2,3,3,3,1,20260917,setup_sweep
2545,45,2,180,1800,0.00961159355382,94.4818443656,1.0160372636,9.1,2,3,3,3,1,20260917,setup_sweep
2546,45,2,185,1850,0.00989484964465,94.7107010998,1.00951407666,9.075,2,3,3,3,1,20260917,setup_sweep
2547,45,2,190,1900,0.0101944395287,94.9627659013,1.00413999938,9.05,2,3,3,3,1,20260917,setup_sweep
2548,45,2,195,1950,0.010507679469,95.2332207512,0.99957179911,9.025,2,3,3,3,1,20260917,setup_sweep
2549,45,2,200,2000,0.0108324272967,95.518222004,0.995590554973,9,2,3,3,3,1,20260917,setup_sweep
2550,45,2,205,2050,0.0111910109791,95.8545659589,0.981349501518,8.975,2,3,3,3,1,20260917,setup_sweep
2551,45,2,210,2100,0.0116365023062,96.3291055256,1.002690243,8.95,2,3,3,3,1,20260917,setup_sweep
2552,45,2,215,2150,0.0119346444292,96.55159727,1.01127603666,8.925,2,3,3,3,1,20260917,setup_sweep
2553,45,2,220,2200,0.0121874252261,96.6958328591,1.01062946398,8.9,2,3,3,3,1,20260917,setup_sweep
2554,45,2,225,2250,0.0124399889046,96.8373255786,1.00998248183,8.875,2,3,3,3,1,20260917,setup_sweep
2555,45,2,230,2300,0.0126923356381,96.9761210511,1.00933545603,8.85,2,3,3,3,1,20260917,setup_sweep
2556,45,2,235,2350,0.0129444657345,97.1122643675,1.00868432612,8.825,2,3,3,3,1,20260917,setup_sweep
2557,46,2,0,0,0,85,1.45339741831,10,2,4,1,1,1,20260917,setup_sweep
2558,46,2,5,50,0.000415526382248,85.6041722975,1.45326928288,9.975,2,4,1,1,1,20260917,setup_sweep
2559,46,2,10,100,0.000835437538649,86.2056045944,1.4692669769,9.95,2,4,1,1,1,20260917,setup_sweep
2560,46,2,15,150,0.00121395507881,86.7286842204,1.46767179847,9.925,2,4,1,1,1,20260917,setup_sweep
2561,46,2,20,200,0.00159880520127,87.2535833097,1.46616986449,9.9,2,4,1,1,1,20260917,setup_sweep
2562,46,2,25,250,0.00198929494812,87.7791266298,1.46471625681,9.875,2,4,1,1,1,20260917,setup_sweep
2563,46,2,30,300,0.0023848147889,88.3042962367,1.46327550747,9.85,2,4,1,1,1,20260917,setup_sweep
2564,46,2,35,350,0.00278482673575,88.8282092379,1.4618196,9.825,2,4,1,1,1,20260917,setup_sweep
2565,46,2,40,400,0.0031888547606,89.3500997253,1.46032647694,9.8,2,4,1,1,1,20260917,setup_sweep
2566,46,2,45,450,0.00359647675802,89.8693035602,1.45877889478,9.775,2,4,1,1,1,20260917,setup_sweep
2567,46,2,50,500,0.00400731774518,90.3852454538,1.45716353056,9.75,2,4,1,1,1,20260917,setup_sweep
2568,46,2,55,550,0.00446645820873,90.9726101161,1.43974153001,9.725,2,4,1,1,1,20260917,setup_sweep
2569,46,2,60,600,0.00502096063387,91.7084285301,1.46069004961,9.7,2,4,1,1,1,20260917,setup_sweep
2570,46,2,65,650,0.00549966670398,92.3055372344,1.50283602847,9.675,2,4,1,1,1,20260917,setup_sweep
2571,46,2,70,700,0.0057572489973,92.5278903323,1.50214700912,9.65,2,4,1,1,1,20260917,setup_sweep
2572,46,2,75,750,0.00601467184264,92.7463046991,1.50143382921,9.625,2,4,1,1,1,20260917,setup_sweep
2573,46,2,80,800,0.00627192943497,92.9608358424,1.5006980596,9.6,2,4,1,1,1,20260917,setup_sweep
2574,46,2,85,850,0.0065290163757,93.1715390241,1.4999412097,9.575,2,4,1,1,1,20260917,setup_sweep
2575,46,2,90,900,0.00678235517703,93.3725599004,1.50863022831,9.55,2,4,1,1,1,20260917,setup_sweep
2576,46,2,95,950,0.00705763723588,93.6065937718,1.49418324147,9.525,2,4,1,1,1,20260917,setup_sweep
2577,46,2,100,1000,0.00735822706851,93.8785782493,1.48300834514,9.5,2,4,1,1,1,20260917,setup_sweep
2578,46,2,105,1050,0.00767972094323,94.1806101895,1.47390815543,9.475,2,4,1,1,1,20260917,setup_sweep
2579,46,2,110,1100,0.00801875542043,94.5066355003,1.46621876138,9.45,2,4,1,1,1,20260917,setup_sweep
2580,46,2,115,1150,0.00837266182378,94.8518479485,1.45953130231,9.425,2,4,1,1,1,20260917,setup_sweep
2581,46,2,120,1200,0.00873927070294,95.2123455563,1.45357583575,9.4,2,4,1,1,1,20260917,setup_sweep
2582,46,2,125,1250,0.00911678868338,95.5849122191,1.44816518728,9.375,2,4,1,1,1,20260917,setup_sweep
2583,46,2,130,1300,0.00953974169621,96.0268130073,1.45624057056,9.35,2,4,1,1,1,20260917,setup_sweep
2584,46,2,135,1350,0.00995223847032,96.4431260711,1.52566168585,9.325,2,4,1,1,1,20260917,setup_sweep
2585,46,2,140,1400,0.0101363781,96.4753901869,1.54258681162,9.3,2,4,1,1,1,20260917,setup_sweep
2586,46,2,145,1450,0.010285567609,96.4496645022,1.54248413299,9.275,2,4,1,1,1,20260917,setup_sweep
2587,46,2,150,1500,0.0104347543475,96.4243594463,1.54237910104,9.25,2,4,1,1,1,20260917,setup_sweep
2588,46,2,155,1550,0.0105839382089,96.3994678905,1.5422717715,9.225,2,4,1,1,1,20260917,setup_sweep
2589,46,2,160,1600,0.0107500581642,96.4031041846,1.52982546965,9.2,2,4,1,1,1,20260917,setup_sweep
2590,46,2,165,1650,0.0109690819979,96.4940935516,1.51427807765,9.175,2,4,1,1,1,20260917,setup_sweep
2591,46,2,170,1700,0.0112045710567,96.6107625604,1.49717599637,9.15,2,4,1,1,1,20260917,setup_sweep
2592,46,2,175,1750,0.0114660273962,96.7684119261,1.48422954675,9.125,2,4,1,1,1,20260917,setup_sweep
2593,46,2,180,1800,0.0117490645837,96.959117401,1.4737718159,9.1,2,4,1,1,1,20260917,setup_sweep
2594,46,2,185,1850,0.0120504245811,97.1769494394,1.46496187892,9.075,2,4,1,1,1,20260917,setup_sweep
2595,46,2,190,1900,0.0123675485355,97.4172315153,1.4573109329,9.05,2,4,1,1,1,20260917,setup_sweep
2596,46,2,195,1950,0.012698357895,97.6761579106,1.45050835074,9.025,2,4,1,1,1,20260917,setup_sweep
2597,46,2,200,2000,0.013041126263,97.9505676514,1.44434424524,9,2,4,1,1,1,20260917,setup_sweep
2598,46,2,205,2050,0.0134197002923,98.2797586944,1.42364455714,8.975,2,4,1,1,1,20260917,setup_sweep
2599,46,2,210,2100,0.0138225963006,98.6435637074,1.41893164819,8.95,2,4,1,1,1,20260917,setup_sweep
2600,46,2,215,2150,0.0142808427914,99.0931126176,1.40018047856,8.925,2,4,1,1,1,20260917,setup_sweep
2601,46,2,220,2200,0.0147793929712,99.601578759,1.39470221761,8.9,2,4,1,1,1,20260917,setup_sweep
2602,46,2,225,2250,0.0152834922774,100.110797578,1.39026981608,8.875,2,4,1,1,1,20260917,setup_sweep
2603,46,2,230,2300,0.0157849762225,100.607266383,1.3869895411,8.85,2,4,1,1,1,20260917,setup_sweep
2604,46,2,235,2350,0.0162823757717,101.088778376,1.38361125357,8.825,2,4,1,1,1,20260917,setup_sweep
2605,47,2,0,0,0,85,1.44021074156,10,2,4,2,1,1,20260917,setup_sweep
2606,47,2,5,50,0.000330674240243,85.4639431487,1.43608739704,9.975,2,4,2,1,1,20260917,setup_sweep
2607,47,2,10,100,0.000673801332903,85.9407968555,1.44726246591,9.95,2,4,2,1,1,20260917,setup_sweep
2608,47,2,15,150,0.000992297055668,86.3690556695,1.44348291488,9.925,2,4,2,1,1,20260917,setup_sweep
2609,47,2,20,200,0.00132124725943,86.8075130113,1.44020733814,9.9,2,4,2,1,1,20260917,setup_sweep
2610,47,2,25,250,0.00165950707353,87.2541083806,1.43731035121,9.875,2,4,2,1,1,20260917,setup_sweep
2611,47,2,30,300,0.00200608411929,87.7070673136,1.4346967358,9.85,2,4,2,1,1,20260917,setup_sweep
2612,47,2,35,350,0.0023601118839,88.1648526626,1.43229281249,9.825,2,4,2,1,1,20260917,setup_sweep
2613,47,2,40,400,0.00272082894413,88.6261263444,1.43004075585,9.8,2,4,2,1,1,20260917,setup_sweep
2614,47,2,45,450,0.00308756287503,89.089719462,1.42789472092,9.775,2,4,2,1,1,20260917,setup_sweep
2615,47,2,50,500,0.00345971746601,89.5546083849,1.42581811243,9.75,2,4,2,1,1,20260917,setup_sweep
2616,47,2,55,550,0.00385540024621,90.0508547062,1.40844776276,9.725,2,4,2,1,1,20260917,setup_sweep
2617,47,2,60,600,0.00437620379325,90.7460142815,1.43570785239,9.7,2,4,2,1,1,20260917,setup_sweep
2618,47,2,65,650,0.0047827513312,91.2398427492,1.47657224949,9.675,2,4,2,1,1,20260917,setup_sweep
2619,47,2,70,700,0.00500391644654,91.4196181235,1.47612187708,9.65,2,4,2,1,1,20260917,setup_sweep
2620,47,2,75,750,0.00522501293558,91.5963086364,1.47565420235,9.625,2,4,2,1,1,20260917,setup_sweep
2621,47,2,80,800,0.00544603792001,91.7699605192,1.47517023184,9.6,2,4,2,1,1,20260917,setup_sweep
2622,47,2,85,850,0.00566698869411,91.9406195241,1.47467093338,9.575,2,4,2,1,1,20260917,setup_sweep
2623,47,2,90,900,0.0058893700597,92.1108455686,1.48102091118,9.55,2,4,2,1,1,20260917,setup_sweep
2624,47,2,95,950,0.00613695271455,92.3199502359,1.46574168445,9.525,2,4,2,1,1,20260917,setup_sweep
2625,47,2,100,1000,0.00640969567576,92.5671740331,1.45416848053,9.5,2,4,2,1,1,20260917,setup_sweep
2626,47,2,105,1050,0.00670332749714,92.8448297866,1.44488438513,9.475,2,4,2,1,1,20260917,setup_sweep
2627,47,2,110,1100,0.00701463007674,93.1470972462,1.43713964111,9.45,2,4,2,1,1,20260917,setup_sweep
2628,47,2,115,1150,0.00734106053276,93.4693678236,1.43048461952,9.425,2,4,2,1,1,20260917,setup_sweep
2629,47,2,120,1200,0.00768054950204,93.807891427,1.42462707396,9.4,2,4,2,1,1,20260917,setup_sweep
2630,47,2,125,1250,0.00803137919648,94.1595608372,1.41936614608,9.375,2,4,2,1,1,20260917,setup_sweep
2631,47,2,130,1300,0.00843860112727,94.5990271332,1.43423792747,9.35,2,4,2,1,1,20260917,setup_sweep
2632,47,2,135,1350,0.00879547373858,94.9470709591,1.49802769567,9.325,2,4,2,1,1,20260917,setup_sweep
2633,47,2,140,1400,0.00896555528348,94.9808841277,1.51071853084,9.3,2,4,2,1,1,20260917,setup_sweep
2634,47,2,145,1450,0.00910699891822,94.967057648,1.51056262647,9.275,2,4,2,1,1,20260917,setup_sweep
2635,47,2,150,1500,0.00924843825103,94.9534525894,1.51040583492,9.25,2,4,2,1,1,20260917,setup_sweep
2636,47,2,155,1550,0.00938987324947,94.9400652384,1.5102481761,9.225,2,4,2,1,1,20260917,setup_sweep
2637,47,2,160,1600,0.00954602375079,94.9513283467,1.49975721816,9.2,2,4,2,1,1,20260917,setup_sweep
2638,47,2,165,1650,0.00975068117019,95.0425594726,1.48425507173,9.175,2,4,2,1,1,20260917,setup_sweep
2639,47,2,170,1700,0.00997118937054,95.1584534705,1.46800468951,9.15,2,4,2,1,1,20260917,setup_sweep
2640,47,2,175,1750,0.0102154878216,95.3117438074,1.45567103952,9.125,2,4,2,1,1,20260917,setup_sweep
2641,47,2,180,1800,0.0104797603429,95.4955075914,1.44569946228,9.1,2,4,2,1,1,20260917,setup_sweep
2642,47,2,185,1850,0.0107611673956,95.7045494225,1.43730428137,9.075,2,4,2,1,1,20260917,setup_sweep
2643,47,2,190,1900,0.011057470403,95.9347525191,1.43002698781,9.05,2,4,2,1,1,20260917,setup_sweep
2644,47,2,195,1950,0.0113668413743,96.1827464744,1.42357472736,9.025,2,4,2,1,1,20260917,setup_sweep
2645,47,2,200,2000,0.0116877523813,96.4457123604,1.41774848153,9,2,4,2,1,1,20260917,setup_sweep
2646,47,2,205,2050,0.0120420383104,96.7596197299,1.39806760579,8.975,2,4,2,1,1,20260917,setup_sweep
2647,47,2,210,2100,0.0124196228052,97.1067154595,1.39540428546,8.95,2,4,2,1,1,20260917,setup_sweep
2648,47,2,215,2150,0.0128514528502,97.5371636106,1.39639515504,8.925,2,4,2,1,1,20260917,setup_sweep
2649,47,2,220,2200,0.0132168124119,97.8511836175,1.39460155016,8.9,2,4,2,1,1,20260917,setup_sweep
2650,47,2,225,2250,0.0135810724356,98.1581959347,1.39278727141,8.875,2,4,2,1,1,20260917,setup_sweep
2651,47,2,230,2300,0.0139442253668,98.4583039073,1.3909555075,8.85,2,4,2,1,1,20260917,setup_sweep
2652,47,2,235,2350,0.0143062658568,98.7516128185,1.38908370742,8.825,2,4,2,1,1,20260917,setup_sweep
2653,48,2,0,0,0,85,1.03396617479,10,2,4,3,3,1,20260917,setup_sweep
2654,48,2,5,50,0.000264082859801,85.353915093,1.02404077194,9.975,2,4,3,3,1,20260917,setup_sweep
2655,48,2,10,100,0.000555625671431,85.7473549301,1.02647317097,9.95,2,4,3,3,1,20260917,setup_sweep
2656,48,2,15,150,0.000840240640714,86.1228297615,1.02072280433,9.925,2,4,3,3,1,20260917,setup_sweep
2657,48,2,20,200,0.00114296074249,86.5220175071,1.01614849199,9.9,2,4,3,3,1,20260917,setup_sweep
2658,48,2,25,250,0.00146126827709,86.9403660504,1.01239830814,9.875,2,4,3,3,1,20260917,setup_sweep
2659,48,2,30,300,0.00179311409126,87.3741726118,1.00924339683,9.85,2,4,3,3,1,20260917,setup_sweep
2660,48,2,35,350,0.00213679396695,87.8203655274,1.00652596375,9.825,2,4,3,3,1,20260917,setup_sweep
2661,48,2,40,400,0.0024908687648,88.2763618966,1.00413257076,9.8,2,4,3,3,1,20260917,setup_sweep
2662,48,2,45,450,0.00285410940447,88.7399686055,1.00197913733,9.775,2,4,3,3,1,20260917,setup_sweep
2663,48,2,50,500,0.00322545710583,89.2093101961,1.00000192023,9.75,2,4,3,3,1,20260917,setup_sweep
2664,48,2,55,550,0.00363540943445,89.7349946992,0.990967767533,9.725,2,4,3,3,1,20260917,setup_sweep
2665,48,2,60,600,0.00413483515308,90.3989286217,1.027022697,9.7,2,4,3,3,1,20260917,setup_sweep
2666,48,2,65,650,0.00441721613718,90.6934410998,1.05577258078,9.675,2,4,3,3,1,20260917,setup_sweep
2667,48,2,70,700,0.00459616234613,90.8124660801,1.05555300738,9.65,2,4,3,3,1,20260917,setup_sweep
2668,48,2,75,750,0.00477508440945,90.9294838398,1.05532768062,9.625,2,4,3,3,1,20260917,setup_sweep
2669,48,2,80,800,0.00495398160534,91.0445263622,1.05509692024,9.6,2,4,3,3,1,20260917,setup_sweep
2670,48,2,85,850,0.005132853254,91.1576251717,1.05486103375,9.575,2,4,3,3,1,20260917,setup_sweep
2671,48,2,90,900,0.00531957565706,91.281894578,1.0499526067,9.55,2,4,3,3,1,20260917,setup_sweep
2672,48,2,95,950,0.00554832568824,91.4736035904,1.03390570258,9.525,2,4,3,3,1,20260917,setup_sweep
2673,48,2,100,1000,0.00581233183052,91.7203928032,1.02293051471,9.5,2,4,3,3,1,20260917,setup_sweep
2674,48,2,105,1050,0.00610386633083,92.0085904088,1.01474081741,9.475,2,4,3,3,1,20260917,setup_sweep
2675,48,2,110,1100,0.00641793366957,92.3292586668,1.00824879723,9.45,2,4,3,3,1,20260917,setup_sweep
2676,48,2,115,1150,0.00675080100233,92.6756931941,1.00288359333,9.425,2,4,3,3,1,20260917,setup_sweep
2677,48,2,120,1200,0.00709954513285,93.0426379577,0.99830515157,9.4,2,4,3,3,1,20260917,setup_sweep
2678,48,2,125,1250,0.00746181024582,93.425861195,0.995309617435,9.375,2,4,3,3,1,20260917,setup_sweep
2679,48,2,130,1300,0.00788145995835,93.8972758701,1.02684187878,9.35,2,4,3,3,1,20260917,setup_sweep
2680,48,2,135,1350,0.0081347764709,94.0859674216,1.06350878238,9.325,2,4,3,3,1,20260917,setup_sweep
2681,48,2,140,1400,0.00828194148845,94.096239893,1.07288358771,9.3,2,4,3,3,1,20260917,setup_sweep
2682,48,2,145,1450,0.00841221629865,94.078574857,1.07278462323,9.275,2,4,3,3,1,20260917,setup_sweep
2683,48,2,150,1500,0.00854248857057,94.061197603,1.07268492155,9.25,2,4,3,3,1,20260917,setup_sweep
2684,48,2,155,1550,0.00867275827815,94.0441033311,1.07258450088,9.225,2,4,3,3,1,20260917,setup_sweep
2685,48,2,160,1600,0.00881188635519,94.0419982303,1.06405747668,9.2,2,4,3,3,1,20260917,setup_sweep
2686,48,2,165,1650,0.00898888614603,94.1025536757,1.05167552903,9.175,2,4,3,3,1,20260917,setup_sweep
2687,48,2,170,1700,0.00919224571945,94.2056675256,1.03690718634,9.15,2,4,3,3,1,20260917,setup_sweep
2688,48,2,175,1750,0.00942922177069,94.3626182229,1.02538990213,9.125,2,4,3,3,1,20260917,setup_sweep
2689,48,2,180,1800,0.00969199801224,94.5596074499,1.01669416957,9.1,2,4,3,3,1,20260917,setup_sweep
2690,48,2,185,1850,0.00997623590643,94.7888056166,1.00970182097,9.075,2,4,3,3,1,20260917,setup_sweep
2691,48,2,190,1900,0.0102787034703,95.0443402154,1.00384224332,9.05,2,4,3,3,1,20260917,setup_sweep
2692,48,2,195,1950,0.0105968581804,95.3215747552,0.998780924752,9.025,2,4,3,3,1,20260917,setup_sweep
2693,48,2,200,2000,0.0109286327406,95.6167345121,0.994303811296,9,2,4,3,3,1,20260917,setup_sweep
2694,48,2,205,2050,0.0112966605442,95.9670668108,0.980094487885,8.975,2,4,3,3,1,20260917,setup_sweep
2695,48,2,210,2100,0.0117550615688,96.4608444861,1.00488553454,8.95,2,4,3,3,1,20260917,setup_sweep
2696,48,2,215,2150,0.0120451659672,96.6679093714,1.01232398725,8.925,2,4,3,3,1,20260917,setup_sweep
2697,48,2,220,2200,0.0122939224554,96.8035709162,1.01169852699,8.9,2,4,3,3,1,20260917,setup_sweep
2698,48,2,225,2250,0.01254247234,96.936648688,1.01107330351,8.875,2,4,3,3,1,20260917,setup_sweep
2699,48,2,230,2300,0.0127908160013,97.0671860215,1.01044863139,8.85,2,4,3,3,1,20260917,setup_sweep
2700,48,2,235,2350,0.0130389539231,97.1952257063,1.00982094875,8.825,2,4,3,3,1,20260917,setup_sweep
2701,49,2,0,0,0,85,1.45239019461,10,2,5,1,1,1,20260917,setup_sweep
2702,49,2,5,50,0.000413211138383,85.6003374957,1.45339432388,9.975,2,5,1,1,1,20260917,setup_sweep
2703,49,2,10,100,0.000827376835672,86.1923296714,1.4694355614,9.95,2,5,1,1,1,20260917,setup_sweep
2704,49,2,15,150,0.00120227899364,86.7096497386,1.46828872127,9.925,2,5,1,1,1,20260917,setup_sweep
2705,49,2,20,200,0.00158202730415,87.2264276152,1.46723175331,9.9,2,5,1,1,1,20260917,setup_sweep
2706,49,2,25,250,0.00196594033695,87.7415462035,1.46621665663,9.875,2,5,1,1,1,20260917,setup_sweep
2707,49,2,30,300,0.00235343852975,88.2540752013,1.46520653748,9.85,2,5,1,1,1,20260917,setup_sweep
2708,49,2,35,350,0.00274402742934,88.763240323,1.46417306101,9.825,2,5,1,1,1,20260917,setup_sweep
2709,49,2,40,400,0.00313728408888,89.2683982434,1.46309457252,9.8,2,5,1,1,1,20260917,setup_sweep
2710,49,2,45,450,0.00353284592254,89.7690160161,1.46195468433,9.775,2,5,1,1,1,20260917,setup_sweep
2711,49,2,50,500,0.00393040150108,90.2646540398,1.46074119479,9.75,2,5,1,1,1,20260917,setup_sweep
2712,49,2,55,550,0.00435244380944,90.7927596813,1.444586175,9.725,2,5,1,1,1,20260917,setup_sweep
2713,49,2,60,600,0.00480496871604,91.3623165552,1.44565786503,9.7,2,5,1,1,1,20260917,setup_sweep
2714,49,2,65,650,0.00536099578883,92.0930262178,1.48557651939,9.675,2,5,1,1,1,20260917,setup_sweep
2715,49,2,70,700,0.00566657370449,92.3982213286,1.484754798,9.65,2,5,1,1,1,20260917,setup_sweep
2716,49,2,75,750,0.0059718630966,92.697895081,1.4838855421,9.625,2,5,1,1,1,20260917,setup_sweep
2717,49,2,80,800,0.00627684670906,92.992110216,1.48297177233,9.6,2,5,1,1,1,20260917,setup_sweep
2718,49,2,85,850,0.00658150849953,93.2809304435,1.48201640335,9.575,2,5,1,1,1,20260917,setup_sweep
2719,49,2,90,900,0.00687339831509,93.5438113986,1.49304730958,9.55,2,5,1,1,1,20260917,setup_sweep
2720,49,2,95,950,0.00717755829384,93.8227356389,1.48157999138,9.525,2,5,1,1,1,20260917,setup_sweep
2721,49,2,100,1000,0.00750254303494,94.1314591557,1.47264383937,9.5,2,5,1,1,1,20260917,setup_sweep
2722,49,2,105,1050,0.00784411473838,94.4624877362,1.46535317421,9.475,2,5,1,1,1,20260917,setup_sweep
2723,49,2,110,1100,0.00819907701435,94.8101714104,1.45918995292,9.45,2,5,1,1,1,20260917,setup_sweep
2724,49,2,115,1150,0.00856495084327,95.1701387628,1.45382556032,9.425,2,5,1,1,1,20260917,setup_sweep
2725,49,2,120,1200,0.00893977708325,95.5389495674,1.44903962611,9.4,2,5,1,1,1,20260917,setup_sweep
2726,49,2,125,1250,0.00932198643504,95.9138645782,1.44467837429,9.375,2,5,1,1,1,20260917,setup_sweep
2727,49,2,130,1300,0.00971030925811,96.2926849529,1.44174931693,9.35,2,5,1,1,1,20260917,setup_sweep
2728,49,2,135,1350,0.0101780339673,96.7959346669,1.51103492385,9.325,2,5,1,1,1,20260917,setup_sweep
2729,49,2,140,1400,0.0103799287014,96.851635983,1.5337162596,9.3,2,5,1,1,1,20260917,setup_sweep
2730,49,2,145,1450,0.0105383505999,96.8349512923,1.53356524175,9.275,2,5,1,1,1,20260917,setup_sweep
2731,49,2,150,1500,0.010696766268,96.8185320773,1.53341277908,9.25,2,5,1,1,1,20260917,setup_sweep
2732,49,2,155,1550,0.0108551756242,96.802373815,1.53325890343,9.225,2,5,1,1,1,20260917,setup_sweep
2733,49,2,160,1600,0.0110316973447,96.8165520965,1.51954405097,9.2,2,5,1,1,1,20260917,setup_sweep
2734,49,2,165,1650,0.0112643689587,96.9232709353,1.50439834808,9.175,2,5,1,1,1,20260917,setup_sweep
2735,49,2,170,1700,0.0115135425181,97.0554671161,1.48739864769,9.15,2,5,1,1,1,20260917,setup_sweep
2736,49,2,175,1750,0.0117891268135,97.2291173815,1.47485662645,9.125,2,5,1,1,1,20260917,setup_sweep
2737,49,2,180,1800,0.0120857922574,97.4347317201,1.46493477771,9.1,2,5,1,1,1,20260917,setup_sweep
2738,49,2,185,1850,0.0123996769484,97.6654011096,1.45671928102,9.075,2,5,1,1,1,20260917,setup_sweep
2739,49,2,190,1900,0.0127278296306,97.9158350531,1.44968589041,9.05,2,5,1,1,1,20260917,setup_sweep
2740,49,2,195,1950,0.0130679216108,98.1818590316,1.44350566279,9.025,2,5,1,1,1,20260917,setup_sweep
2741,49,2,200,2000,0.0134180759891,98.4601139779,1.43795912488,9,2,5,1,1,1,20260917,setup_sweep
2742,49,2,205,2050,0.0138002225342,98.7867725391,1.41891106944,8.975,2,5,1,1,1,20260917,setup_sweep
2743,49,2,210,2100,0.014202237035,99.1407328454,1.41519678175,8.95,2,5,1,1,1,20260917,setup_sweep
2744,49,2,215,2150,0.0146510521283,99.5664387949,1.40039110785,8.925,2,5,1,1,1,20260917,setup_sweep
2745,49,2,220,2200,0.015132465698,100.038747797,1.39590443003,8.9,2,5,1,1,1,20260917,setup_sweep
2746,49,2,225,2250,0.0156168583038,100.508172993,1.39142246413,8.875,2,5,1,1,1,20260917,setup_sweep
2747,49,2,230,2300,0.0161037566769,100.97397999,1.38693300329,8.85,2,5,1,1,1,20260917,setup_sweep
2748,49,2,235,2350,0.0165927641635,101.435573133,1.38242754715,8.825,2,5,1,1,1,20260917,setup_sweep
2749,50,2,0,0,0,85,1.41572697632,10,2,5,2,1,1,20260917,setup_sweep
2750,50,2,5,50,0.000390723981396,85.5631724277,1.41616475909,9.975,2,5,2,1,1,20260917,setup_sweep
2751,50,2,10,100,0.000783641318848,86.1206609732,1.43107120989,9.95,2,5,2,1,1,20260917,setup_sweep
2752,50,2,15,150,0.00114052656039,86.6093865609,1.42981051415,9.925,2,5,2,1,1,20260917,setup_sweep
2753,50,2,20,200,0.0015024134314,87.0982996749,1.42865483497,9.9,2,5,2,1,1,20260917,setup_sweep
2754,50,2,25,250,0.00186866273499,87.5863409274,1.4275597651,9.875,2,5,2,1,1,20260917,setup_sweep
2755,50,2,30,300,0.0022387234559,88.0726141589,1.42649064859,9.85,2,5,2,1,1,20260917,setup_sweep
2756,50,2,35,350,0.00261211890483,88.5563608446,1.42542039948,9.825,2,5,2,1,1,20260917,setup_sweep
2757,50,2,40,400,0.00298843556112,89.0369393836,1.42432789256,9.8,2,5,2,1,1,20260917,setup_sweep
2758,50,2,45,450,0.00336731390843,89.5138080224,1.42319674806,9.775,2,5,2,1,1,20260917,setup_sweep
2759,50,2,50,500,0.00374844078865,89.9865105702,1.42201439566,9.75,2,5,2,1,1,20260917,setup_sweep
2760,50,2,55,550,0.0041718835431,90.521445797,1.40698288977,9.725,2,5,2,1,1,20260917,setup_sweep
2761,50,2,60,600,0.00464847412989,91.1357785365,1.41774636245,9.7,2,5,2,1,1,20260917,setup_sweep
2762,50,2,65,650,0.00513013012503,91.7472084138,1.46171981738,9.675,2,5,2,1,1,20260917,setup_sweep
2763,50,2,70,700,0.00538281989058,91.9707033019,1.46112879185,9.65,2,5,2,1,1,20260917,setup_sweep
2764,50,2,75,750,0.00563537902697,92.1902882199,1.46051235293,9.625,2,5,2,1,1,20260917,setup_sweep
2765,50,2,80,800,0.00588780158374,92.4060179594,1.45987205281,9.6,2,5,2,1,1,20260917,setup_sweep
2766,50,2,85,850,0.0061400819934,92.6179470397,1.45920938346,9.575,2,5,2,1,1,20260917,setup_sweep
2767,50,2,90,900,0.00638885792196,92.8205767326,1.46711048434,9.55,2,5,2,1,1,20260917,setup_sweep
2768,50,2,95,950,0.00665824688315,93.0539891543,1.45365827693,9.525,2,5,2,1,1,20260917,setup_sweep
2769,50,2,100,1000,0.00695074072101,93.321720736,1.4435090457,9.5,2,5,2,1,1,20260917,setup_sweep
2770,50,2,105,1050,0.00726173893056,93.6156035187,1.43542370636,9.475,2,5,2,1,1,20260917,setup_sweep
2771,50,2,110,1100,0.00758782015188,93.9295523045,1.42872592483,9.45,2,5,2,1,1,20260917,setup_sweep
2772,50,2,115,1150,0.00792633940424,94.2588650769,1.42300438667,9.425,2,5,2,1,1,20260917,setup_sweep
2773,50,2,120,1200,0.00827520059601,94.5998243851,1.41799049846,9.4,2,5,2,1,1,20260917,setup_sweep
2774,50,2,125,1250,0.0086327139096,94.9494454813,1.41349989096,9.375,2,5,2,1,1,20260917,setup_sweep
2775,50,2,130,1300,0.00901127103896,95.3282194639,1.41509188615,9.35,2,5,2,1,1,20260917,setup_sweep
2776,50,2,135,1350,0.00942784439132,95.7627913283,1.48367233816,9.325,2,5,2,1,1,20260917,setup_sweep
2777,50,2,140,1400,0.00961112356547,95.804880609,1.50120494368,9.3,2,5,2,1,1,20260917,setup_sweep
2778,50,2,145,1450,0.00975974136759,95.7892925195,1.50105458245,9.275,2,5,2,1,1,20260917,setup_sweep
2779,50,2,150,1500,0.00990835413528,95.7739537571,1.50090307578,9.25,2,5,2,1,1,20260917,setup_sweep
2780,50,2,155,1550,0.0100569618149,95.7588601123,1.50075044612,9.225,2,5,2,1,1,20260917,setup_sweep
2781,50,2,160,1600,0.0102215452059,95.7705389885,1.48854535787,9.2,2,5,2,1,1,20260917,setup_sweep
2782,50,2,165,1650,0.0104384093328,95.8684117919,1.47311535248,9.175,2,5,2,1,1,20260917,setup_sweep
2783,50,2,170,1700,0.0106715793791,95.9915869192,1.4567786462,9.15,2,5,2,1,1,20260917,setup_sweep
2784,50,2,175,1750,0.0109293645734,96.1533991034,1.44467349376,9.125,2,5,2,1,1,20260917,setup_sweep
2785,50,2,180,1800,0.0112070780284,96.3454666305,1.4350733049,9.1,2,5,2,1,1,20260917,setup_sweep
2786,50,2,185,1850,0.0115013027328,96.5616437208,1.42711804881,9.075,2,5,2,1,1,20260917,setup_sweep
2787,50,2,190,1900,0.0118094054258,96.7971808762,1.4203123812,9.05,2,5,2,1,1,20260917,setup_sweep
2788,50,2,195,1950,0.0121292879062,97.0482910717,1.41434390594,9.025,2,5,2,1,1,20260917,setup_sweep
2789,50,2,200,2000,0.0124592409024,97.3118924685,1.40900297257,9,2,5,2,1,1,20260917,setup_sweep
2790,50,2,205,2050,0.0128197093769,97.6216907296,1.39068020022,8.975,2,5,2,1,1,20260917,setup_sweep
2791,50,2,210,2100,0.0131998786918,97.9588035211,1.38703056263,8.95,2,5,2,1,1,20260917,setup_sweep
2792,50,2,215,2150,0.0136273636697,98.3687891592,1.37024683588,8.925,2,5,2,1,1,20260917,setup_sweep
2793,50,2,220,2200,0.0140884076382,98.8272284519,1.36598610262,8.9,2,5,2,1,1,20260917,setup_sweep
2794,50,2,225,2250,0.0145536647335,99.2850526547,1.3617633927,8.875,2,5,2,1,1,20260917,setup_sweep
2795,50,2,230,2300,0.0150215323328,99.7396173527,1.35829131376,8.85,2,5,2,1,1,20260917,setup_sweep
2796,50,2,235,2350,0.0154877873123,100.183995483,1.35537744561,8.825,2,5,2,1,1,20260917,setup_sweep
2797,51,2,0,0,0,85,1.02164718131,10,2,5,3,3,1,20260917,setup_sweep
2798,51,2,5,50,0.00029748048101,85.4091045969,1.01456714348,9.975,2,5,3,3,1,20260917,setup_sweep
2799,51,2,10,100,0.000617255814442,85.8482855457,1.01908150027,9.95,2,5,3,3,1,20260917,setup_sweep
2800,51,2,15,150,0.000924082210463,86.2587986723,1.01449351963,9.925,2,5,3,3,1,20260917,setup_sweep
2801,51,2,20,200,0.00124636906719,86.6880741374,1.01090295668,9.9,2,5,3,3,1,20260917,setup_sweep
2802,51,2,25,250,0.00158154080309,87.1315460949,1.00800724098,9.875,2,5,3,3,1,20260917,setup_sweep
2803,51,2,30,300,0.00192753898039,87.5855785698,1.00560631644,9.85,2,5,3,3,1,20260917,setup_sweep
2804,51,2,35,350,0.00228268967763,88.0472309994,1.00356133375,9.825,2,5,3,3,1,20260917,setup_sweep
2805,51,2,40,400,0.0026456143618,88.5140994954,1.00177251789,9.8,2,5,3,3,1,20260917,setup_sweep
2806,51,2,45,450,0.00301516686072,88.9842038434,1.00016633909,9.775,2,5,3,3,1,20260917,setup_sweep
2807,51,2,50,500,0.00339038707051,89.4559040154,0.998687607816,9.75,2,5,3,3,1,20260917,setup_sweep
2808,51,2,55,550,0.00378826111417,89.9573960752,0.987313851871,9.725,2,5,3,3,1,20260917,setup_sweep
2809,51,2,60,600,0.0043063553033,90.6494412081,1.01326555523,9.7,2,5,3,3,1,20260917,setup_sweep
2810,51,2,65,650,0.00464404967323,91.0310900944,1.0482410994,9.675,2,5,3,3,1,20260917,setup_sweep
2811,51,2,70,700,0.00484033884966,91.1731995983,1.0479768558,9.65,2,5,3,3,1,20260917,setup_sweep
2812,51,2,75,750,0.00503658844537,91.3128948146,1.04770479943,9.625,2,5,3,3,1,20260917,setup_sweep
2813,51,2,80,800,0.00523279716155,91.4502135014,1.04742537893,9.6,2,5,3,3,1,20260917,setup_sweep
2814,51,2,85,850,0.00542896377864,91.5851929237,1.04713902766,9.575,2,5,3,3,1,20260917,setup_sweep
2815,51,2,90,900,0.00563350360367,91.7318509548,1.04170076088,9.55,2,5,3,3,1,20260917,setup_sweep
2816,51,2,95,950,0.00588184409532,91.9484983212,1.0265374979,9.525,2,5,3,3,1,20260917,setup_sweep
2817,51,2,100,1000,0.00616417804775,92.2177282884,1.01651651367,9.5,2,5,3,3,1,20260917,setup_sweep
2818,51,2,105,1050,0.0064722137513,92.5249749455,1.0091736034,9.475,2,5,3,3,1,20260917,setup_sweep
2819,51,2,110,1100,0.00680036501498,92.860381024,1.00345160323,9.45,2,5,3,3,1,20260917,setup_sweep
2820,51,2,115,1150,0.00714457064991,93.2167711579,0.998791936818,9.425,2,5,3,3,1,20260917,setup_sweep
2821,51,2,120,1200,0.00750175285365,93.5887131258,0.994862495949,9.4,2,5,3,3,1,20260917,setup_sweep
2822,51,2,125,1250,0.00786951746755,93.971993952,0.991450224897,9.375,2,5,3,3,1,20260917,setup_sweep
2823,51,2,130,1300,0.00830628248871,94.4632175594,1.01353266697,9.35,2,5,3,3,1,20260917,setup_sweep
2824,51,2,135,1350,0.0086002321145,94.7095991907,1.05602408291,9.325,2,5,3,3,1,20260917,setup_sweep
2825,51,2,140,1400,0.00875553756534,94.7229899249,1.06799575613,9.3,2,5,3,3,1,20260917,setup_sweep
2826,51,2,145,1450,0.00889077485867,94.7031678847,1.06790259481,9.275,2,5,3,3,1,20260917,setup_sweep
2827,51,2,150,1500,0.00902600935011,94.6836688428,1.0678084931,9.25,2,5,3,3,1,20260917,setup_sweep
2828,51,2,155,1550,0.00916124099824,94.6644873921,1.06771347203,9.225,2,5,3,3,1,20260917,setup_sweep
2829,51,2,160,1600,0.00930595552697,94.6613675665,1.05812803504,9.2,2,5,3,3,1,20260917,setup_sweep
2830,51,2,165,1650,0.00949332679079,94.7288408031,1.04482313444,9.175,2,5,3,3,1,20260917,setup_sweep
2831,51,2,170,1700,0.00971008395771,94.8437543278,1.0294643557,9.15,2,5,3,3,1,20260917,setup_sweep
2832,51,2,175,1750,0.00996179248231,95.0145106611,1.01816911502,9.125,2,5,3,3,1,20260917,setup_sweep
2833,51,2,180,1800,0.0102394781896,95.2253675137,1.00983086122,9.1,2,5,3,3,1,20260917,setup_sweep
2834,51,2,185,1850,0.0105379382721,95.4670666193,1.00325084666,9.075,2,5,3,3,1,20260917,setup_sweep
2835,51,2,190,1900,0.0108533837718,95.7328379867,0.997822627117,9.05,2,5,3,3,1,20260917,setup_sweep
2836,51,2,195,1950,0.0111829112215,96.0174863115,0.99319427984,9.025,2,5,3,3,1,20260917,setup_sweep
2837,51,2,200,2000,0.0115242258482,96.3169077871,0.989143102386,9,2,5,3,3,1,20260917,setup_sweep
2838,51,2,205,2050,0.0118983419389,96.6657169093,0.976014520099,8.975,2,5,3,3,1,20260917,setup_sweep
2839,51,2,210,2100,0.0123460086988,97.1306496489,0.986987541847,8.95,2,5,3,3,1,20260917,setup_sweep
2840,51,2,215,2150,0.0127025004339,97.4362004853,0.996571709246,8.925,2,5,3,3,1,20260917,setup_sweep
2841,51,2,220,2200,0.0129980209415,97.6364568722,0.99567922703,8.9,2,5,3,3,1,20260917,setup_sweep
2842,51,2,225,2250,0.0132930857735,97.832650146,0.994784228759,8.875,2,5,3,3,1,20260917,setup_sweep
2843,51,2,230,2300,0.0135876947747,98.0248472082,0.993887491261,8.85,2,5,3,3,1,20260917,setup_sweep
2844,51,2,235,2350,0.0138818482131,98.2131145543,0.992984076783,8.825,2,5,3,3,1,20260917,setup_sweep
2845,52,2,0,0,0,85,1.45518562787,10,2,6,1,1,1,20260917,setup_sweep
2846,52,2,5,50,0.000414023302168,85.6016895178,1.45482926749,9.975,2,6,1,1,1,20260917,setup_sweep
2847,52,2,10,100,0.000833127995658,86.2018313637,1.46828223269,9.95,2,6,1,1,1,20260917,setup_sweep
2848,52,2,15,150,0.00121638450748,86.7328072677,1.46656677334,9.925,2,6,1,1,1,20260917,setup_sweep
2849,52,2,20,200,0.00160646213068,87.2662795788,1.46494214787,9.9,2,6,1,1,1,20260917,setup_sweep
2850,52,2,25,250,0.00200266088102,87.8010502508,1.46336378497,9.875,2,6,1,1,1,20260917,setup_sweep
2851,52,2,30,300,0.00240435987984,88.3360717633,1.46179624041,9.85,2,6,1,1,1,20260917,setup_sweep
2852,52,2,35,350,0.00281100677572,88.8704271544,1.46021132802,9.825,2,6,1,1,1,20260917,setup_sweep
2853,52,2,40,400,0.00322210904963,89.4033134951,1.45858670988,9.8,2,6,1,1,1,20260917,setup_sweep
2854,52,2,45,450,0.00363722666768,89.934027863,1.45690480756,9.775,2,6,1,1,1,20260917,setup_sweep
2855,52,2,50,500,0.00405596576056,90.4619552443,1.4551519449,9.75,2,6,1,1,1,20260917,setup_sweep
2856,52,2,55,550,0.00451781145766,91.0525093314,1.44000187154,9.725,2,6,1,1,1,20260917,setup_sweep
2857,52,2,60,600,0.00509012571587,91.8163772878,1.46282668853,9.7,2,6,1,1,1,20260917,setup_sweep
2858,52,2,65,650,0.00555556859616,92.3897998339,1.50612562051,9.675,2,6,1,1,1,20260917,setup_sweep
2859,52,2,70,700,0.00580587602185,92.5987359126,1.50545600083,9.65,2,6,1,1,1,20260917,setup_sweep
2860,52,2,75,750,0.00605603251304,92.8039690978,1.50476557782,9.625,2,6,1,1,1,20260917,setup_sweep
2861,52,2,80,800,0.00630603321452,93.0055525687,1.50405572684,9.6,2,6,1,1,1,20260917,setup_sweep
2862,52,2,85,850,0.00655587362108,93.2035392043,1.50332777201,9.575,2,6,1,1,1,20260917,setup_sweep
2863,52,2,90,900,0.00680244943557,93.3928554371,1.51288314958,9.55,2,6,1,1,1,20260917,setup_sweep
2864,52,2,95,950,0.00707122655086,93.615802248,1.49812070012,9.525,2,6,1,1,1,20260917,setup_sweep
2865,52,2,100,1000,0.00736549666253,93.8771896063,1.48664489299,9.5,2,6,1,1,1,20260917,setup_sweep
2866,52,2,105,1050,0.00768105527409,94.1694353823,1.47726128372,9.475,2,6,1,1,1,20260917,setup_sweep
2867,52,2,110,1100,0.0080146657264,94.4866815008,1.46930686453,9.45,2,6,1,1,1,20260917,setup_sweep
2868,52,2,115,1150,0.00836373738306,94.8242339849,1.46237243233,9.425,2,6,1,1,1,20260917,setup_sweep
2869,52,2,120,1200,0.00872614500118,95.1782453642,1.45618702837,9.4,2,6,1,1,1,20260917,setup_sweep
2870,52,2,125,1250,0.00910011553841,95.5455136961,1.45056212263,9.375,2,6,1,1,1,20260917,setup_sweep
2871,52,2,130,1300,0.00952234197204,95.9868727958,1.45815132327,9.35,2,6,1,1,1,20260917,setup_sweep
2872,52,2,135,1350,0.00992649341385,96.3900754947,1.52699254014,9.325,2,6,1,1,1,20260917,setup_sweep
2873,52,2,140,1400,0.010107818493,96.4185667492,1.54525414128,9.3,2,6,1,1,1,20260917,setup_sweep
2874,52,2,145,1450,0.0102544476869,96.3895484467,1.54516866441,9.275,2,6,1,1,1,20260917,setup_sweep
2875,52,2,150,1500,0.010401074954,96.3610065895,1.5450804743,9.25,2,6,1,1,1,20260917,setup_sweep
2876,52,2,155,1550,0.0105477001766,96.3329331082,1.54498963603,9.225,2,6,1,1,1,20260917,setup_sweep
2877,52,2,160,1600,0.0107101180372,96.3315420314,1.53450683423,9.2,2,6,1,1,1,20260917,setup_sweep
2878,52,2,165,1650,0.0109238021269,96.4148863076,1.51729738299,9.175,2,6,1,1,1,20260917,setup_sweep
2879,52,2,170,1700,0.0111561660245,96.527699359,1.49985171105,9.15,2,6,1,1,1,20260917,setup_sweep
2880,52,2,175,1750,0.0114147605538,96.6819923101,1.48656886322,9.125,2,6,1,1,1,20260917,setup_sweep
2881,52,2,180,1800,0.0116953905797,96.8701486441,1.47579082417,9.1,2,6,1,1,1,20260917,setup_sweep
2882,52,2,185,1850,0.0119949181974,97.0864239134,1.46667787321,9.075,2,6,1,1,1,20260917,setup_sweep
2883,52,2,190,1900,0.0123108592129,97.3262485083,1.45874013989,9.05,2,6,1,1,1,20260917,setup_sweep
2884,52,2,195,1950,0.0126411787293,97.58587064,1.45166521811,9.025,2,6,1,1,1,20260917,setup_sweep
2885,52,2,200,2000,0.0129841721544,97.8621462723,1.44524127183,9,2,6,1,1,1,20260917,setup_sweep
2886,52,2,205,2050,0.013360741349,98.1894704975,1.42651904165,8.975,2,6,1,1,1,20260917,setup_sweep
2887,52,2,210,2100,0.0137604879199,98.5495641065,1.42157932927,8.95,2,6,1,1,1,20260917,setup_sweep
2888,52,2,215,2150,0.0142171047074,98.9979788719,1.40194842309,8.925,2,6,1,1,1,20260917,setup_sweep
2889,52,2,220,2200,0.014715569857,99.5078793463,1.39625471508,8.9,2,6,1,1,1,20260917,setup_sweep
2890,52,2,225,2250,0.0152199497578,100.019109847,1.39178549313,8.875,2,6,1,1,1,20260917,setup_sweep
2891,52,2,230,2300,0.0157212135949,100.516729434,1.38859601026,8.85,2,6,1,1,1,20260917,setup_sweep
2892,52,2,235,2350,0.016218002134,100.998727114,1.38534714543,8.825,2,6,1,1,1,20260917,setup_sweep
2893,53,2,0,0,0,85,1.44385918161,10,2,6,2,1,1,20260917,setup_sweep
2894,53,2,5,50,0.000324351448873,85.4534938573,1.43938710592,9.975,2,6,2,1,1,20260917,setup_sweep
2895,53,2,10,100,0.000661785072325,85.9211112046,1.44817861202,9.95,2,6,2,1,1,20260917,setup_sweep
2896,53,2,15,150,0.0009795454234,86.3484812171,1.44415905626,9.925,2,6,2,1,1,20260917,setup_sweep
2897,53,2,20,200,0.00130835095613,86.7870408191,1.44065905143,9.9,2,6,2,1,1,20260917,setup_sweep
2898,53,2,25,250,0.00164706498977,87.2347266455,1.43755165299,9.875,2,6,2,1,1,20260917,setup_sweep
2899,53,2,30,300,0.00199469502821,87.689747689,1.43474003697,9.85,2,6,2,1,1,20260917,setup_sweep
2900,53,2,35,350,0.00235036819845,88.1505402175,1.43214893466,9.825,2,6,2,1,1,20260917,setup_sweep
2901,53,2,40,400,0.00271331202296,88.6157322472,1.42971898537,9.8,2,6,2,1,1,20260917,setup_sweep
2902,53,2,45,450,0.00308283954586,89.0841157968,1.42740288601,9.775,2,6,2,1,1,20260917,setup_sweep
2903,53,2,50,500,0.00345833748529,89.5546246004,1.42516267416,9.75,2,6,2,1,1,20260917,setup_sweep
2904,53,2,55,550,0.00385586103561,90.0538975322,1.40990856467,9.725,2,6,2,1,1,20260917,setup_sweep
2905,53,2,60,600,0.00438402338948,90.7610901654,1.43770378346,9.7,2,6,2,1,1,20260917,setup_sweep
2906,53,2,65,650,0.00478090010472,91.2387074913,1.47987769126,9.675,2,6,2,1,1,20260917,setup_sweep
2907,53,2,70,700,0.00499615278913,91.4087292513,1.47944329059,9.65,2,6,2,1,1,20260917,setup_sweep
2908,53,2,75,750,0.00521134176187,91.5758354872,1.47899350359,9.625,2,6,2,1,1,20260917,setup_sweep
2909,53,2,80,800,0.00542646455851,91.7400703152,1.47852923029,9.6,2,6,2,1,1,20260917,setup_sweep
2910,53,2,85,850,0.00564151886502,91.9014773711,1.47805133468,9.575,2,6,2,1,1,20260917,setup_sweep
2911,53,2,90,900,0.00585826217902,92.0630326259,1.48523629804,9.55,2,6,2,1,1,20260917,setup_sweep
2912,53,2,95,950,0.00610004597139,92.2633423126,1.46977164315,9.525,2,6,2,1,1,20260917,setup_sweep
2913,53,2,100,1000,0.0063668756038,92.5017279262,1.45798988748,9.5,2,6,2,1,1,20260917,setup_sweep
2914,53,2,105,1050,0.00665471212694,92.7708870795,1.44849349895,9.475,2,6,2,1,1,20260917,setup_sweep
2915,53,2,110,1100,0.00696049304041,93.0652509288,1.4405413851,9.45,2,6,2,1,1,20260917,setup_sweep
2916,53,2,115,1150,0.00728178042822,93.3803744859,1.43368787959,9.425,2,6,2,1,1,20260917,setup_sweep
2917,53,2,120,1200,0.00761657461369,93.7126102702,1.42764238181,9.4,2,6,2,1,1,20260917,setup_sweep
2918,53,2,125,1250,0.00796320214041,94.0589100874,1.42220445295,9.375,2,6,2,1,1,20260917,setup_sweep
2919,53,2,130,1300,0.00837052412285,94.5002212816,1.43553227014,9.35,2,6,2,1,1,20260917,setup_sweep
2920,53,2,135,1350,0.00872360536841,94.8436508527,1.4993107446,9.325,2,6,2,1,1,20260917,setup_sweep
2921,53,2,140,1400,0.00889157293168,94.8756790134,1.51328746462,9.3,2,6,2,1,1,20260917,setup_sweep
2922,53,2,145,1450,0.00903087210693,94.8600469425,1.51313937774,9.275,2,6,2,1,1,20260917,setup_sweep
2923,53,2,150,1500,0.0091701674312,94.8446668818,1.51299027977,9.25,2,6,2,1,1,20260917,setup_sweep
2924,53,2,155,1550,0.00930945886837,94.8295346063,1.51284019301,9.225,2,6,2,1,1,20260917,setup_sweep
2925,53,2,160,1600,0.00946242778326,94.8373579311,1.50424719898,9.2,2,6,2,1,1,20260917,setup_sweep
2926,53,2,165,1650,0.00966225829818,94.9224925945,1.48735597135,9.175,2,6,2,1,1,20260917,setup_sweep
2927,53,2,170,1700,0.00987975136557,95.0353875553,1.47083664323,9.15,2,6,2,1,1,20260917,setup_sweep
2928,53,2,175,1750,0.0101211540847,95.1859262576,1.45822778794,9.125,2,6,2,1,1,20260917,setup_sweep
2929,53,2,180,1800,0.0103828268678,95.3674734328,1.44798868756,9.1,2,6,2,1,1,20260917,setup_sweep
2930,53,2,185,1850,0.0106620465453,95.5750170764,1.43933759318,9.075,2,6,2,1,1,20260917,setup_sweep
2931,53,2,190,1900,0.0109566523108,95.8045570058,1.43181664833,9.05,2,6,2,1,1,20260917,setup_sweep
2932,53,2,195,1950,0.011264867217,96.0527933305,1.42513240207,9.025,2,6,2,1,1,20260917,setup_sweep
2933,53,2,200,2000,0.0115851951111,96.3169446392,1.41908474213,9,2,6,2,1,1,20260917,setup_sweep
2934,53,2,205,2050,0.0119367482432,96.6284497083,1.4012903195,8.975,2,6,2,1,1,20260917,setup_sweep
2935,53,2,210,2100,0.0123088641362,96.9686587082,1.39638868037,8.95,2,6,2,1,1,20260917,setup_sweep
2936,53,2,215,2150,0.0127373126588,97.3957471428,1.40000868302,8.925,2,6,2,1,1,20260917,setup_sweep
2937,53,2,220,2200,0.0130947153555,97.6989530729,1.39830546538,8.9,2,6,2,1,1,20260917,setup_sweep
2938,53,2,225,2250,0.0134510443873,97.9953728213,1.39658347672,8.875,2,6,2,1,1,20260917,setup_sweep
2939,53,2,230,2300,0.0138062933413,98.2851079589,1.39484565865,8.85,2,6,2,1,1,20260917,setup_sweep
2940,53,2,235,2350,0.0141604578958,98.5682618339,1.39308332115,8.825,2,6,2,1,1,20260917,setup_sweep
2941,54,2,0,0,0,85,1.03717715947,10,2,6,3,3,1,20260917,setup_sweep
2942,54,2,5,50,0.000257197881407,85.342535247,1.02694653172,9.975,2,6,3,3,1,20260917,setup_sweep
2943,54,2,10,100,0.000542007895739,85.7250354559,1.02777450443,9.95,2,6,3,3,1,20260917,setup_sweep
2944,54,2,15,150,0.000824061924245,86.0966475795,1.02177313137,9.925,2,6,3,3,1,20260917,setup_sweep
2945,54,2,20,200,0.0011248315686,86.4930456885,1.01696861503,9.9,2,6,3,3,1,20260917,setup_sweep
2946,54,2,25,250,0.00144186574502,86.9097699615,1.01300699879,9.875,2,6,3,3,1,20260917,setup_sweep
2947,54,2,30,300,0.00177315317252,87.3431609017,1.00965737019,9.85,2,6,3,3,1,20260917,setup_sweep
2948,54,2,35,350,0.00211700709079,87.7901556851,1.00675993522,9.825,2,6,3,3,1,20260917,setup_sweep
2949,54,2,40,400,0.00247199112925,88.2481558367,1.00419935214,9.8,2,6,3,3,1,20260917,setup_sweep
2950,54,2,45,450,0.00283686836814,88.7149353999,1.00188975275,9.775,2,6,3,3,1,20260917,setup_sweep
2951,54,2,50,500,0.00321056454436,89.188573988,0.999765731294,9.75,2,6,3,3,1,20260917,setup_sweep
2952,54,2,55,550,0.00362381511304,89.7200629091,0.990885586609,9.725,2,6,3,3,1,20260917,setup_sweep
2953,54,2,60,600,0.00412451164975,90.3863320931,1.0280638252,9.7,2,6,3,3,1,20260917,setup_sweep
2954,54,2,65,650,0.00440280453662,90.6742934106,1.0580176391,9.675,2,6,3,3,1,20260917,setup_sweep
2955,54,2,70,700,0.00457745486678,90.7865344159,1.05780524653,9.65,2,6,3,3,1,20260917,setup_sweep
2956,54,2,75,750,0.00475208315182,90.8968838018,1.05758773798,9.625,2,6,3,3,1,20260917,setup_sweep
2957,54,2,80,800,0.00492668878346,91.0053718286,1.05736539758,9.6,2,6,3,3,1,20260917,setup_sweep
2958,54,2,85,850,0.00510127118912,91.1120283157,1.0571384999,9.575,2,6,3,3,1,20260917,setup_sweep
2959,54,2,90,900,0.0052826375715,91.2281907509,1.05346799008,9.55,2,6,3,3,1,20260917,setup_sweep
2960,54,2,95,950,0.00550317728721,91.407218782,1.03757598246,9.525,2,6,3,3,1,20260917,setup_sweep
2961,54,2,100,1000,0.00575943362089,91.6422963667,1.02622795732,9.5,2,6,3,3,1,20260917,setup_sweep
2962,54,2,105,1050,0.00604352710136,91.9194867724,1.01774053267,9.475,2,6,3,3,1,20260917,setup_sweep
2963,54,2,110,1100,0.00635063844554,92.2301317529,1.01099515433,9.45,2,6,3,3,1,20260917,setup_sweep
2964,54,2,115,1150,0.00667714949548,92.5677001065,1.00540841821,9.425,2,6,3,3,1,20260917,setup_sweep
2965,54,2,120,1200,0.00702020689241,92.9270320229,1.0006335082,9.4,2,6,3,3,1,20260917,setup_sweep
2966,54,2,125,1250,0.00737749246598,93.3039371859,0.996667726481,9.375,2,6,3,3,1,20260917,setup_sweep
2967,54,2,130,1300,0.00779618342582,93.7758096538,1.02782888476,9.35,2,6,3,3,1,20260917,setup_sweep
2968,54,2,135,1350,0.00804726883516,93.9628187105,1.06485569413,9.325,2,6,3,3,1,20260917,setup_sweep
2969,54,2,140,1400,0.0081926029301,93.9721019357,1.07449481576,9.3,2,6,3,3,1,20260917,setup_sweep
2970,54,2,145,1450,0.00832121227098,93.9537359414,1.0743976845,9.275,2,6,3,3,1,20260917,setup_sweep
2971,54,2,150,1500,0.00844981926538,93.9356696319,1.07429979781,9.25,2,6,3,3,1,20260917,setup_sweep
2972,54,2,155,1550,0.00857842388683,93.9178980101,1.07420117218,9.225,2,6,3,3,1,20260917,setup_sweep
2973,54,2,160,1600,0.00871538155429,93.9142875095,1.06661333197,9.2,2,6,3,3,1,20260917,setup_sweep
2974,54,2,165,1650,0.00888712860365,93.9682629898,1.05449539386,9.175,2,6,3,3,1,20260917,setup_sweep
2975,54,2,170,1700,0.00908399740948,94.0628611788,1.04035064392,9.15,2,6,3,3,1,20260917,setup_sweep
2976,54,2,175,1750,0.00931492973903,94.212185432,1.028268727,9.125,2,6,3,3,1,20260917,setup_sweep
2977,54,2,180,1800,0.00957251266359,94.4030790408,1.01912815053,9.1,2,6,3,3,1,20260917,setup_sweep
2978,54,2,185,1850,0.00985237329967,94.6276312713,1.01178078561,9.075,2,6,3,3,1,20260917,setup_sweep
2979,54,2,190,1900,0.0101513181013,94.8800091468,1.00562240626,9.05,2,6,3,3,1,20260917,setup_sweep
2980,54,2,195,1950,0.0104668251862,95.1555856405,1.00030126174,9.025,2,6,3,3,1,20260917,setup_sweep
2981,54,2,200,2000,0.0107968321893,95.4505693769,0.995593033521,9,2,6,3,3,1,20260917,setup_sweep
2982,54,2,205,2050,0.0111609850388,95.7972289817,0.982686486505,8.975,2,6,3,3,1,20260917,setup_sweep
2983,54,2,210,2100,0.0116173785831,96.2904915091,1.00696124347,8.95,2,6,3,3,1,20260917,setup_sweep
2984,54,2,215,2150,0.01190057858,96.4889546841,1.01575930675,8.925,2,6,3,3,1,20260917,setup_sweep
2985,54,2,220,2200,0.0121418296557,96.615168781,1.01517631936,8.9,2,6,3,3,1,20260917,setup_sweep
2986,54,2,225,2250,0.0123828954579,96.738990513,1.01459379967,8.875,2,6,3,3,1,20260917,setup_sweep
2987,54,2,230,2300,0.0126237764024,96.8604601099,1.01401201313,8.85,2,6,3,3,1,20260917,setup_sweep
2988,54,2,235,2350,0.0128644729915,96.9796172795,1.01342929252,8.825,2,6,3,3,1,20260917,setup_sweep
2989,55,2,0,0,0,85,1.45524660675,10,2,7,1,1,1,20260917,setup_sweep
2990,55,2,5,50,0.000407737239218,85.5912924073,1.45587087567,9.975,2,7,1,1,1,20260917,setup_sweep
2991,55,2,10,100,0.000817487532431,86.1761382623,1.47057117867,9.95,2,7,1,1,1,20260917,setup_sweep
2992,55,2,15,150,0.00118990386387,86.6896176425,1.46937343871,9.925,2,7,1,1,1,20260917,setup_sweep
2993,55,2,20,200,0.00156740548999,87.2030138187,1.46823155783,9.9,2,7,1,1,1,20260917,setup_sweep
2994,55,2,25,250,0.00194940209898,87.7153526396,1.4671092718,9.875,2,7,1,1,1,20260917,setup_sweep
2995,55,2,30,300,0.00233537624291,88.2257964642,1.46597796383,9.85,2,7,1,1,1,20260917,setup_sweep
2996,55,2,35,350,0.0027248733755,88.7336254442,1.46481511785,9.825,2,7,1,1,1,20260917,setup_sweep
2997,55,2,40,400,0.00311749348594,89.2382217511,1.46360313319,9.8,2,7,1,1,1,20260917,setup_sweep
2998,55,2,45,450,0.00351288401149,89.739056179,1.46232840055,9.775,2,7,1,1,1,20260917,setup_sweep
2999,55,2,50,500,0.00395107661403,90.3024620115,1.44754731961,9.75,2,7,1,1,1,20260917,setup_sweep
3000,55,2,55,550,0.00439658999877,90.8685392392,1.44735043238,9.725,2,7,1,1,1,20260917,setup_sweep
3001,55,2,60,600,0.00489684860807,91.5163073305,1.45990065574,9.7,2,7,1,1,1,20260917,setup_sweep
3002,55,2,65,650,0.00537887672195,92.1220632775,1.50405298437,9.675,2,7,1,1,1,20260917,setup_sweep
3003,55,2,70,700,0.00563515807766,92.3452986709,1.50339382804,9.65,2,7,1,1,1,20260917,setup_sweep
3004,55,2,75,750,0.00589127910194,92.564579289,1.50270994413,9.625,2,7,1,1,1,20260917,setup_sweep
3005,55,2,80,800,0.0061472335358,92.7799601543,1.50200291336,9.6,2,7,1,1,1,20260917,setup_sweep
3006,55,2,85,850,0.00640301555134,92.9914960922,1.5012742552,9.575,2,7,1,1,1,20260917,setup_sweep
3007,55,2,90,900,0.00665362801688,93.1909777058,1.5118417256,9.55,2,7,1,1,1,20260917,setup_sweep
3008,55,2,95,950,0.00692347464504,93.4190243505,1.49806113336,9.525,2,7,1,1,1,20260917,setup_sweep
3009,55,2,100,1000,0.00721670849455,93.6819467471,1.4874107818,9.5,2,7,1,1,1,20260917,setup_sweep
3010,55,2,105,1050,0.00752914261339,93.9722506954,1.47876901297,9.475,2,7,1,1,1,20260917,setup_sweep
3011,55,2,110,1100,0.00785757022811,94.284185022,1.47150460449,9.45,2,7,1,1,1,20260917,setup_sweep
3012,55,2,115,1150,0.00819944790198,94.6131895021,1.46522495044,9.425,2,7,1,1,1,20260917,setup_sweep
3013,55,2,120,1200,0.00855271301189,94.955573687,1.45966900043,9.4,2,7,1,1,1,20260917,setup_sweep
3014,55,2,125,1250,0.00891566721233,95.3083100144,1.45465479465,9.375,2,7,1,1,1,20260917,setup_sweep
3015,55,2,130,1300,0.00930797123866,95.7039568801,1.45673739772,9.35,2,7,1,1,1,20260917,setup_sweep
3016,55,2,135,1350,0.00972388493668,96.1312489052,1.52710039083,9.325,2,7,1,1,1,20260917,setup_sweep
3017,55,2,140,1400,0.00990722977589,96.1673459399,1.54587491595,9.3,2,7,1,1,1,20260917,setup_sweep
3018,55,2,145,1450,0.0100547251159,96.1439115625,1.54575937508,9.275,2,7,1,1,1,20260917,setup_sweep
3019,55,2,150,1500,0.0102022171328,96.1208590286,1.54564181229,9.25,2,7,1,1,1,20260917,setup_sweep
3020,55,2,155,1550,0.0103497057364,96.0981818776,1.54552227373,9.225,2,7,1,1,1,20260917,setup_sweep
3021,55,2,160,1600,0.0105129548502,96.102044771,1.53509524394,9.2,2,7,1,1,1,20260917,setup_sweep
3022,55,2,165,1650,0.0107268062631,96.1894567697,1.51851620108,9.175,2,7,1,1,1,20260917,setup_sweep
3023,55,2,170,1700,0.0109581920937,96.3043771107,1.50142141666,9.15,2,7,1,1,1,20260917,setup_sweep
3024,55,2,175,1750,0.0112147377213,96.4589721524,1.48854334983,9.125,2,7,1,1,1,20260917,setup_sweep
3025,55,2,180,1800,0.0114920874858,96.645390044,1.47820046864,9.1,2,7,1,1,1,20260917,setup_sweep
3026,55,2,185,1850,0.0117870007252,96.8577503273,1.46954182991,9.075,2,7,1,1,1,20260917,setup_sweep
3027,55,2,190,1900,0.0120969314438,97.0914172956,1.46207152227,9.05,2,7,1,1,1,20260917,setup_sweep
3028,55,2,195,1950,0.0124198132762,97.3426242723,1.4554737009,9.025,2,7,1,1,1,20260917,setup_sweep
3029,55,2,200,2000,0.0127539331001,97.60825048,1.44953454145,9,2,7,1,1,1,20260917,setup_sweep
3030,55,2,205,2050,0.0131194970508,97.9215738619,1.43111743781,8.975,2,7,1,1,1,20260917,setup_sweep
3031,55,2,210,2100,0.0135058706178,98.2639874638,1.42688684209,8.95,2,7,1,1,1,20260917,setup_sweep
3032,55,2,215,2150,0.0139429555117,98.6848110477,1.40876185265,8.925,2,7,1,1,1,20260917,setup_sweep
3033,55,2,220,2200,0.0144165255938,99.1587340374,1.40388254249,8.9,2,7,1,1,1,20260917,setup_sweep
3034,55,2,225,2250,0.0148957035896,99.634091076,1.39905382285,8.875,2,7,1,1,1,20260917,setup_sweep
3035,55,2,230,2300,0.0153797464464,100.109630541,1.39425223601,8.85,2,7,1,1,1,20260917,setup_sweep
3036,55,2,235,2350,0.0158680114478,100.584287306,1.38946021466,8.825,2,7,1,1,1,20260917,setup_sweep
3037,56,2,0,0,0,85,1.43875993912,10,2,7,2,1,1,20260917,setup_sweep
3038,56,2,5,50,0.000332837295733,85.4675114426,1.43584688339,9.975,2,7,2,1,1,20260917,setup_sweep
3039,56,2,10,100,0.000675186749583,85.9430147839,1.44637835476,9.95,2,7,2,1,1,20260917,setup_sweep
3040,56,2,15,150,0.000994199164745,86.3720873234,1.44322444961,9.925,2,7,2,1,1,20260917,setup_sweep
3041,56,2,20,200,0.00132209592308,86.8087500683,1.44047850255,9.9,2,7,2,1,1,20260917,setup_sweep
3042,56,2,25,250,0.00165787227468,87.2512171754,1.43803955245,9.875,2,7,2,1,1,20260917,setup_sweep
3043,56,2,30,300,0.00200065485991,87.6979494344,1.4358297289,9.85,2,7,2,1,1,20260917,setup_sweep
3044,56,2,35,350,0.00234968029195,88.1476148028,1.43378809178,9.825,2,7,2,1,1,20260917,setup_sweep
3045,56,2,40,400,0.00270427792893,88.5990565153,1.43186642756,9.8,2,7,2,1,1,20260917,setup_sweep
3046,56,2,45,450,0.00306385638287,89.051267895,1.43002630892,9.775,2,7,2,1,1,20260917,setup_sweep
3047,56,2,50,500,0.00342789255969,89.5033717617,1.42823696975,9.75,2,7,2,1,1,20260917,setup_sweep
3048,56,2,55,550,0.0038119918291,89.9812958938,1.41315634224,9.725,2,7,2,1,1,20260917,setup_sweep
3049,56,2,60,600,0.00430659125733,90.6343676565,1.43510312169,9.7,2,7,2,1,1,20260917,setup_sweep
3050,56,2,65,650,0.00471498170872,91.1330856337,1.47812894128,9.675,2,7,2,1,1,20260917,setup_sweep
3051,56,2,70,700,0.00493375963622,91.3106798769,1.47769673604,9.65,2,7,2,1,1,20260917,setup_sweep
3052,56,2,75,750,0.00515247047473,91.4852278505,1.4772474964,9.625,2,7,2,1,1,20260917,setup_sweep
3053,56,2,80,800,0.00537111133273,91.6567751261,1.47678220432,9.6,2,7,2,1,1,20260917,setup_sweep
3054,56,2,85,850,0.00558967949149,91.8253668076,1.47630180501,9.575,2,7,2,1,1,20260917,setup_sweep
3055,56,2,90,900,0.00580881024722,91.992119376,1.48419919956,9.55,2,7,2,1,1,20260917,setup_sweep
3056,56,2,95,950,0.00605112486021,92.1944753988,1.46941065006,9.525,2,7,2,1,1,20260917,setup_sweep
3057,56,2,100,1000,0.00631702269805,92.4324558469,1.45822343321,9.5,2,7,2,1,1,20260917,setup_sweep
3058,56,2,105,1050,0.00660239227024,92.6986790127,1.44928102499,9.475,2,7,2,1,1,20260917,setup_sweep
3059,56,2,110,1100,0.00690412746754,92.987545868,1.44185802733,9.45,2,7,2,1,1,20260917,setup_sweep
3060,56,2,115,1150,0.00721977371233,93.2946262696,1.4355164084,9.425,2,7,2,1,1,20260917,setup_sweep
3061,56,2,120,1200,0.00754733681331,93.6163239311,1.42997006935,9.4,2,7,2,1,1,20260917,setup_sweep
3062,56,2,125,1250,0.00788516626513,93.9496698648,1.42502167165,9.375,2,7,2,1,1,20260917,setup_sweep
3063,56,2,130,1300,0.00826828491764,94.3527313967,1.43394640865,9.35,2,7,2,1,1,20260917,setup_sweep
3064,56,2,135,1350,0.00862926892851,94.7116393383,1.49902236918,9.325,2,7,2,1,1,20260917,setup_sweep
3065,56,2,140,1400,0.00879847548053,94.747891721,1.51323284521,9.3,2,7,2,1,1,20260917,setup_sweep
3066,56,2,145,1450,0.00893840207874,94.735408826,1.51307240755,9.275,2,7,2,1,1,20260917,setup_sweep
3067,56,2,150,1500,0.009078324283,94.7231249925,1.51291121424,9.25,2,7,2,1,1,20260917,setup_sweep
3068,56,2,155,1550,0.00921824206618,94.7110368855,1.51274928204,9.225,2,7,2,1,1,20260917,setup_sweep
3069,56,2,160,1600,0.00937179526224,94.7217843652,1.50416519862,9.2,2,7,2,1,1,20260917,setup_sweep
3070,56,2,165,1650,0.00957182601191,94.8091585748,1.48773760494,9.175,2,7,2,1,1,20260917,setup_sweep
3071,56,2,170,1700,0.00978861904993,94.9227680975,1.47149883179,9.15,2,7,2,1,1,20260917,setup_sweep
3072,56,2,175,1750,0.0100284853476,95.0726267261,1.45922215738,9.125,2,7,2,1,1,20260917,setup_sweep
3073,56,2,180,1800,0.0102876382548,95.2518792961,1.44934351945,9.1,2,7,2,1,1,20260917,setup_sweep
3074,56,2,185,1850,0.0105632546686,95.4553753994,1.44107027858,9.075,2,7,2,1,1,20260917,setup_sweep
3075,56,2,190,1900,0.0108531073465,95.6790340806,1.4339388058,9.05,2,7,2,1,1,20260917,setup_sweep
3076,56,2,195,1950,0.0111553780408,95.9195175426,1.42765241161,9.025,2,7,2,1,1,20260917,setup_sweep
3077,56,2,200,2000,0.0114685486808,96.1740391197,1.42200914655,9,2,7,2,1,1,20260917,setup_sweep
3078,56,2,205,2050,0.0118111677351,96.4731334714,1.40445004425,8.975,2,7,2,1,1,20260917,setup_sweep
3079,56,2,210,2100,0.0121739245079,96.8004540879,1.40067745442,8.95,2,7,2,1,1,20260917,setup_sweep
3080,56,2,215,2150,0.0125875996493,97.2062972542,1.39570553124,8.925,2,7,2,1,1,20260917,setup_sweep
3081,56,2,220,2200,0.0129647459932,97.545267302,1.39389576115,8.9,2,7,2,1,1,20260917,setup_sweep
3082,56,2,225,2250,0.0133405469777,97.8764109548,1.39205925237,8.875,2,7,2,1,1,20260917,setup_sweep
3083,56,2,230,2300,0.0137149910842,98.1998385408,1.39019982588,8.85,2,7,2,1,1,20260917,setup_sweep
3084,56,2,235,2350,0.0140880701344,98.5156640848,1.38830541426,8.825,2,7,2,1,1,20260917,setup_sweep
3085,57,2,0,0,0,85,1.03531893921,10,2,7,3,3,1,20260917,setup_sweep
3086,57,2,5,50,0.000259935991357,85.3470558171,1.02593748352,9.975,2,7,3,3,1,20260917,setup_sweep
3087,57,2,10,100,0.000545204355102,85.7302339501,1.0276296424,9.95,2,7,3,3,1,20260917,setup_sweep
3088,57,2,15,150,0.00082555872854,86.0989473878,1.02203336032,9.925,2,7,3,3,1,20260917,setup_sweep
3089,57,2,20,200,0.0011230391256,86.489867315,1.0175956466,9.9,2,7,3,3,1,20260917,setup_sweep
3090,57,2,25,250,0.00143518384548,86.8985590345,1.01397418826,9.875,2,7,3,3,1,20260917,setup_sweep
3091,57,2,30,300,0.00175998725641,87.3214146408,1.01094498025,9.85,2,7,3,3,1,20260917,setup_sweep
3092,57,2,35,350,0.00209578230816,87.7554452831,1.0083529197,9.825,2,7,3,3,1,20260917,setup_sweep
3093,57,2,40,400,0.00244116381342,88.1981441951,1.0060861884,9.8,2,7,3,3,1,20260917,setup_sweep
3094,57,2,45,450,0.00279493508381,88.647390563,1.00406175577,9.775,2,7,3,3,1,20260917,setup_sweep
3095,57,2,50,500,0.00315606900774,89.1013788389,1.00221660505,9.75,2,7,3,3,1,20260917,setup_sweep
3096,57,2,55,550,0.00353968490117,89.5851528828,0.991381059739,9.725,2,7,3,3,1,20260917,setup_sweep
3097,57,2,60,600,0.00404046494824,90.2540038255,1.02641928469,9.7,2,7,3,3,1,20260917,setup_sweep
3098,57,2,65,650,0.00432546111939,90.5552108088,1.05730778502,9.675,2,7,3,3,1,20260917,setup_sweep
3099,57,2,70,700,0.00450180855498,90.672225144,1.05709894049,9.65,2,7,3,3,1,20260917,setup_sweep
3100,57,2,75,750,0.00467813349326,90.787268216,1.05688440552,9.625,2,7,3,3,1,20260917,setup_sweep
3101,57,2,80,800,0.00485443523127,90.9003714451,1.05666449209,9.6,2,7,3,3,1,20260917,setup_sweep
3102,57,2,85,850,0.00503071310331,91.0115657938,1.05643949831,9.575,2,7,3,3,1,20260917,setup_sweep
3103,57,2,90,900,0.00521348275293,91.1317063485,1.05292916702,9.55,2,7,3,3,1,20260917,setup_sweep
3104,57,2,95,950,0.00543462666549,91.3133250057,1.03735867617,9.525,2,7,3,3,1,20260917,setup_sweep
3105,57,2,100,1000,0.0056900806248,91.5486250491,1.02641106892,9.5,2,7,3,3,1,20260917,setup_sweep
3106,57,2,105,1050,0.0059718011101,91.823437852,1.0183151651,9.475,2,7,3,3,1,20260917,setup_sweep
3107,57,2,110,1100,0.00627483599333,92.1289287316,1.01195524172,9.45,2,7,3,3,1,20260917,setup_sweep
3108,57,2,115,1150,0.00659549756161,92.4584975324,1.00674818955,9.425,2,7,3,3,1,20260917,setup_sweep
3109,57,2,120,1200,0.00693090934729,92.8069933667,1.00234737486,9.4,2,7,3,3,1,20260917,setup_sweep
3110,57,2,125,1250,0.00727876403989,93.1702908154,0.998529156481,9.375,2,7,3,3,1,20260917,setup_sweep
3111,57,2,130,1300,0.00769198237017,93.6355146798,1.02670443693,9.35,2,7,3,3,1,20260917,setup_sweep
3112,57,2,135,1350,0.00794805489451,93.8330689987,1.06471614097,9.325,2,7,3,3,1,20260917,setup_sweep
3113,57,2,140,1400,0.00809414862482,93.8457490958,1.07455785626,9.3,2,7,3,3,1,20260917,setup_sweep
3114,57,2,145,1450,0.00822315950219,93.8301352111,1.07445398786,9.275,2,7,3,3,1,20260917,setup_sweep
3115,57,2,150,1500,0.00835216775229,93.8147750588,1.07434951491,9.25,2,7,3,3,1,20260917,setup_sweep
3116,57,2,155,1550,0.00848117335478,93.7996644112,1.07424445303,9.225,2,7,3,3,1,20260917,setup_sweep
3117,57,2,160,1600,0.00861846202898,93.798554824,1.06667070716,9.2,2,7,3,3,1,20260917,setup_sweep
3118,57,2,165,1650,0.00879028552703,93.8545686367,1.05477147261,9.175,2,7,3,3,1,20260917,setup_sweep
3119,57,2,170,1700,0.00898650491477,93.9499710178,1.04080045048,9.15,2,7,3,3,1,20260917,setup_sweep
3120,57,2,175,1750,0.00921603500955,94.0988418121,1.02891224118,9.125,2,7,3,3,1,20260917,setup_sweep
3121,57,2,180,1800,0.0094712547535,94.2877004301,1.02001516196,9.1,2,7,3,3,1,20260917,setup_sweep
3122,57,2,185,1850,0.00974758343348,94.5083191613,1.01294134885,9.075,2,7,3,3,1,20260917,setup_sweep
3123,57,2,190,1900,0.010041707803,94.7546986831,1.00707341991,9.05,2,7,3,3,1,20260917,setup_sweep
3124,57,2,195,1950,0.0103510329677,95.0221255058,1.00205312418,9.025,2,7,3,3,1,20260917,setup_sweep
3125,57,2,200,2000,0.0106734571681,95.3067787619,0.99765268249,9,2,7,3,3,1,20260917,setup_sweep
3126,57,2,205,2050,0.0110280064023,95.639934888,0.984937118096,8.975,2,7,3,3,1,20260917,setup_sweep
3127,57,2,210,2100,0.0114720194557,96.11556854,1.00536123193,8.95,2,7,3,3,1,20260917,setup_sweep
3128,57,2,215,2150,0.0117642995632,96.3319049373,1.01443779991,8.925,2,7,3,3,1,20260917,setup_sweep
3129,57,2,220,2200,0.0120116744765,96.4708365927,1.01382611896,8.9,2,7,3,3,1,20260917,setup_sweep
3130,57,2,225,2250,0.0122588373072,96.6071213683,1.01321408081,8.875,2,7,3,3,1,20260917,setup_sweep
3131,57,2,230,2300,0.0125057882632,96.7408033573,1.012602024,8.85,2,7,3,3,1,20260917,setup_sweep
3132,57,2,235,2350,0.0127525276776,96.8719261307,1.01198789919,8.825,2,7,3,3,1,20260917,setup_sweep
3133,58,2,0,0,0,85,1.45034092209,10,2,8,1,1,1,20260917,setup_sweep
3134,58,2,5,50,0.000426769420445,85.6227504316,1.45097531527,9.975,2,8,1,1,1,20260917,setup_sweep
3135,58,2,10,100,0.000855810693205,86.2389620613,1.4647025568,9.95,2,8,1,1,1,20260917,setup_sweep
3136,58,2,15,150,0.00124818574007,86.7843921061,1.46359190064,9.925,2,8,1,1,1,20260917,setup_sweep
3137,58,2,20,200,0.00164573852584,87.3293636614,1.46249753609,9.9,2,8,1,1,1,20260917,setup_sweep
3138,58,2,25,250,0.00204788507378,87.8729192463,1.46138665923,9.875,2,8,1,1,1,20260917,setup_sweep
3139,58,2,30,300,0.0024541128163,88.4142352108,1.46023363166,9.85,2,8,1,1,1,20260917,setup_sweep
3140,58,2,35,350,0.00286397067969,88.9526031392,1.4590185381,9.825,2,8,1,1,1,20260917,setup_sweep
3141,58,2,40,400,0.00327706081512,89.4874142809,1.45772607784,9.8,2,8,1,1,1,20260917,setup_sweep
3142,58,2,45,450,0.00369303163493,90.0181463963,1.45634469829,9.775,2,8,1,1,1,20260917,setup_sweep
3143,58,2,50,500,0.0041115718879,90.5443525357,1.45486590767,9.75,2,8,1,1,1,20260917,setup_sweep
3144,58,2,55,550,0.00456285387247,91.1161431588,1.44058013808,9.725,2,8,1,1,1,20260917,setup_sweep
3145,58,2,60,600,0.00510410895696,91.8276526745,1.45440735258,9.7,2,8,1,1,1,20260917,setup_sweep
3146,58,2,65,650,0.00561095864578,92.4692857031,1.49631345236,9.675,2,8,1,1,1,20260917,setup_sweep
3147,58,2,70,700,0.00588532948448,92.7166811876,1.49554582177,9.65,2,8,1,1,1,20260917,setup_sweep
3148,58,2,75,750,0.00615948777813,92.9596362591,1.49474857344,9.625,2,8,1,1,1,20260917,setup_sweep
3149,58,2,80,800,0.00643342507885,93.1982103493,1.49392366186,9.6,2,8,1,1,1,20260917,setup_sweep
3150,58,2,85,850,0.00670713355265,93.4324629224,1.49307296773,9.575,2,8,1,1,1,20260917,setup_sweep
3151,58,2,90,900,0.00697389161429,93.6513331615,1.50345761077,9.55,2,8,1,1,1,20260917,setup_sweep
3152,58,2,95,950,0.00725931551787,93.8975192054,1.49003499448,9.525,2,8,1,1,1,20260917,setup_sweep
3153,58,2,100,1000,0.00756869611125,94.1792220926,1.47957421086,9.5,2,8,1,1,1,20260917,setup_sweep
3154,58,2,105,1050,0.00789772119157,94.4887301257,1.47101158904,9.475,2,8,1,1,1,20260917,setup_sweep
3155,58,2,110,1100,0.00824310383132,94.8201527265,1.46374530272,9.45,2,8,1,1,1,20260917,setup_sweep
3156,58,2,115,1150,0.00860224973498,95.1688409618,1.4574006581,9.425,2,8,1,1,1,20260917,setup_sweep
3157,58,2,120,1200,0.00897306388786,95.5310476447,1.45172883965,9.4,2,8,1,1,1,20260917,setup_sweep
3158,58,2,125,1250,0.00935382695791,95.9037082518,1.44655687579,9.375,2,8,1,1,1,20260917,setup_sweep
3159,58,2,130,1300,0.00976879448322,96.3270249191,1.44885355856,9.35,2,8,1,1,1,20260917,setup_sweep
3160,58,2,135,1350,0.0102046779086,96.7770210895,1.51782179823,9.325,2,8,1,1,1,20260917,setup_sweep
3161,58,2,140,1400,0.0103955695732,96.8148907596,1.53888810856,9.3,2,8,1,1,1,20260917,setup_sweep
3162,58,2,145,1450,0.0105475846914,96.7882239453,1.53879202412,9.275,2,8,1,1,1,20260917,setup_sweep
3163,58,2,150,1500,0.010699597084,96.7619933896,1.53869339269,9.25,2,8,1,1,1,20260917,setup_sweep
3164,58,2,155,1550,0.0108516066233,96.7361916702,1.53859227202,9.225,2,8,1,1,1,20260917,setup_sweep
3165,58,2,160,1600,0.011020440364,96.7387480372,1.52686441618,9.2,2,8,1,1,1,20260917,setup_sweep
3166,58,2,165,1650,0.0112432504101,96.8304497816,1.50985338487,9.175,2,8,1,1,1,20260917,setup_sweep
3167,58,2,170,1700,0.0114849732229,96.9518650662,1.49248415103,9.15,2,8,1,1,1,20260917,setup_sweep
3168,58,2,175,1750,0.0117534508947,97.1154830152,1.4794292404,9.125,2,8,1,1,1,20260917,setup_sweep
3169,58,2,180,1800,0.012043934789,97.3127608721,1.46893473796,9.1,2,8,1,1,1,20260917,setup_sweep
3170,58,2,185,1850,0.0123529300027,97.5373678137,1.46012222323,9.075,2,8,1,1,1,20260917,setup_sweep
3171,58,2,190,1900,0.0126777159557,97.7843567864,1.45248447004,9.05,2,8,1,1,1,20260917,setup_sweep
3172,58,2,195,1950,0.0130161018349,98.0497377345,1.44570115237,9.025,2,8,1,1,1,20260917,setup_sweep
3173,58,2,200,2000,0.0133662832719,98.3302250416,1.4395571249,9,2,8,1,1,1,20260917,setup_sweep
3174,58,2,205,2050,0.0137482617575,98.6587463703,1.42169085466,8.975,2,8,1,1,1,20260917,setup_sweep
3175,58,2,210,2100,0.0141514507683,99.0167701243,1.41711807602,8.95,2,8,1,1,1,20260917,setup_sweep
3176,58,2,215,2150,0.0146085975751,99.4583271878,1.39923125795,8.925,2,8,1,1,1,20260917,setup_sweep
3177,58,2,220,2200,0.0151047473702,99.9567875867,1.3938618124,8.9,2,8,1,1,1,20260917,setup_sweep
3178,58,2,225,2250,0.0156071675593,100.457371325,1.38853025847,8.875,2,8,1,1,1,20260917,setup_sweep
3179,58,2,230,2300,0.0161150603817,100.958724972,1.38321377652,8.85,2,8,1,1,1,20260917,setup_sweep
3180,58,2,235,2350,0.0166277329044,101.4596907,1.3778955416,8.825,2,8,1,1,1,20260917,setup_sweep
3181,59,2,0,0,0,85,1.43244069181,10,2,8,2,1,1,20260917,setup_sweep
3182,59,2,5,50,0.00035206324751,85.4992890538,1.42983893436,9.975,2,8,2,1,1,20260917,setup_sweep
3183,59,2,10,100,0.000713612231342,86.0060011629,1.44001635526,9.95,2,8,2,1,1,20260917,setup_sweep
3184,59,2,15,150,0.00105123329737,86.4647902848,1.43706527598,9.925,2,8,2,1,1,20260917,setup_sweep
3185,59,2,20,200,0.00139785693159,86.9308738482,1.43446847402,9.9,2,8,2,1,1,20260917,setup_sweep
3186,59,2,25,250,0.00175247862087,87.4024712921,1.43213204337,9.875,2,8,2,1,1,20260917,setup_sweep
3187,59,2,30,300,0.00211422606177,87.8780499545,1.42998354271,9.85,2,8,2,1,1,20260917,setup_sweep
3188,59,2,35,350,0.00248233715798,88.356284619,1.42796635541,9.825,2,8,2,1,1,20260917,setup_sweep
3189,59,2,40,400,0.00285614265171,88.8360253884,1.42603582048,9.8,2,8,2,1,1,20260917,setup_sweep
3190,59,2,45,450,0.00323505238494,89.3162720845,1.42415650072,9.775,2,8,2,1,1,20260917,setup_sweep
3191,59,2,50,500,0.00361854413845,89.7961533316,1.42230019601,9.75,2,8,2,1,1,20260917,setup_sweep
3192,59,2,55,550,0.00402198048845,90.3011978719,1.40801615284,9.725,2,8,2,1,1,20260917,setup_sweep
3193,59,2,60,600,0.00454292381969,90.9925396899,1.42909664765,9.7,2,8,2,1,1,20260917,setup_sweep
3194,59,2,65,650,0.00497494567332,91.5243937603,1.47148218697,9.675,2,8,2,1,1,20260917,setup_sweep
3195,59,2,70,700,0.00520701552871,91.7174898222,1.47097500588,9.65,2,8,2,1,1,20260917,setup_sweep
3196,59,2,75,750,0.00543899461322,91.9072442475,1.47044854552,9.625,2,8,2,1,1,20260917,setup_sweep
3197,59,2,80,800,0.00567087921376,92.0937061317,1.4699039593,9.6,2,8,2,1,1,20260917,setup_sweep
3198,59,2,85,850,0.00590266585137,92.2769241462,1.46934236063,9.575,2,8,2,1,1,20260917,setup_sweep
3199,59,2,90,900,0.00613408664926,92.4565224492,1.47706407778,9.55,2,8,2,1,1,20260917,setup_sweep
3200,59,2,95,950,0.00638912102133,92.6722290019,1.46241812607,9.525,2,8,2,1,1,20260917,setup_sweep
3201,59,2,100,1000,0.00666873726231,92.9249893153,1.45129650515,9.5,2,8,2,1,1,20260917,setup_sweep
3202,59,2,105,1050,0.00696859662726,93.207022649,1.44236328947,9.475,2,8,2,1,1,20260917,setup_sweep
3203,59,2,110,1100,0.00728544143265,93.5124625446,1.43490280525,9.45,2,8,2,1,1,20260917,setup_sweep
3204,59,2,115,1150,0.00761671304234,93.8366943391,1.42848354066,9.425,2,8,2,1,1,20260917,setup_sweep
3205,59,2,120,1200,0.00796034407023,94.1759912611,1.42282451134,9.4,2,8,2,1,1,20260917,setup_sweep
3206,59,2,125,1250,0.00831463133196,94.5272898867,1.41773265612,9.375,2,8,2,1,1,20260917,setup_sweep
3207,59,2,130,1300,0.00871702629991,94.9526849762,1.42605392803,9.35,2,8,2,1,1,20260917,setup_sweep
3208,59,2,135,1350,0.00909807472866,95.3348293276,1.49111668137,9.325,2,8,2,1,1,20260917,setup_sweep
3209,59,2,140,1400,0.00927344603687,95.3709479271,1.50758723107,9.3,2,8,2,1,1,20260917,setup_sweep
3210,59,2,145,1450,0.00941702898492,95.354210234,1.5074429468,9.275,2,8,2,1,1,20260917,setup_sweep
3211,59,2,150,1500,0.00956060771411,95.3377422173,1.507297483,9.25,2,8,2,1,1,20260917,setup_sweep
3212,59,2,155,1550,0.00970418217643,95.3215393404,1.50715086501,9.225,2,8,2,1,1,20260917,setup_sweep
3213,59,2,160,1600,0.00986233907475,95.329813056,1.497276673,9.2,2,8,2,1,1,20260917,setup_sweep
3214,59,2,165,1650,0.0100701571668,95.4200150222,1.48030443131,9.175,2,8,2,1,1,20260917,setup_sweep
3215,59,2,170,1700,0.0102961617302,95.538757352,1.46370123959,9.15,2,8,2,1,1,20260917,setup_sweep
3216,59,2,175,1750,0.0105468354333,95.6963006836,1.45119430302,9.125,2,8,2,1,1,20260917,setup_sweep
3217,59,2,180,1800,0.0108180209366,95.8851353565,1.44113459036,9.1,2,8,2,1,1,20260917,setup_sweep
3218,59,2,185,1850,0.0111066514757,96.0996770666,1.43269519661,9.075,2,8,2,1,1,20260917,setup_sweep
3219,59,2,190,1900,0.0114103287021,96.3355379798,1.42539681057,9.05,2,8,2,1,1,20260917,setup_sweep
3220,59,2,195,1950,0.0117271093586,96.5891546413,1.41893519753,9.025,2,8,2,1,1,20260917,setup_sweep
3221,59,2,200,2000,0.0120553814361,96.857569788,1.41310482526,9,2,8,2,1,1,20260917,setup_sweep
3222,59,2,205,2050,0.012413672709,97.1712716396,1.39599552576,8.975,2,8,2,1,1,20260917,setup_sweep
3223,59,2,210,2100,0.0127926151143,97.5138065557,1.39177333241,8.95,2,8,2,1,1,20260917,setup_sweep
3224,59,2,215,2150,0.0132257085936,97.9400207953,1.38548454584,8.925,2,8,2,1,1,20260917,setup_sweep
3225,59,2,220,2200,0.0136276826675,98.3078995904,1.38336501537,8.9,2,8,2,1,1,20260917,setup_sweep
3226,59,2,225,2250,0.0140280846249,98.66709937,1.38121612171,8.875,2,8,2,1,1,20260917,setup_sweep
3227,59,2,230,2300,0.0144269012054,99.017741677,1.37904250818,8.85,2,8,2,1,1,20260917,setup_sweep
3228,59,2,235,2350,0.0148241230863,99.3599525537,1.37683464691,8.825,2,8,2,1,1,20260917,setup_sweep
3229,60,2,0,0,0,85,1.03046998123,10,2,8,3,3,1,20260917,setup_sweep
3230,60,2,5,50,0.000275420411191,85.3726508277,1.02153510022,9.975,2,8,3,3,1,20260917,setup_sweep
3231,60,2,10,100,0.000576772360213,85.7819908846,1.02331564954,9.95,2,8,3,3,1,20260917,setup_sweep
3232,60,2,15,150,0.000872737528154,86.1756526105,1.01789577286,9.925,2,8,3,3,1,20260917,setup_sweep
3233,60,2,20,200,0.00118639657571,86.5920468019,1.01358921326,9.9,2,8,3,3,1,20260917,setup_sweep
3234,60,2,25,250,0.00151519226052,87.026572224,1.01006187048,9.875,2,8,3,3,1,20260917,setup_sweep
3235,60,2,30,300,0.00185705083959,87.475502502,1.00709484031,9.85,2,8,3,3,1,20260917,setup_sweep
3236,60,2,35,350,0.00221025609208,87.935763565,1.00453664296,9.825,2,8,3,3,1,20260917,setup_sweep
3237,60,2,40,400,0.00257336675453,88.4047864674,1.00227826942,9.8,2,8,3,3,1,20260917,setup_sweep
3238,60,2,45,450,0.00294515910639,88.880404185,1.00023899266,9.775,2,8,3,3,1,20260917,setup_sweep
3239,60,2,50,500,0.00332458523251,89.3607760132,0.99835775426,9.75,2,8,3,3,1,20260917,setup_sweep
3240,60,2,55,550,0.00372651092844,89.8705246456,0.988044704367,9.725,2,8,3,3,1,20260917,setup_sweep
3241,60,2,60,600,0.00425584753557,90.5819576769,1.02094076098,9.7,2,8,3,3,1,20260917,setup_sweep
3242,60,2,65,650,0.00456123331038,90.9114016902,1.05355170945,9.675,2,8,3,3,1,20260917,setup_sweep
3243,60,2,70,700,0.00474561122632,91.0358019089,1.05331314917,9.65,2,8,3,3,1,20260917,setup_sweep
3244,60,2,75,750,0.00492995952366,91.1580970158,1.05306853753,9.625,2,8,3,3,1,20260917,setup_sweep
3245,60,2,80,800,0.00511427735417,91.2783204033,1.0528182186,9.6,2,8,3,3,1,20260917,setup_sweep
3246,60,2,85,850,0.00529856392356,91.3965050011,1.05256252655,9.575,2,8,3,3,1,20260917,setup_sweep
3247,60,2,90,900,0.00549018861759,91.524926053,1.04837450158,9.55,2,8,3,3,1,20260917,setup_sweep
3248,60,2,95,950,0.0057235737171,91.7202805718,1.03261663021,9.525,2,8,3,3,1,20260917,setup_sweep
3249,60,2,100,1000,0.00599243817258,91.9710224717,1.02180062227,9.5,2,8,3,3,1,20260917,setup_sweep
3250,60,2,105,1050,0.0062885933448,92.262714019,1.01377267018,9.475,2,8,3,3,1,20260917,setup_sweep
3251,60,2,110,1100,0.00660682705424,92.5860672261,1.00743328255,9.45,2,8,3,3,1,20260917,setup_sweep
3252,60,2,115,1150,0.00694328745087,92.9341945454,1.00220768385,9.425,2,8,3,3,1,20260917,setup_sweep
3253,60,2,120,1200,0.00729499138139,93.301757344,0.997755121386,9.4,2,8,3,3,1,20260917,setup_sweep
3254,60,2,125,1250,0.00765956034065,93.6845041856,0.993856628243,9.375,2,8,3,3,1,20260917,setup_sweep
3255,60,2,130,1300,0.00809525024129,94.1784227627,1.02067726672,9.35,2,8,3,3,1,20260917,setup_sweep
3256,60,2,135,1350,0.0083665844853,94.3921932478,1.06035688549,9.325,2,8,3,3,1,20260917,setup_sweep
3257,60,2,140,1400,0.00851657100054,94.402054162,1.07139624082,9.3,2,8,3,3,1,20260917,setup_sweep
3258,60,2,145,1450,0.00864816851783,94.3815207036,1.07130489372,9.275,2,8,3,3,1,20260917,setup_sweep
3259,60,2,150,1500,0.00877976362096,94.3613226431,1.07121261112,9.25,2,8,3,3,1,20260917,setup_sweep
3260,60,2,155,1550,0.00891135627413,94.3414543776,1.0711194159,9.225,2,8,3,3,1,20260917,setup_sweep
3261,60,2,160,1600,0.00905178964609,94.3365921677,1.06274328291,9.2,2,8,3,3,1,20260917,setup_sweep
3262,60,2,165,1650,0.0092303121743,94.3947950512,1.04991926441,9.175,2,8,3,3,1,20260917,setup_sweep
3263,60,2,170,1700,0.00943633157233,94.4974750317,1.03520157535,9.15,2,8,3,3,1,20260917,setup_sweep
3264,60,2,175,1750,0.00967776553508,94.6569739975,1.02325806811,9.125,2,8,3,3,1,20260917,setup_sweep
3265,60,2,180,1800,0.00994611494143,94.858311447,1.01435245478,9.1,2,8,3,3,1,20260917,setup_sweep
3266,60,2,185,1850,0.0102365840474,95.0928728387,1.00724948073,9.075,2,8,3,3,1,20260917,setup_sweep
3267,60,2,190,1900,0.0105456489128,95.3542865877,1.00133033231,9.05,2,8,3,3,1,20260917,setup_sweep
3268,60,2,195,1950,0.0108705690584,95.6375806447,0.996237034162,9.025,2,8,3,3,1,20260917,setup_sweep
3269,60,2,200,2000,0.011209139198,95.938749334,0.991742956954,9,2,8,3,3,1,20260917,setup_sweep
3270,60,2,205,2050,0.0115803122335,96.2889376284,0.979399380641,8.975,2,8,3,3,1,20260917,setup_sweep
3271,60,2,210,2100,0.0120443998052,96.7870968397,0.997379409178,8.95,2,8,3,3,1,20260917,setup_sweep
3272,60,2,215,2150,0.012358876804,97.0289766236,1.00686141525,8.925,2,8,3,3,1,20260917,setup_sweep
3273,60,2,220,2200,0.0126232075258,97.1844120366,1.0061486002,8.9,2,8,3,3,1,20260917,setup_sweep
3274,60,2,225,2250,0.0128872594388,97.3368174983,1.00543555177,8.875,2,8,3,3,1,20260917,setup_sweep
3275,60,2,230,2300,0.0131510329409,97.4862437478,1.00472269807,8.85,2,8,3,3,1,20260917,setup_sweep
3276,60,2,235,2350,0.0134145286086,97.63274098,1.00400802847,8.825,2,8,3,3,1,20260917,setup_sweep
3277,61,2,0,0,0,85,1.45571648219,10,2,9,1,1,1,20260917,setup_sweep
3278,61,2,5,50,0.000403183605158,85.5837678517,1.4560263475,9.975,2,9,1,1,1,20260917,setup_sweep
3279,61,2,10,100,0.000809192330538,86.1625554563,1.47277431939,9.95,2,9,1,1,1,20260917,setup_sweep
3280,61,2,15,150,0.00117420794316,86.664028071,1.47135863717,9.925,2,9,1,1,1,20260917,setup_sweep
3281,61,2,20,200,0.00154474181451,87.1663313898,1.47004546114,9.9,2,9,1,1,1,20260917,setup_sweep
3282,61,2,25,250,0.00192013229137,87.6683582696,1.4687899916,9.875,2,9,1,1,1,20260917,setup_sweep
3283,61,2,30,300,0.00229980305695,88.1691608843,1.46755698112,9.85,2,9,1,1,1,20260917,setup_sweep
3284,61,2,35,350,0.00268325041879,88.6679270871,1.46631867226,9.825,2,9,1,1,1,20260917,setup_sweep
3285,61,2,40,400,0.0030700331862,89.1639614406,1.46505326886,9.8,2,9,1,1,1,20260917,setup_sweep
3286,61,2,45,450,0.00345976421799,89.6566693209,1.46374376718,9.775,2,9,1,1,1,20260917,setup_sweep
3287,61,2,50,500,0.00385210327665,90.145543443,1.46237704615,9.75,2,9,1,1,1,20260917,setup_sweep
3288,61,2,55,550,0.00429215998969,90.705325075,1.4450345608,9.725,2,9,1,1,1,20260917,setup_sweep
3289,61,2,60,600,0.00480112530513,91.3701909974,1.46076575023,9.7,2,9,1,1,1,20260917,setup_sweep
3290,61,2,65,650,0.00528122810868,91.975171368,1.50601492168,9.675,2,9,1,1,1,20260917,setup_sweep
3291,61,2,70,700,0.00553324321631,92.1937832334,1.5053821067,9.65,2,9,1,1,1,20260917,setup_sweep
3292,61,2,75,750,0.00578512112223,92.4085549755,1.50472498623,9.625,2,9,1,1,1,20260917,setup_sweep
3293,61,2,80,800,0.00603685629331,92.6195409212,1.50404508236,9.6,2,9,1,1,1,20260917,setup_sweep
3294,61,2,85,850,0.00628844356589,92.8267951102,1.50334385887,9.575,2,9,1,1,1,20260917,setup_sweep
3295,61,2,90,900,0.00653664116802,93.0250179729,1.51163532018,9.55,2,9,1,1,1,20260917,setup_sweep
3296,61,2,95,950,0.00680631274687,93.2555208181,1.49730766421,9.525,2,9,1,1,1,20260917,setup_sweep
3297,61,2,100,1000,0.00710027750781,93.5223553737,1.48637082778,9.5,2,9,1,1,1,20260917,setup_sweep
3298,61,2,105,1050,0.0074140357699,93.8174868033,1.47757422455,9.475,2,9,1,1,1,20260917,setup_sweep
3299,61,2,110,1100,0.00774417824259,94.1348142513,1.47022883565,9.45,2,9,1,1,1,20260917,setup_sweep
3300,61,2,115,1150,0.00808802307242,94.4695394711,1.46391211834,9.425,2,9,1,1,1,20260917,setup_sweep
3301,61,2,120,1200,0.00844341028035,94.8178057572,1.45834600157,9.4,2,9,1,1,1,20260917,setup_sweep
3302,61,2,125,1250,0.00880857204008,95.1764680895,1.45333821327,9.375,2,9,1,1,1,20260917,setup_sweep
3303,61,2,130,1300,0.00920226053708,95.5765729953,1.45740413051,9.35,2,9,1,1,1,20260917,setup_sweep
3304,61,2,135,1350,0.00961841701657,96.0063518738,1.52871634563,9.325,2,9,1,1,1,20260917,setup_sweep
3305,61,2,140,1400,0.0098016237742,96.0442936373,1.54579819723,9.3,2,9,1,1,1,20260917,setup_sweep
3306,61,2,145,1450,0.00994991730244,96.0242124232,1.5456653317,9.275,2,9,1,1,1,20260917,setup_sweep
3307,61,2,150,1500,0.0100982068144,96.0044564839,1.54553081127,9.25,2,9,1,1,1,20260917,setup_sweep
3308,61,2,155,1550,0.0102464922393,95.985020326,1.54539467583,9.225,2,9,1,1,1,20260917,setup_sweep
3309,61,2,160,1600,0.0104114530188,95.9935889825,1.53278734308,9.2,2,9,1,1,1,20260917,setup_sweep
3310,61,2,165,1650,0.0106282667856,96.0876916032,1.51767474756,9.175,2,9,1,1,1,20260917,setup_sweep
3311,61,2,170,1700,0.0108605794065,96.2058255433,1.50079264549,9.15,2,9,1,1,1,20260917,setup_sweep
3312,61,2,175,1750,0.0111178838252,96.3633032223,1.48810741492,9.125,2,9,1,1,1,20260917,setup_sweep
3313,61,2,180,1800,0.0113957649767,96.5521801406,1.47793989816,9.1,2,9,1,1,1,20260917,setup_sweep
3314,61,2,185,1850,0.0116909475797,96.7665256637,1.46944221201,9.075,2,9,1,1,1,20260917,setup_sweep
3315,61,2,190,1900,0.0120008669806,97.0016811056,1.46212097424,9.05,2,9,1,1,1,20260917,setup_sweep
3316,61,2,195,1950,0.0123234489309,97.2538749908,1.45566234019,9.025,2,9,1,1,1,20260917,setup_sweep
3317,61,2,200,2000,0.0126569798473,97.5199940831,1.44985408057,9,2,9,1,1,1,20260917,setup_sweep
3318,61,2,205,2050,0.0130245818434,97.8381602155,1.42926517919,8.975,2,9,1,1,1,20260917,setup_sweep
3319,61,2,210,2100,0.0134146550834,98.1880669489,1.42511487132,8.95,2,9,1,1,1,20260917,setup_sweep
3320,61,2,215,2150,0.0138552003708,98.6158644214,1.4072815289,8.925,2,9,1,1,1,20260917,setup_sweep
3321,61,2,220,2200,0.0143319065935,99.0961098138,1.40247287413,8.9,2,9,1,1,1,20260917,setup_sweep
3322,61,2,225,2250,0.0148138856251,99.5771309366,1.39770566134,8.875,2,9,1,1,1,20260917,setup_sweep
3323,61,2,230,2300,0.0152989417945,100.055278057,1.39393598088,8.85,2,9,1,1,1,20260917,setup_sweep
3324,61,2,235,2350,0.0157819695461,100.522159924,1.3907954918,8.825,2,9,1,1,1,20260917,setup_sweep
3325,62,2,0,0,0,85,1.4428034141,10,2,9,2,1,1,20260917,setup_sweep
3326,62,2,5,50,0.000321174953645,85.4482402595,1.43879294707,9.975,2,9,2,1,1,20260917,setup_sweep
3327,62,2,10,100,0.000653907799977,85.9081713444,1.45037319078,9.95,2,9,2,1,1,20260917,setup_sweep
3328,62,2,15,150,0.000962378334133,86.3203979413,1.44663755735,9.925,2,9,2,1,1,20260917,setup_sweep
3329,62,2,20,200,0.00128070151178,86.7420932371,1.44344159781,9.9,2,9,2,1,1,20260917,setup_sweep
3330,62,2,25,250,0.00160770813909,87.17116862,1.44065212476,9.875,2,9,2,1,1,20260917,setup_sweep
3331,62,2,30,300,0.00194239269184,87.6058404475,1.43816868507,9.85,2,9,2,1,1,20260917,setup_sweep
3332,62,2,35,350,0.00228388400302,88.0445765753,1.4359139958,9.825,2,9,2,1,1,20260917,setup_sweep
3333,62,2,40,400,0.00263142282236,88.4860551217,1.43382771034,9.8,2,9,2,1,1,20260917,setup_sweep
3334,62,2,45,450,0.00298434423873,88.9291319481,1.43186219236,9.775,2,9,2,1,1,20260917,setup_sweep
3335,62,2,50,500,0.00334206373499,89.3728146795,1.42997955559,9.75,2,9,2,1,1,20260917,setup_sweep
3336,62,2,55,550,0.00372191441963,89.8458897392,1.41256591517,9.725,2,9,2,1,1,20260917,setup_sweep
3337,62,2,60,600,0.00421132045161,90.4926230472,1.43599099649,9.7,2,9,2,1,1,20260917,setup_sweep
3338,62,2,65,650,0.00461685861636,90.9889498363,1.47885672312,9.675,2,9,2,1,1,20260917,setup_sweep
3339,62,2,70,700,0.00483427420045,91.166674695,1.47844008699,9.65,2,9,2,1,1,20260917,setup_sweep
3340,62,2,75,750,0.00505163001852,91.3413632295,1.47800597273,9.625,2,9,2,1,1,20260917,setup_sweep
3341,62,2,80,800,0.00526892331109,91.5130610649,1.4775553708,9.6,2,9,2,1,1,20260917,setup_sweep
3342,62,2,85,850,0.00548615147779,91.6818133357,1.47708923174,9.575,2,9,2,1,1,20260917,setup_sweep
3343,62,2,90,900,0.00570495271005,91.8504000623,1.48305413818,9.55,2,9,2,1,1,20260917,setup_sweep
3344,62,2,95,950,0.00594841890861,92.0570037499,1.46788703016,9.525,2,9,2,1,1,20260917,setup_sweep
3345,62,2,100,1000,0.00621614217902,92.3002747494,1.45652336062,9.5,2,9,2,1,1,20260917,setup_sweep
3346,62,2,105,1050,0.00650376761596,92.5724120432,1.44750080706,9.475,2,9,2,1,1,20260917,setup_sweep
3347,62,2,110,1100,0.00680803184725,92.8675465009,1.4400494072,9.45,2,9,2,1,1,20260917,setup_sweep
3348,62,2,115,1150,0.00712637227506,93.1810636797,1.4337088492,9.425,2,9,2,1,1,20260917,setup_sweep
3349,62,2,120,1200,0.0074567182042,93.5092381035,1.4281806599,9.4,2,9,2,1,1,20260917,setup_sweep
3350,62,2,125,1250,0.00779736422507,93.8490094153,1.42326014218,9.375,2,9,2,1,1,20260917,setup_sweep
3351,62,2,130,1300,0.00818458910389,94.260526439,1.43511545647,9.35,2,9,2,1,1,20260917,setup_sweep
3352,62,2,135,1350,0.00854260979804,94.6160472428,1.50008267973,9.325,2,9,2,1,1,20260917,setup_sweep
3353,62,2,140,1400,0.00871191441789,94.6540481888,1.51283264761,9.3,2,9,2,1,1,20260917,setup_sweep
3354,62,2,145,1450,0.00885264607538,94.6444470361,1.51266101549,9.275,2,9,2,1,1,20260917,setup_sweep
3355,62,2,150,1500,0.00899337297965,94.6349967201,1.51248883864,9.25,2,9,2,1,1,20260917,setup_sweep
3356,62,2,155,1550,0.00913409511097,94.6256947151,1.51231612809,9.225,2,9,2,1,1,20260917,setup_sweep
3357,62,2,160,1600,0.00928930412306,94.6405960285,1.50172747485,9.2,2,9,2,1,1,20260917,setup_sweep
3358,62,2,165,1650,0.00949211030914,94.7339011316,1.48661101552,9.175,2,9,2,1,1,20260917,setup_sweep
3359,62,2,170,1700,0.00970991959819,94.8504340642,1.47057017668,9.15,2,9,2,1,1,20260917,setup_sweep
3360,62,2,175,1750,0.00995067720583,95.0029611341,1.45847158853,9.125,2,9,2,1,1,20260917,setup_sweep
3361,62,2,180,1800,0.0102105454118,95.1845470305,1.44875421306,9.1,2,9,2,1,1,20260917,setup_sweep
3362,62,2,185,1850,0.0104866687126,95.3899933632,1.4406284772,9.075,2,9,2,1,1,20260917,setup_sweep
3363,62,2,190,1900,0.0107768000157,95.6151927231,1.43363317292,9.05,2,9,2,1,1,20260917,setup_sweep
3364,62,2,195,1950,0.0110791100552,95.8567958872,1.42747349327,9.025,2,9,2,1,1,20260917,setup_sweep
3365,62,2,200,2000,0.0113920760931,96.1120154453,1.42194897981,9,2,9,2,1,1,20260917,setup_sweep
3366,62,2,205,2050,0.0117369315367,96.4158456409,1.4023348519,8.975,2,9,2,1,1,20260917,setup_sweep
3367,62,2,210,2100,0.0121034885276,96.7503938692,1.39995123516,8.95,2,9,2,1,1,20260917,setup_sweep
3368,62,2,215,2150,0.0125214523116,97.1638452804,1.40158150791,8.925,2,9,2,1,1,20260917,setup_sweep
3369,62,2,220,2200,0.0128755581167,97.4654351685,1.39990822691,8.9,2,9,2,1,1,20260917,setup_sweep
3370,62,2,225,2250,0.0132286985716,97.7604446118,1.39821463795,8.875,2,9,2,1,1,20260917,setup_sweep
3371,62,2,230,2300,0.0135808661633,98.0489699621,1.39650364476,8.85,2,9,2,1,1,20260917,setup_sweep
3372,62,2,235,2350,0.0139320552666,98.3311090985,1.3947541574,8.825,2,9,2,1,1,20260917,setup_sweep
3373,63,2,0,0,0,85,1.03531642993,10,2,9,3,3,1,20260917,setup_sweep
3374,63,2,5,50,0.000258637079169,85.3449121928,1.02534627054,9.975,2,9,3,3,1,20260917,setup_sweep
3375,63,2,10,100,0.000543812070051,85.7279735388,1.02801180687,9.95,2,9,3,3,1,20260917,setup_sweep
3376,63,2,15,150,0.000821756534004,86.0927416428,1.02230364581,9.925,2,9,3,3,1,20260917,setup_sweep
3377,63,2,20,200,0.00111700203323,86.4800704332,1.01781037017,9.9,2,9,3,3,1,20260917,setup_sweep
3378,63,2,25,250,0.00142698196184,86.885346062,1.01416602122,9.875,2,9,3,3,1,20260917,setup_sweep
3379,63,2,30,300,0.00174962064759,87.3048420238,1.01113408592,9.85,2,9,3,3,1,20260917,setup_sweep
3380,63,2,35,350,0.00208320349601,87.7354899916,1.00855230069,9.825,2,9,3,3,1,20260917,setup_sweep
3381,63,2,40,400,0.00242629307191,88.1747303065,1.00630451881,9.8,2,9,3,3,1,20260917,setup_sweep
3382,63,2,45,450,0.00277767119381,88.6204079045,1.00430499191,9.775,2,9,3,3,1,20260917,setup_sweep
3383,63,2,50,500,0.00313629700444,89.0706963537,1.00248895231,9.75,2,9,3,3,1,20260917,setup_sweep
3384,63,2,55,550,0.00351931983257,89.5540138559,0.991004648621,9.725,2,9,3,3,1,20260917,setup_sweep
3385,63,2,60,600,0.00401677164072,90.2177137372,1.02749642453,9.7,2,9,3,3,1,20260917,setup_sweep
3386,63,2,65,650,0.00429742500801,90.5123635649,1.05677375003,9.675,2,9,3,3,1,20260917,setup_sweep
3387,63,2,70,700,0.00447439820071,90.6311203899,1.05656592594,9.65,2,9,3,3,1,20260917,setup_sweep
3388,63,2,75,750,0.00465134964122,90.7478783825,1.05635218298,9.625,2,9,3,3,1,20260917,setup_sweep
3389,63,2,80,800,0.00482827861787,90.8626694042,1.05613284302,9.6,2,9,3,3,1,20260917,setup_sweep
3390,63,2,85,850,0.00500518445713,90.9755248529,1.05590821499,9.575,2,9,3,3,1,20260917,setup_sweep
3391,63,2,90,900,0.00518962344035,91.0990275604,1.05102137135,9.55,2,9,3,3,1,20260917,setup_sweep
3392,63,2,95,950,0.00541492941648,91.2880650423,1.0350674661,9.525,2,9,3,3,1,20260917,setup_sweep
3393,63,2,100,1000,0.00567455938513,91.530685369,1.02422641242,9.5,2,9,3,3,1,20260917,setup_sweep
3394,63,2,105,1050,0.00596057852665,91.8128998638,1.01622568859,9.475,2,9,3,3,1,20260917,setup_sweep
3395,63,2,110,1100,0.00626791736303,92.1256786431,1.00995159819,9.45,2,9,3,3,1,20260917,setup_sweep
3396,63,2,115,1150,0.00659281077689,92.4622955652,1.00482164839,9.425,2,9,3,3,1,20260917,setup_sweep
3397,63,2,120,1200,0.00693233186286,92.8175203882,1.0004896527,9.4,2,9,3,3,1,20260917,setup_sweep
3398,63,2,125,1250,0.00728414154744,93.1871805022,0.997123702095,9.375,2,9,3,3,1,20260917,setup_sweep
3399,63,2,130,1300,0.00769341587196,93.6455405731,1.02744915159,9.35,2,9,3,3,1,20260917,setup_sweep
3400,63,2,135,1350,0.00794671959787,93.8383683498,1.06448458223,9.325,2,9,3,3,1,20260917,setup_sweep
3401,63,2,140,1400,0.00809340120073,93.8519343899,1.07385541803,9.3,2,9,3,3,1,20260917,setup_sweep
3402,63,2,145,1450,0.00822320634806,93.8375310838,1.07374854304,9.275,2,9,3,3,1,20260917,setup_sweep
3403,63,2,150,1500,0.00835300873684,93.8233612838,1.07364111999,9.25,2,9,3,3,1,20260917,setup_sweep
3404,63,2,155,1550,0.00848280834783,93.8094210988,1.07353316123,9.225,2,9,3,3,1,20260917,setup_sweep
3405,63,2,160,1600,0.00862131206605,93.810161792,1.06505701822,9.2,2,9,3,3,1,20260917,setup_sweep
3406,63,2,165,1650,0.00879682197195,93.8720841285,1.05298023811,9.175,2,9,3,3,1,20260917,setup_sweep
3407,63,2,170,1700,0.00899760225492,93.9747414316,1.03840928136,9.15,2,9,3,3,1,20260917,setup_sweep
3408,63,2,175,1750,0.00923110761617,94.1297704566,1.02702263966,9.125,2,9,3,3,1,20260917,setup_sweep
3409,63,2,180,1800,0.00948947941129,94.3233262982,1.0184927397,9.1,2,9,3,3,1,20260917,setup_sweep
3410,63,2,185,1850,0.00976833775186,94.5475360467,1.01168744886,9.075,2,9,3,3,1,20260917,setup_sweep
3411,63,2,190,1900,0.010064426232,94.7965125633,1.00602966526,9.05,2,9,3,3,1,20260917,setup_sweep
3412,63,2,195,1950,0.0103751919506,95.0656281767,1.00118120065,9.025,2,9,3,3,1,20260917,setup_sweep
3413,63,2,200,2000,0.0106985687781,95.3511359123,0.996925697465,9,2,9,3,3,1,20260917,setup_sweep
3414,63,2,205,2050,0.0110565332964,95.6892189337,0.982777661269,8.975,2,9,3,3,1,20260917,setup_sweep
3415,63,2,210,2100,0.011501467529,96.1653888707,1.00711719777,8.95,2,9,3,3,1,20260917,setup_sweep
3416,63,2,215,2150,0.0117861976556,96.3684552066,1.01498336167,8.925,2,9,3,3,1,20260917,setup_sweep
3417,63,2,220,2200,0.0120297144338,96.5004058617,1.01438761675,8.9,2,9,3,3,1,20260917,setup_sweep
3418,63,2,225,2250,0.0122730460175,96.6298694654,1.01379187194,8.875,2,9,3,3,1,20260917,setup_sweep
3419,63,2,230,2300,0.0125161926521,96.7568875306,1.01319642573,8.85,2,9,3,3,1,20260917,setup_sweep
3420,63,2,235,2350,0.0127591546805,96.8815010455,1.01259791607,8.825,2,9,3,3,1,20260917,setup_sweep
3421,64,2,0,0,0,85,1.44781436109,10,2,10,1,1,1,20260917,setup_sweep
3422,64,2,5,50,0.000434355795851,85.6352902759,1.44839930882,9.975,2,10,1,1,1,20260917,setup_sweep
3423,64,2,10,100,0.000871273254015,86.2643134389,1.46372198261,9.95,2,10,1,1,1,20260917,setup_sweep
3424,64,2,15,150,0.00126709239474,86.8150173453,1.46259551428,9.925,2,10,1,1,1,20260917,setup_sweep
3425,64,2,20,200,0.00166822813889,87.3654051336,1.46147585488,9.9,2,10,1,1,1,20260917,setup_sweep
3426,64,2,25,250,0.00207410276453,87.9145273002,1.46033173105,9.875,2,10,1,1,1,20260917,setup_sweep
3427,64,2,30,300,0.002484206807,88.4615628326,1.45913864477,9.85,2,10,1,1,1,20260917,setup_sweep
3428,64,2,35,350,0.00289808985274,89.0058018728,1.45787753917,9.825,2,10,1,1,1,20260917,setup_sweep
3429,64,2,40,400,0.00331535283022,89.546631141,1.45653376675,9.8,2,10,1,1,1,20260917,setup_sweep
3430,64,2,45,450,0.00373564148583,90.0835215584,1.45509627827,9.775,2,10,1,1,1,20260917,setup_sweep
3431,64,2,50,500,0.00415864082304,90.6160176661,1.45355697621,9.75,2,10,1,1,1,20260917,setup_sweep
3432,64,2,55,550,0.00461739638589,91.1989927208,1.43745443958,9.725,2,10,1,1,1,20260917,setup_sweep
3433,64,2,60,600,0.00518063033219,91.9455143642,1.45487439992,9.7,2,10,1,1,1,20260917,setup_sweep
3434,64,2,65,650,0.00568514907314,92.5813512216,1.49556180692,9.675,2,10,1,1,1,20260917,setup_sweep
3435,64,2,70,700,0.00595906575049,92.8261437641,1.49478127057,9.65,2,10,1,1,1,20260917,setup_sweep
3436,64,2,75,750,0.00623277046403,93.0665398781,1.49397211126,9.625,2,10,1,1,1,20260917,setup_sweep
3437,64,2,80,800,0.00650625522626,93.3025990294,1.49313623943,9.6,2,10,1,1,1,20260917,setup_sweep
3438,64,2,85,850,0.00677951263396,93.5343806664,1.49227549175,9.575,2,10,1,1,1,20260917,setup_sweep
3439,64,2,90,900,0.00704614064781,93.7513534313,1.50236492709,9.55,2,10,1,1,1,20260917,setup_sweep
3440,64,2,95,950,0.00733214725731,93.9968508133,1.48871985524,9.525,2,10,1,1,1,20260917,setup_sweep
3441,64,2,100,1000,0.00764275211444,94.2789368459,1.47805142802,9.5,2,10,1,1,1,20260917,setup_sweep
3442,64,2,105,1050,0.00797364468549,94.5898848384,1.46929083929,9.475,2,10,1,1,1,20260917,setup_sweep
3443,64,2,110,1100,0.0083215259277,94.9237666959,1.46183377019,9.45,2,10,1,1,1,20260917,setup_sweep
3444,64,2,115,1150,0.00868378035983,95.2758816048,1.45530392078,9.425,2,10,1,1,1,20260917,setup_sweep
3445,64,2,120,1200,0.00905828605557,95.6424218976,1.44945125472,9.4,2,10,1,1,1,20260917,setup_sweep
3446,64,2,125,1250,0.00944329337118,96.0202579542,1.44410179509,9.375,2,10,1,1,1,20260917,setup_sweep
3447,64,2,130,1300,0.00987118837174,96.4631066663,1.449580225,9.35,2,10,1,1,1,20260917,setup_sweep
3448,64,2,135,1350,0.010301511516,96.9016625928,1.51857585678,9.325,2,10,1,1,1,20260917,setup_sweep
3449,64,2,140,1400,0.0104913721473,96.9357794069,1.53746617271,9.3,2,10,1,1,1,20260917,setup_sweep
3450,64,2,145,1450,0.0106436080601,96.9074794218,1.53737981543,9.275,2,10,1,1,1,20260917,setup_sweep
3451,64,2,150,1500,0.0107958417692,96.8796435514,1.53729068042,9.25,2,10,1,1,1,20260917,setup_sweep
3452,64,2,155,1550,0.0109480731384,96.8522638998,1.53719883542,9.225,2,10,1,1,1,20260917,setup_sweep
3453,64,2,160,1600,0.0111174519827,96.8538044344,1.52505509365,9.2,2,10,1,1,1,20260917,setup_sweep
3454,64,2,165,1650,0.0113408791956,96.9446249194,1.50907570188,9.175,2,10,1,1,1,20260917,setup_sweep
3455,64,2,170,1700,0.0115818819703,97.0629627125,1.49184097666,9.15,2,10,1,1,1,20260917,setup_sweep
3456,64,2,175,1750,0.0118496266912,97.223533059,1.47881979207,9.125,2,10,1,1,1,20260917,setup_sweep
3457,64,2,180,1800,0.0121394951494,97.4180081425,1.46830750349,9.1,2,10,1,1,1,20260917,setup_sweep
3458,64,2,185,1850,0.0124480737578,97.6401874168,1.45944755847,9.075,2,10,1,1,1,20260917,setup_sweep
3459,64,2,190,1900,0.0127726940396,97.8852036961,1.4517440749,9.05,2,10,1,1,1,20260917,setup_sweep
3460,64,2,195,1950,0.0131111980977,98.1491137756,1.44488318262,9.025,2,10,1,1,1,20260917,setup_sweep
3461,64,2,200,2000,0.0134618012011,98.4286561779,1.43865363549,9,2,10,1,1,1,20260917,setup_sweep
3462,64,2,205,2050,0.0138468093947,98.7605716929,1.41912790663,8.975,2,10,1,1,1,20260917,setup_sweep
3463,64,2,210,2100,0.0142550604198,99.1252803683,1.41435763928,8.95,2,10,1,1,1,20260917,setup_sweep
3464,64,2,215,2150,0.01471910443,99.5764524776,1.39602599347,8.925,2,10,1,1,1,20260917,setup_sweep
3465,64,2,220,2200,0.0152237017219,100.086924442,1.39042343738,8.9,2,10,1,1,1,20260917,setup_sweep
3466,64,2,225,2250,0.0157352324526,100.60041701,1.38485584362,8.875,2,10,1,1,1,20260917,setup_sweep
3467,64,2,230,2300,0.0162528465286,101.11547543,1.37929937955,8.85,2,10,1,1,1,20260917,setup_sweep
3468,64,2,235,2350,0.0167758016061,101.630847053,1.37373648873,8.825,2,10,1,1,1,20260917,setup_sweep
3469,65,2,0,0,0,85,1.43222217722,10,2,10,2,1,1,20260917,setup_sweep
3470,65,2,5,50,0.000352064732206,85.4992935606,1.42930431978,9.975,2,10,2,1,1,20260917,setup_sweep
3471,65,2,10,100,0.000714500885102,86.0074738119,1.44061432238,9.95,2,10,2,1,1,20260917,setup_sweep
3472,65,2,15,150,0.00105070201206,86.4638926596,1.43749750469,9.925,2,10,2,1,1,20260917,setup_sweep
3473,65,2,20,200,0.00139635758615,86.9283919692,1.43475312767,9.9,2,10,2,1,1,20260917,setup_sweep
3474,65,2,25,250,0.00175044208748,87.3991434682,1.43228374109,9.875,2,10,2,1,1,20260917,setup_sweep
3475,65,2,30,300,0.00211206281686,87.8745685815,1.43001418715,9.85,2,10,2,1,1,20260917,setup_sweep
3476,65,2,35,350,0.00248043786405,88.3532979001,1.42788569459,9.825,2,10,2,1,1,20260917,setup_sweep
3477,65,2,40,400,0.00285487857631,88.8341387566,1.42585184239,9.8,2,10,2,1,1,20260917,setup_sweep
3478,65,2,45,450,0.00323477586763,89.3160496819,1.42387572696,9.775,2,10,2,1,1,20260917,setup_sweep
3479,65,2,50,500,0.00361958911346,89.7981195556,1.42192790901,9.75,2,10,2,1,1,20260917,setup_sweep
3480,65,2,55,550,0.00402642691583,90.3087689828,1.40594946081,9.725,2,10,2,1,1,20260917,setup_sweep
3481,65,2,60,600,0.00455975103928,91.0204146583,1.4300702717,9.7,2,10,2,1,1,20260917,setup_sweep
3482,65,2,65,650,0.00498835134067,91.5461497743,1.47083947991,9.675,2,10,2,1,1,20260917,setup_sweep
3483,65,2,70,700,0.0052204984559,91.7390139421,1.47032958631,9.65,2,10,2,1,1,20260917,setup_sweep
3484,65,2,75,750,0.00545255571033,91.9285418105,1.4698004972,9.625,2,10,2,1,1,20260917,setup_sweep
3485,65,2,80,800,0.00568451946316,92.1147825065,1.46925336385,9.6,2,10,2,1,1,20260917,setup_sweep
3486,65,2,85,850,0.00591638630518,92.2977847278,1.46868929487,9.575,2,10,2,1,1,20260917,setup_sweep
3487,65,2,90,900,0.00614798859183,92.4773389076,1.47621292292,9.55,2,10,2,1,1,20260917,setup_sweep
3488,65,2,95,950,0.00640356925733,92.6936052308,1.46144262824,9.525,2,10,2,1,1,20260917,setup_sweep
3489,65,2,100,1000,0.00668416631846,92.9476343915,1.45018647245,9.5,2,10,2,1,1,20260917,setup_sweep
3490,65,2,105,1050,0.00698548027668,93.231698736,1.4411150941,9.475,2,10,2,1,1,20260917,setup_sweep
3491,65,2,110,1100,0.007304270443,93.5399472598,1.4335157098,9.45,2,10,2,1,1,20260917,setup_sweep
3492,65,2,115,1150,0.00763798101744,93.8677571098,1.42695804386,9.425,2,10,2,1,1,20260917,setup_sweep
3493,65,2,120,1200,0.00798453810402,94.2113780204,1.42116153627,9.4,2,10,2,1,1,20260917,setup_sweep
3494,65,2,125,1250,0.00834222568442,94.5677130142,1.41593313036,9.375,2,10,2,1,1,20260917,setup_sweep
3495,65,2,130,1300,0.00875486875908,95.0094014095,1.42784237121,9.35,2,10,2,1,1,20260917,setup_sweep
3496,65,2,135,1350,0.00912843044126,95.3782321402,1.49233496053,9.325,2,10,2,1,1,20260917,setup_sweep
3497,65,2,140,1400,0.00930286228067,95.4120915258,1.5067035875,9.3,2,10,2,1,1,20260917,setup_sweep
3498,65,2,145,1450,0.00944670407513,95.3951016245,1.50656041125,9.275,2,10,2,1,1,20260917,setup_sweep
3499,65,2,150,1500,0.00959054173508,95.3783857077,1.50641602842,9.25,2,10,2,1,1,20260917,setup_sweep
3500,65,2,155,1550,0.00973437521066,95.3619391644,1.50627046284,9.225,2,10,2,1,1,20260917,setup_sweep
3501,65,2,160,1600,0.00989317754071,95.3706147941,1.49588826781,9.2,2,10,2,1,1,20260917,setup_sweep
3502,65,2,165,1650,0.0101016827889,95.4612781785,1.47992869116,9.175,2,10,2,1,1,20260917,setup_sweep
3503,65,2,170,1700,0.01032710684,95.5783786062,1.4634915365,9.15,2,10,2,1,1,20260917,setup_sweep
3504,65,2,175,1750,0.0105771125976,95.7341630092,1.45104684386,9.125,2,10,2,1,1,20260917,setup_sweep
3505,65,2,180,1800,0.0108476684183,95.9213312856,1.44099631393,9.1,2,10,2,1,1,20260917,setup_sweep
3506,65,2,185,1850,0.0111357881382,96.1344307497,1.4325353873,9.075,2,10,2,1,1,20260917,setup_sweep
3507,65,2,190,1900,0.011439127581,96.3691593555,1.42519634074,9.05,2,10,2,1,1,20260917,setup_sweep
3508,65,2,195,1950,0.0117557802872,96.6220093153,1.41868155402,9.025,2,10,2,1,1,20260917,setup_sweep
3509,65,2,200,2000,0.0120841588843,96.8900580204,1.41278950908,9,2,10,2,1,1,20260917,setup_sweep
3510,65,2,205,2050,0.0124448524498,97.2072054636,1.3941425658,8.975,2,10,2,1,1,20260917,setup_sweep
3511,65,2,210,2100,0.0128279999198,97.556097849,1.39018081407,8.95,2,10,2,1,1,20260917,setup_sweep
3512,65,2,215,2150,0.0132664934311,97.9904541141,1.38499285616,8.925,2,10,2,1,1,20260917,setup_sweep
3513,65,2,220,2200,0.013666411285,98.3541007628,1.38288276341,8.9,2,10,2,1,1,20260917,setup_sweep
3514,65,2,225,2250,0.0140647919432,98.7091960686,1.38074447743,8.875,2,10,2,1,1,20260917,setup_sweep
3515,65,2,230,2300,0.0144616232079,99.0558612204,1.3785825074,8.85,2,10,2,1,1,20260917,setup_sweep
3516,65,2,235,2350,0.0148568966632,99.3942216543,1.37637673583,8.825,2,10,2,1,1,20260917,setup_sweep
3517,66,2,0,0,0,85,1.02990995101,10,2,10,3,3,1,20260917,setup_sweep
3518,66,2,5,50,0.000276098379224,85.3737726309,1.02086167895,9.975,2,10,3,3,1,20260917,setup_sweep
3519,66,2,10,100,0.000578704264668,85.7851680284,1.02340378713,9.95,2,10,3,3,1,20260917,setup_sweep
3520,66,2,15,150,0.000874009077165,86.1776862135,1.01795300708,9.925,2,10,3,3,1,20260917,setup_sweep
3521,66,2,20,200,0.00118723777359,86.5933360471,1.01360326437,9.9,2,10,3,3,1,20260917,setup_sweep
3522,66,2,25,250,0.00151587640869,87.0275812169,1.01002615788,9.875,2,10,3,3,1,20260917,setup_sweep
3523,66,2,30,300,0.00185787800264,87.4767318824,1.00700596724,9.85,2,10,3,3,1,20260917,setup_sweep
3524,66,2,35,350,0.00221154149549,87.9377307353,1.00439303287,9.825,2,10,3,3,1,20260917,setup_sweep
3525,66,2,40,400,0.00257543245339,88.4080115509,1.00207937682,9.8,2,10,3,3,1,20260917,setup_sweep
3526,66,2,45,450,0.00294832792976,88.8853999759,0.999984826565,9.775,2,10,3,3,1,20260917,setup_sweep
3527,66,2,50,500,0.00332917637902,89.3680408213,0.998048583526,9.75,2,10,3,3,1,20260917,setup_sweep
3528,66,2,55,550,0.00373459617166,89.8834598587,0.986903310246,9.725,2,10,3,3,1,20260917,setup_sweep
3529,66,2,60,600,0.00426803621074,90.6011796361,1.02256363769,9.7,2,10,3,3,1,20260917,setup_sweep
3530,66,2,65,650,0.00456709838257,90.9198820714,1.05301209195,9.675,2,10,3,3,1,20260917,setup_sweep
3531,66,2,70,700,0.0047520334819,91.0450630646,1.05277224207,9.65,2,10,3,3,1,20260917,setup_sweep
3532,66,2,75,750,0.00493693881408,91.1681257953,1.05252627085,9.625,2,10,3,3,1,20260917,setup_sweep
3533,66,2,80,800,0.00512181352156,91.2891038579,1.05227452619,9.6,2,10,3,3,1,20260917,setup_sweep
3534,66,2,85,850,0.00530665680163,91.4080303824,1.05201734621,9.575,2,10,3,3,1,20260917,setup_sweep
3535,66,2,90,900,0.00549940153362,91.5381162142,1.04729157724,9.55,2,10,3,3,1,20260917,setup_sweep
3536,66,2,95,950,0.00573492216438,91.73678051,1.03148670332,9.525,2,10,3,3,1,20260917,setup_sweep
3537,66,2,100,1000,0.00600576536598,91.9905207216,1.02072072692,9.5,2,10,3,3,1,20260917,setup_sweep
3538,66,2,105,1050,0.00630418683048,92.2856366275,1.01267247842,9.475,2,10,3,3,1,20260917,setup_sweep
3539,66,2,110,1100,0.00662508389805,92.6130140514,1.00628044258,9.45,2,10,3,3,1,20260917,setup_sweep
3540,66,2,115,1150,0.00696465868792,92.965844647,1.00098531711,9.425,2,10,3,3,1,20260917,setup_sweep
3541,66,2,120,1200,0.00731995119925,93.3388167737,0.99645367272,9.4,2,10,3,3,1,20260917,setup_sweep
3542,66,2,125,1250,0.00768858743711,93.7276747477,0.992774481844,9.375,2,10,3,3,1,20260917,setup_sweep
3543,66,2,130,1300,0.00812181448906,94.2166806868,1.02251031701,9.35,2,10,3,3,1,20260917,setup_sweep
3544,66,2,135,1350,0.00838650563415,94.4188639745,1.06070048182,9.325,2,10,3,3,1,20260917,setup_sweep
3545,66,2,140,1400,0.0085362611764,94.4279072191,1.07091065532,9.3,2,10,3,3,1,20260917,setup_sweep
3546,66,2,145,1450,0.00866816821383,94.407458039,1.07081912563,9.275,2,10,3,3,1,20260917,setup_sweep
3547,66,2,150,1500,0.00880007282321,94.3873428408,1.07072666242,9.25,2,10,3,3,1,20260917,setup_sweep
3548,66,2,155,1550,0.00893197496791,94.3675560438,1.07063328693,9.225,2,10,3,3,1,20260917,setup_sweep
3549,66,2,160,1600,0.00907289963447,94.363075817,1.06198615693,9.2,2,10,3,3,1,20260917,setup_sweep
3550,66,2,165,1650,0.00925305645016,94.4235459203,1.04919115653,9.175,2,10,3,3,1,20260917,setup_sweep
3551,66,2,170,1700,0.00946099997937,94.5289337725,1.03421275454,9.15,2,10,3,3,1,20260917,setup_sweep
3552,66,2,175,1750,0.00970359091699,94.6898239234,1.02260277338,9.125,2,10,3,3,1,20260917,setup_sweep
3553,66,2,180,1800,0.00997273507799,94.8919315336,1.01385522766,9.1,2,10,3,3,1,20260917,setup_sweep
3554,66,2,185,1850,0.0102638685747,95.1270352683,1.00682659816,9.075,2,10,3,3,1,20260917,setup_sweep
3555,66,2,190,1900,0.0105736076288,95.3889988346,1.00093530042,9.05,2,10,3,3,1,20260917,setup_sweep
3556,66,2,195,1950,0.010899302597,95.6730001161,0.99584160017,9.025,2,10,3,3,1,20260917,setup_sweep
3557,66,2,200,2000,0.0112388086386,95.975130689,0.99132887823,9,2,10,3,3,1,20260917,setup_sweep
3558,66,2,205,2050,0.0116133475029,96.3302937394,0.977892712365,8.975,2,10,3,3,1,20260917,setup_sweep
3559,66,2,210,2100,0.0120806625271,96.8330356326,0.998119614125,8.95,2,10,3,3,1,20260917,setup_sweep
3560,66,2,215,2150,0.0123923306002,97.0695400459,1.00626709945,8.925,2,10,3,3,1,20260917,setup_sweep
3561,66,2,220,2200,0.0126568594381,97.2246324649,1.00555246926,8.9,2,10,3,3,1,20260917,setup_sweep
3562,66,2,225,2250,0.0129211110791,97.3767032665,1.00483767731,8.875,2,10,3,3,1,20260917,setup_sweep
3563,66,2,230,2300,0.0131850859452,97.5258030911,1.00412314934,8.85,2,10,3,3,1,20260917,setup_sweep
3564,66,2,235,2350,0.0134487846316,97.6719820291,1.0034055459,8.825,2,10,3,3,1,20260917,setup_sweep
3565,67,2,0,0,0,85,1.4488223165,10,2,11,1,1,1,20260917,setup_sweep
3566,67,2,5,50,0.000429897256023,85.6279222413,1.44920598909,9.975,2,11,1,1,1,20260917,setup_sweep
3567,67,2,10,100,0.000862896859212,86.2505926471,1.46557884889,9.95,2,11,1,1,1,20260917,setup_sweep
3568,67,2,15,150,0.00125245586533,86.7911769637,1.46430508586,9.925,2,11,1,1,1,20260917,setup_sweep
3569,67,2,20,200,0.00164763355359,87.3321116147,1.4630684521,9.9,2,11,1,1,1,20260917,setup_sweep
3570,67,2,25,250,0.00204780983681,87.8723660736,1.46183280197,9.875,2,11,1,1,1,20260917,setup_sweep
3571,67,2,30,300,0.00245243938627,88.4110503864,1.46056975046,9.85,2,11,1,1,1,20260917,setup_sweep
3572,67,2,35,350,0.00286104116445,88.9473955516,1.45925709185,9.825,2,11,1,1,1,20260917,setup_sweep
3573,67,2,40,400,0.00327318986242,89.4807373727,1.45787759683,9.8,2,11,1,1,1,20260917,setup_sweep
3574,67,2,45,450,0.00368850868987,90.0105028107,1.45641807684,9.775,2,11,1,1,1,20260917,setup_sweep
3575,67,2,50,500,0.00410666325783,90.536198369,1.45486864508,9.75,2,11,1,1,1,20260917,setup_sweep
3576,67,2,55,550,0.00457391026792,91.1344690304,1.43766065069,9.725,2,11,1,1,1,20260917,setup_sweep
3577,67,2,60,600,0.00513227001831,91.8739800252,1.45686084782,9.7,2,11,1,1,1,20260917,setup_sweep
3578,67,2,65,650,0.00562756357165,92.495753608,1.49835281834,9.675,2,11,1,1,1,20260917,setup_sweep
3579,67,2,70,700,0.00589513262913,92.7314693119,1.49760471352,9.65,2,11,1,1,1,20260917,setup_sweep
3580,67,2,75,750,0.00616251301519,92.9629771156,1.49682985274,9.625,2,11,1,1,1,20260917,setup_sweep
3581,67,2,80,800,0.00642969777612,93.1903350772,1.49603000809,9.6,2,11,1,1,1,20260917,setup_sweep
3582,67,2,85,850,0.00669668045512,93.4136011165,1.49520687994,9.575,2,11,1,1,1,20260917,setup_sweep
3583,67,2,90,900,0.00695872907189,93.6250107742,1.50394268937,9.55,2,11,1,1,1,20260917,setup_sweep
3584,67,2,95,950,0.00724196599969,93.8680201911,1.48983886671,9.525,2,11,1,1,1,20260917,setup_sweep
3585,67,2,100,1000,0.00755043980506,94.1487144781,1.47889818395,9.5,2,11,1,1,1,20260917,setup_sweep
3586,67,2,105,1050,0.00787967072878,94.4590692894,1.46996546521,9.475,2,11,1,1,1,20260917,setup_sweep
3587,67,2,110,1100,0.00822624685551,94.792956858,1.46239660826,9.45,2,11,1,1,1,20260917,setup_sweep
3588,67,2,115,1150,0.00858747153934,95.1455323721,1.45579407421,9.425,2,11,1,1,1,20260917,setup_sweep
3589,67,2,120,1200,0.00896116183808,95.5128798312,1.44989530429,9.4,2,11,1,1,1,20260917,setup_sweep
3590,67,2,125,1250,0.0093455208843,95.8917858583,1.44451839206,9.375,2,11,1,1,1,20260917,setup_sweep
3591,67,2,130,1300,0.00977212429432,96.3346149321,1.4515397162,9.35,2,11,1,1,1,20260917,setup_sweep
3592,67,2,135,1350,0.0101969645086,96.7662290222,1.52096409177,9.325,2,11,1,1,1,20260917,setup_sweep
3593,67,2,140,1400,0.0103849787924,96.7995429696,1.53894737799,9.3,2,11,1,1,1,20260917,setup_sweep
3594,67,2,145,1450,0.0105365082163,96.7723270505,1.53885420899,9.275,2,11,1,1,1,20260917,setup_sweep
3595,67,2,150,1500,0.0106880351668,96.7455568826,1.53875842792,9.25,2,11,1,1,1,20260917,setup_sweep
3596,67,2,155,1550,0.0108395595187,96.7192248912,1.53866009678,9.225,2,11,1,1,1,20260917,setup_sweep
3597,67,2,160,1600,0.011008553675,96.7223305768,1.52550262994,9.2,2,11,1,1,1,20260917,setup_sweep
3598,67,2,165,1650,0.0112320317274,96.8154085781,1.50997484663,9.175,2,11,1,1,1,20260917,setup_sweep
3599,67,2,170,1700,0.0114722201924,96.9345357365,1.49280463747,9.15,2,11,1,1,1,20260917,setup_sweep
3600,67,2,175,1750,0.0117389471239,97.0955460974,1.47984823388,9.125,2,11,1,1,1,20260917,setup_sweep
3601,67,2,180,1800,0.012027603532,97.2901328595,1.46939961667,9.1,2,11,1,1,1,20260917,setup_sweep
3602,67,2,185,1850,0.0123347857171,97.5121172463,1.46060253848,9.075,2,11,1,1,1,20260917,setup_sweep
3603,67,2,190,1900,0.0126578350888,97.7566534795,1.45296153771,9.05,2,11,1,1,1,20260917,setup_sweep
3604,67,2,195,1950,0.0129946034088,98.0198190316,1.44616307168,9.025,2,11,1,1,1,20260917,setup_sweep
3605,67,2,200,2000,0.0133433152845,98.298372231,1.43999612398,9,2,11,1,1,1,20260917,setup_sweep
3606,67,2,205,2050,0.0137279740765,98.6318726497,1.41938637864,8.975,2,11,1,1,1,20260917,setup_sweep
3607,67,2,210,2100,0.0141369087502,98.9998383313,1.41465304891,8.95,2,11,1,1,1,20260917,setup_sweep
3608,67,2,215,2150,0.0146014428635,99.4538930509,1.39641922464,8.925,2,11,1,1,1,20260917,setup_sweep
3609,67,2,220,2200,0.0151063344519,99.9668768952,1.39086728004,8.9,2,11,1,1,1,20260917,setup_sweep
3610,67,2,225,2250,0.0156180359375,100.482635642,1.38534812262,8.875,2,11,1,1,1,20260917,setup_sweep
3611,67,2,230,2300,0.0161357032127,100.999728494,1.37983814092,8.85,2,11,1,1,1,20260917,setup_sweep
3612,67,2,235,2350,0.0166556147258,101.511966044,1.37586096595,8.825,2,11,1,1,1,20260917,setup_sweep
3613,68,2,0,0,0,85,1.43539254333,10,2,11,2,1,1,20260917,setup_sweep
3614,68,2,5,50,0.000343119934564,85.4845120494,1.43183994662,9.975,2,11,2,1,1,20260917,setup_sweep
3615,68,2,10,100,0.000697830839086,85.9801703565,1.44355223398,9.95,2,11,2,1,1,20260917,setup_sweep
3616,68,2,15,150,0.00102599001714,86.4237496899,1.44008815,9.925,2,11,2,1,1,20260917,setup_sweep
3617,68,2,20,200,0.00136417562633,86.8765668942,1.43707153112,9.9,2,11,2,1,1,20260917,setup_sweep
3618,68,2,25,250,0.00171127403569,87.3366289736,1.43438786531,9.875,2,11,2,1,1,20260917,setup_sweep
3619,68,2,30,300,0.00206632085397,87.8022224801,1.43194982876,9.85,2,11,2,1,1,20260917,setup_sweep
3620,68,2,35,350,0.00242847511466,88.2718662393,1.42968970653,9.825,2,11,2,1,1,20260917,setup_sweep
3621,68,2,40,400,0.00279699894671,88.7442739212,1.4275543293,9.8,2,11,2,1,1,20260917,setup_sweep
3622,68,2,45,450,0.00317124183479,89.2183248125,1.4255015882,9.775,2,11,2,1,1,20260917,setup_sweep
3623,68,2,50,500,0.00355062802528,89.6930402689,1.42349795351,9.75,2,11,2,1,1,20260917,setup_sweep
3624,68,2,55,550,0.0039534002697,90.1987167635,1.40629510374,9.725,2,11,2,1,1,20260917,setup_sweep
3625,68,2,60,600,0.00448042105259,90.9017443644,1.43203634247,9.7,2,11,2,1,1,20260917,setup_sweep
3626,68,2,65,650,0.00490109252257,91.4163321496,1.47294236171,9.675,2,11,2,1,1,20260917,setup_sweep
3627,68,2,70,700,0.00512938604751,91.6049726095,1.47245546544,9.65,2,11,2,1,1,20260917,setup_sweep
3628,68,2,75,750,0.00535759892351,91.7903618082,1.47194988821,9.625,2,11,2,1,1,20260917,setup_sweep
3629,68,2,80,800,0.00558572780433,91.9725479541,1.4714267346,9.6,2,11,2,1,1,20260917,setup_sweep
3630,68,2,85,850,0.00581376955114,92.1515788013,1.47088706898,9.575,2,11,2,1,1,20260917,setup_sweep
3631,68,2,90,900,0.00604261562194,92.3290000666,1.47721543848,9.55,2,11,2,1,1,20260917,setup_sweep
3632,68,2,95,950,0.00629659748495,92.5450766806,1.46211514501,9.525,2,11,2,1,1,20260917,setup_sweep
3633,68,2,100,1000,0.00657599739238,92.7995828217,1.45067484428,9.5,2,11,2,1,1,20260917,setup_sweep
3634,68,2,105,1050,0.00687640449331,93.0845958897,1.44149344,9.475,2,11,2,1,1,20260917,setup_sweep
3635,68,2,110,1100,0.00719450606288,93.3941380775,1.43382750553,9.45,2,11,2,1,1,20260917,setup_sweep
3636,68,2,115,1150,0.00752769494701,93.7234959841,1.42723106116,9.425,2,11,2,1,1,20260917,setup_sweep
3637,68,2,120,1200,0.00787385858042,94.068851247,1.42141449432,9.4,2,11,2,1,1,20260917,setup_sweep
3638,68,2,125,1250,0.00823125085796,94.4270540964,1.41617908444,9.375,2,11,2,1,1,20260917,setup_sweep
3639,68,2,130,1300,0.00864302285912,94.8696186949,1.42985375773,9.35,2,11,2,1,1,20260917,setup_sweep
3640,68,2,135,1350,0.00901135813604,95.232120585,1.49426888574,9.325,2,11,2,1,1,20260917,setup_sweep
3641,68,2,140,1400,0.00918450336644,95.2662754964,1.50791608961,9.3,2,11,2,1,1,20260917,setup_sweep
3642,68,2,145,1450,0.0093278423157,95.2508645916,1.50776612056,9.275,2,11,2,1,1,20260917,setup_sweep
3643,68,2,150,1500,0.00947117695773,95.2357012874,1.50761509882,9.25,2,11,2,1,1,20260917,setup_sweep
3644,68,2,155,1550,0.00961450725067,95.220781422,1.50746304573,9.225,2,11,2,1,1,20260917,setup_sweep
3645,68,2,160,1600,0.00977309247304,95.2314333111,1.49617558491,9.2,2,11,2,1,1,20260917,setup_sweep
3646,68,2,165,1650,0.00998173469092,95.32462382,1.48063966874,9.175,2,11,2,1,1,20260917,setup_sweep
3647,68,2,170,1700,0.0102065316435,95.4429459994,1.46427896305,9.15,2,11,2,1,1,20260917,setup_sweep
3648,68,2,175,1750,0.0104557156668,95.5996102841,1.45190446491,9.125,2,11,2,1,1,20260917,setup_sweep
3649,68,2,180,1800,0.0107252668869,95.7873416714,1.44191971173,9.1,2,11,2,1,1,20260917,setup_sweep
3650,68,2,185,1850,0.0110122094821,96.0007098035,1.43352172208,9.075,2,11,2,1,1,20260917,setup_sweep
3651,68,2,190,1900,0.0113142087231,96.2354331141,1.42624382653,9.05,2,11,2,1,1,20260917,setup_sweep
3652,68,2,195,1950,0.0116293669493,96.4880228852,1.41978909626,9.025,2,11,2,1,1,20260917,setup_sweep
3653,68,2,200,2000,0.01195610507,96.7555744095,1.41395647448,9,2,11,2,1,1,20260917,setup_sweep
3654,68,2,205,2050,0.0123164915793,97.0744449899,1.39432060615,8.975,2,11,2,1,1,20260917,setup_sweep
3655,68,2,210,2100,0.012700236925,97.4265197805,1.39149408176,8.95,2,11,2,1,1,20260917,setup_sweep
3656,68,2,215,2150,0.0131385946777,97.8626061646,1.38972764075,8.925,2,11,2,1,1,20260917,setup_sweep
3657,68,2,220,2200,0.0135220766397,98.2012003342,1.38775457429,8.9,2,11,2,1,1,20260917,setup_sweep
3658,68,2,225,2250,0.0139042591401,98.5320501894,1.38575760472,8.875,2,11,2,1,1,20260917,setup_sweep
3659,68,2,230,2300,0.0142851328174,98.8552682657,1.38374053574,8.85,2,11,2,1,1,20260917,setup_sweep
3660,68,2,235,2350,0.0146646911811,99.1709699837,1.38167809179,8.825,2,11,2,1,1,20260917,setup_sweep
3661,69,2,0,0,0,85,1.03111148197,10,2,11,3,3,1,20260917,setup_sweep
3662,69,2,5,50,0.000272362287263,85.367599661,1.02156761026,9.975,2,11,3,3,1,20260917,setup_sweep
3663,69,2,10,100,0.000572087512882,85.7743373517,1.02435961999,9.95,2,11,3,3,1,20260917,setup_sweep
3664,69,2,15,150,0.000863793404984,86.1610864949,1.0187699761,9.925,2,11,3,3,1,20260917,setup_sweep
3665,69,2,20,200,0.0011735832477,86.571327052,1.0143291681,9.9,2,11,3,3,1,20260917,setup_sweep
3666,69,2,25,250,0.00149888529734,87.0004212842,1.01069111169,9.875,2,11,3,3,1,20260917,setup_sweep
3667,69,2,30,300,0.00183761339049,87.4446103479,1.00763040947,9.85,2,11,3,3,1,20260917,setup_sweep
3668,69,2,35,350,0.00218803885089,87.9007881797,1.00499163716,9.825,2,11,3,3,1,20260917,setup_sweep
3669,69,2,40,400,0.00254870730819,88.3663532934,1.00266315803,9.8,2,11,3,3,1,20260917,setup_sweep
3670,69,2,45,450,0.00291838122488,88.839105488,1.00056235936,9.775,2,11,3,3,1,20260917,setup_sweep
3671,69,2,50,500,0.00329599832193,89.3171705273,0.998626748448,9.75,2,11,3,3,1,20260917,setup_sweep
3672,69,2,55,550,0.00370092715285,89.832645768,0.987986883832,9.725,2,11,3,3,1,20260917,setup_sweep
3673,69,2,60,600,0.00422388154034,90.5338222282,1.02413415285,9.7,2,11,3,3,1,20260917,setup_sweep
3674,69,2,65,650,0.00451665728123,90.8432638581,1.05378812916,9.675,2,11,3,3,1,20260917,setup_sweep
3675,69,2,70,700,0.0046998341884,90.9668052074,1.05355473034,9.65,2,11,3,3,1,20260917,setup_sweep
3676,69,2,75,750,0.00488298338934,91.0882588017,1.0533152855,9.625,2,11,3,3,1,20260917,setup_sweep
3677,69,2,80,800,0.00506610407483,91.207657811,1.0530701379,9.6,2,11,3,3,1,20260917,setup_sweep
3678,69,2,85,850,0.00524919548058,91.3250349314,1.05281961558,9.575,2,11,3,3,1,20260917,setup_sweep
3679,69,2,90,900,0.00544062001393,91.454313142,1.04748652536,9.55,2,11,3,3,1,20260917,setup_sweep
3680,69,2,95,950,0.00567557223403,91.6534238319,1.03146805875,9.525,2,11,3,3,1,20260917,setup_sweep
3681,69,2,100,1000,0.00594613332267,91.9080760239,1.02061698539,9.5,2,11,3,3,1,20260917,setup_sweep
3682,69,2,105,1050,0.00624446489666,92.2044063948,1.01252538724,9.475,2,11,3,3,1,20260917,setup_sweep
3683,69,2,110,1100,0.00656540632873,92.533200011,1.00611154312,9.45,2,11,3,3,1,20260917,setup_sweep
3684,69,2,115,1150,0.00690511955897,92.8875788094,1.00080738863,9.425,2,11,3,3,1,20260917,setup_sweep
3685,69,2,120,1200,0.00726061460847,93.2621794362,0.99627488904,9.4,2,11,3,3,1,20260917,setup_sweep
3686,69,2,125,1250,0.00762949436351,93.6527066811,0.99304898579,9.375,2,11,3,3,1,20260917,setup_sweep
3687,69,2,130,1300,0.00805849662935,94.1359035386,1.02380083406,9.35,2,11,3,3,1,20260917,setup_sweep
3688,69,2,135,1350,0.00831946520373,94.3332805701,1.06141034854,9.325,2,11,3,3,1,20260917,setup_sweep
3689,69,2,140,1400,0.0084686127623,94.3427363349,1.07133569172,9.3,2,11,3,3,1,20260917,setup_sweep
3690,69,2,145,1450,0.00860022940659,94.3232149279,1.07124157972,9.275,2,11,3,3,1,20260917,setup_sweep
3691,69,2,150,1500,0.00873184356662,94.3040120752,1.07114659841,9.25,2,11,3,3,1,20260917,setup_sweep
3692,69,2,155,1550,0.00886345520925,94.2851224568,1.07105076824,9.225,2,11,3,3,1,20260917,setup_sweep
3693,69,2,160,1600,0.00900422109104,94.2817431831,1.06205537363,9.2,2,11,3,3,1,20260917,setup_sweep
3694,69,2,165,1650,0.00918478669703,94.3442350348,1.04925974575,9.175,2,11,3,3,1,20260917,setup_sweep
3695,69,2,170,1700,0.00939303042553,94.4514299965,1.03421041995,9.15,2,11,3,3,1,20260917,setup_sweep
3696,69,2,175,1750,0.00963549351248,94.6133890523,1.02274011823,9.125,2,11,3,3,1,20260917,setup_sweep
3697,69,2,180,1800,0.00990417735596,94.8159985085,1.01409077067,9.1,2,11,3,3,1,20260917,setup_sweep
3698,69,2,185,1850,0.0101945642058,95.0511226143,1.00713964674,9.075,2,11,3,3,1,20260917,setup_sweep
3699,69,2,190,1900,0.0105033017213,95.3126849759,1.00131397884,9.05,2,11,3,3,1,20260917,setup_sweep
3700,69,2,195,1950,0.0108277643913,95.5959103194,0.996278521606,9.025,2,11,3,3,1,20260917,setup_sweep
3701,69,2,200,2000,0.0111658272004,95.8969291759,0.991819218842,9,2,11,3,3,1,20260917,setup_sweep
3702,69,2,205,2050,0.0115403468007,96.253361474,0.97766912889,8.975,2,11,3,3,1,20260917,setup_sweep
3703,69,2,210,2100,0.0120064368785,96.7552182749,1.00064389251,8.95,2,11,3,3,1,20260917,setup_sweep
3704,69,2,215,2150,0.0123089138679,96.9778437636,1.00824023331,8.925,2,11,3,3,1,20260917,setup_sweep
3705,69,2,220,2200,0.0125672954816,97.124291392,1.00755936886,8.9,2,11,3,3,1,20260917,setup_sweep
3706,69,2,225,2250,0.0128254321366,97.2679135739,1.00687864552,8.875,2,11,3,3,1,20260917,setup_sweep
3707,69,2,230,2300,0.0130833242802,97.408757749,1.00619843606,8.85,2,11,3,3,1,20260917,setup_sweep
3708,69,2,235,2350,0.0133409724901,97.5468707895,1.00551471813,8.825,2,11,3,3,1,20260917,setup_sweep
3709,70,2,0,0,0,85,1.4527840829,10,2,12,1,1,1,20260917,setup_sweep
3710,70,2,5,50,0.000411128695659,85.5968959738,1.45371391045,9.975,2,12,1,1,1,20260917,setup_sweep
3711,70,2,10,100,0.000823404274744,86.1858213377,1.47021304289,9.95,2,12,1,1,1,20260917,setup_sweep
3712,70,2,15,150,0.00119549114499,86.6985957732,1.46904905337,9.925,2,12,1,1,1,20260917,setup_sweep
3713,70,2,20,200,0.00157246275172,87.2109669792,1.46797080397,9.9,2,12,1,1,1,20260917,setup_sweep
3714,70,2,25,250,0.00195365825528,87.7218495763,1.46693289214,9.875,2,12,1,1,1,20260917,setup_sweep
3715,70,2,30,300,0.00233851169905,88.2303329166,1.46590017067,9.85,2,12,1,1,1,20260917,setup_sweep
3716,70,2,35,350,0.00272653703701,88.7356534543,1.46484546026,9.825,2,12,1,1,1,20260917,setup_sweep
3717,70,2,40,400,0.00311731587169,89.2371720531,1.46374784751,9.8,2,12,1,1,1,20260917,setup_sweep
3718,70,2,45,450,0.00351048732086,89.7343551843,1.46259139406,9.775,2,12,1,1,1,20260917,setup_sweep
3719,70,2,50,500,0.00390573958036,90.22675924,1.46136414131,9.75,2,12,1,1,1,20260917,setup_sweep
3720,70,2,55,550,0.00433685515922,90.7704850947,1.44493929508,9.725,2,12,1,1,1,20260917,setup_sweep
3721,70,2,60,600,0.00479444587014,91.3488699376,1.44752759527,9.7,2,12,1,1,1,20260917,setup_sweep
3722,70,2,65,650,0.00533937552204,92.0612600202,1.49297380619,9.675,2,12,1,1,1,20260917,setup_sweep
3723,70,2,70,700,0.0056241551293,92.3326037405,1.49222402398,9.65,2,12,1,1,1,20260917,setup_sweep
3724,70,2,75,750,0.00590871294874,92.5990959341,1.4914366506,9.625,2,12,1,1,1,20260917,setup_sweep
3725,70,2,80,800,0.00619303743288,92.8607977054,1.49061405705,9.6,2,12,1,1,1,20260917,setup_sweep
3726,70,2,85,850,0.00647711783028,93.1177704641,1.48975852704,9.575,2,12,1,1,1,20260917,setup_sweep
3727,70,2,90,900,0.00675232912687,93.3558030345,1.49956636682,9.55,2,12,1,1,1,20260917,setup_sweep
3728,70,2,95,950,0.00704381891074,93.616896475,1.48698149447,9.525,2,12,1,1,1,20260917,setup_sweep
3729,70,2,100,1000,0.00735765881028,93.9106044843,1.47729155827,9.5,2,12,1,1,1,20260917,setup_sweep
3730,70,2,105,1050,0.00768937967642,94.2290041155,1.4694581875,9.475,2,12,1,1,1,20260917,setup_sweep
3731,70,2,110,1100,0.00803561372325,94.5661227514,1.46288906317,9.45,2,12,1,1,1,20260917,setup_sweep
3732,70,2,115,1150,0.00839374294992,94.9173252023,1.45721405145,9.425,2,12,1,1,1,20260917,setup_sweep
3733,70,2,120,1200,0.00876169029636,95.2789466261,1.45218719628,9.4,2,12,1,1,1,20260917,setup_sweep
3734,70,2,125,1250,0.0091377841445,95.648052648,1.44763778157,9.375,2,12,1,1,1,20260917,setup_sweep
3735,70,2,130,1300,0.00952066505934,96.0222732166,1.44444762821,9.35,2,12,1,1,1,20260917,setup_sweep
3736,70,2,135,1350,0.00998134863019,96.5182437918,1.51693098665,9.325,2,12,1,1,1,20260917,setup_sweep
3737,70,2,140,1400,0.0101767600904,96.5678454916,1.53800702605,9.3,2,12,1,1,1,20260917,setup_sweep
3738,70,2,145,1450,0.0103315906861,96.5499155458,1.537863001,9.275,2,12,1,1,1,20260917,setup_sweep
3739,70,2,150,1500,0.0104864159507,96.5322731441,1.53771744706,9.25,2,12,1,1,1,20260917,setup_sweep
3740,70,2,155,1550,0.0106412358039,96.5149134013,1.53757039623,9.225,2,12,1,1,1,20260917,setup_sweep
3741,70,2,160,1600,0.0108137002311,96.5271334349,1.52393346214,9.2,2,12,1,1,1,20260917,setup_sweep
3742,70,2,165,1650,0.0110411396891,96.6299855041,1.50879300946,9.175,2,12,1,1,1,20260917,setup_sweep
3743,70,2,170,1700,0.0112847101193,96.7577668445,1.49178168555,9.15,2,12,1,1,1,20260917,setup_sweep
3744,70,2,175,1750,0.0115543031561,96.9264344822,1.47917121457,9.125,2,12,1,1,1,20260917,setup_sweep
3745,70,2,180,1800,0.0118448602991,97.1269555518,1.46916476418,9.1,2,12,1,1,1,20260917,setup_sweep
3746,70,2,185,1850,0.0121526850959,97.3526961496,1.46086428221,9.075,2,12,1,1,1,20260917,setup_sweep
3747,70,2,190,1900,0.0124749292667,97.5985331574,1.45375209051,9.05,2,12,1,1,1,20260917,setup_sweep
3748,70,2,195,1950,0.0128093273182,97.8603909607,1.44750185597,9.025,2,12,1,1,1,20260917,setup_sweep
3749,70,2,200,2000,0.0131540392251,98.134964274,1.44189486177,9,2,12,1,1,1,20260917,setup_sweep
3750,70,2,205,2050,0.0135313861721,98.4590668196,1.4222922012,8.975,2,12,1,1,1,20260917,setup_sweep
3751,70,2,210,2100,0.0139293057503,98.8116763653,1.41849951685,8.95,2,12,1,1,1,20260917,setup_sweep
3752,70,2,215,2150,0.0143747406866,99.2372367149,1.40296707835,8.925,2,12,1,1,1,20260917,setup_sweep
3753,70,2,220,2200,0.0148534940289,99.7105911806,1.398444917,8.9,2,12,1,1,1,20260917,setup_sweep
3754,70,2,225,2250,0.0153357380095,100.18189002,1.39393736176,8.875,2,12,1,1,1,20260917,setup_sweep
3755,70,2,230,2300,0.015820936918,100.650281957,1.38942960123,8.85,2,12,1,1,1,20260917,setup_sweep
3756,70,2,235,2350,0.0163086386867,101.115068008,1.38491105184,8.825,2,12,1,1,1,20260917,setup_sweep
3757,71,2,0,0,0,85,1.42506257913,10,2,12,2,1,1,20260917,setup_sweep
3758,71,2,5,50,0.00036480589375,85.5203420462,1.423996934,9.975,2,12,2,1,1,20260917,setup_sweep
3759,71,2,10,100,0.000735345957964,86.0415593232,1.43790440818,9.95,2,12,2,1,1,20260917,setup_sweep
3760,71,2,15,150,0.00107412550041,86.5016707661,1.43575219676,9.925,2,12,2,1,1,20260917,setup_sweep
3761,71,2,20,200,0.00141981966174,86.9656040066,1.43386516165,9.9,2,12,2,1,1,20260917,setup_sweep
3762,71,2,25,250,0.00177154989327,87.4318440609,1.43216775544,9.875,2,12,2,1,1,20260917,setup_sweep
3763,71,2,30,300,0.00212856123618,87.8991052117,1.43060151009,9.85,2,12,2,1,1,20260917,setup_sweep
3764,71,2,35,350,0.00249020194605,88.3662935508,1.42912076139,9.825,2,12,2,1,1,20260917,setup_sweep
3765,71,2,40,400,0.00285590712974,88.8324767715,1.42768963582,9.8,2,12,2,1,1,20260917,setup_sweep
3766,71,2,45,450,0.00322518566233,89.2968598785,1.42627987815,9.775,2,12,2,1,1,20260917,setup_sweep
3767,71,2,50,500,0.003597609451,89.7587651785,1.40949842915,9.75,2,12,2,1,1,20260917,setup_sweep
3768,71,2,55,550,0.00401964217025,90.2950203379,1.4094279171,9.725,2,12,2,1,1,20260917,setup_sweep
3769,71,2,60,600,0.00449451757701,90.9102903445,1.42298155446,9.7,2,12,2,1,1,20260917,setup_sweep
3770,71,2,65,650,0.00495253558751,91.48639627,1.46792665966,9.675,2,12,2,1,1,20260917,setup_sweep
3771,71,2,70,700,0.00519182374328,91.6920511583,1.46740289621,9.65,2,12,2,1,1,20260917,setup_sweep
3772,71,2,75,750,0.00543101258233,91.8941427041,1.46685702711,9.625,2,12,2,1,1,20260917,setup_sweep
3773,71,2,80,800,0.00567009760769,92.0927223718,1.46629036712,9.6,2,12,2,1,1,20260917,setup_sweep
3774,71,2,85,850,0.00590907460302,92.2878412394,1.46570418129,9.575,2,12,2,1,1,20260917,setup_sweep
3775,71,2,90,900,0.00614662834458,92.4773900701,1.47266726075,9.55,2,12,2,1,1,20260917,setup_sweep
3776,71,2,95,950,0.00640670526514,92.701084855,1.45849735714,9.525,2,12,2,1,1,20260917,setup_sweep
3777,71,2,100,1000,0.00669052273671,92.9603100346,1.44787219133,9.5,2,12,2,1,1,20260917,setup_sweep
3778,71,2,105,1050,0.0069934605227,93.246845042,1.43944418887,9.475,2,12,2,1,1,20260917,setup_sweep
3779,71,2,110,1100,0.00731207925312,93.5545557507,1.43248935941,9.45,2,12,2,1,1,20260917,setup_sweep
3780,71,2,115,1150,0.00764371018794,93.8786825186,1.42657103644,9.425,2,12,2,1,1,20260917,setup_sweep
3781,71,2,120,1200,0.00798622802764,94.2154422189,1.42140528083,9.4,2,12,2,1,1,20260917,setup_sweep
3782,71,2,125,1250,0.008337910053,94.5617794123,1.41679754067,9.375,2,12,2,1,1,20260917,setup_sweep
3783,71,2,130,1300,0.00871997965871,94.9528654401,1.4210588751,9.35,2,12,2,1,1,20260917,setup_sweep
3784,71,2,135,1350,0.00911853877412,95.3638830466,1.48921901405,9.325,2,12,2,1,1,20260917,setup_sweep
3785,71,2,140,1400,0.00929702770761,95.4046666884,1.50534944708,9.3,2,12,2,1,1,20260917,setup_sweep
3786,71,2,145,1450,0.00944288724421,95.3911345413,1.50519077274,9.275,2,12,2,1,1,20260917,setup_sweep
3787,71,2,150,1500,0.00958874178392,95.3778178018,1.50503118083,9.25,2,12,2,1,1,20260917,setup_sweep
3788,71,2,155,1550,0.00973459128733,95.3647128442,1.50487069049,9.225,2,12,2,1,1,20260917,setup_sweep
3789,71,2,160,1600,0.0098959348981,95.3775474573,1.49297153713,9.2,2,12,2,1,1,20260917,setup_sweep
3790,71,2,165,1650,0.0101081177973,95.4741760447,1.47764927466,9.175,2,12,2,1,1,20260917,setup_sweep
3791,71,2,170,1700,0.0103361552247,95.595382399,1.46135949156,9.15,2,12,2,1,1,20260917,setup_sweep
3792,71,2,175,1750,0.0105883264713,95.7544635019,1.44923213443,9.125,2,12,2,1,1,20260917,setup_sweep
3793,71,2,180,1800,0.0108602028025,95.9434766549,1.43958503004,9.1,2,12,2,1,1,20260917,setup_sweep
3794,71,2,185,1850,0.0111485313572,96.1565525837,1.43157611826,9.075,2,12,2,1,1,20260917,setup_sweep
3795,71,2,190,1900,0.0114507870262,96.3891212254,1.42471810939,9.05,2,12,2,1,1,20260917,setup_sweep
3796,71,2,195,1950,0.0117649433832,96.6375119308,1.41870228385,9.025,2,12,2,1,1,20260917,setup_sweep
3797,71,2,200,2000,0.0120893381728,96.8987164107,1.41332054002,9,2,12,2,1,1,20260917,setup_sweep
3798,71,2,205,2050,0.0124447046191,97.2069129498,1.39450884856,8.975,2,12,2,1,1,20260917,setup_sweep
3799,71,2,210,2100,0.0128203325605,97.543376105,1.39079986232,8.95,2,12,2,1,1,20260917,setup_sweep
3800,71,2,215,2150,0.0132425053045,97.9512912936,1.37883595494,8.925,2,12,2,1,1,20260917,setup_sweep
3801,71,2,220,2200,0.0136698053394,98.3608430632,1.37652964148,8.9,2,12,2,1,1,20260917,setup_sweep
3802,71,2,225,2250,0.0140951335655,98.7603663735,1.37418423409,8.875,2,12,2,1,1,20260917,setup_sweep
3803,71,2,230,2300,0.0145184701597,99.1499942294,1.3718057223,8.85,2,12,2,1,1,20260917,setup_sweep
3804,71,2,235,2350,0.0149398013034,99.529867361,1.36936685556,8.825,2,12,2,1,1,20260917,setup_sweep
3805,72,2,0,0,0,85,1.02648721065,10,2,12,3,3,1,20260917,setup_sweep
3806,72,2,5,50,0.00028295735975,85.3851046824,1.01828383902,9.975,2,12,3,3,1,20260917,setup_sweep
3807,72,2,10,100,0.00059011432284,85.8038297482,1.02217665521,9.95,2,12,3,3,1,20260917,setup_sweep
3808,72,2,15,150,0.000886490245093,86.1978064769,1.01714367221,9.925,2,12,3,3,1,20260917,setup_sweep
3809,72,2,20,200,0.00119916137053,86.6121984065,1.01320985495,9.9,2,12,3,3,1,20260917,setup_sweep
3810,72,2,25,250,0.00152548247859,87.0422972949,1.01004146293,9.875,2,12,3,3,1,20260917,setup_sweep
3811,72,2,30,300,0.0018633341302,87.4843413883,1.00742016478,9.85,2,12,3,3,1,20260917,setup_sweep
3812,72,2,35,350,0.0022109862818,87.9352744843,1.00519534749,9.825,2,12,3,3,1,20260917,setup_sweep
3813,72,2,40,400,0.00256700785321,88.3925848734,1.0032591086,9.8,2,12,3,3,1,20260917,setup_sweep
3814,72,2,45,450,0.00293020327908,88.854191515,1.00153198929,9.775,2,12,3,3,1,20260917,setup_sweep
3815,72,2,50,500,0.00329956610884,89.3183602563,0.999954289862,9.75,2,12,3,3,1,20260917,setup_sweep
3816,72,2,55,550,0.00369164458883,89.8125442488,0.988147115949,9.725,2,12,3,3,1,20260917,setup_sweep
3817,72,2,60,600,0.00420467121689,90.4983630115,1.01781522148,9.7,2,12,3,3,1,20260917,setup_sweep
3818,72,2,65,650,0.0045221679961,90.8491757541,1.0512539344,9.675,2,12,3,3,1,20260917,setup_sweep
3819,72,2,70,700,0.00471136016754,90.9825617364,1.05101102279,9.65,2,12,3,3,1,20260917,setup_sweep
3820,72,2,75,750,0.00490052025012,91.1136900017,1.05076104123,9.625,2,12,3,3,1,20260917,setup_sweep
3821,72,2,80,800,0.00508964719635,91.2425961356,1.05050438909,9.6,2,12,3,3,1,20260917,setup_sweep
3822,72,2,85,850,0.00527874001876,91.3693152347,1.05024145018,9.575,2,12,3,3,1,20260917,setup_sweep
3823,72,2,90,900,0.00547596632558,91.5074506751,1.04483568463,9.55,2,12,3,3,1,20260917,setup_sweep
3824,72,2,95,950,0.00571640628191,91.7147503136,1.02927051777,9.525,2,12,3,3,1,20260917,setup_sweep
3825,72,2,100,1000,0.00599115105922,91.9753005844,1.01894077814,9.5,2,12,3,3,1,20260917,setup_sweep
3826,72,2,105,1050,0.00629193651113,92.2745714872,1.01137287846,9.475,2,12,3,3,1,20260917,setup_sweep
3827,72,2,110,1100,0.00661327406961,92.6028553359,1.00547700782,9.45,2,12,3,3,1,20260917,setup_sweep
3828,72,2,115,1150,0.00695114830838,92.9530382049,1.00067991334,9.425,2,12,3,3,1,20260917,setup_sweep
3829,72,2,120,1200,0.00730249383774,93.3196932083,0.996641071694,9.4,2,12,3,3,1,20260917,setup_sweep
3830,72,2,125,1250,0.00766490813885,93.6985783061,0.993141821391,9.375,2,12,3,3,1,20260917,setup_sweep
3831,72,2,130,1300,0.00809320521217,94.1802260799,1.01793352581,9.35,2,12,3,3,1,20260917,setup_sweep
3832,72,2,135,1350,0.00837349031388,94.4087375092,1.0588610856,9.325,2,12,3,3,1,20260917,setup_sweep
3833,72,2,140,1400,0.0085258676373,94.4222709482,1.0700344941,9.3,2,12,3,3,1,20260917,setup_sweep
3834,72,2,145,1450,0.00865923621646,94.4043306426,1.0699360663,9.275,2,12,3,3,1,20260917,setup_sweep
3835,72,2,150,1500,0.00879260197047,94.3866821945,1.06983684586,9.25,2,12,3,3,1,20260917,setup_sweep
3836,72,2,155,1550,0.00892596486668,94.369320726,1.06973685015,9.225,2,12,3,3,1,20260917,setup_sweep
3837,72,2,160,1600,0.00906856139575,94.3675766287,1.06042087564,9.2,2,12,3,3,1,20260917,setup_sweep
3838,72,2,165,1650,0.00925206325428,94.4335056918,1.04748576347,9.175,2,12,3,3,1,20260917,setup_sweep
3839,72,2,170,1700,0.00946365304075,94.5447568866,1.03231140875,9.15,2,12,3,3,1,20260917,setup_sweep
3840,72,2,175,1750,0.00970949020221,94.7107496347,1.02097693909,9.125,2,12,3,3,1,20260917,setup_sweep
3841,72,2,180,1800,0.00998098846276,94.9163998927,1.01257585412,9.1,2,12,3,3,1,20260917,setup_sweep
3842,72,2,185,1850,0.0102731931053,95.152866498,1.0059289732,9.075,2,12,3,3,1,20260917,setup_sweep
3843,72,2,190,1900,0.0105824672032,95.4136310139,1.00043758712,9.05,2,12,3,3,1,20260917,setup_sweep
3844,72,2,195,1950,0.0109060014761,95.6936499835,0.995752863945,9.025,2,12,3,3,1,20260917,setup_sweep
3845,72,2,200,2000,0.0112415581831,95.9889075611,0.99165313718,9,2,12,3,3,1,20260917,setup_sweep
3846,72,2,205,2050,0.0116104916655,96.3345743809,0.978152692985,8.975,2,12,3,3,1,20260917,setup_sweep
3847,72,2,210,2100,0.0120624221043,96.8119920306,0.993785557692,8.95,2,12,3,3,1,20260917,setup_sweep
3848,72,2,215,2150,0.0123915496096,97.0776442793,1.0030931679,8.925,2,12,3,3,1,20260917,setup_sweep
3849,72,2,220,2200,0.0126670066511,97.2506653584,1.00231900953,8.9,2,12,3,3,1,20260917,setup_sweep
3850,72,2,225,2250,0.0129421316132,97.4202777717,1.0015435808,8.875,2,12,3,3,1,20260917,setup_sweep
3851,72,2,230,2300,0.0132169246178,97.5865380614,1.00076743703,8.85,2,12,3,3,1,20260917,setup_sweep
3852,72,2,235,2350,0.0134913860326,97.7495022417,0.999986323654,8.825,2,12,3,3,1,20260917,setup_sweep
3853,73,2,0,0,0,85,1.44684390328,10,3,1,1,1,1,20260917,setup_sweep
3854,73,2,5,50,0.000435930263772,85.6378901555,1.4477748579,9.975,3,1,1,1,1,20260917,setup_sweep
3855,73,2,10,100,0.000838200744308,86.2095095402,1.46241570697,9.95,3,1,1,1,1,20260917,setup_sweep
3856,73,2,15,150,0.0012364551459,86.7651427292,1.46157103495,9.925,3,1,1,1,1,20260917,setup_sweep
3857,73,2,20,200,0.00163928488086,87.3191532037,1.46070884287,9.9,3,1,1,1,1,20260917,setup_sweep
3858,73,2,25,250,0.00204615220436,87.8706791306,1.45980125982,9.875,3,1,1,1,1,20260917,setup_sweep
3859,73,2,30,300,0.00245658667579,88.4189841433,1.45882672106,9.85,3,1,1,1,1,20260917,setup_sweep
3860,73,2,35,350,0.00288116927606,88.981731759,1.44266107885,9.825,3,1,1,1,1,20260917,setup_sweep
3861,73,2,40,400,0.00334909245715,89.6066793676,1.44288004689,9.8,3,1,1,1,1,20260917,setup_sweep
3862,73,2,45,450,0.00388192824724,90.3289613259,1.42880690145,9.775,3,1,1,1,1,20260917,setup_sweep
3863,73,2,50,500,0.00445661253437,91.1081010543,1.42809758222,9.75,3,1,1,1,1,20260917,setup_sweep
3864,73,2,55,550,0.00502827655718,91.8693716193,1.42694263825,9.725,3,1,1,1,1,20260917,setup_sweep
3865,73,2,60,600,0.00559731936866,92.6137278269,1.42537604044,9.7,3,1,1,1,1,20260917,setup_sweep
3866,73,2,65,650,0.00616408817546,93.3420230221,1.42342893002,9.675,3,1,1,1,1,20260917,setup_sweep
3867,73,2,70,700,0.00672888483517,94.0550215035,1.42112992914,9.65,3,1,1,1,1,20260917,setup_sweep
3868,73,2,75,750,0.00722698643215,94.6456408528,1.43254715302,9.625,3,1,1,1,1,20260917,setup_sweep
3869,73,2,80,800,0.00768068458518,95.1534648014,1.43039766081,9.6,3,1,1,1,1,20260917,setup_sweep
3870,73,2,85,850,0.00813354203297,95.6515058601,1.42809074508,9.575,3,1,1,1,1,20260917,setup_sweep
3871,73,2,90,900,0.0085856712197,96.1401115451,1.42563859989,9.55,3,1,1,1,1,20260917,setup_sweep
3872,73,2,95,950,0.0090371696422,96.6195989266,1.42305250302,9.525,3,1,1,1,1,20260917,setup_sweep
3873,73,2,100,1000,0.00948812080107,97.0902567008,1.42117763804,9.5,3,1,1,1,1,20260917,setup_sweep
3874,73,2,105,1050,0.0100549920427,97.7442596838,1.45884748852,9.475,3,1,1,1,1,20260917,setup_sweep
3875,73,2,110,1100,0.0103635229641,97.960928396,1.4574298025,9.45,3,1,1,1,1,20260917,setup_sweep
3876,73,2,115,1150,0.0106714953794,98.1730927593,1.45600760771,9.425,3,1,1,1,1,20260917,setup_sweep
3877,73,2,120,1200,0.0109789091671,98.3808270242,1.45458226076,9.4,3,1,1,1,1,20260917,setup_sweep
3878,73,2,125,1250,0.0112857647758,98.5842051564,1.45315504534,9.375,3,1,1,1,1,20260917,setup_sweep
3879,73,2,130,1300,0.0115920631732,98.7833007574,1.45171646929,9.35,3,1,1,1,1,20260917,setup_sweep
3880,73,2,135,1350,0.0118924758843,98.9693923493,1.45520948855,9.325,3,1,1,1,1,20260917,setup_sweep
3881,73,2,140,1400,0.0121946671949,99.155282987,1.45776543058,9.3,3,1,1,1,1,20260917,setup_sweep
3882,73,2,145,1450,0.0125042841216,99.3504645914,1.44872148396,9.275,3,1,1,1,1,20260917,setup_sweep
3883,73,2,150,1500,0.0128301770522,99.569316264,1.44090054314,9.25,3,1,1,1,1,20260917,setup_sweep
3884,73,2,155,1550,0.0131700000832,99.807570415,1.43396303491,9.225,3,1,1,1,1,20260917,setup_sweep
3885,73,2,160,1600,0.013521831035,100.06173007,1.42768388,9.2,3,1,1,1,1,20260917,setup_sweep
3886,73,2,165,1650,0.0138923452068,100.342657602,1.40769982735,9.175,3,1,1,1,1,20260917,setup_sweep
3887,73,2,170,1700,0.0143031510818,100.685437352,1.40303796826,9.15,3,1,1,1,1,20260917,setup_sweep
3888,73,2,175,1750,0.0147651507128,101.107294434,1.39202514985,9.125,3,1,1,1,1,20260917,setup_sweep
3889,73,2,180,1800,0.0152444168031,101.55059077,1.38680179562,9.1,3,1,1,1,1,20260917,setup_sweep
3890,73,2,185,1850,0.0157287754283,101.994975647,1.38163395171,9.075,3,1,1,1,1,20260917,setup_sweep
3891,73,2,190,1900,0.0162175377688,102.439292784,1.37650225516,9.05,3,1,1,1,1,20260917,setup_sweep
3892,73,2,195,1950,0.0167101108373,102.882563371,1.37139231968,9.025,3,1,1,1,1,20260917,setup_sweep
3893,73,2,200,2000,0.0172059835103,103.323960063,1.3662936141,9,3,1,1,1,1,20260917,setup_sweep
3894,73,2,205,2050,0.0177047147583,103.762785015,1.3611986103,8.975,3,1,1,1,1,20260917,setup_sweep
3895,74,2,0,0,0,85,1.40959838499,10,3,1,2,1,1,20260917,setup_sweep
3896,74,2,5,50,0.000413949096163,85.6015602044,1.41016516872,9.975,3,1,2,1,1,20260917,setup_sweep
3897,74,2,10,100,0.000796941824412,86.1419228275,1.42403610925,9.95,3,1,2,1,1,20260917,setup_sweep
3898,74,2,15,150,0.0011764323694,86.6676591494,1.42313632476,9.925,3,1,2,1,1,20260917,setup_sweep
3899,74,2,20,200,0.00156050473882,87.1922777623,1.42223299365,9.9,3,1,2,1,1,20260917,setup_sweep
3900,74,2,25,250,0.00194867141529,87.714991477,1.42130136211,9.875,3,1,2,1,1,20260917,setup_sweep
3901,74,2,30,300,0.00234050073915,88.2351184225,1.42032193985,9.85,3,1,2,1,1,20260917,setup_sweep
3902,74,2,35,350,0.00274552588047,88.7685678466,1.40475447283,9.825,3,1,2,1,1,20260917,setup_sweep
3903,74,2,40,400,0.00319049008249,89.3590939063,1.40482122194,9.8,3,1,2,1,1,20260917,setup_sweep
3904,74,2,45,450,0.00370328607059,90.0523570879,1.38819849922,9.775,3,1,2,1,1,20260917,setup_sweep
3905,74,2,50,500,0.00426044561743,90.807105889,1.38749762499,9.75,3,1,2,1,1,20260917,setup_sweep
3906,74,2,55,550,0.00481586442188,91.5465030767,1.38640784961,9.725,3,1,2,1,1,20260917,setup_sweep
3907,74,2,60,600,0.00536974838713,92.2711426649,1.38495492566,9.7,3,1,2,1,1,20260917,setup_sweep
3908,74,2,65,650,0.00592228012684,92.9815703604,1.38316298589,9.675,3,1,2,1,1,20260917,setup_sweep
3909,74,2,70,700,0.00647362128678,93.6782881984,1.38105467223,9.65,3,1,2,1,1,20260917,setup_sweep
3910,74,2,75,750,0.0069562838051,94.2496025495,1.395171989,9.625,3,1,2,1,1,20260917,setup_sweep
3911,74,2,80,800,0.00739321974077,94.7362677529,1.39323022361,9.6,3,1,2,1,1,20260917,setup_sweep
3912,74,2,85,850,0.00782966065484,95.2140710288,1.39115278445,9.575,3,1,2,1,1,20260917,setup_sweep
3913,74,2,90,900,0.00826566646317,95.6832578694,1.38894917917,9.55,3,1,2,1,1,20260917,setup_sweep
3914,74,2,95,950,0.00870129014716,96.1440582462,1.38662834224,9.525,3,1,2,1,1,20260917,setup_sweep
3915,74,2,100,1000,0.00919552041156,96.6946711648,1.39694907704,9.5,3,1,2,1,1,20260917,setup_sweep
3916,74,2,105,1050,0.00967977872008,97.2185643989,1.43959723128,9.475,3,1,2,1,1,20260917,setup_sweep
3917,74,2,110,1100,0.0099304925574,97.3483596163,1.43869390294,9.45,3,1,2,1,1,20260917,setup_sweep
3918,74,2,115,1150,0.0101809936418,97.4756578593,1.43779232907,9.425,3,1,2,1,1,20260917,setup_sweep
3919,74,2,120,1200,0.0104312827126,97.6005016214,1.43689289271,9.4,3,1,2,1,1,20260917,setup_sweep
3920,74,2,125,1250,0.0106813605967,97.7229328387,1.435995953,9.375,3,1,2,1,1,20260917,setup_sweep
3921,74,2,130,1300,0.0109312282069,97.8429928959,1.43509644756,9.35,3,1,2,1,1,20260917,setup_sweep
3922,74,2,135,1350,0.0111867197932,97.9704123966,1.43555887799,9.325,3,1,2,1,1,20260917,setup_sweep
3923,74,2,140,1400,0.0114524915382,98.1126410546,1.43542864276,9.3,3,1,2,1,1,20260917,setup_sweep
3924,74,2,145,1450,0.0117292032824,98.2706708241,1.42561433109,9.275,3,1,2,1,1,20260917,setup_sweep
3925,74,2,150,1500,0.0120231814632,98.4546215677,1.41731403047,9.25,3,1,2,1,1,20260917,setup_sweep
3926,74,2,155,1550,0.0123320131853,98.6600778597,1.41008419379,9.225,3,1,2,1,1,20260917,setup_sweep
3927,74,2,160,1600,0.0126537382262,98.8834451239,1.40364214673,9.2,3,1,2,1,1,20260917,setup_sweep
3928,74,2,165,1650,0.0129941375284,99.1340647823,1.38428376031,9.175,3,1,2,1,1,20260917,setup_sweep
3929,74,2,170,1700,0.0133728300698,99.4437462006,1.37948923703,9.15,3,1,2,1,1,20260917,setup_sweep
3930,74,2,175,1750,0.0138014370372,99.8309294319,1.36746247853,9.125,3,1,2,1,1,20260917,setup_sweep
3931,74,2,180,1800,0.0142486699539,100.242380622,1.36236547574,9.1,3,1,2,1,1,20260917,setup_sweep
3932,74,2,185,1850,0.0147029752392,100.658718665,1.35738489438,9.075,3,1,2,1,1,20260917,setup_sweep
3933,74,2,190,1900,0.0151634825423,101.078424492,1.35248884171,9.05,3,1,2,1,1,20260917,setup_sweep
3934,74,2,195,1950,0.0156294333169,101.500188899,1.34765289215,9.025,3,1,2,1,1,20260917,setup_sweep
3935,74,2,200,2000,0.0161001653144,101.922883457,1.34285837441,9,3,1,2,1,1,20260917,setup_sweep
3936,74,2,205,2050,0.0165750995225,102.345535939,1.33809109902,8.975,3,1,2,1,1,20260917,setup_sweep
3937,75,2,0,0,0,85,0.985244788026,10,3,1,3,3,1,20260917,setup_sweep
3938,75,2,5,50,0.000429788547336,85.6277408704,0.985661972406,9.975,3,1,3,3,1,20260917,setup_sweep
3939,75,2,10,100,0.000827301918844,86.1916682048,0.995411797311,9.95,3,1,3,3,1,20260917,setup_sweep
3940,75,2,15,150,0.00122154440649,86.7409664063,0.99469813809,9.925,3,1,3,3,1,20260917,setup_sweep
3941,75,2,20,200,0.00162088369165,87.2896083444,0.99399722445,9.9,3,1,3,3,1,20260917,setup_sweep
3942,75,2,25,250,0.00202471438583,87.8366044309,0.982857120106,9.875,3,1,3,3,1,20260917,setup_sweep
3943,75,2,30,300,0.00248020842735,88.4599396879,0.983108807576,9.85,3,1,3,3,1,20260917,setup_sweep
3944,75,2,35,350,0.00293464711469,89.0712281039,0.98315427644,9.825,3,1,3,3,1,20260917,setup_sweep
3945,75,2,40,400,0.00347603676535,89.8167599686,0.999652735629,9.8,3,1,3,3,1,20260917,setup_sweep
3946,75,2,45,450,0.00388696007975,90.3331050901,1.00773089537,9.775,3,1,3,3,1,20260917,setup_sweep
3947,75,2,50,500,0.0042301242945,90.7295139244,1.00734457972,9.75,3,1,3,3,1,20260917,setup_sweep
3948,75,2,55,550,0.00457302943739,91.1189423839,1.00689719688,9.725,3,1,3,3,1,20260917,setup_sweep
3949,75,2,60,600,0.00491562927585,91.5014294346,1.0063921621,9.7,3,1,3,3,1,20260917,setup_sweep
3950,75,2,65,650,0.00525788037934,91.8770180294,1.00583280349,9.675,3,1,3,3,1,20260917,setup_sweep
3951,75,2,70,700,0.00559974207403,92.2457549681,1.00522236083,9.65,3,1,3,3,1,20260917,setup_sweep
3952,75,2,75,750,0.00592912675286,92.5877182154,1.00779560773,9.625,3,1,3,3,1,20260917,setup_sweep
3953,75,2,80,800,0.00626590873579,92.9363527419,1.00221684453,9.6,3,1,3,3,1,20260917,setup_sweep
3954,75,2,85,850,0.00661909180533,93.3063268447,0.997525393431,9.575,3,1,3,3,1,20260917,setup_sweep
3955,75,2,90,900,0.00698598981915,93.6928493413,0.99346143776,9.55,3,1,3,3,1,20260917,setup_sweep
3956,75,2,95,950,0.00736443884742,94.0920710381,0.989851796781,9.525,3,1,3,3,1,20260917,setup_sweep
3957,75,2,100,1000,0.00780839956457,94.5933646084,1.00498698269,9.5,3,1,3,3,1,20260917,setup_sweep
3958,75,2,105,1050,0.008148460762,94.9137687251,1.03914877482,9.475,3,1,3,3,1,20260917,setup_sweep
3959,75,2,110,1100,0.00834458048934,94.9914230761,1.03878248835,9.45,3,1,3,3,1,20260917,setup_sweep
3960,75,2,115,1150,0.00854064085231,95.0676957931,1.03841678178,9.425,3,1,3,3,1,20260917,setup_sweep
3961,75,2,120,1200,0.00873664198256,95.1426099303,1.03805174426,9.4,3,1,3,3,1,20260917,setup_sweep
3962,75,2,125,1250,0.00893258402694,95.2161881856,1.03768746058,9.375,3,1,3,3,1,20260917,setup_sweep
3963,75,2,130,1300,0.00912846714866,95.2884529091,1.03732289662,9.35,3,1,3,3,1,20260917,setup_sweep
3964,75,2,135,1350,0.00934537765265,95.3943920587,1.02645160445,9.325,3,1,3,3,1,20260917,setup_sweep
3965,75,2,140,1400,0.00959195781835,95.5475116569,1.02154789636,9.3,3,1,3,3,1,20260917,setup_sweep
3966,75,2,145,1450,0.00985909167058,95.7321233837,1.01219846947,9.275,3,1,3,3,1,20260917,setup_sweep
3967,75,2,150,1500,0.010149373844,95.9519348391,1.00481123087,9.25,3,1,3,3,1,20260917,setup_sweep
3968,75,2,155,1550,0.0104589711211,96.2000308603,0.99869202258,9.225,3,1,3,3,1,20260917,setup_sweep
3969,75,2,160,1600,0.0107849270442,96.4710588991,0.993448382144,9.2,3,1,3,3,1,20260917,setup_sweep
3970,75,2,165,1650,0.0111325169843,96.7734447593,0.979216262797,9.175,3,1,3,3,1,20260917,setup_sweep
3971,75,2,170,1700,0.0115213417449,97.138894591,0.975628204681,9.15,3,1,3,3,1,20260917,setup_sweep
3972,75,2,175,1750,0.0119593029629,97.5796318089,0.968071848779,9.125,3,1,3,3,1,20260917,setup_sweep
3973,75,2,180,1800,0.0124166844604,98.0450704866,0.964500597321,9.1,3,1,3,3,1,20260917,setup_sweep
3974,75,2,185,1850,0.0128822100373,98.516274442,0.961039006727,9.075,3,1,3,3,1,20260917,setup_sweep
3975,75,2,190,1900,0.013354755223,98.9912901859,0.957652226414,9.05,3,1,3,3,1,20260917,setup_sweep
3976,75,2,195,1950,0.0138333575759,99.4684642658,0.954314057923,9.025,3,1,3,3,1,20260917,setup_sweep
3977,75,2,200,2000,0.0143171915608,99.9463967955,0.951004805798,9,3,1,3,3,1,20260917,setup_sweep
3978,75,2,205,2050,0.0148055477113,100.423902829,0.947709729683,8.975,3,1,3,3,1,20260917,setup_sweep
3979,76,2,0,0,0,85,1.451501558,10,3,2,1,1,1,20260917,setup_sweep
3980,76,2,5,50,0.000419567592089,85.6108446706,1.45241189236,9.975,3,2,1,1,1,20260917,setup_sweep
3981,76,2,10,100,0.000807893066088,86.1598688531,1.46630349003,9.95,3,2,1,1,1,20260917,setup_sweep
3982,76,2,15,150,0.00119276821023,86.6942084024,1.46541245418,9.925,3,2,1,1,1,20260917,setup_sweep
3983,76,2,20,200,0.00158214322079,87.2271524434,1.46452984051,9.9,3,2,1,1,1,20260917,setup_sweep
3984,76,2,25,250,0.00197547633399,87.7578287487,1.46362543035,9.875,3,2,1,1,1,20260917,setup_sweep
3985,76,2,30,300,0.0023722946387,88.2854932877,1.46267566019,9.85,3,2,1,1,1,20260917,setup_sweep
3986,76,2,35,350,0.00278260598182,88.8268525033,1.44723256867,9.825,3,2,1,1,1,20260917,setup_sweep
3987,76,2,40,400,0.00323375968103,89.4266419059,1.44761528882,9.8,3,2,1,1,1,20260917,setup_sweep
3988,76,2,45,450,0.00374607240359,90.1179581746,1.43338118278,9.775,3,2,1,1,1,20260917,setup_sweep
3989,76,2,50,500,0.00429765356359,90.8623988609,1.43289308603,9.75,3,2,1,1,1,20260917,setup_sweep
3990,76,2,55,550,0.0048460093545,91.5892050074,1.43198027247,9.725,3,2,1,1,1,20260917,setup_sweep
3991,76,2,60,600,0.0053915826592,92.2993999657,1.4306765345,9.7,3,2,1,1,1,20260917,setup_sweep
3992,76,2,65,650,0.00593475604428,92.9938904981,1.4290125868,9.675,3,2,1,1,1,20260917,setup_sweep
3993,76,2,70,700,0.00647585986819,93.6734821036,1.42701643176,9.65,3,2,1,1,1,20260917,setup_sweep
3994,76,2,75,750,0.00695379314354,94.2370921189,1.43906445363,9.625,3,2,1,1,1,20260917,setup_sweep
3995,76,2,80,800,0.00738966987041,94.7222124594,1.43716291409,9.6,3,2,1,1,1,20260917,setup_sweep
3996,76,2,85,850,0.00782466674304,95.197860483,1.43511047395,9.575,3,2,1,1,1,20260917,setup_sweep
3997,76,2,90,900,0.00825890551032,95.6643939474,1.43291912756,9.55,3,2,1,1,1,20260917,setup_sweep
3998,76,2,95,950,0.00869249123924,96.1221371291,1.4305998951,9.525,3,2,1,1,1,20260917,setup_sweep
3999,76,2,100,1000,0.00912551420789,96.5713845046,1.42849783856,9.5,3,2,1,1,1,20260917,setup_sweep
4000,76,2,105,1050,0.0096682747365,97.1942149983,1.46605386455,9.475,3,2,1,1,1,20260917,setup_sweep
4001,76,2,110,1100,0.00996548423854,97.4012626183,1.46476512997,9.45,3,2,1,1,1,20260917,setup_sweep
4002,76,2,115,1150,0.0102621936152,97.6040614061,1.46347132567,9.425,3,2,1,1,1,20260917,setup_sweep
4003,76,2,120,1200,0.0105584024035,97.8026808244,1.46217368812,9.4,3,2,1,1,1,20260917,setup_sweep
4004,76,2,125,1250,0.0108541106527,97.9971900348,1.46087338834,9.375,3,2,1,1,1,20260917,setup_sweep
4005,76,2,130,1300,0.0111493188845,98.1876578364,1.45956364817,9.35,3,2,1,1,1,20260917,setup_sweep
4006,76,2,135,1350,0.0114391622119,98.3661251053,1.46391948256,9.325,3,2,1,1,1,20260917,setup_sweep
4007,76,2,140,1400,0.0117316094368,98.5458877889,1.46580344111,9.3,3,2,1,1,1,20260917,setup_sweep
4008,76,2,145,1450,0.0120318611972,98.7356613971,1.45680191263,9.275,3,2,1,1,1,20260917,setup_sweep
4009,76,2,150,1500,0.0123479048478,98.9483944584,1.44905540785,9.25,3,2,1,1,1,20260917,setup_sweep
4010,76,2,155,1550,0.0126774601925,99.1799396888,1.44221952441,9.225,3,2,1,1,1,20260917,setup_sweep
4011,76,2,160,1600,0.0130186540429,99.4268908163,1.43606518551,9.2,3,2,1,1,1,20260917,setup_sweep
4012,76,2,165,1650,0.0133776205207,99.6992175745,1.41688319593,9.175,3,2,1,1,1,20260917,setup_sweep
4013,76,2,170,1700,0.0137741963524,100.029111394,1.41251110181,9.15,3,2,1,1,1,20260917,setup_sweep
4014,76,2,175,1750,0.0142194493113,100.434129926,1.40162458935,9.125,3,2,1,1,1,20260917,setup_sweep
4015,76,2,180,1800,0.014680960581,100.859205533,1.39677698496,9.1,3,2,1,1,1,20260917,setup_sweep
4016,76,2,185,1850,0.0151471229837,101.284941368,1.39199252071,9.075,3,2,1,1,1,20260917,setup_sweep
4017,76,2,190,1900,0.0156172899486,101.71025805,1.38725119702,9.05,3,2,1,1,1,20260917,setup_sweep
4018,76,2,195,1950,0.0160909066906,102.134245715,1.38253796229,9.025,3,2,1,1,1,20260917,setup_sweep
4019,76,2,200,2000,0.0165674967157,102.556138912,1.3778416117,9,3,2,1,1,1,20260917,setup_sweep
4020,76,2,205,2050,0.0170466504366,102.975295408,1.37315394851,8.975,3,2,1,1,1,20260917,setup_sweep
4021,77,2,0,0,0,85,1.41410802998,10,3,2,2,1,1,20260917,setup_sweep
4022,77,2,5,50,0.000398471380442,85.5759773808,1.41465409667,9.975,3,2,2,1,1,20260917,setup_sweep
4023,77,2,10,100,0.000768298575988,86.0950086809,1.4277889186,9.95,3,2,2,1,1,20260917,setup_sweep
4024,77,2,15,150,0.00113513272425,86.600601006,1.42685240637,9.925,3,2,2,1,1,20260917,setup_sweep
4025,77,2,20,200,0.00150644193423,87.1052321108,1.42593366239,9.9,3,2,2,1,1,20260917,setup_sweep
4026,77,2,25,250,0.00188173946699,87.6081135076,1.42500631942,9.875,3,2,2,1,1,20260917,setup_sweep
4027,77,2,30,300,0.00226059503686,88.1085630328,1.42404947989,9.85,3,2,2,1,1,20260917,setup_sweep
4028,77,2,35,350,0.00265200746535,88.6215982563,1.40919758334,9.825,3,2,2,1,1,20260917,setup_sweep
4029,77,2,40,400,0.00308101205919,89.1881740255,1.40940104009,9.8,3,2,2,1,1,20260917,setup_sweep
4030,77,2,45,450,0.0035741139427,89.8516910069,1.39249206768,9.775,3,2,2,1,1,20260917,setup_sweep
4031,77,2,50,500,0.00410898757311,90.5729205839,1.39198656554,9.75,3,2,2,1,1,20260917,setup_sweep
4032,77,2,55,550,0.00464188532045,91.2789640055,1.39111331032,9.725,3,2,2,1,1,20260917,setup_sweep
4033,77,2,60,600,0.00517304966282,91.9704729907,1.38989765215,9.7,3,2,2,1,1,20260917,setup_sweep
4034,77,2,65,650,0.00570269424043,92.6480408288,1.38836315264,9.675,3,2,2,1,1,20260917,setup_sweep
4035,77,2,70,700,0.00623100701762,93.3122085711,1.38653174896,9.65,3,2,2,1,1,20260917,setup_sweep
4036,77,2,75,750,0.00669419123131,93.8573988545,1.40134785322,9.625,3,2,2,1,1,20260917,setup_sweep
4037,77,2,80,800,0.00711401312631,94.3222594387,1.39963095213,9.6,3,2,2,1,1,20260917,setup_sweep
4038,77,2,85,850,0.00753327515543,94.7785113398,1.39778470214,9.575,3,2,2,1,1,20260917,setup_sweep
4039,77,2,90,900,0.00795204733669,95.226412558,1.39581836984,9.55,3,2,2,1,1,20260917,setup_sweep
4040,77,2,95,950,0.00837039104013,95.6662025341,1.3937406071,9.525,3,2,2,1,1,20260917,setup_sweep
4041,77,2,100,1000,0.00883992805855,96.1838612323,1.40243173015,9.5,3,2,2,1,1,20260917,setup_sweep
4042,77,2,105,1050,0.00930970065083,96.6922619319,1.44660620873,9.475,3,2,2,1,1,20260917,setup_sweep
4043,77,2,110,1100,0.0095509321014,96.8150832196,1.44578289277,9.45,3,2,2,1,1,20260917,setup_sweep
4044,77,2,115,1150,0.00979197904433,96.9355694868,1.44496078363,9.425,3,2,2,1,1,20260917,setup_sweep
4045,77,2,120,1200,0.0100328420223,97.0537602251,1.44414022704,9.4,3,2,2,1,1,20260917,setup_sweep
4046,77,2,125,1250,0.0102735216522,97.1696943962,1.44332154623,9.375,3,2,2,1,1,20260917,setup_sweep
4047,77,2,130,1300,0.0105140186309,97.2834104495,1.44250102611,9.35,3,2,2,1,1,20260917,setup_sweep
4048,77,2,135,1350,0.0107604111919,97.4050391504,1.44358786291,9.325,3,2,2,1,1,20260917,setup_sweep
4049,77,2,140,1400,0.0110175835837,97.5424044592,1.44273788898,9.3,3,2,2,1,1,20260917,setup_sweep
4050,77,2,145,1450,0.011285891614,97.6959680125,1.43293391853,9.275,3,2,2,1,1,20260917,setup_sweep
4051,77,2,150,1500,0.0115709315846,97.8746431128,1.42467421562,9.25,3,2,2,1,1,20260917,setup_sweep
4052,77,2,155,1550,0.0118703676921,98.0741550822,1.4175107852,9.225,3,2,2,1,1,20260917,setup_sweep
4053,77,2,160,1600,0.0121822973448,98.2910156179,1.41115742679,9.2,3,2,2,1,1,20260917,setup_sweep
4054,77,2,165,1650,0.0125119953911,98.5337328382,1.39257902803,9.175,3,2,2,1,1,20260917,setup_sweep
4055,77,2,170,1700,0.012877414855,98.8313975529,1.38800872627,9.15,3,2,2,1,1,20260917,setup_sweep
4056,77,2,175,1750,0.0132904104852,99.202892374,1.37598105928,9.125,3,2,2,1,1,20260917,setup_sweep
4057,77,2,180,1800,0.013721061713,99.597315938,1.37119121584,9.1,3,2,2,1,1,20260917,setup_sweep
4058,77,2,185,1850,0.014158330447,99.996156059,1.36652959253,9.075,3,2,2,1,1,20260917,setup_sweep
4059,77,2,190,1900,0.014601382241,100.397960778,1.36196326528,9.05,3,2,2,1,1,20260917,setup_sweep
4060,77,2,195,1950,0.0150494914655,100.801481956,1.35746682564,9.025,3,2,2,1,1,20260917,setup_sweep
4061,77,2,200,2000,0.0155020262186,101.205646972,1.35302066948,9,3,2,2,1,1,20260917,setup_sweep
4062,77,2,205,2050,0.0159584355703,101.609534744,1.34860972336,8.975,3,2,2,1,1,20260917,setup_sweep
4063,78,2,0,0,0,85,0.988397547904,10,3,2,3,3,1,20260917,setup_sweep
4064,78,2,5,50,0.000413748415534,85.6012284523,0.988797739423,9.975,3,2,3,3,1,20260917,setup_sweep
4065,78,2,10,100,0.000797592311584,86.1430070665,0.998033825786,9.95,3,2,3,3,1,20260917,setup_sweep
4066,78,2,15,150,0.00117870350732,86.6714052446,0.997288068826,9.925,3,2,3,3,1,20260917,setup_sweep
4067,78,2,20,200,0.00156481696419,87.1993363448,0.996572774836,9.9,3,2,3,3,1,20260917,setup_sweep
4068,78,2,25,250,0.00195532494665,87.7258037755,0.985888417258,9.875,3,2,3,3,1,20260917,setup_sweep
4069,78,2,30,300,0.00239465432255,88.324251909,0.98621986323,9.85,3,2,3,3,1,20260917,setup_sweep
4070,78,2,35,350,0.00283265463833,88.9106122547,0.986350628114,9.825,3,2,3,3,1,20260917,setup_sweep
4071,78,2,40,400,0.00335254645676,89.6232621657,1.00228186581,9.8,3,2,3,3,1,20260917,setup_sweep
4072,78,2,45,450,0.00374785425359,90.1170072958,1.01112502812,9.775,3,2,3,3,1,20260917,setup_sweep
4073,78,2,50,500,0.00407684852073,90.4935671337,1.01079070141,9.75,3,2,3,3,1,20260917,setup_sweep
4074,78,2,55,550,0.00440562449206,90.8635420793,1.01040075854,9.725,3,2,3,3,1,20260917,setup_sweep
4075,78,2,60,600,0.00473414062678,91.226972316,1.00995824826,9.7,3,2,3,3,1,20260917,setup_sweep
4076,78,2,65,650,0.00506235784923,91.5839014373,1.00946613936,9.675,3,2,3,3,1,20260917,setup_sweep
4077,78,2,70,700,0.00539023950315,91.934376315,1.008927319,9.65,3,2,3,3,1,20260917,setup_sweep
4078,78,2,75,750,0.00570652148041,92.2598336429,1.01180521057,9.625,3,2,3,3,1,20260917,setup_sweep
4079,78,2,80,800,0.00603036610154,92.5925030555,1.00621497617,9.6,3,2,3,3,1,20260917,setup_sweep
4080,78,2,85,850,0.00637018981774,92.9460785514,1.0015503016,9.575,3,2,3,3,1,20260917,setup_sweep
4081,78,2,90,900,0.00672335293524,93.315852857,0.997542503448,9.55,3,2,3,3,1,20260917,setup_sweep
4082,78,2,95,950,0.00708772726598,93.6980416138,0.994012550124,9.525,3,2,3,3,1,20260917,setup_sweep
4083,78,2,100,1000,0.00751499230115,94.1782527069,1.00864751878,9.5,3,2,3,3,1,20260917,setup_sweep
4084,78,2,105,1050,0.00784336397431,94.4862098842,1.04332074833,9.475,3,2,3,3,1,20260917,setup_sweep
4085,78,2,110,1100,0.0080326306301,94.55960405,1.04298337017,9.45,3,2,3,3,1,20260917,setup_sweep
4086,78,2,115,1150,0.00822184686291,94.6317017753,1.04264638741,9.425,3,2,3,3,1,20260917,setup_sweep
4087,78,2,120,1200,0.00841101276021,94.7025246329,1.04230988181,9.4,3,2,3,3,1,20260917,setup_sweep
4088,78,2,125,1250,0.00860012842515,94.7720938651,1.04197393167,9.375,3,2,3,3,1,20260917,setup_sweep
4089,78,2,130,1300,0.00878919397117,94.84043038,1.04163775819,9.35,3,2,3,3,1,20260917,setup_sweep
4090,78,2,135,1350,0.00899741317239,94.9394010351,1.0315546174,9.325,3,2,3,3,1,20260917,setup_sweep
4091,78,2,140,1400,0.00923528251259,95.0856480149,1.02595447837,9.3,3,2,3,3,1,20260917,setup_sweep
4092,78,2,145,1450,0.00949375155058,95.2635705089,1.016532289,9.275,3,2,3,3,1,20260917,setup_sweep
4093,78,2,150,1500,0.00977476032563,95.4757976757,1.00912083975,9.25,3,2,3,3,1,20260917,setup_sweep
4094,78,2,155,1550,0.0100745830882,95.7156066901,1.00301167352,9.225,3,2,3,3,1,20260917,setup_sweep
4095,78,2,160,1600,0.0103903392019,95.9777818841,0.997804551512,9.2,3,2,3,3,1,20260917,setup_sweep
4096,78,2,165,1650,0.0107267930398,96.2699075255,0.984113308338,9.175,3,2,3,3,1,20260917,setup_sweep
4097,78,2,170,1700,0.0111018340986,96.6208967581,0.980668609977,9.15,3,2,3,3,1,20260917,setup_sweep
4098,78,2,175,1750,0.0115237161717,97.0436129913,0.973143266593,9.125,3,2,3,3,1,20260917,setup_sweep
4099,78,2,180,1800,0.011964049992,97.4897328804,0.969773466117,9.1,3,2,3,3,1,20260917,setup_sweep
4100,78,2,185,1850,0.012412063327,97.941169589,0.966524879661,9.075,3,2,3,3,1,20260917,setup_sweep
4101,78,2,190,1900,0.0128666698883,98.3960401417,0.963361501593,9.05,3,2,3,3,1,20260917,setup_sweep
4102,78,2,195,1950,0.01332694224,98.8527551864,0.960256096009,9.025,3,2,3,3,1,20260917,setup_sweep
4103,78,2,200,2000,0.0137920871296,99.3099733772,0.957188027601,9,3,2,3,3,1,20260917,setup_sweep
4104,78,2,205,2050,0.0142614250722,99.7665635384,0.954141699551,8.975,3,2,3,3,1,20260917,setup_sweep
4105,79,2,0,0,0,85,1.45476296695,10,3,3,1,1,1,20260917,setup_sweep
4106,79,2,5,50,0.000400884740342,85.5799636447,1.45573240671,9.975,3,3,1,1,1,20260917,setup_sweep
4107,79,2,10,100,0.00076801241325,86.0944549246,1.47221638077,9.95,3,3,1,1,1,20260917,setup_sweep
4108,79,2,15,150,0.00113090459044,86.5935404295,1.47128340081,9.925,3,3,1,1,1,20260917,setup_sweep
4109,79,2,20,200,0.00149800807468,87.0913360965,1.47041130121,9.9,3,3,1,1,1,20260917,setup_sweep
4110,79,2,25,250,0.00186875174866,87.5869194661,1.46956187101,9.875,3,3,1,1,1,20260917,setup_sweep
4111,79,2,30,300,0.00224264589793,88.0795178419,1.46870542595,9.85,3,3,1,1,1,20260917,setup_sweep
4112,79,2,35,350,0.00263058533551,88.5873131385,1.45066556255,9.825,3,3,1,1,1,20260917,setup_sweep
4113,79,2,40,400,0.00306220466775,89.1587722169,1.45139121524,9.8,3,3,1,1,1,20260917,setup_sweep
4114,79,2,45,450,0.00354674170928,89.8085643647,1.43812443553,9.775,3,3,1,1,1,20260917,setup_sweep
4115,79,2,50,500,0.00406481700111,90.5027369314,1.43801704001,9.75,3,3,1,1,1,20260917,setup_sweep
4116,79,2,55,550,0.00457902207536,91.1790403639,1.43749597346,9.725,3,3,1,1,1,20260917,setup_sweep
4117,79,2,60,600,0.00508995723935,91.8387620122,1.43659882367,9.7,3,3,1,1,1,20260917,setup_sweep
4118,79,2,65,650,0.0055981301915,92.4830149133,1.43535898375,9.675,3,3,1,1,1,20260917,setup_sweep
4119,79,2,70,700,0.0061039702128,93.1127641234,1.43380622104,9.65,3,3,1,1,1,20260917,setup_sweep
4120,79,2,75,750,0.00655414564344,93.6398043317,1.44560238259,9.625,3,3,1,1,1,20260917,setup_sweep
4121,79,2,80,800,0.00696727164144,94.097193108,1.44403269617,9.6,3,3,1,1,1,20260917,setup_sweep
4122,79,2,85,850,0.00737943650381,94.5454336544,1.44231488907,9.575,3,3,1,1,1,20260917,setup_sweep
4123,79,2,90,900,0.0077907903734,94.9849252868,1.44046180508,9.55,3,3,1,1,1,20260917,setup_sweep
4124,79,2,95,950,0.00820146013622,95.4160222888,1.43848501501,9.525,3,3,1,1,1,20260917,setup_sweep
4125,79,2,100,1000,0.00861155275224,95.8390401595,1.4372657296,9.5,3,3,1,1,1,20260917,setup_sweep
4126,79,2,105,1050,0.00912037562027,96.4180164598,1.47835149903,9.475,3,3,1,1,1,20260917,setup_sweep
4127,79,2,110,1100,0.00939560260787,96.601560026,1.47724460934,9.45,3,3,1,1,1,20260917,setup_sweep
4128,79,2,115,1150,0.00967051688165,96.7815530112,1.4761327067,9.425,3,3,1,1,1,20260917,setup_sweep
4129,79,2,120,1200,0.00994511756286,96.9580526494,1.47501674405,9.4,3,3,1,1,1,20260917,setup_sweep
4130,79,2,125,1250,0.0102194040665,97.1311157145,1.4738976275,9.375,3,3,1,1,1,20260917,setup_sweep
4131,79,2,130,1300,0.0104933760758,97.3007984847,1.47276605511,9.35,3,3,1,1,1,20260917,setup_sweep
4132,79,2,135,1350,0.010767858512,97.4685528037,1.47364845694,9.325,3,3,1,1,1,20260917,setup_sweep
4133,79,2,140,1400,0.0110467747004,97.6407830434,1.47676488432,9.3,3,3,1,1,1,20260917,setup_sweep
4134,79,2,145,1450,0.0113332713476,97.8227816964,1.46745201374,9.275,3,3,1,1,1,20260917,setup_sweep
4135,79,2,150,1500,0.0116354669946,98.0277140477,1.45965108538,9.25,3,3,1,1,1,20260917,setup_sweep
4136,79,2,155,1550,0.0119508141832,98.2509917576,1.45292211085,9.225,3,3,1,1,1,20260917,setup_sweep
4137,79,2,160,1600,0.0122772691887,98.4889345678,1.44698178844,9.2,3,3,1,1,1,20260917,setup_sweep
4138,79,2,165,1650,0.0126214849102,98.7523889394,1.42550014829,9.175,3,3,1,1,1,20260917,setup_sweep
4139,79,2,170,1700,0.0130049616618,99.0762794958,1.42161295828,9.15,3,3,1,1,1,20260917,setup_sweep
4140,79,2,175,1750,0.0134321496322,99.4671746811,1.41151480274,9.125,3,3,1,1,1,20260917,setup_sweep
4141,79,2,180,1800,0.0138734288407,99.8747894759,1.40726741428,9.1,3,3,1,1,1,20260917,setup_sweep
4142,79,2,185,1850,0.014318261228,100.281538544,1.40308486096,9.075,3,3,1,1,1,20260917,setup_sweep
4143,79,2,190,1900,0.0147660905577,100.68651703,1.39894666818,9.05,3,3,1,1,1,20260917,setup_sweep
4144,79,2,195,1950,0.0152164492061,101.088981462,1.39483744786,9.025,3,3,1,1,1,20260917,setup_sweep
4145,79,2,200,2000,0.0156689436727,101.488323145,1.39074573822,9,3,3,1,1,1,20260917,setup_sweep
4146,79,2,205,2050,0.0161232425621,101.88404607,1.38666312639,8.975,3,3,1,1,1,20260917,setup_sweep
4147,80,2,0,0,0,85,1.41655019708,10,3,3,2,1,1,20260917,setup_sweep
4148,80,2,5,50,0.000383023276063,85.5504425766,1.41721111091,9.975,3,3,2,1,1,20260917,setup_sweep
4149,80,2,10,100,0.000734662414877,86.0398267697,1.43287939795,9.95,3,3,2,1,1,20260917,setup_sweep
4150,80,2,15,150,0.00108238187008,86.5147365271,1.43195282554,9.925,3,3,2,1,1,20260917,setup_sweep
4151,80,2,20,200,0.00143418748534,86.9885493651,1.43108111698,9.9,3,3,2,1,1,20260917,setup_sweep
4152,80,2,25,250,0.00178957947893,87.4604575017,1.43023283155,9.875,3,3,2,1,1,20260917,setup_sweep
4153,80,2,30,300,0.00214812280739,87.9297734872,1.42938315833,9.85,3,3,2,1,1,20260917,setup_sweep
4154,80,2,35,350,0.00251978521075,88.4131297108,1.41206407404,9.825,3,3,2,1,1,20260917,setup_sweep
4155,80,2,40,400,0.00293214125745,88.955631397,1.4125830735,9.8,3,3,2,1,1,20260917,setup_sweep
4156,80,2,45,450,0.00340130329151,89.5833441309,1.39756689782,9.775,3,3,2,1,1,20260917,setup_sweep
4157,80,2,50,500,0.00390126499163,90.2513042473,1.39730967287,9.75,3,3,2,1,1,20260917,setup_sweep
4158,80,2,55,550,0.0043990568103,90.9046381636,1.39671441059,9.725,3,3,2,1,1,20260917,setup_sweep
4159,80,2,60,600,0.00489497856605,91.5440830928,1.39580639836,9.7,3,3,2,1,1,20260917,setup_sweep
4160,80,2,65,650,0.0053892903326,92.1702983816,1.39460877246,9.675,3,3,2,1,1,20260917,setup_sweep
4161,80,2,70,700,0.00588221704729,92.7838744129,1.39314274518,9.65,3,3,2,1,1,20260917,setup_sweep
4162,80,2,75,750,0.00631807169562,93.2926699549,1.40748630744,9.625,3,3,2,1,1,20260917,setup_sweep
4163,80,2,80,800,0.00671593398218,93.7305686169,1.40604393466,9.6,3,3,2,1,1,20260917,setup_sweep
4164,80,2,85,850,0.00711322886982,94.1602918115,1.40447905933,9.575,3,3,2,1,1,20260917,setup_sweep
4165,80,2,90,900,0.00751003645408,94.5821070292,1.40280084872,9.55,3,3,2,1,1,20260917,setup_sweep
4166,80,2,95,950,0.00790642593904,94.996259338,1.40101776577,9.525,3,3,2,1,1,20260917,setup_sweep
4167,80,2,100,1000,0.00833162097392,95.4514997107,1.40787386945,9.5,3,3,2,1,1,20260917,setup_sweep
4168,80,2,105,1050,0.00879129819817,95.955285227,1.45502181307,9.475,3,3,2,1,1,20260917,setup_sweep
4169,80,2,110,1100,0.00902218345659,96.0731870275,1.45427050701,9.45,3,3,2,1,1,20260917,setup_sweep
4170,80,2,115,1150,0.00925293425974,96.1889178479,1.45351934268,9.425,3,3,2,1,1,20260917,setup_sweep
4171,80,2,120,1200,0.00948355075986,96.3025138231,1.45276864913,9.4,3,3,2,1,1,20260917,setup_sweep
4172,80,2,125,1250,0.00971403317353,96.4140105971,1.45201873966,9.375,3,3,2,1,1,20260917,setup_sweep
4173,80,2,130,1300,0.00994438176954,96.523443311,1.45126447138,9.35,3,3,2,1,1,20260917,setup_sweep
4174,80,2,135,1350,0.0101834467403,96.6455307014,1.44930343155,9.325,3,3,2,1,1,20260917,setup_sweep
4175,80,2,140,1400,0.010433523878,96.783716495,1.44982126014,9.3,3,3,2,1,1,20260917,setup_sweep
4176,80,2,145,1450,0.0106938632239,96.936648205,1.43993596309,9.275,3,3,2,1,1,20260917,setup_sweep
4177,80,2,150,1500,0.010970460151,97.1139173516,1.43177273034,9.25,3,3,2,1,1,20260917,setup_sweep
4178,80,2,155,1550,0.0112607958434,97.310959754,1.42481249537,9.225,3,3,2,1,1,20260917,setup_sweep
4179,80,2,160,1600,0.0115628554217,97.5241192162,1.41873092132,9.2,3,3,2,1,1,20260917,setup_sweep
4180,80,2,165,1650,0.0118825014273,97.7629028837,1.39803365216,9.175,3,3,2,1,1,20260917,setup_sweep
4181,80,2,170,1700,0.0122394617289,98.0593240714,1.39392530723,9.15,3,3,2,1,1,20260917,setup_sweep
4182,80,2,175,1750,0.0126399400382,98.4228798654,1.38266552194,9.125,3,3,2,1,1,20260917,setup_sweep
4183,80,2,180,1800,0.0130559344051,98.8059671633,1.37841844942,9.1,3,3,2,1,1,20260917,setup_sweep
4184,80,2,185,1850,0.0134771925296,99.1914210319,1.37429906996,9.075,3,3,2,1,1,20260917,setup_sweep
4185,80,2,190,1900,0.0139029674225,99.577967951,1.37027478851,9.05,3,3,2,1,1,20260917,setup_sweep
4186,80,2,195,1950,0.0143326209669,99.9645353603,1.36632052678,9.025,3,3,2,1,1,20260917,setup_sweep
4187,80,2,200,2000,0.0147656073254,100.350220918,1.36241698064,9,3,3,2,1,1,20260917,setup_sweep
4188,80,2,205,2050,0.0152014590738,100.734266775,1.35854932782,8.975,3,3,2,1,1,20260917,setup_sweep
4189,81,2,0,0,0,85,0.990779378329,10,3,3,3,3,1,20260917,setup_sweep
4190,81,2,5,50,0.000394813568388,85.5699312783,0.991168801233,9.975,3,3,3,3,1,20260917,setup_sweep
4191,81,2,10,100,0.000757431454256,86.07713769,1.00211316045,9.95,3,3,3,3,1,20260917,setup_sweep
4192,81,2,15,150,0.00111662487154,86.5703972267,1.00131420523,9.925,3,3,3,3,1,20260917,setup_sweep
4193,81,2,20,200,0.00148058119384,87.0633747365,1.00058749241,9.9,3,3,3,3,1,20260917,setup_sweep
4194,81,2,25,250,0.00185882009037,87.5719220075,0.988332580148,9.875,3,3,3,3,1,20260917,setup_sweep
4195,81,2,30,300,0.00227798295713,88.1395799493,0.988801530712,9.85,3,3,3,3,1,20260917,setup_sweep
4196,81,2,35,350,0.00269527577137,88.6947650992,0.989066664201,9.825,3,3,3,3,1,20260917,setup_sweep
4197,81,2,40,400,0.00318874822273,89.3671413096,1.00939621814,9.8,3,3,3,3,1,20260917,setup_sweep
4198,81,2,45,450,0.00354400137522,89.7990135971,1.01723661834,9.775,3,3,3,3,1,20260917,setup_sweep
4199,81,2,50,500,0.00384417908748,90.133200027,1.01697086272,9.75,3,3,3,3,1,20260917,setup_sweep
4200,81,2,55,550,0.00414423551048,90.4616623118,1.01665890257,9.725,3,3,3,3,1,20260917,setup_sweep
4201,81,2,60,600,0.00444414601372,90.7844543556,1.01630316593,9.7,3,3,3,3,1,20260917,setup_sweep
4202,81,2,65,650,0.00474388732605,91.1016314184,1.01590601147,9.675,3,3,3,3,1,20260917,setup_sweep
4203,81,2,70,700,0.00504343750327,91.41325004,1.01546972739,9.65,3,3,3,3,1,20260917,setup_sweep
4204,81,2,75,750,0.00533698842969,91.7097808626,1.01663803775,9.625,3,3,3,3,1,20260917,setup_sweep
4205,81,2,80,800,0.00564341597614,92.0227577521,1.01030586494,9.6,3,3,3,3,1,20260917,setup_sweep
4206,81,2,85,850,0.0059671436471,92.3591480084,1.00524934386,9.575,3,3,3,3,1,20260917,setup_sweep
4207,81,2,90,900,0.00630491080428,92.7131771608,1.00106335772,9.55,3,3,3,3,1,20260917,setup_sweep
4208,81,2,95,950,0.00665417725204,93.080356422,0.997493185046,9.525,3,3,3,3,1,20260917,setup_sweep
4209,81,2,100,1000,0.00705897162977,93.5335999602,1.01253562917,9.5,3,3,3,3,1,20260917,setup_sweep
4210,81,2,105,1050,0.00737568374329,93.8329734628,1.04598704256,9.475,3,3,3,3,1,20260917,setup_sweep
4211,81,2,110,1100,0.0075619592467,93.9122207537,1.04566152373,9.45,3,3,3,3,1,20260917,setup_sweep
4212,81,2,115,1150,0.00774819189224,93.9900873642,1.04533574704,9.425,3,3,3,3,1,20260917,setup_sweep
4213,81,2,120,1200,0.00793438165832,94.0665960793,1.04500982042,9.4,3,3,3,3,1,20260917,setup_sweep
4214,81,2,125,1250,0.00812052853593,94.1417693282,1.04468384404,9.375,3,3,3,3,1,20260917,setup_sweep
4215,81,2,130,1300,0.00830663253488,94.2156292004,1.0443567284,9.35,3,3,3,3,1,20260917,setup_sweep
4216,81,2,135,1350,0.00851332964691,94.3224171096,1.03252620385,9.325,3,3,3,3,1,20260917,setup_sweep
4217,81,2,140,1400,0.00874889200469,94.4750405526,1.02816963086,9.3,3,3,3,3,1,20260917,setup_sweep
4218,81,2,145,1450,0.00900339322768,94.656495101,1.01896123025,9.275,3,3,3,3,1,20260917,setup_sweep
4219,81,2,150,1500,0.00927933735664,94.8703825988,1.01183532207,9.25,3,3,3,3,1,20260917,setup_sweep
4220,81,2,155,1550,0.00957285119982,95.109767674,1.00604547599,9.225,3,3,3,3,1,20260917,setup_sweep
4221,81,2,160,1600,0.00988098383092,95.369353061,1.00117464565,9.2,3,3,3,3,1,20260917,setup_sweep
4222,81,2,165,1650,0.0102092195798,95.6579570846,0.986071565724,9.175,3,3,3,3,1,20260917,setup_sweep
4223,81,2,170,1700,0.0105774598415,96.0078165787,0.983070149042,9.15,3,3,3,3,1,20260917,setup_sweep
4224,81,2,175,1750,0.0109885305829,96.4227859743,0.976124525625,9.125,3,3,3,3,1,20260917,setup_sweep
4225,81,2,180,1800,0.0114155214041,96.8571090074,0.973202969277,9.1,3,3,3,3,1,20260917,setup_sweep
4226,81,2,185,1850,0.011848372121,97.2939366301,0.970389406392,9.075,3,3,3,3,1,20260917,setup_sweep
4227,81,2,190,1900,0.0122861524163,97.7316901321,0.96765091522,9.05,3,3,3,3,1,20260917,setup_sweep
4228,81,2,195,1950,0.0127280834827,98.1690672581,0.964962720746,9.025,3,3,3,3,1,20260917,setup_sweep
4229,81,2,200,2000,0.0131735123135,98.6049951559,0.962306163514,9,3,3,3,3,1,20260917,setup_sweep
4230,81,2,205,2050,0.0136202685923,99.0359045334,0.960308646374,8.975,3,3,3,3,1,20260917,setup_sweep
4231,82,2,0,0,0,85,1.44776704248,10,3,4,1,1,1,20260917,setup_sweep
4232,82,2,5,50,0.000432472961395,85.6321775452,1.44843779095,9.975,3,4,1,1,1,20260917,setup_sweep
4233,82,2,10,100,0.000829488905969,86.1952002904,1.46412966556,9.95,3,4,1,1,1,20260917,setup_sweep
4234,82,2,15,150,0.00122209076279,86.741727615,1.46319866112,9.925,3,4,1,1,1,20260917,setup_sweep
4235,82,2,20,200,0.00161949278533,87.2871544164,1.46225043949,9.9,3,4,1,1,1,20260917,setup_sweep
4236,82,2,25,250,0.00202118366122,87.8306538977,1.4612593679,9.875,3,4,1,1,1,20260917,setup_sweep
4237,82,2,30,300,0.00242671051425,88.3715094963,1.46020536142,9.85,3,4,1,1,1,20260917,setup_sweep
4238,82,2,35,350,0.00284697473961,88.9279081954,1.44266382014,9.825,3,4,1,1,1,20260917,setup_sweep
4239,82,2,40,400,0.00331262279867,89.5499874257,1.44268832356,9.8,3,4,1,1,1,20260917,setup_sweep
4240,82,2,45,450,0.00384846735397,90.2782051623,1.42669977509,9.775,3,4,1,1,1,20260917,setup_sweep
4241,82,2,50,500,0.00443012908798,91.0697189501,1.42583167913,9.75,3,4,1,1,1,20260917,setup_sweep
4242,82,2,55,550,0.00500978447891,91.8448345336,1.42452704312,9.725,3,4,1,1,1,20260917,setup_sweep
4243,82,2,60,600,0.00558767329296,92.604219185,1.4228154382,9.7,3,4,1,1,1,20260917,setup_sweep
4244,82,2,65,650,0.00616400743029,93.348483096,1.42072451947,9.675,3,4,1,1,1,20260917,setup_sweep
4245,82,2,70,700,0.00673897395436,94.0781853275,1.41828018843,9.65,3,4,1,1,1,20260917,setup_sweep
4246,82,2,75,750,0.00724271965745,94.6777239545,1.43134770862,9.625,3,4,1,1,1,20260917,setup_sweep
4247,82,2,80,800,0.00769904422619,95.189359331,1.42911295354,9.6,3,4,1,1,1,20260917,setup_sweep
4248,82,2,85,850,0.00815479136348,95.6915838729,1.42672627066,9.575,3,4,1,1,1,20260917,setup_sweep
4249,82,2,90,900,0.00861003143205,96.1846694078,1.42419855176,9.55,3,4,1,1,1,20260917,setup_sweep
4250,82,2,95,950,0.00906482623129,96.6688691171,1.42154001232,9.525,3,4,1,1,1,20260917,setup_sweep
4251,82,2,100,1000,0.00956835079895,97.2261425807,1.43028112868,9.5,3,4,1,1,1,20260917,setup_sweep
4252,82,2,105,1050,0.0100837785178,97.7927291097,1.47261073085,9.475,3,4,1,1,1,20260917,setup_sweep
4253,82,2,110,1100,0.010352817718,97.9433231867,1.47152253937,9.45,3,4,1,1,1,20260917,setup_sweep
4254,82,2,115,1150,0.0106215566868,98.0909319259,1.47043617591,9.425,3,4,1,1,1,20260917,setup_sweep
4255,82,2,120,1200,0.0108899965254,98.2356064911,1.46935219415,9.4,3,4,1,1,1,20260917,setup_sweep
4256,82,2,125,1250,0.0111581384856,98.3773974493,1.468271114,9.375,3,4,1,1,1,20260917,setup_sweep
4257,82,2,130,1300,0.011425983966,98.5163547742,1.46718487299,9.35,3,4,1,1,1,20260917,setup_sweep
4258,82,2,135,1350,0.011696808567,98.6579809298,1.46827454505,9.325,3,4,1,1,1,20260917,setup_sweep
4259,82,2,140,1400,0.0119753743379,98.8099808367,1.46959150416,9.3,3,4,1,1,1,20260917,setup_sweep
4260,82,2,145,1450,0.012263745108,98.9757558601,1.45966738302,9.275,3,4,1,1,1,20260917,setup_sweep
4261,82,2,150,1500,0.0125696615112,99.1677853493,1.45118942446,9.25,3,4,1,1,1,20260917,setup_sweep
4262,82,2,155,1550,0.0128907165033,99.3816579912,1.44374106546,9.225,3,4,1,1,1,20260917,setup_sweep
4263,82,2,160,1600,0.0132249409131,99.6137588173,1.43705347233,9.2,3,4,1,1,1,20260917,setup_sweep
4264,82,2,165,1650,0.013579104744,99.8750698623,1.41580387046,9.175,3,4,1,1,1,20260917,setup_sweep
4265,82,2,170,1700,0.0139757501742,100.202177307,1.41068302452,9.15,3,4,1,1,1,20260917,setup_sweep
4266,82,2,175,1750,0.0144247584316,100.610551812,1.39854499059,9.125,3,4,1,1,1,20260917,setup_sweep
4267,82,2,180,1800,0.0148930796821,101.043973139,1.39300235606,9.1,3,4,1,1,1,20260917,setup_sweep
4268,82,2,185,1850,0.0153685629685,101.482066364,1.38755721061,9.075,3,4,1,1,1,20260917,setup_sweep
4269,82,2,190,1900,0.0158503259311,101.923296124,1.38218013719,9.05,3,4,1,1,1,20260917,setup_sweep
4270,82,2,195,1950,0.0163375990702,102.366338936,1.37684882058,9.025,3,4,1,1,1,20260917,setup_sweep
4271,82,2,200,2000,0.0168297103006,102.810054172,1.37154643199,9,3,4,1,1,1,20260917,setup_sweep
4272,82,2,205,2050,0.0173260718821,103.253459442,1.3662604204,8.975,3,4,1,1,1,20260917,setup_sweep
4273,83,2,0,0,0,85,1.41081778993,10,3,4,2,1,1,20260917,setup_sweep
4274,83,2,5,50,0.000409499825472,85.5942077719,1.41114741771,9.975,3,4,2,1,1,20260917,setup_sweep
4275,83,2,10,100,0.000786570885023,86.1248992184,1.42596643167,9.95,3,4,2,1,1,20260917,setup_sweep
4276,83,2,15,150,0.00115981176018,86.6405875121,1.42498357829,9.925,3,4,2,1,1,20260917,setup_sweep
4277,83,2,20,200,0.00153782834833,87.1556447136,1.42399797453,9.9,3,4,2,1,1,20260917,setup_sweep
4278,83,2,25,250,0.00192015991608,87.6693198435,1.42298674611,9.875,3,4,2,1,1,20260917,setup_sweep
4279,83,2,30,300,0.00230639429801,88.1809545953,1.42193167789,9.85,3,4,2,1,1,20260917,setup_sweep
4280,83,2,35,350,0.00270626947852,88.7067898167,1.40510224531,9.825,3,4,2,1,1,20260917,setup_sweep
4281,83,2,40,400,0.00314756696295,89.2922786046,1.40592593756,9.8,3,4,2,1,1,20260917,setup_sweep
4282,83,2,45,450,0.00367804635551,90.0152685502,1.39884977232,9.775,3,4,2,1,1,20260917,setup_sweep
4283,83,2,50,500,0.00417156240867,90.6654398658,1.39817415758,9.75,3,4,2,1,1,20260917,setup_sweep
4284,83,2,55,550,0.00466442184824,91.3037789048,1.39728187827,9.725,3,4,2,1,1,20260917,setup_sweep
4285,83,2,60,600,0.00515635965748,91.9300432419,1.3961857131,9.7,3,4,2,1,1,20260917,setup_sweep
4286,83,2,65,650,0.00564712860081,92.5440238497,1.39489849161,9.675,3,4,2,1,1,20260917,setup_sweep
4287,83,2,70,700,0.00613649977182,93.1455454524,1.39343301764,9.65,3,4,2,1,1,20260917,setup_sweep
4288,83,2,75,750,0.00657059584689,93.6454732804,1.4080492783,9.625,3,4,2,1,1,20260917,setup_sweep
4289,83,2,80,800,0.0069724645976,94.0841729511,1.40508428154,9.6,3,4,2,1,1,20260917,setup_sweep
4290,83,2,85,850,0.00737813319042,94.5219011347,1.40214754837,9.575,3,4,2,1,1,20260917,setup_sweep
4291,83,2,90,900,0.00778717352447,94.9579664223,1.3992223816,9.55,3,4,2,1,1,20260917,setup_sweep
4292,83,2,95,950,0.00819920867984,95.3917734095,1.3962957202,9.525,3,4,2,1,1,20260917,setup_sweep
4293,83,2,100,1000,0.00868193803689,95.9358144839,1.41200772341,9.5,3,4,2,1,1,20260917,setup_sweep
4294,83,2,105,1050,0.00911578266551,96.3889754802,1.45447719082,9.475,3,4,2,1,1,20260917,setup_sweep
4295,83,2,110,1100,0.00934276547813,96.4932588525,1.45375535436,9.45,3,4,2,1,1,20260917,setup_sweep
4296,83,2,115,1150,0.00956962155956,96.5956091048,1.45303508787,9.425,3,4,2,1,1,20260917,setup_sweep
4297,83,2,120,1200,0.00979635131729,96.6960588625,1.45231662285,9.4,3,4,2,1,1,20260917,setup_sweep
4298,83,2,125,1250,0.0100229552015,96.7946402821,1.45160017814,9.375,3,4,2,1,1,20260917,setup_sweep
4299,83,2,130,1300,0.0102494337021,96.8913850546,1.45088136699,9.35,3,4,2,1,1,20260917,setup_sweep
4300,83,2,135,1350,0.0104858435913,97.0030067043,1.44959757059,9.325,3,4,2,1,1,20260917,setup_sweep
4301,83,2,140,1400,0.0107352320164,97.1341518415,1.44876417497,9.3,3,4,2,1,1,20260917,setup_sweep
4302,83,2,145,1450,0.0109964056558,97.2826728858,1.43846271711,9.275,3,4,2,1,1,20260917,setup_sweep
4303,83,2,150,1500,0.0112751238342,97.4577319565,1.42980015117,9.25,3,4,2,1,1,20260917,setup_sweep
4304,83,2,155,1550,0.0115690670281,97.6550577209,1.42228929839,9.225,3,4,2,1,1,20260917,setup_sweep
4305,83,2,160,1600,0.0118763500538,97.8711670091,1.4156238509,9.2,3,4,2,1,1,20260917,setup_sweep
4306,83,2,165,1650,0.0122029045426,98.1156368841,1.39524721192,9.175,3,4,2,1,1,20260917,setup_sweep
4307,83,2,170,1700,0.012569122154,98.4215350206,1.39016627778,9.15,3,4,2,1,1,20260917,setup_sweep
4308,83,2,175,1750,0.012985975399,98.8061884463,1.37701555216,9.125,3,4,2,1,1,20260917,setup_sweep
4309,83,2,180,1800,0.0134228966996,99.2175369789,1.37174775928,9.1,3,4,2,1,1,20260917,setup_sweep
4310,83,2,185,1850,0.0138684173786,99.6362977853,1.36662603789,9.075,3,4,2,1,1,20260917,setup_sweep
4311,83,2,190,1900,0.0143215759741,100.060759462,1.36161062713,9.05,3,4,2,1,1,20260917,setup_sweep
4312,83,2,195,1950,0.0147815244675,100.489426365,1.35667079338,9.025,3,4,2,1,1,20260917,setup_sweep
4313,83,2,200,2000,0.0152475134803,100.920990575,1.35178276454,9,3,4,2,1,1,20260917,setup_sweep
4314,83,2,205,2050,0.0157188797629,101.354308127,1.34692820678,8.975,3,4,2,1,1,20260917,setup_sweep
4315,84,2,0,0,0,85,0.992993320528,10,3,4,3,3,1,20260917,setup_sweep
4316,84,2,5,50,0.000395860300375,85.5716732566,0.992184847253,9.975,3,4,3,3,1,20260917,setup_sweep
4317,84,2,10,100,0.000764523555314,86.0888514599,1.00157920431,9.95,3,4,3,3,1,20260917,setup_sweep
4318,84,2,15,150,0.00113287449788,86.5970597283,1.00015971075,9.925,3,4,3,3,1,20260917,setup_sweep
4319,84,2,20,200,0.0015087417314,87.1092894041,0.998867687413,9.9,3,4,3,3,1,20260917,setup_sweep
4320,84,2,25,250,0.00189128316495,87.6240824182,0.997660016009,9.875,3,4,3,3,1,20260917,setup_sweep
4321,84,2,30,300,0.00227976225056,88.1401792094,0.996502864899,9.85,3,4,3,3,1,20260917,setup_sweep
4322,84,2,35,350,0.00268350095616,88.6730762958,0.984335841797,9.825,3,4,3,3,1,20260917,setup_sweep
4323,84,2,40,400,0.00323479856129,89.4409897041,1.0122579733,9.8,3,4,3,3,1,20260917,setup_sweep
4324,84,2,45,450,0.00358031939012,89.8556033855,1.0186887813,9.775,3,4,3,3,1,20260917,setup_sweep
4325,84,2,50,500,0.00387616279065,90.1816904787,1.01841919428,9.75,3,4,3,3,1,20260917,setup_sweep
4326,84,2,55,550,0.00417188442334,90.5021865092,1.01810570384,9.725,3,4,3,3,1,20260917,setup_sweep
4327,84,2,60,600,0.00446746112456,90.817145606,1.01775062616,9.7,3,4,3,3,1,20260917,setup_sweep
4328,84,2,65,650,0.00476287100599,91.1266231111,1.01735620707,9.675,3,4,3,3,1,20260917,setup_sweep
4329,84,2,70,700,0.00505809343392,91.4306755255,1.01692462624,9.65,3,4,3,3,1,20260917,setup_sweep
4330,84,2,75,750,0.00534887614635,91.722352498,1.01816298646,9.625,3,4,3,3,1,20260917,setup_sweep
4331,84,2,80,800,0.00565557649008,92.0355782118,1.01118556285,9.6,3,4,3,3,1,20260917,setup_sweep
4332,84,2,85,850,0.00598225358923,92.3766375827,1.00549939658,9.575,3,4,3,3,1,20260917,setup_sweep
4333,84,2,90,900,0.00632574013919,92.7398371254,1.00070142705,9.55,3,4,3,3,1,20260917,setup_sweep
4334,84,2,95,950,0.00668350528277,93.1206289353,0.996537497648,9.525,3,4,3,3,1,20260917,setup_sweep
4335,84,2,100,1000,0.00710726128132,93.6043978245,1.0163680827,9.5,3,4,3,3,1,20260917,setup_sweep
4336,84,2,105,1050,0.00740942184997,93.8785972617,1.0472101857,9.475,3,4,3,3,1,20260917,setup_sweep
4337,84,2,110,1100,0.00759291569282,93.9524927825,1.046895146,9.45,3,4,3,3,1,20260917,setup_sweep
4338,84,2,115,1150,0.00777636915495,94.0251001743,1.04658007073,9.425,3,4,3,3,1,20260917,setup_sweep
4339,84,2,120,1200,0.00795978224549,94.0964407431,1.04626504992,9.4,3,4,3,3,1,20260917,setup_sweep
4340,84,2,125,1250,0.00814315498647,94.1665354642,1.04595016909,9.375,3,4,3,3,1,20260917,setup_sweep
4341,84,2,130,1300,0.00832648741043,94.2354049833,1.04563447494,9.35,3,4,3,3,1,20260917,setup_sweep
4342,84,2,135,1350,0.00853022554808,94.3369741202,1.03447283972,9.325,3,4,3,3,1,20260917,setup_sweep
4343,84,2,140,1400,0.0087640630089,94.4865117859,1.02924013942,9.3,3,4,3,3,1,20260917,setup_sweep
4344,84,2,145,1450,0.00901827195284,94.6672962204,1.01971473391,9.275,3,4,3,3,1,20260917,setup_sweep
4345,84,2,150,1500,0.00929530522346,94.8828088373,1.01219334494,9.25,3,4,3,3,1,20260917,setup_sweep
4346,84,2,155,1550,0.00959160721042,95.126600923,1.00596762753,9.225,3,4,3,3,1,20260917,setup_sweep
4347,84,2,160,1600,0.00990442490213,95.3936561405,1.00063914652,9.2,3,4,3,3,1,20260917,setup_sweep
4348,84,2,165,1650,0.0102393408356,95.6929041706,0.985715355168,9.175,3,4,3,3,1,20260917,setup_sweep
4349,84,2,170,1700,0.0106170291987,96.0578096506,0.981970681635,9.15,3,4,3,3,1,20260917,setup_sweep
4350,84,2,175,1750,0.0110449984099,96.4999031902,0.973788511573,9.125,3,4,3,3,1,20260917,setup_sweep
4351,84,2,180,1800,0.0114938989907,96.9691738656,0.970168173629,9.1,3,4,3,3,1,20260917,setup_sweep
4352,84,2,185,1850,0.0119437227591,97.4321798288,0.968351459315,9.075,3,4,3,3,1,20260917,setup_sweep
4353,84,2,190,1900,0.0123906395407,97.8827345501,0.966703295008,9.05,3,4,3,3,1,20260917,setup_sweep
4354,84,2,195,1950,0.0128351963186,98.3219414261,0.965017359343,9.025,3,4,3,3,1,20260917,setup_sweep
4355,84,2,200,2000,0.0132773582052,98.7499303775,0.963298932834,9,3,4,3,3,1,20260917,setup_sweep
4356,84,2,205,2050,0.013717099534,99.1668444168,0.961525738073,8.975,3,4,3,3,1,20260917,setup_sweep
4357,85,2,0,0,0,85,1.45154772127,10,3,5,1,1,1,20260917,setup_sweep
4358,85,2,5,50,0.000415578660933,85.6042497631,1.45269508202,9.975,3,5,1,1,1,20260917,setup_sweep
4359,85,2,10,100,0.000799205262036,86.1456154453,1.46743855679,9.95,3,5,1,1,1,20260917,setup_sweep
4360,85,2,15,150,0.00117905241679,86.6718793262,1.46661286204,9.925,3,5,1,1,1,20260917,setup_sweep
4361,85,2,20,200,0.00156304846081,87.1963009648,1.46581984314,9.9,3,5,1,1,1,20260917,setup_sweep
4362,85,2,25,250,0.00195061618737,87.7179569756,1.46502274047,9.875,3,5,1,1,1,20260917,setup_sweep
4363,85,2,30,300,0.00234126316293,88.23607932,1.46419335642,9.85,3,5,1,1,1,20260917,setup_sweep
4364,85,2,35,350,0.00274537486237,88.7680115058,1.44817400426,9.825,3,5,1,1,1,20260917,setup_sweep
4365,85,2,40,400,0.00319090831222,89.3594812371,1.44884649481,9.8,3,5,1,1,1,20260917,setup_sweep
4366,85,2,45,450,0.00368988595929,90.0298280193,1.43664900648,9.775,3,5,1,1,1,20260917,setup_sweep
4367,85,2,50,500,0.00422264208549,90.7446080768,1.43642690991,9.75,3,5,1,1,1,20260917,setup_sweep
4368,85,2,55,550,0.00475127111983,91.4407539322,1.43577158392,9.725,3,5,1,1,1,20260917,setup_sweep
4369,85,2,60,600,0.00527642280307,92.119647266,1.43472288035,9.7,3,5,1,1,1,20260917,setup_sweep
4370,85,2,65,650,0.005798645334,92.7824791247,1.43331615065,9.675,3,5,1,1,1,20260917,setup_sweep
4371,85,2,70,700,0.00631840109495,93.4302790583,1.43158286227,9.65,3,5,1,1,1,20260917,setup_sweep
4372,85,2,75,750,0.00678176280963,93.9738625901,1.44204322765,9.625,3,5,1,1,1,20260917,setup_sweep
4373,85,2,80,800,0.00720759308814,94.446728077,1.44031127723,9.6,3,5,1,1,1,20260917,setup_sweep
4374,85,2,85,850,0.0076324132564,94.9101086034,1.43842451797,9.575,3,5,1,1,1,20260917,setup_sweep
4375,85,2,90,900,0.00805638358925,95.3644257928,1.43639649106,9.55,3,5,1,1,1,20260917,setup_sweep
4376,85,2,95,950,0.00847963921547,95.8100527463,1.43423939119,9.525,3,5,1,1,1,20260917,setup_sweep
4377,85,2,100,1000,0.00890229397452,96.2473212178,1.43196424182,9.5,3,5,1,1,1,20260917,setup_sweep
4378,85,2,105,1050,0.00942366660671,96.8407841049,1.45743504574,9.475,3,5,1,1,1,20260917,setup_sweep
4379,85,2,110,1100,0.0097538580018,97.1081872976,1.45590108776,9.45,3,5,1,1,1,20260917,setup_sweep
4380,85,2,115,1150,0.0100833649504,97.3700394008,1.45435076693,9.425,3,5,1,1,1,20260917,setup_sweep
4381,85,2,120,1200,0.010412182201,97.6264234886,1.45278635139,9.4,3,5,1,1,1,20260917,setup_sweep
4382,85,2,125,1250,0.010740305627,97.877423121,1.45120999292,9.375,3,5,1,1,1,20260917,setup_sweep
4383,85,2,130,1300,0.011067732154,98.1231222161,1.44961026417,9.35,3,5,1,1,1,20260917,setup_sweep
4384,85,2,135,1350,0.0113827937623,98.344316326,1.45414907836,9.325,3,5,1,1,1,20260917,setup_sweep
4385,85,2,140,1400,0.0116939452376,98.5553371794,1.45850804123,9.3,3,5,1,1,1,20260917,setup_sweep
4386,85,2,145,1450,0.012009459776,98.7701777781,1.45040965056,9.275,3,5,1,1,1,20260917,setup_sweep
4387,85,2,150,1500,0.0123389542665,99.0045686199,1.44343549653,9.25,3,5,1,1,1,20260917,setup_sweep
4388,85,2,155,1550,0.0126801579457,99.2544344374,1.43727660757,9.225,3,5,1,1,1,20260917,setup_sweep
4389,85,2,160,1600,0.0130312370526,99.5164893415,1.43172601926,9.2,3,5,1,1,1,20260917,setup_sweep
4390,85,2,165,1650,0.0133987792062,99.8015101732,1.41221457981,9.175,3,5,1,1,1,20260917,setup_sweep
4391,85,2,170,1700,0.0138033558314,100.142932117,1.40851837066,9.15,3,5,1,1,1,20260917,setup_sweep
4392,85,2,175,1750,0.0142529608375,100.553253356,1.39903491494,9.125,3,5,1,1,1,20260917,setup_sweep
4393,85,2,180,1800,0.0147158769131,100.978676447,1.39474828973,9.1,3,5,1,1,1,20260917,setup_sweep
4394,85,2,185,1850,0.0151810920863,101.400867111,1.39047487707,9.075,3,5,1,1,1,20260917,setup_sweep
4395,85,2,190,1900,0.01564824171,101.819276207,1.38620545131,9.05,3,5,1,1,1,20260917,setup_sweep
4396,85,2,195,1950,0.0161170199516,102.233460862,1.38193351405,9.025,3,5,1,1,1,20260917,setup_sweep
4397,85,2,200,2000,0.0165871700943,102.643066683,1.37765467952,9,3,5,1,1,1,20260917,setup_sweep
4398,85,2,205,2050,0.0170584764984,103.047813012,1.37336620008,8.975,3,5,1,1,1,20260917,setup_sweep
4399,86,2,0,0,0,85,1.41334623698,10,3,5,2,1,1,20260917,setup_sweep
4400,86,2,5,50,0.000397338428503,85.5741028622,1.41415982305,9.975,3,5,2,1,1,20260917,setup_sweep
4401,86,2,10,100,0.000764910095468,86.0894350289,1.42820136105,9.95,3,5,2,1,1,20260917,setup_sweep
4402,86,2,15,150,0.00112901374998,86.5906055366,1.42736215416,9.925,3,5,2,1,1,20260917,setup_sweep
4403,86,2,20,200,0.00149719708541,87.0902343302,1.42655547333,9.9,3,5,2,1,1,20260917,setup_sweep
4404,86,2,25,250,0.00186894732639,87.5874995126,1.42575052599,9.875,3,5,2,1,1,20260917,setup_sweep
4405,86,2,30,300,0.00224382029404,88.081706127,1.42492329797,9.85,3,5,2,1,1,20260917,setup_sweep
4406,86,2,35,350,0.0026313344592,88.5887468104,1.4094846095,9.825,3,5,2,1,1,20260917,setup_sweep
4407,86,2,40,400,0.00305758393102,89.1513090106,1.40996551636,9.8,3,5,2,1,1,20260917,setup_sweep
4408,86,2,45,450,0.00354055827869,89.7986591901,1.39547054073,9.775,3,5,2,1,1,20260917,setup_sweep
4409,86,2,50,500,0.00405992459586,90.495131368,1.39521985261,9.75,3,5,2,1,1,20260917,setup_sweep
4410,86,2,55,550,0.00457623911368,91.1750487156,1.39459229607,9.725,3,5,2,1,1,20260917,setup_sweep
4411,86,2,60,600,0.00508993298833,91.839397356,1.39361841864,9.7,3,5,2,1,1,20260917,setup_sweep
4412,86,2,65,650,0.00560137711933,92.4890475369,1.39232586267,9.675,3,5,2,1,1,20260917,setup_sweep
4413,86,2,70,700,0.00611089041402,93.1247692037,1.39073971609,9.65,3,5,2,1,1,20260917,setup_sweep
4414,86,2,75,750,0.00656179312856,93.6527957174,1.40355272422,9.625,3,5,2,1,1,20260917,setup_sweep
4415,86,2,80,800,0.00697368230495,94.1079258638,1.40199443745,9.6,3,5,2,1,1,20260917,setup_sweep
4416,86,2,85,850,0.00738476496556,94.5542005899,1.40030115423,9.575,3,5,2,1,1,20260917,setup_sweep
4417,86,2,90,900,0.0077951561488,94.991956367,1.39848365317,9.55,3,5,2,1,1,20260917,setup_sweep
4418,86,2,95,950,0.00820495471374,95.4214973669,1.39655179856,9.525,3,5,2,1,1,20260917,setup_sweep
4419,86,2,100,1000,0.00861424521908,95.8430991016,1.39547498296,9.5,3,5,2,1,1,20260917,setup_sweep
4420,86,2,105,1050,0.00912821893701,96.4301828282,1.43843894253,9.475,3,5,2,1,1,20260917,setup_sweep
4421,86,2,110,1100,0.00939320276671,96.5965949545,1.43743780908,9.45,3,5,2,1,1,20260917,setup_sweep
4422,86,2,115,1150,0.00965792105906,96.7598176347,1.43643375928,9.425,3,5,2,1,1,20260917,setup_sweep
4423,86,2,120,1200,0.00992237343163,96.9199029539,1.43542752739,9.4,3,5,2,1,1,20260917,setup_sweep
4424,86,2,125,1250,0.010186559712,97.0769024835,1.43441981008,9.375,3,5,2,1,1,20260917,setup_sweep
4425,86,2,130,1300,0.0104504799237,97.2308672666,1.43340441083,9.35,3,5,2,1,1,20260917,setup_sweep
4426,86,2,135,1350,0.0107165902129,97.385943946,1.43454251478,9.325,3,5,2,1,1,20260917,setup_sweep
4427,86,2,140,1400,0.0109895998733,97.5497883379,1.43579591786,9.3,3,5,2,1,1,20260917,setup_sweep
4428,86,2,145,1450,0.0112715959227,97.7258523069,1.42663853642,9.275,3,5,2,1,1,20260917,setup_sweep
4429,86,2,150,1500,0.0115693900676,97.9251120115,1.41895755053,9.25,3,5,2,1,1,20260917,setup_sweep
4430,86,2,155,1550,0.0118804996328,98.143081833,1.4123207251,9.225,3,5,2,1,1,20260917,setup_sweep
4431,86,2,160,1600,0.0122029339604,98.3761631696,1.40645129921,9.2,3,5,2,1,1,20260917,setup_sweep
4432,86,2,165,1650,0.0125423864301,98.633598086,1.38740614002,9.175,3,5,2,1,1,20260917,setup_sweep
4433,86,2,170,1700,0.0129177281188,98.9460078685,1.38341448377,9.15,3,5,2,1,1,20260917,setup_sweep
4434,86,2,175,1750,0.013337983661,99.3276011012,1.37286571402,9.125,3,5,2,1,1,20260917,setup_sweep
4435,86,2,180,1800,0.0137734368136,99.7278953962,1.36856720704,9.1,3,5,2,1,1,20260917,setup_sweep
4436,86,2,185,1850,0.0142133806862,100.128994365,1.3643549644,9.075,3,5,2,1,1,20260917,setup_sweep
4437,86,2,190,1900,0.0146571654456,100.52981086,1.36020474456,9.05,3,5,2,1,1,20260917,setup_sweep
4438,86,2,195,1950,0.0151042379065,100.92943541,1.35609810266,9.025,3,5,2,1,1,20260917,setup_sweep
4439,86,2,200,2000,0.0155541264911,101.327108431,1.35202106288,9,3,5,2,1,1,20260917,setup_sweep
4440,86,2,205,2050,0.0160064287137,101.72219707,1.34796312325,8.975,3,5,2,1,1,20260917,setup_sweep
4441,87,2,0,0,0,85,0.988144919683,10,3,5,3,3,1,20260917,setup_sweep
4442,87,2,5,50,0.000411140649742,85.5969161832,0.98873021185,9.975,3,5,3,3,1,20260917,setup_sweep
4443,87,2,10,100,0.000791421930129,86.1328760573,0.998576140382,9.95,3,5,3,3,1,20260917,setup_sweep
4444,87,2,15,150,0.00116853225906,86.6548279568,0.99789294846,9.925,3,5,3,3,1,20260917,setup_sweep
4445,87,2,20,200,0.00155022222699,87.1757206935,0.997255297453,9.9,3,5,3,3,1,20260917,setup_sweep
4446,87,2,25,250,0.00193584920811,87.6945098372,0.996633481221,9.875,3,5,3,3,1,20260917,setup_sweep
4447,87,2,30,300,0.00236333193715,88.2740035115,0.986457143748,9.85,3,5,3,3,1,20260917,setup_sweep
4448,87,2,35,350,0.00279821339896,88.8560363329,0.986803333793,9.825,3,5,3,3,1,20260917,setup_sweep
4449,87,2,40,400,0.00327010820707,89.4900626575,0.994201217298,9.8,3,5,3,3,1,20260917,setup_sweep
4450,87,2,45,450,0.00371454730672,90.0671071125,1.00324235963,9.775,3,5,3,3,1,20260917,setup_sweep
4451,87,2,50,500,0.00408021094575,90.5051007796,1.0028749505,9.75,3,5,3,3,1,20260917,setup_sweep
4452,87,2,55,550,0.00444560466827,90.9354087716,1.00243266625,9.725,3,5,3,3,1,20260917,setup_sweep
4453,87,2,60,600,0.0048106651155,91.3580534071,1.00191964713,9.7,3,5,3,3,1,20260917,setup_sweep
4454,87,2,65,650,0.00517533271137,91.7730628878,1.00133994396,9.675,3,5,3,3,1,20260917,setup_sweep
4455,87,2,70,700,0.00553955161333,92.1804711204,1.0006975114,9.65,3,5,3,3,1,20260917,setup_sweep
4456,87,2,75,750,0.00588617084966,92.5519697647,1.00387415134,9.625,3,5,3,3,1,20260917,setup_sweep
4457,87,2,80,800,0.00623329898733,92.9182865592,0.99944351277,9.6,3,5,3,3,1,20260917,setup_sweep
4458,87,2,85,850,0.00659284057076,93.2990606615,0.995690950331,9.575,3,5,3,3,1,20260917,setup_sweep
4459,87,2,90,900,0.00696252157682,93.6902956721,0.992420300709,9.55,3,5,3,3,1,20260917,setup_sweep
4460,87,2,95,950,0.00734053577057,94.0888341322,0.989497700948,9.525,3,5,3,3,1,20260917,setup_sweep
4461,87,2,100,1000,0.0077708899967,94.5677103707,0.999696589453,9.5,3,5,3,3,1,20260917,setup_sweep
4462,87,2,105,1050,0.00813729959131,94.9320174635,1.03612873928,9.475,3,5,3,3,1,20260917,setup_sweep
4463,87,2,110,1100,0.00834111048648,95.0220825436,1.0357282394,9.45,3,5,3,3,1,20260917,setup_sweep
4464,87,2,115,1150,0.00854484927249,95.1105397931,1.03532795348,9.425,3,5,3,3,1,20260917,setup_sweep
4465,87,2,120,1200,0.00874851603338,95.1974159259,1.03492801258,9.4,3,5,3,3,1,20260917,setup_sweep
4466,87,2,125,1250,0.00895211087782,95.2827372555,1.03452854039,9.375,3,5,3,3,1,20260917,setup_sweep
4467,87,2,130,1300,0.00915563393786,95.3665296986,1.03412830874,9.35,3,5,3,3,1,20260917,setup_sweep
4468,87,2,135,1350,0.00938031463645,95.4840210003,1.02319940979,9.325,3,5,3,3,1,20260917,setup_sweep
4469,87,2,140,1400,0.00963296993144,95.6456946416,1.01913246531,9.3,3,5,3,3,1,20260917,setup_sweep
4470,87,2,145,1450,0.00990477821482,95.8364072755,1.01019595233,9.275,3,5,3,3,1,20260917,setup_sweep
4471,87,2,150,1500,0.0101984710675,96.0601293286,1.00322341764,9.25,3,5,3,3,1,20260917,setup_sweep
4472,87,2,155,1550,0.0105099784226,96.3095906472,0.997512952484,9.225,3,5,3,3,1,20260917,setup_sweep
4473,87,2,160,1600,0.0108362125534,96.5792639725,0.992668753164,9.2,3,5,3,3,1,20260917,setup_sweep
4474,87,2,165,1650,0.0111822761627,96.87733356,0.978690351364,9.175,3,5,3,3,1,20260917,setup_sweep
4475,87,2,170,1700,0.0115668504636,97.2340351516,0.975663529491,9.15,3,5,3,3,1,20260917,setup_sweep
4476,87,2,175,1750,0.0119952522432,97.6573855727,0.969031597015,9.125,3,5,3,3,1,20260917,setup_sweep
4477,87,2,180,1800,0.0124394037523,98.0996654395,0.965976560806,9.1,3,5,3,3,1,20260917,setup_sweep
4478,87,2,185,1850,0.0128889241411,98.5435069411,0.963007682171,9.075,3,5,3,3,1,20260917,setup_sweep
4479,87,2,190,1900,0.0133429425016,98.9874451334,0.960097136993,9.05,3,5,3,3,1,20260917,setup_sweep
4480,87,2,195,1950,0.0138007331837,99.4302793141,0.957224183994,9.025,3,5,3,3,1,20260917,setup_sweep
4481,87,2,200,2000,0.0142616904497,99.8710267745,0.954373389744,9,3,5,3,3,1,20260917,setup_sweep
4482,87,2,205,2050,0.014725307891,100.308885184,0.951533345222,8.975,3,5,3,3,1,20260917,setup_sweep
4483,88,2,0,0,0,85,1.4485960553,10,3,6,1,1,1,20260917,setup_sweep
4484,88,2,5,50,0.000434047823466,85.6347816167,1.44913673785,9.975,3,6,1,1,1,20260917,setup_sweep
4485,88,2,10,100,0.00083696876421,86.2075329152,1.46240381272,9.95,3,6,1,1,1,20260917,setup_sweep
4486,88,2,15,150,0.00123678424782,86.7657802068,1.4614110786,9.925,3,6,1,1,1,20260917,setup_sweep
4487,88,2,20,200,0.0016417324589,87.3232829397,1.46039047597,9.9,3,6,1,1,1,20260917,setup_sweep
4488,88,2,25,250,0.00205130103295,87.8792066858,1.45931748897,9.875,3,6,1,1,1,20260917,setup_sweep
4489,88,2,30,300,0.00246503264455,88.4328217641,1.45817282016,9.85,3,6,1,1,1,20260917,setup_sweep
4490,88,2,35,350,0.00289248758834,89.0000782466,1.44296254381,9.825,3,6,1,1,1,20260917,setup_sweep
4491,88,2,40,400,0.0033605166375,89.6249014611,1.44282144225,9.8,3,6,1,1,1,20260917,setup_sweep
4492,88,2,45,450,0.00390266258089,90.3623158693,1.42592903241,9.775,3,6,1,1,1,20260917,setup_sweep
4493,88,2,50,500,0.00449353605424,91.1676666235,1.42488547193,9.75,3,6,1,1,1,20260917,setup_sweep
4494,88,2,55,550,0.00508304920479,91.9574580407,1.42340399449,9.725,3,6,1,1,1,20260917,setup_sweep
4495,88,2,60,600,0.00567135483752,92.7321998206,1.42151214611,9.7,3,6,1,1,1,20260917,setup_sweep
4496,88,2,65,650,0.00625858930046,93.4923660407,1.41923603178,9.675,3,6,1,1,1,20260917,setup_sweep
4497,88,2,70,700,0.00684487407481,94.2383983736,1.41660040371,9.65,3,6,1,1,1,20260917,setup_sweep
4498,88,2,75,750,0.00735642157149,94.8481634876,1.43026426433,9.625,3,6,1,1,1,20260917,setup_sweep
4499,88,2,80,800,0.00781820342971,95.3660023048,1.42789881536,9.6,3,6,1,1,1,20260917,setup_sweep
4500,88,2,85,850,0.00827959907909,95.8746437562,1.42538339558,9.575,3,6,1,1,1,20260917,setup_sweep
4501,88,2,90,900,0.00874065326046,96.3743137997,1.42272829901,9.55,3,6,1,1,1,20260917,setup_sweep
4502,88,2,95,950,0.0092014055585,96.8652261359,1.41994326636,9.525,3,6,1,1,1,20260917,setup_sweep
4503,88,2,100,1000,0.00973374952148,97.4669851919,1.43115632591,9.5,3,6,1,1,1,20260917,setup_sweep
4504,88,2,105,1050,0.0102349427825,98.0060835072,1.47488647354,9.475,3,6,1,1,1,20260917,setup_sweep
4505,88,2,110,1100,0.010495983308,98.1399305581,1.47387367771,9.45,3,6,1,1,1,20260917,setup_sweep
4506,88,2,115,1150,0.0107567502612,98.2711131395,1.47286421771,9.425,3,6,1,1,1,20260917,setup_sweep
4507,88,2,120,1200,0.011017245103,98.3996777066,1.47185849207,9.4,3,6,1,1,1,20260917,setup_sweep
4508,88,2,125,1250,0.0112774694077,98.5256701333,1.47085687683,9.375,3,6,1,1,1,20260917,setup_sweep
4509,88,2,130,1300,0.0115374248447,98.6491356928,1.46985551313,9.35,3,6,1,1,1,20260917,setup_sweep
4510,88,2,135,1350,0.0118011148719,98.7767768746,1.47156987776,9.325,3,6,1,1,1,20260917,setup_sweep
4511,88,2,140,1400,0.0120751162862,98.9192818655,1.47067846648,9.3,3,6,1,1,1,20260917,setup_sweep
4512,88,2,145,1450,0.0123608977343,99.0789718618,1.4604200399,9.275,3,6,1,1,1,20260917,setup_sweep
4513,88,2,150,1500,0.0126648682272,99.2660805265,1.45162776559,9.25,3,6,1,1,1,20260917,setup_sweep
4514,88,2,155,1550,0.0129846773449,99.4762708282,1.4438815325,9.225,3,6,1,1,1,20260917,setup_sweep
4515,88,2,160,1600,0.0133183867362,99.7059582215,1.43690970847,9.2,3,6,1,1,1,20260917,setup_sweep
4516,88,2,165,1650,0.0136717918449,99.9644820353,1.41759888489,9.175,3,6,1,1,1,20260917,setup_sweep
4517,88,2,170,1700,0.0140645596145,100.28370434,1.41222464709,9.15,3,6,1,1,1,20260917,setup_sweep
4518,88,2,175,1750,0.0145110075446,100.686502907,1.39952812301,9.125,3,6,1,1,1,20260917,setup_sweep
4519,88,2,180,1800,0.0149779454249,101.116384694,1.39374673433,9.1,3,6,1,1,1,20260917,setup_sweep
4520,88,2,185,1850,0.0154530714945,101.552692826,1.38807406789,9.075,3,6,1,1,1,20260917,setup_sweep
4521,88,2,190,1900,0.0159354401382,101.993758388,1.38247777213,9.05,3,6,1,1,1,20260917,setup_sweep
4522,88,2,195,1950,0.0164242193707,102.438127831,1.37693315821,9.025,3,6,1,1,1,20260917,setup_sweep
4523,88,2,200,2000,0.0169186761083,102.884535067,1.37142147175,9,3,6,1,1,1,20260917,setup_sweep
4524,88,2,205,2050,0.017418163629,103.331877656,1.36592860132,8.975,3,6,1,1,1,20260917,setup_sweep
4525,89,2,0,0,0,85,1.41199189806,10,3,6,2,1,1,20260917,setup_sweep
4526,89,2,5,50,0.000409666715758,85.5944846391,1.41218610663,9.975,3,6,2,1,1,20260917,setup_sweep
4527,89,2,10,100,0.000791057241163,86.1323219865,1.42469419741,9.95,3,6,2,1,1,20260917,setup_sweep
4528,89,2,15,150,0.00116988449624,86.6571217982,1.42363978067,9.925,3,6,2,1,1,20260917,setup_sweep
4529,89,2,20,200,0.00155382005385,87.1816896414,1.42257594481,9.9,3,6,2,1,1,20260917,setup_sweep
4530,89,2,25,250,0.00194240215249,87.7052662325,1.42148047013,9.875,3,6,2,1,1,20260917,setup_sweep
4531,89,2,30,300,0.0023352145656,88.2271800876,1.42033556021,9.85,3,6,2,1,1,20260917,setup_sweep
4532,89,2,35,350,0.00274070868978,88.7615251337,1.40571804373,9.825,3,6,2,1,1,20260917,setup_sweep
4533,89,2,40,400,0.00318299837675,89.3477505131,1.40553377273,9.8,3,6,2,1,1,20260917,setup_sweep
4534,89,2,45,450,0.0037219379991,90.0836732388,1.4002357356,9.775,3,6,2,1,1,20260917,setup_sweep
4535,89,2,50,500,0.00421176204415,90.726611429,1.39955340253,9.75,3,6,2,1,1,20260917,setup_sweep
4536,89,2,55,550,0.00470085743834,91.3577177968,1.39866387115,9.725,3,6,2,1,1,20260917,setup_sweep
4537,89,2,60,600,0.00518894548479,91.9767273014,1.39757950374,9.7,3,6,2,1,1,20260917,setup_sweep
4538,89,2,65,650,0.0056757669418,92.5834114412,1.3963127195,9.675,3,6,2,1,1,20260917,setup_sweep
4539,89,2,70,700,0.00616108265036,93.1775786863,1.39487591597,9.65,3,6,2,1,1,20260917,setup_sweep
4540,89,2,75,750,0.00659126479458,93.6705097875,1.41019237626,9.625,3,6,2,1,1,20260917,setup_sweep
4541,89,2,80,800,0.00699005091407,94.1037022005,1.40699064156,9.6,3,6,2,1,1,20260917,setup_sweep
4542,89,2,85,850,0.00739338030904,94.5372428169,1.40383891983,9.575,3,6,2,1,1,20260917,setup_sweep
4543,89,2,90,900,0.00780077032852,94.9703282591,1.40071711936,9.55,3,6,2,1,1,20260917,setup_sweep
4544,89,2,95,950,0.00821179301382,95.4022588089,1.39760931442,9.525,3,6,2,1,1,20260917,setup_sweep
4545,89,2,100,1000,0.00870335363986,95.9607228643,1.41380664746,9.5,3,6,2,1,1,20260917,setup_sweep
4546,89,2,105,1050,0.00912734717588,96.3972143911,1.45786613987,9.475,3,6,2,1,1,20260917,setup_sweep
4547,89,2,110,1100,0.00934795190248,96.4908195659,1.45719435773,9.45,3,6,2,1,1,20260917,setup_sweep
4548,89,2,115,1150,0.00956844290863,96.5826896207,1.45652458145,9.425,3,6,2,1,1,20260917,setup_sweep
4549,89,2,120,1200,0.00978882065811,96.6728540014,1.45585698511,9.4,3,6,2,1,1,20260917,setup_sweep
4550,89,2,125,1250,0.0100090856452,96.7613417172,1.45519173133,9.375,3,6,2,1,1,20260917,setup_sweep
4551,89,2,130,1300,0.0102292383931,96.8481813458,1.45452652008,9.35,3,6,2,1,1,20260917,setup_sweep
4552,89,2,135,1350,0.0104596323311,96.9505740503,1.4539182786,9.325,3,6,2,1,1,20260917,setup_sweep
4553,89,2,140,1400,0.0107047626256,97.0755578941,1.45116692581,9.3,3,6,2,1,1,20260917,setup_sweep
4554,89,2,145,1450,0.0109631459926,97.2204362958,1.44058499695,9.275,3,6,2,1,1,20260917,setup_sweep
4555,89,2,150,1500,0.0112394873921,97.3925965889,1.43165520354,9.25,3,6,2,1,1,20260917,setup_sweep
4556,89,2,155,1550,0.0115315469938,97.5878867961,1.42388992699,9.225,3,6,2,1,1,20260917,setup_sweep
4557,89,2,160,1600,0.0118374920396,97.8028960812,1.41698173854,9.2,3,6,2,1,1,20260917,setup_sweep
4558,89,2,165,1650,0.012162388951,98.0457460295,1.3984343324,9.175,3,6,2,1,1,20260917,setup_sweep
4559,89,2,170,1700,0.012524006426,98.3451975111,1.39314525187,9.15,3,6,2,1,1,20260917,setup_sweep
4560,89,2,175,1750,0.0129371403594,98.7249675124,1.37941898782,9.125,3,6,2,1,1,20260917,setup_sweep
4561,89,2,180,1800,0.0133712740128,99.1330529029,1.37396177316,9.1,3,6,2,1,1,20260917,setup_sweep
4562,89,2,185,1850,0.0138148870858,99.5500590206,1.36866132655,9.075,3,6,2,1,1,20260917,setup_sweep
4563,89,2,190,1900,0.0142669878985,99.9741995749,1.3634752036,9.05,3,6,2,1,1,20260917,setup_sweep
4564,89,2,195,1950,0.014726694633,100.403899353,1.35837042417,9.025,3,6,2,1,1,20260917,setup_sweep
4565,89,2,200,2000,0.0151932216803,100.837768171,1.35332132563,9,3,6,2,1,1,20260917,setup_sweep
4566,89,2,205,2050,0.0156658680028,101.27457858,1.34830798094,8.975,3,6,2,1,1,20260917,setup_sweep
4567,90,2,0,0,0,85,0.994845629137,10,3,6,3,3,1,20260917,setup_sweep
4568,90,2,5,50,0.000391647470954,85.5647120735,0.993812138152,9.975,3,6,3,3,1,20260917,setup_sweep
4569,90,2,10,100,0.000760929411571,86.083040504,1.00148115924,9.95,3,6,3,3,1,20260917,setup_sweep
4570,90,2,15,150,0.00113159250938,86.5951679815,0.999919063397,9.925,3,6,3,3,1,20260917,setup_sweep
4571,90,2,20,200,0.00151044644368,87.1123669731,0.998492423605,9.9,3,6,3,3,1,20260917,setup_sweep
4572,90,2,25,250,0.00189662870582,87.6331282962,0.997156858468,9.875,3,6,3,3,1,20260917,setup_sweep
4573,90,2,30,300,0.00228937886696,88.1561364,0.99587733111,9.85,3,6,3,3,1,20260917,setup_sweep
4574,90,2,35,350,0.00269692276494,88.695048657,0.985227771057,9.825,3,6,3,3,1,20260917,setup_sweep
4575,90,2,40,400,0.00325692779403,89.4769236406,1.01351263371,9.8,3,6,3,3,1,20260917,setup_sweep
4576,90,2,45,450,0.00359460029243,89.8779601047,1.02148835923,9.775,3,6,3,3,1,20260917,setup_sweep
4577,90,2,50,500,0.00388133550623,90.1886231742,1.02122461469,9.75,3,6,3,3,1,20260917,setup_sweep
4578,90,2,55,550,0.00416795434673,90.49395904,1.0209210142,9.725,3,6,3,3,1,20260917,setup_sweep
4579,90,2,60,600,0.00445443623089,90.7940217349,1.02057965957,9.7,3,6,3,3,1,20260917,setup_sweep
4580,90,2,65,650,0.00474076171306,91.0888662782,1.02020258752,9.675,3,6,3,3,1,20260917,setup_sweep
4581,90,2,70,700,0.00502691246007,91.378548619,1.01979177204,9.65,3,6,3,3,1,20260917,setup_sweep
4582,90,2,75,750,0.00530938058484,91.6573486633,1.02131259093,9.625,3,6,3,3,1,20260917,setup_sweep
4583,90,2,80,800,0.00560866858195,91.9593984934,1.01404493523,9.6,3,6,3,3,1,20260917,setup_sweep
4584,90,2,85,850,0.00592854145993,92.2904720545,1.00811010296,9.575,3,6,3,3,1,20260917,setup_sweep
4585,90,2,90,900,0.00626590682085,92.6449799149,1.00309441085,9.55,3,6,3,3,1,20260917,setup_sweep
4586,90,2,95,950,0.00661827517809,93.0184210969,0.998737382295,9.525,3,6,3,3,1,20260917,setup_sweep
4587,90,2,100,1000,0.00704009058433,93.5006848243,1.01760314374,9.5,3,6,3,3,1,20260917,setup_sweep
4588,90,2,105,1050,0.00733796817198,93.7695154285,1.0498676418,9.475,3,6,3,3,1,20260917,setup_sweep
4589,90,2,110,1100,0.00751674288994,93.8374138959,1.04957061875,9.45,3,6,3,3,1,20260917,setup_sweep
4590,90,2,115,1150,0.0076954817284,93.9041307968,1.04927367789,9.425,3,6,3,3,1,20260917,setup_sweep
4591,90,2,120,1200,0.00787418470804,93.969685695,1.04897689231,9.4,3,6,3,3,1,20260917,setup_sweep
4592,90,2,125,1250,0.00805285186134,94.0340978504,1.04868033249,9.375,3,6,3,3,1,20260917,setup_sweep
4593,90,2,130,1300,0.0082314832309,94.0973862212,1.04838345101,9.35,3,6,3,3,1,20260917,setup_sweep
4594,90,2,135,1350,0.00842836010014,94.1898843601,1.03858011747,9.325,3,6,3,3,1,20260917,setup_sweep
4595,90,2,140,1400,0.00865640841819,94.3322950079,1.03178563979,9.3,3,6,3,3,1,20260917,setup_sweep
4596,90,2,145,1450,0.00890644227779,94.5087287939,1.02190342847,9.275,3,6,3,3,1,20260917,setup_sweep
4597,90,2,150,1500,0.00917989609365,94.7209474137,1.01408403096,9.25,3,6,3,3,1,20260917,setup_sweep
4598,90,2,155,1550,0.00947330774121,94.9626391175,1.00759872492,9.225,3,6,3,3,1,20260917,setup_sweep
4599,90,2,160,1600,0.00978398224494,95.2288636979,1.00203853851,9.2,3,6,3,3,1,20260917,setup_sweep
4600,90,2,165,1650,0.0101165817735,95.5269980543,0.988387474359,9.175,3,6,3,3,1,20260917,setup_sweep
4601,90,2,170,1700,0.0104890047837,95.8859448387,0.98445306212,9.15,3,6,3,3,1,20260917,setup_sweep
4602,90,2,175,1750,0.0109095752702,96.318638958,0.976388110596,9.125,3,6,3,3,1,20260917,setup_sweep
4603,90,2,180,1800,0.0113468795423,96.7717289877,0.973357480896,9.1,3,6,3,3,1,20260917,setup_sweep
4604,90,2,185,1850,0.011788994168,97.2252761822,0.970659225225,9.075,3,6,3,3,1,20260917,setup_sweep
4605,90,2,190,1900,0.0122308214378,97.6708383215,0.969087536141,9.05,3,6,3,3,1,20260917,setup_sweep
4606,90,2,195,1950,0.0126702093554,98.1050039854,0.967479006776,9.025,3,6,3,3,1,20260917,setup_sweep
4607,90,2,200,2000,0.0131071237551,98.5279050924,0.965838767428,9,3,6,3,3,1,20260917,setup_sweep
4608,90,2,205,2050,0.0135415403305,98.9396876751,0.964161284912,8.975,3,6,3,3,1,20260917,setup_sweep
4609,91,2,0,0,0,85,1.45433612253,10,3,7,1,1,1,20260917,setup_sweep
4610,91,2,5,50,0.000410345784898,85.5956031296,1.45509441508,9.975,3,7,1,1,1,20260917,setup_sweep
4611,91,2,10,100,0.000790710660707,86.1317244225,1.46868266302,9.95,3,7,1,1,1,20260917,setup_sweep
4612,91,2,15,150,0.00116789523538,86.6538178061,1.46774664452,9.925,3,7,1,1,1,20260917,setup_sweep
4613,91,2,20,200,0.00154961022675,87.1747686386,1.46682513386,9.9,3,7,1,1,1,20260917,setup_sweep
4614,91,2,25,250,0.00193533381997,87.6937334711,1.46588898326,9.875,3,7,1,1,1,20260917,setup_sweep
4615,91,2,30,300,0.00232460772022,88.2099877646,1.46491527486,9.85,3,7,1,1,1,20260917,setup_sweep
4616,91,2,35,350,0.0027270018057,88.7395041276,1.44965204866,9.825,3,7,1,1,1,20260917,setup_sweep
4617,91,2,40,400,0.00316883105403,89.325326558,1.44997258505,9.8,3,7,1,1,1,20260917,setup_sweep
4618,91,2,45,450,0.00367302586829,90.0049046044,1.43450560708,9.775,3,7,1,1,1,20260917,setup_sweep
4619,91,2,50,500,0.00421750507255,90.7394765897,1.43401281052,9.75,3,7,1,1,1,20260917,setup_sweep
4620,91,2,55,550,0.00475925112076,91.4573905049,1.43311416409,9.725,3,7,1,1,1,20260917,setup_sweep
4621,91,2,60,600,0.00529862289189,92.1595147491,1.43184027229,9.7,3,7,1,1,1,20260917,setup_sweep
4622,91,2,65,650,0.00583593285823,92.8466266784,1.43021918866,9.675,3,7,1,1,1,20260917,setup_sweep
4623,91,2,70,700,0.00637145289031,93.5194237035,1.42827669437,9.65,3,7,1,1,1,20260917,setup_sweep
4624,91,2,75,750,0.0068429990166,94.0750177951,1.44159004152,9.625,3,7,1,1,1,20260917,setup_sweep
4625,91,2,80,800,0.00727195208983,94.5513734799,1.43975161444,9.6,3,7,1,1,1,20260917,setup_sweep
4626,91,2,85,850,0.0077001427407,95.0185957631,1.43776943278,9.575,3,7,1,1,1,20260917,setup_sweep
4627,91,2,90,900,0.00812767225294,95.4770029831,1.43565449444,9.55,3,7,1,1,1,20260917,setup_sweep
4628,91,2,95,950,0.00855462848678,95.9268860319,1.43341696247,9.525,3,7,1,1,1,20260917,setup_sweep
4629,91,2,100,1000,0.00899116725009,96.3852831128,1.43288750964,9.5,3,7,1,1,1,20260917,setup_sweep
4630,91,2,105,1050,0.00951543803422,96.9803581162,1.47731441222,9.475,3,7,1,1,1,20260917,setup_sweep
4631,91,2,110,1100,0.00978580471815,97.1465735901,1.47623827404,9.45,3,7,1,1,1,20260917,setup_sweep
4632,91,2,115,1150,0.0100558470812,97.309505709,1.47516079219,9.425,3,7,1,1,1,20260917,setup_sweep
4633,91,2,120,1200,0.0103255654313,97.4692092515,1.47408270446,9.4,3,7,1,1,1,20260917,setup_sweep
4634,91,2,125,1250,0.0105949603089,97.625738475,1.47300470822,9.375,3,7,1,1,1,20260917,setup_sweep
4635,91,2,130,1300,0.0108640324664,97.7791470905,1.47192197628,9.35,3,7,1,1,1,20260917,setup_sweep
4636,91,2,135,1350,0.0111331796117,97.9301747369,1.47515706963,9.325,3,7,1,1,1,20260917,setup_sweep
4637,91,2,140,1400,0.0114090272781,98.0897174599,1.47563953083,9.3,3,7,1,1,1,20260917,setup_sweep
4638,91,2,145,1450,0.0116944568252,98.2625332327,1.4661087236,9.275,3,7,1,1,1,20260917,setup_sweep
4639,91,2,150,1500,0.0119962449799,98.4595253606,1.45798425776,9.25,3,7,1,1,1,20260917,setup_sweep
4640,91,2,155,1550,0.0123120794349,98.6764734011,1.4508716592,9.225,3,7,1,1,1,20260917,setup_sweep
4641,91,2,160,1600,0.0126400637129,98.9099136956,1.44451283321,9.2,3,7,1,1,1,20260917,setup_sweep
4642,91,2,165,1650,0.0129858980991,99.1690763926,1.42546272328,9.175,3,7,1,1,1,20260917,setup_sweep
4643,91,2,170,1700,0.0133684439864,99.484545231,1.42093384171,9.15,3,7,1,1,1,20260917,setup_sweep
4644,91,2,175,1750,0.0137992514245,99.874686897,1.40942858908,9.125,3,7,1,1,1,20260917,setup_sweep
4645,91,2,180,1800,0.014247011517,100.28628276,1.40454410658,9.1,3,7,1,1,1,20260917,setup_sweep
4646,91,2,185,1850,0.0147003558743,100.700303753,1.39975378677,9.075,3,7,1,1,1,20260917,setup_sweep
4647,91,2,190,1900,0.0151585394019,101.115478503,1.39503128995,9.05,3,7,1,1,1,20260917,setup_sweep
4648,91,2,195,1950,0.0156209188607,101.530724967,1.39035648927,9.025,3,7,1,1,1,20260917,setup_sweep
4649,91,2,200,2000,0.0160869383462,101.945123307,1.38571407863,9,3,7,1,1,1,20260917,setup_sweep
4650,91,2,205,2050,0.0165561169956,102.3578929,1.38109252272,8.975,3,7,1,1,1,20260917,setup_sweep
4651,92,2,0,0,0,85,1.41695930687,10,3,7,2,1,1,20260917,setup_sweep
4652,92,2,5,50,0.000389379388415,85.5609502394,1.41737041149,9.975,3,7,2,1,1,20260917,setup_sweep
4653,92,2,10,100,0.000751343094883,86.067235623,1.43019739753,9.95,3,7,2,1,1,20260917,setup_sweep
4654,92,2,15,150,0.0011105707363,86.5607145476,1.42921912954,9.925,3,7,2,1,1,20260917,setup_sweep
4655,92,2,20,200,0.00147428555704,87.0534525469,1.42826375463,9.9,3,7,2,1,1,20260917,setup_sweep
4656,92,2,25,250,0.00184202062308,87.5446902154,1.42730586916,9.875,3,7,2,1,1,20260917,setup_sweep
4657,92,2,30,300,0.00221336089229,88.033766454,1.42632518778,9.85,3,7,2,1,1,20260917,setup_sweep
4658,92,2,35,350,0.00259686585683,88.5349632305,1.41166506319,9.825,3,7,2,1,1,20260917,setup_sweep
4659,92,2,40,400,0.00301648447557,89.0874583609,1.41180861115,9.8,3,7,2,1,1,20260917,setup_sweep
4660,92,2,45,450,0.00350121814483,89.7388127136,1.39342354869,9.775,3,7,2,1,1,20260917,setup_sweep
4661,92,2,50,500,0.00402861976409,90.4495589833,1.39290825843,9.75,3,7,2,1,1,20260917,setup_sweep
4662,92,2,55,550,0.00455452023921,91.146076888,1.39204250064,9.725,3,7,2,1,1,20260917,setup_sweep
4663,92,2,60,600,0.00507909543023,91.8288922273,1.39084898427,9.7,3,7,2,1,1,20260917,setup_sweep
4664,92,2,65,650,0.00560250160832,92.4984897381,1.38934901558,9.675,3,7,2,1,1,20260917,setup_sweep
4665,92,2,70,700,0.00612487769296,93.155317469,1.38756261119,9.65,3,7,2,1,1,20260917,setup_sweep
4666,92,2,75,750,0.00658141988055,93.6921178171,1.40388312539,9.625,3,7,2,1,1,20260917,setup_sweep
4667,92,2,80,800,0.00699412911474,94.1479543852,1.40221888734,9.6,3,7,2,1,1,20260917,setup_sweep
4668,92,2,85,850,0.00740641426726,94.5955558092,1.40043224403,9.575,3,7,2,1,1,20260917,setup_sweep
4669,92,2,90,900,0.00781832564756,95.035141346,1.39853156415,9.55,3,7,2,1,1,20260917,setup_sweep
4670,92,2,95,950,0.00822990825315,95.4669178492,1.39652473013,9.525,3,7,2,1,1,20260917,setup_sweep
4671,92,2,100,1000,0.00871208541405,96.0088275551,1.41059172259,9.5,3,7,2,1,1,20260917,setup_sweep
4672,92,2,105,1050,0.00914965817399,96.466940731,1.45529489743,9.475,3,7,2,1,1,20260917,setup_sweep
4673,92,2,110,1100,0.00937455438029,96.5664865919,1.45459280716,9.45,3,7,2,1,1,20260917,setup_sweep
4674,92,2,115,1150,0.00959932291111,96.6641760766,1.45389262336,9.425,3,7,2,1,1,20260917,setup_sweep
4675,92,2,120,1200,0.00982396426724,96.7600406959,1.45319455058,9.4,3,7,2,1,1,20260917,setup_sweep
4676,92,2,125,1250,0.0100484789852,96.8541114992,1.45249878073,9.375,3,7,2,1,1,20260917,setup_sweep
4677,92,2,130,1300,0.0102728676349,96.9464190777,1.45180253996,9.35,3,7,2,1,1,20260917,setup_sweep
4678,92,2,135,1350,0.0105056848288,97.0511866125,1.45209626088,9.325,3,7,2,1,1,20260917,setup_sweep
4679,92,2,140,1400,0.0107511903181,97.1751234735,1.45025866267,9.3,3,7,2,1,1,20260917,setup_sweep
4680,92,2,145,1450,0.011008560461,97.3166787684,1.44018068188,9.275,3,7,2,1,1,20260917,setup_sweep
4681,92,2,150,1500,0.0112826320769,97.4834938779,1.43172596135,9.25,3,7,2,1,1,20260917,setup_sweep
4682,92,2,155,1550,0.0115711312077,97.6713938731,1.42441937077,9.225,3,7,2,1,1,20260917,setup_sweep
4683,92,2,160,1600,0.0118722063979,97.876970848,1.41796015476,9.2,3,7,2,1,1,20260917,setup_sweep
4684,92,2,165,1650,0.0121908031389,98.1081790098,1.39960459833,9.175,3,7,2,1,1,20260917,setup_sweep
4685,92,2,170,1700,0.0125440044458,98.3926837771,1.39493334943,9.15,3,7,2,1,1,20260917,setup_sweep
4686,92,2,175,1750,0.0129442036459,98.7502775717,1.38222364335,9.125,3,7,2,1,1,20260917,setup_sweep
4687,92,2,180,1800,0.013362407812,99.1316103725,1.37740885203,9.1,3,7,2,1,1,20260917,setup_sweep
4688,92,2,185,1850,0.013787826143,99.5185622103,1.37274622448,9.075,3,7,2,1,1,20260917,setup_sweep
4689,92,2,190,1900,0.0142195872796,99.9096002388,1.36819847503,9.05,3,7,2,1,1,20260917,setup_sweep
4690,92,2,195,1950,0.0146569290582,100.303397397,1.36373664767,9.025,3,7,2,1,1,20260917,setup_sweep
4691,92,2,200,2000,0.0150991838289,100.698804747,1.35933821325,9,3,7,2,1,1,20260917,setup_sweep
4692,92,2,205,2050,0.0155457660193,101.094827975,1.35498566157,8.975,3,7,2,1,1,20260917,setup_sweep
4693,93,2,0,0,0,85,0.992501930739,10,3,7,3,3,1,20260917,setup_sweep
4694,93,2,5,50,0.000395682031819,85.5713708763,0.992473842969,9.975,3,7,3,3,1,20260917,setup_sweep
4695,93,2,10,100,0.000764658151483,86.0890758467,1.00118332327,9.95,3,7,3,3,1,20260917,setup_sweep
4696,93,2,15,150,0.00113216158749,86.5958754086,1.00020328124,9.925,3,7,3,3,1,20260917,setup_sweep
4697,93,2,20,200,0.00150537247478,87.103730318,0.999292980185,9.9,3,7,3,3,1,20260917,setup_sweep
4698,93,2,25,250,0.00188362051368,87.6115154246,0.998421736692,9.875,3,7,3,3,1,20260917,setup_sweep
4699,93,2,30,300,0.00226631919233,88.1182626344,0.997565330085,9.85,3,7,3,3,1,20260917,setup_sweep
4700,93,2,35,350,0.00267970795117,88.6675044064,0.98748505989,9.825,3,7,3,3,1,20260917,setup_sweep
4701,93,2,40,400,0.00321160510677,89.4037671191,1.01065690518,9.8,3,7,3,3,1,20260917,setup_sweep
4702,93,2,45,450,0.00356334774507,89.8292294408,1.01899038794,9.775,3,7,3,3,1,20260917,setup_sweep
4703,93,2,50,500,0.00385973074964,90.1566443292,1.01872604658,9.75,3,7,3,3,1,20260917,setup_sweep
4704,93,2,55,550,0.0041559842491,90.4784334152,1.01841781008,9.725,3,7,3,3,1,20260917,setup_sweep
4705,93,2,60,600,0.00445208300167,90.7946479673,1.01806799518,9.7,3,7,3,3,1,20260917,setup_sweep
4706,93,2,65,650,0.0047480031768,91.105340739,1.01767885199,9.675,3,7,3,3,1,20260917,setup_sweep
4707,93,2,70,700,0.00504372231302,91.4105658748,1.01725256227,9.65,3,7,3,3,1,20260917,setup_sweep
4708,93,2,75,750,0.00533293723691,91.6999714586,1.019470336,9.625,3,7,3,3,1,20260917,setup_sweep
4709,93,2,80,800,0.0056347452212,92.0054756503,1.01303550418,9.6,3,7,3,3,1,20260917,setup_sweep
4710,93,2,85,850,0.00595437190622,92.3353748132,1.0077815671,9.575,3,7,3,3,1,20260917,setup_sweep
4711,93,2,90,900,0.00628890117497,92.6844473158,1.00335135548,9.55,3,7,3,3,1,20260917,setup_sweep
4712,93,2,95,950,0.00663599707299,93.0485163418,0.999515326887,9.525,3,7,3,3,1,20260917,setup_sweep
4713,93,2,100,1000,0.00704474150312,93.5087634743,1.01565116669,9.5,3,7,3,3,1,20260917,setup_sweep
4714,93,2,105,1050,0.00735075493988,93.7908833414,1.04884146752,9.475,3,7,3,3,1,20260917,setup_sweep
4715,93,2,110,1100,0.00753160290687,93.8618554014,1.04853702287,9.45,3,7,3,3,1,20260917,setup_sweep
4716,93,2,115,1150,0.00771241222058,93.9315905083,1.04823258294,9.425,3,7,3,3,1,20260917,setup_sweep
4717,93,2,120,1200,0.00789318289531,94.0001091306,1.04792823021,9.4,3,7,3,3,1,20260917,setup_sweep
4718,93,2,125,1250,0.00807391495613,94.0674314166,1.04762404221,9.375,3,7,3,3,1,20260917,setup_sweep
4719,93,2,130,1300,0.00825460844154,94.1335772036,1.04731939677,9.35,3,7,3,3,1,20260917,setup_sweep
4720,93,2,135,1350,0.00845311231485,94.2281646,1.03774545724,9.325,3,7,3,3,1,20260917,setup_sweep
4721,93,2,140,1400,0.00868141886818,94.3703654211,1.03150916291,9.3,3,7,3,3,1,20260917,setup_sweep
4722,93,2,145,1450,0.00893038857579,94.544408374,1.02195936782,9.275,3,7,3,3,1,20260917,setup_sweep
4723,93,2,150,1500,0.00920149266174,94.7521505435,1.01446596691,9.25,3,7,3,3,1,20260917,setup_sweep
4724,93,2,155,1550,0.00949117229082,94.987154896,1.00830349311,9.225,3,7,3,3,1,20260917,setup_sweep
4725,93,2,160,1600,0.00979667315203,95.2444197665,1.00306417618,9.2,3,7,3,3,1,20260917,setup_sweep
4726,93,2,165,1650,0.010122499551,95.5310973362,0.989551396301,9.175,3,7,3,3,1,20260917,setup_sweep
4727,93,2,170,1700,0.0104857680456,95.8748406508,0.986074767505,9.15,3,7,3,3,1,20260917,setup_sweep
4728,93,2,175,1750,0.0108955014564,96.2898070238,0.978194039072,9.125,3,7,3,3,1,20260917,setup_sweep
4729,93,2,180,1800,0.0113238721997,96.7286127908,0.974891647089,9.1,3,7,3,3,1,20260917,setup_sweep
4730,93,2,185,1850,0.0117590355377,97.1713872348,0.971903056138,9.075,3,7,3,3,1,20260917,setup_sweep
4731,93,2,190,1900,0.0121988431418,97.6145154168,0.969175341587,9.05,3,7,3,3,1,20260917,setup_sweep
4732,93,2,195,1950,0.0126415997931,98.0551903364,0.966649457056,9.025,3,7,3,3,1,20260917,setup_sweep
4733,93,2,200,2000,0.0130859476891,98.4912089815,0.964278148085,9,3,7,3,3,1,20260917,setup_sweep
4734,93,2,205,2050,0.0135308163304,98.920879511,0.962024226386,8.975,3,7,3,3,1,20260917,setup_sweep
4735,94,2,0,0,0,85,1.4491964963,10,3,8,1,1,1,20260917,setup_sweep
4736,94,2,5,50,0.000430213731238,85.628442336,1.44999356573,9.975,3,8,1,1,1,20260917,setup_sweep
4737,94,2,10,100,0.000830936445437,86.1976704914,1.46272967533,9.95,3,8,1,1,1,20260917,setup_sweep
4738,94,2,15,150,0.00122860835797,86.7525365665,1.46188526077,9.925,3,8,1,1,1,20260917,setup_sweep
4739,94,2,20,200,0.0016308593331,87.3057988375,1.4610148014,9.9,3,8,1,1,1,20260917,setup_sweep
4740,94,2,25,250,0.00203717862572,87.8566397703,1.46009273679,9.875,3,8,1,1,1,20260917,setup_sweep
4741,94,2,30,300,0.00244711671865,88.4043565249,1.45909924154,9.85,3,8,1,1,1,20260917,setup_sweep
4742,94,2,35,350,0.00286989762181,88.9643529811,1.44485786755,9.825,3,8,1,1,1,20260917,setup_sweep
4743,94,2,40,400,0.00333104099363,89.5783835038,1.44494086159,9.8,3,8,1,1,1,20260917,setup_sweep
4744,94,2,45,450,0.00385961496908,90.2941004725,1.42959589421,9.775,3,8,1,1,1,20260917,setup_sweep
4745,94,2,50,500,0.00443201572425,91.0700437171,1.42879972746,9.75,3,8,1,1,1,20260917,setup_sweep
4746,94,2,55,550,0.00500208966129,91.8293165327,1.42757498336,9.725,3,8,1,1,1,20260917,setup_sweep
4747,94,2,60,600,0.00557012511082,92.5726709443,1.42595195209,9.7,3,8,1,1,1,20260917,setup_sweep
4748,94,2,65,650,0.00613637554215,93.3007889356,1.42395875149,9.675,3,8,1,1,1,20260917,setup_sweep
4749,94,2,70,700,0.00670106354742,94.0142901911,1.42162153281,9.65,3,8,1,1,1,20260917,setup_sweep
4750,94,2,75,750,0.00719709478416,94.6021487311,1.43417902168,9.625,3,8,1,1,1,20260917,setup_sweep
4751,94,2,80,800,0.00764741610741,95.1051105635,1.43202459329,9.6,3,8,1,1,1,20260917,setup_sweep
4752,94,2,85,850,0.00809707612338,95.5986663188,1.42972014697,9.575,3,8,1,1,1,20260917,setup_sweep
4753,94,2,90,900,0.00854615818049,96.0831092048,1.42727672177,9.55,3,8,1,1,1,20260917,setup_sweep
4754,94,2,95,950,0.00899473520316,96.5587103556,1.42470462081,9.525,3,8,1,1,1,20260917,setup_sweep
4755,94,2,100,1000,0.00946008944563,97.0543710022,1.42471771485,9.5,3,8,1,1,1,20260917,setup_sweep
4756,94,2,105,1050,0.0100105525854,97.6816824891,1.46617485718,9.475,3,8,1,1,1,20260917,setup_sweep
4757,94,2,110,1100,0.0103005853972,97.8688111181,1.46491110508,9.45,3,8,1,1,1,20260917,setup_sweep
4758,94,2,115,1150,0.0105901928748,98.0521437683,1.46364589681,9.425,3,8,1,1,1,20260917,setup_sweep
4759,94,2,120,1200,0.0108793755435,98.2317440504,1.46238018706,9.4,3,8,1,1,1,20260917,setup_sweep
4760,94,2,125,1250,0.0111681342627,98.4076750762,1.46111487672,9.375,3,8,1,1,1,20260917,setup_sweep
4761,94,2,130,1300,0.0114564702114,98.5799994429,1.45984532086,9.35,3,8,1,1,1,20260917,setup_sweep
4762,94,2,135,1350,0.0117427315452,98.7460723151,1.46287836632,9.325,3,8,1,1,1,20260917,setup_sweep
4763,94,2,140,1400,0.0120348462974,98.9190136821,1.46331437554,9.3,3,8,1,1,1,20260917,setup_sweep
4764,94,2,145,1450,0.0123365929139,99.1050932496,1.45388250333,9.275,3,8,1,1,1,20260917,setup_sweep
4765,94,2,150,1500,0.0126551586602,99.3158909309,1.44577174111,9.25,3,8,1,1,1,20260917,setup_sweep
4766,94,2,155,1550,0.0129881594625,99.5470587636,1.43860791961,9.225,3,8,1,1,1,20260917,setup_sweep
4767,94,2,160,1600,0.0133336477386,99.7950418107,1.43214612183,9.2,3,8,1,1,1,20260917,setup_sweep
4768,94,2,165,1650,0.0136972811072,100.068994321,1.41375934621,9.175,3,8,1,1,1,20260917,setup_sweep
4769,94,2,170,1700,0.0140978868755,100.399439803,1.40894385471,9.15,3,8,1,1,1,20260917,setup_sweep
4770,94,2,175,1750,0.0145499504135,100.809601655,1.39737131088,9.125,3,8,1,1,1,20260917,setup_sweep
4771,94,2,180,1800,0.0150201113374,101.242770978,1.39205942239,9.1,3,8,1,1,1,20260917,setup_sweep
4772,94,2,185,1850,0.0154962640567,101.67868239,1.38682407268,9.075,3,8,1,1,1,20260917,setup_sweep
4773,94,2,190,1900,0.0159776396943,102.11601997,1.3816413219,9.05,3,8,1,1,1,20260917,setup_sweep
4774,94,2,195,1950,0.0164635718446,102.553658882,1.37649313984,9.025,3,8,1,1,1,20260917,setup_sweep
4775,94,2,200,2000,0.0169534820046,102.990638144,1.37136606667,9,3,8,1,1,1,20260917,setup_sweep
4776,94,2,205,2050,0.0174468673062,103.426137645,1.36625020449,8.975,3,8,1,1,1,20260917,setup_sweep
4777,95,2,0,0,0,85,1.4119381696,10,3,8,2,1,1,20260917,setup_sweep
4778,95,2,5,50,0.000408341330878,85.5922920224,1.41238551849,9.975,3,8,2,1,1,20260917,setup_sweep
4779,95,2,10,100,0.000789571063418,86.1299039399,1.42445952434,9.95,3,8,2,1,1,20260917,setup_sweep
4780,95,2,15,150,0.00116821185409,86.654434412,1.42355151351,9.925,3,8,2,1,1,20260917,setup_sweep
4781,95,2,20,200,0.00155145438867,87.1779000846,1.42263371752,9.9,3,8,2,1,1,20260917,setup_sweep
4782,95,2,25,250,0.00193883316408,87.6995492689,1.42168308485,9.875,3,8,2,1,1,20260917,setup_sweep
4783,95,2,30,300,0.0023299341771,88.2187278078,1.42068142488,9.85,3,8,2,1,1,20260917,setup_sweep
4784,95,2,35,350,0.00273300919746,88.7492107581,1.40692662247,9.825,3,8,2,1,1,20260917,setup_sweep
4785,95,2,40,400,0.00317127697462,89.3289899737,1.40687292913,9.8,3,8,2,1,1,20260917,setup_sweep
4786,95,2,45,450,0.00368058662262,90.0169673429,1.38941799931,9.775,3,8,2,1,1,20260917,setup_sweep
4787,95,2,50,500,0.00423172790474,90.7623565471,1.3886443531,9.75,3,8,2,1,1,20260917,setup_sweep
4788,95,2,55,550,0.00478205187496,91.4940736894,1.38758951076,9.725,3,8,2,1,1,20260917,setup_sweep
4789,95,2,60,600,0.00533115146324,92.2116720287,1.38627004891,9.7,3,8,2,1,1,20260917,setup_sweep
4790,95,2,65,650,0.00587865175423,92.9147653098,1.38470342632,9.675,3,8,2,1,1,20260917,setup_sweep
4791,95,2,70,700,0.00642420648803,93.6030210272,1.38290724576,9.65,3,8,2,1,1,20260917,setup_sweep
4792,95,2,75,750,0.00689839094974,94.1615614971,1.39822023907,9.625,3,8,2,1,1,20260917,setup_sweep
4793,95,2,80,800,0.00732703019031,94.6359703659,1.39616778123,9.6,3,8,2,1,1,20260917,setup_sweep
4794,95,2,85,850,0.00775590180323,95.1029219616,1.39400215772,9.575,3,8,2,1,1,20260917,setup_sweep
4795,95,2,90,900,0.00818497990211,95.5624967651,1.39172960892,9.55,3,8,2,1,1,20260917,setup_sweep
4796,95,2,95,950,0.00861424265447,96.0147806255,1.38935627577,9.525,3,8,2,1,1,20260917,setup_sweep
4797,95,2,100,1000,0.00912149340482,96.5891221437,1.40259658422,9.5,3,8,2,1,1,20260917,setup_sweep
4798,95,2,105,1050,0.00958204517662,97.0756176342,1.44566080644,9.475,3,8,2,1,1,20260917,setup_sweep
4799,95,2,110,1100,0.00982158033642,97.1892989198,1.44484630825,9.45,3,8,2,1,1,20260917,setup_sweep
4800,95,2,115,1150,0.010060945774,97.3008206944,1.44403408121,9.425,3,8,2,1,1,20260917,setup_sweep
4801,95,2,120,1200,0.0103001421874,97.4102198054,1.44322439913,9.4,3,8,2,1,1,20260917,setup_sweep
4802,95,2,125,1250,0.0105391703312,97.5175325847,1.44241751784,9.375,3,8,2,1,1,20260917,setup_sweep
4803,95,2,130,1300,0.010778031015,97.6227948545,1.44161060606,9.35,3,8,2,1,1,20260917,setup_sweep
4804,95,2,135,1350,0.0110243206394,97.7386493935,1.44180379808,9.325,3,8,2,1,1,20260917,setup_sweep
4805,95,2,140,1400,0.0112832133462,97.8733487597,1.43998362736,9.3,3,8,2,1,1,20260917,setup_sweep
4806,95,2,145,1450,0.0115543812897,98.0261709413,1.42992457489,9.275,3,8,2,1,1,20260917,setup_sweep
4807,95,2,150,1500,0.0118429831148,98.205276964,1.42144126497,9.25,3,8,2,1,1,20260917,setup_sweep
4808,95,2,155,1550,0.0121466227721,98.4062732583,1.41406676775,9.225,3,8,2,1,1,20260917,setup_sweep
4809,95,2,160,1600,0.0124633586804,98.6255896997,1.40750582867,9.2,3,8,2,1,1,20260917,setup_sweep
4810,95,2,165,1650,0.0127981305897,98.8711611007,1.38965796277,9.175,3,8,2,1,1,20260917,setup_sweep
4811,95,2,170,1700,0.0131681371397,99.1708322786,1.38476162786,9.15,3,8,2,1,1,20260917,setup_sweep
4812,95,2,175,1750,0.0135880909777,99.548224077,1.37216438511,9.125,3,8,2,1,1,20260917,setup_sweep
4813,95,2,180,1800,0.0140271928629,99.9509099625,1.36700112208,9.1,3,8,2,1,1,20260917,setup_sweep
4814,95,2,185,1850,0.0144739879805,100.359653713,1.36196976564,9.075,3,8,2,1,1,20260917,setup_sweep
4815,95,2,190,1900,0.0149275765564,100.772868269,1.35703519771,9.05,3,8,2,1,1,20260917,setup_sweep
4816,95,2,195,1950,0.0153871700532,101.189176624,1.35217039551,9.025,3,8,2,1,1,20260917,setup_sweep
4817,95,2,200,2000,0.0158520760091,101.6073833,1.34735456615,9,3,8,2,1,1,20260917,setup_sweep
4818,95,2,205,2050,0.0163216852927,102.026450287,1.34257176889,8.975,3,8,2,1,1,20260917,setup_sweep
4819,96,2,0,0,0,85,0.987514656633,10,3,8,3,3,1,20260917,setup_sweep
4820,96,2,5,50,0.000421217116962,85.6135750806,0.987752427416,9.975,3,8,3,3,1,20260917,setup_sweep
4821,96,2,10,100,0.000814792036067,86.1712387144,0.99613458304,9.95,3,8,3,3,1,20260917,setup_sweep
4822,96,2,15,150,0.00120634316401,86.7164266344,0.995360744539,9.925,3,8,3,3,1,20260917,setup_sweep
4823,96,2,20,200,0.00160320930425,87.2613869159,0.994603853086,9.9,3,8,3,3,1,20260917,setup_sweep
4824,96,2,25,250,0.00200478816925,87.8051280043,0.993840354467,9.875,3,8,3,3,1,20260917,setup_sweep
4825,96,2,30,300,0.00241055074754,88.3467958188,0.993051808803,9.85,3,8,3,3,1,20260917,setup_sweep
4826,96,2,35,350,0.00284658795598,88.9296934267,0.983655972624,9.825,3,8,3,3,1,20260917,setup_sweep
4827,96,2,40,400,0.0034101103552,89.7139798477,1.00485490942,9.8,3,8,3,3,1,20260917,setup_sweep
4828,96,2,45,450,0.00379127756147,90.1828891902,1.01354932477,9.775,3,8,3,3,1,20260917,setup_sweep
4829,96,2,50,500,0.00411014162761,90.5416164078,1.01321091235,9.75,3,8,3,3,1,20260917,setup_sweep
4830,96,2,55,550,0.00442881996848,90.8941073359,1.01282114312,9.725,3,8,3,3,1,20260917,setup_sweep
4831,96,2,60,600,0.00474728030108,91.2404116963,1.01238282138,9.7,3,8,3,3,1,20260917,setup_sweep
4832,96,2,65,650,0.00506549222714,91.5805815043,1.011898673,9.675,3,8,3,3,1,20260917,setup_sweep
4833,96,2,70,700,0.0053834271796,91.9146709419,1.0113713445,9.65,3,8,3,3,1,20260917,setup_sweep
4834,96,2,75,750,0.00569282228601,92.2290885137,1.01361928087,9.625,3,8,3,3,1,20260917,setup_sweep
4835,96,2,80,800,0.00601348313831,92.5570081649,1.00745176293,9.6,3,8,3,3,1,20260917,setup_sweep
4836,96,2,85,850,0.00635194926359,92.908930148,1.00234640401,9.575,3,8,3,3,1,20260917,setup_sweep
4837,96,2,90,900,0.00670532652562,93.2796756502,0.997981818468,9.55,3,8,3,3,1,20260917,setup_sweep
4838,96,2,95,950,0.00707130067801,93.6651095176,0.994149772149,9.525,3,8,3,3,1,20260917,setup_sweep
4839,96,2,100,1000,0.00750299927287,94.1531684012,1.00879786149,9.5,3,8,3,3,1,20260917,setup_sweep
4840,96,2,105,1050,0.00783175533781,94.4621823504,1.04327002177,9.475,3,8,3,3,1,20260917,setup_sweep
4841,96,2,110,1100,0.00802172152299,94.5371298779,1.04292892861,9.45,3,8,3,3,1,20260917,setup_sweep
4842,96,2,115,1150,0.00821163778419,94.6107561148,1.04258816814,9.425,3,8,3,3,1,20260917,setup_sweep
4843,96,2,120,1200,0.00840150419643,94.6830830241,1.04224782728,9.4,3,8,3,3,1,20260917,setup_sweep
4844,96,2,125,1250,0.00859132084793,94.7541322277,1.0419079881,9.375,3,8,3,3,1,20260917,setup_sweep
4845,96,2,130,1300,0.00878108783979,94.8239250114,1.04156800065,9.35,3,8,3,3,1,20260917,setup_sweep
4846,96,2,135,1350,0.00899051463729,94.9251667709,1.03133303269,9.325,3,8,3,3,1,20260917,setup_sweep
4847,96,2,140,1400,0.00923093802808,95.0758739279,1.02523440194,9.3,3,8,3,3,1,20260917,setup_sweep
4848,96,2,145,1450,0.00949291375814,95.2597555409,1.01569791333,9.275,3,8,3,3,1,20260917,setup_sweep
4849,96,2,150,1500,0.00977807188034,95.4789053662,1.00818728684,9.25,3,8,3,3,1,20260917,setup_sweep
4850,96,2,155,1550,0.0100826283561,95.7264884033,1.00197958572,9.225,3,8,3,3,1,20260917,setup_sweep
4851,96,2,160,1600,0.0104036743077,95.9972282777,0.996669237401,9.2,3,8,3,3,1,20260917,setup_sweep
4852,96,2,165,1650,0.0107456397278,96.2981399932,0.983534743461,9.175,3,8,3,3,1,20260917,setup_sweep
4853,96,2,170,1700,0.0111256482533,96.6568749704,0.979890606809,9.15,3,8,3,3,1,20260917,setup_sweep
4854,96,2,175,1750,0.0115549133055,97.0912060812,0.972014535565,9.125,3,8,3,3,1,20260917,setup_sweep
4855,96,2,180,1800,0.0120041414049,97.5512427454,0.968424887868,9.1,3,8,3,3,1,20260917,setup_sweep
4856,96,2,185,1850,0.0124621373956,98.0181649916,0.964957095802,9.075,3,8,3,3,1,20260917,setup_sweep
4857,96,2,190,1900,0.0129277508838,98.4899579593,0.96157352281,9.05,3,8,3,3,1,20260917,setup_sweep
4858,96,2,195,1950,0.0133998461731,98.9646629479,0.958272638505,9.025,3,8,3,3,1,20260917,setup_sweep
4859,96,2,200,2000,0.0138760162206,99.4382509279,0.95519711721,9,3,8,3,3,1,20260917,setup_sweep
4860,96,2,205,2050,0.0143542629741,99.907440102,0.952323824464,8.975,3,8,3,3,1,20260917,setup_sweep
4861,97,2,0,0,0,85,1.45265735599,10,3,9,1,1,1,20260917,setup_sweep
4862,97,2,5,50,0.000411882159357,85.5981424578,1.45343204711,9.975,3,9,1,1,1,20260917,setup_sweep
4863,97,2,10,100,0.000789747434162,86.1300792266,1.46939109578,9.95,3,9,1,1,1,20260917,setup_sweep
4864,97,2,15,150,0.00116339604263,86.6463552733,1.4684498593,9.925,3,9,1,1,1,20260917,setup_sweep
4865,97,2,20,200,0.00154152876468,87.1615083686,1.46753173977,9.9,3,9,1,1,1,20260917,setup_sweep
4866,97,2,25,250,0.00192361619216,87.6746821956,1.46660624968,9.875,3,9,1,1,1,20260917,setup_sweep
4867,97,2,30,300,0.00230919510704,88.1851439719,1.46564945566,9.85,3,9,1,1,1,20260917,setup_sweep
4868,97,2,35,350,0.00270900286112,88.7108089165,1.44795645927,9.825,3,9,1,1,1,20260917,setup_sweep
4869,97,2,40,400,0.00315277465973,89.3003159423,1.44832681205,9.8,3,9,1,1,1,20260917,setup_sweep
4870,97,2,45,450,0.00365793451688,89.9818976944,1.43322338706,9.775,3,9,1,1,1,20260917,setup_sweep
4871,97,2,50,500,0.00420265529665,90.7172488278,1.43277102888,9.75,3,9,1,1,1,20260917,setup_sweep
4872,97,2,55,550,0.00474447388466,91.4356496981,1.43190752413,9.725,3,9,1,1,1,20260917,setup_sweep
4873,97,2,60,600,0.00528378078596,92.1380257938,1.43066456202,9.7,3,9,1,1,1,20260917,setup_sweep
4874,97,2,65,650,0.00582091442637,92.8252012427,1.42907107483,9.675,3,9,1,1,1,20260917,setup_sweep
4875,97,2,70,700,0.00635616799902,93.4979118025,1.42715355384,9.65,3,9,1,1,1,20260917,setup_sweep
4876,97,2,75,750,0.00682827874827,94.0547995335,1.4401577159,9.625,3,9,1,1,1,20260917,setup_sweep
4877,97,2,80,800,0.00725835091223,94.5333390026,1.4383272114,9.6,3,9,1,1,1,20260917,setup_sweep
4878,97,2,85,850,0.0076876246178,95.0026494304,1.4363503434,9.575,3,9,1,1,1,20260917,setup_sweep
4879,97,2,90,900,0.0081162082124,95.463062408,1.43423845581,9.55,3,9,1,1,1,20260917,setup_sweep
4880,97,2,95,950,0.00854419545378,95.914879935,1.4320020062,9.525,3,9,1,1,1,20260917,setup_sweep
4881,97,2,100,1000,0.00898548087622,96.3813621677,1.43425982509,9.5,3,9,1,1,1,20260917,setup_sweep
4882,97,2,105,1050,0.00950315925426,96.9656001712,1.47985830128,9.475,3,9,1,1,1,20260917,setup_sweep
4883,97,2,110,1100,0.00976661117079,97.1206305911,1.4788272272,9.45,3,9,1,1,1,20260917,setup_sweep
4884,97,2,115,1150,0.0100297949783,97.2726554388,1.47779561703,9.425,3,9,1,1,1,20260917,setup_sweep
4885,97,2,120,1200,0.0102927109998,97.4217249262,1.47676409156,9.4,3,9,1,1,1,20260917,setup_sweep
4886,97,2,125,1250,0.0105553597311,97.5678887214,1.47573324099,9.375,3,9,1,1,1,20260917,setup_sweep
4887,97,2,130,1300,0.0108177418259,97.7111959316,1.47469533181,9.35,3,9,1,1,1,20260917,setup_sweep
4888,97,2,135,1350,0.0110830689218,97.8570424177,1.47564375942,9.325,3,9,1,1,1,20260917,setup_sweep
4889,97,2,140,1400,0.011355598817,98.0123041073,1.4773544459,9.3,3,9,1,1,1,20260917,setup_sweep
4890,97,2,145,1450,0.0116373383172,98.1803012412,1.46758691634,9.275,3,9,1,1,1,20260917,setup_sweep
4891,97,2,150,1500,0.011935779527,98.3731211201,1.45933259574,9.25,3,9,1,1,1,20260917,setup_sweep
4892,97,2,155,1550,0.0122484773563,98.5863132603,1.45215480667,9.225,3,9,1,1,1,20260917,setup_sweep
4893,97,2,160,1600,0.0125734438517,98.8162559969,1.44577243131,9.2,3,9,1,1,1,20260917,setup_sweep
4894,97,2,165,1650,0.0129172059781,99.0735514747,1.42449969724,9.175,3,9,1,1,1,20260917,setup_sweep
4895,97,2,170,1700,0.0133013051872,99.3931667838,1.41994436701,9.15,3,9,1,1,1,20260917,setup_sweep
4896,97,2,175,1750,0.0137332413836,99.7866832381,1.40856626106,9.125,3,9,1,1,1,20260917,setup_sweep
4897,97,2,180,1800,0.0141820351349,100.201442186,1.40368242089,9.1,3,9,1,1,1,20260917,setup_sweep
4898,97,2,185,1850,0.0146364132596,100.618574116,1.39889688122,9.075,3,9,1,1,1,20260917,setup_sweep
4899,97,2,190,1900,0.0150956118695,101.036777463,1.39418188885,9.05,3,9,1,1,1,20260917,setup_sweep
4900,97,2,195,1950,0.0155589741782,101.454949166,1.38951630236,9.025,3,9,1,1,1,20260917,setup_sweep
4901,97,2,200,2000,0.0160259348216,101.872155467,1.38488408709,9,3,9,1,1,1,20260917,setup_sweep
4902,97,2,205,2050,0.016496006657,102.287607308,1.38027318628,8.975,3,9,1,1,1,20260917,setup_sweep
4903,98,2,0,0,0,85,1.41511867406,10,3,9,2,1,1,20260917,setup_sweep
4904,98,2,5,50,0.000391511699866,85.5644744636,1.41556549175,9.975,3,9,2,1,1,20260917,setup_sweep
4905,98,2,10,100,0.000751724632344,86.0677971981,1.43066663671,9.95,3,9,2,1,1,20260917,setup_sweep
4906,98,2,15,150,0.00110817775676,86.5566808026,1.42969933821,9.925,3,9,2,1,1,20260917,setup_sweep
4907,98,2,20,200,0.00146904093128,87.0447719428,1.42875989118,9.9,3,9,2,1,1,20260917,setup_sweep
4908,98,2,25,250,0.00183384391104,87.5313065971,1.42782217195,9.875,3,9,2,1,1,20260917,setup_sweep
4909,98,2,30,300,0.00220217009321,88.0156220183,1.42686536079,9.85,3,9,2,1,1,20260917,setup_sweep
4910,98,2,35,350,0.00258370793436,88.5138796107,1.40989469389,9.825,3,9,2,1,1,20260917,setup_sweep
4911,98,2,40,400,0.0030057152065,89.0706708619,1.41015571874,9.8,3,9,2,1,1,20260917,setup_sweep
4912,98,2,45,450,0.00350509024583,89.746062984,1.40246090787,9.775,3,9,2,1,1,20260917,setup_sweep
4913,98,2,50,500,0.00398037948932,90.3705579096,1.40190326828,9.75,3,9,2,1,1,20260917,setup_sweep
4914,98,2,55,550,0.00445516275408,90.983893993,1.40114346098,9.725,3,9,2,1,1,20260917,setup_sweep
4915,98,2,60,600,0.00492920259448,91.5858632435,1.4001929875,9.7,3,9,2,1,1,20260917,setup_sweep
4916,98,2,65,650,0.00540227682208,92.1762863275,1.39906337947,9.675,3,9,2,1,1,20260917,setup_sweep
4917,98,2,70,700,0.00587417899922,92.7550129099,1.39776613714,9.65,3,9,2,1,1,20260917,setup_sweep
4918,98,2,75,750,0.00629348786299,93.2369673365,1.41245297262,9.625,3,9,2,1,1,20260917,setup_sweep
4919,98,2,80,800,0.00668123620646,93.6590775733,1.40996968645,9.6,3,9,2,1,1,20260917,setup_sweep
4920,98,2,85,850,0.0070717146142,94.0787225431,1.40749918962,9.575,3,9,2,1,1,20260917,setup_sweep
4921,98,2,90,900,0.0074645851706,94.495384572,1.40502827473,9.55,3,9,2,1,1,20260917,setup_sweep
4922,98,2,95,950,0.00785955353291,94.9086265459,1.40254671688,9.525,3,9,2,1,1,20260917,setup_sweep
4923,98,2,100,1000,0.00830676146504,95.4018712075,1.41431936028,9.5,3,9,2,1,1,20260917,setup_sweep
4924,98,2,105,1050,0.0087405245179,95.8636988418,1.45908791404,9.475,3,9,2,1,1,20260917,setup_sweep
4925,98,2,110,1100,0.00896349742415,95.970036507,1.45839416484,9.45,3,9,2,1,1,20260917,setup_sweep
4926,98,2,115,1150,0.00918635532501,96.0744264785,1.45770110795,9.425,3,9,2,1,1,20260917,setup_sweep
4927,98,2,120,1200,0.00940909843927,96.1769013104,1.45700899965,9.4,3,9,2,1,1,20260917,setup_sweep
4928,98,2,125,1250,0.0096317270311,96.2774930941,1.45631808264,9.375,3,9,2,1,1,20260917,setup_sweep
4929,98,2,130,1300,0.00985424140537,96.3762334576,1.45562409,9.35,3,9,2,1,1,20260917,setup_sweep
4930,98,2,135,1350,0.0100865720107,96.4896261843,1.45408507673,9.325,3,9,2,1,1,20260917,setup_sweep
4931,98,2,140,1400,0.0103313677133,96.6216652084,1.45355569845,9.3,3,9,2,1,1,20260917,setup_sweep
4932,98,2,145,1450,0.0105873826341,96.7701287076,1.44339367264,9.275,3,9,2,1,1,20260917,setup_sweep
4933,98,2,150,1500,0.0108601955631,96.9438971774,1.43492411268,9.25,3,9,2,1,1,20260917,setup_sweep
4934,98,2,155,1550,0.0111474508416,97.1386599786,1.42764312712,9.225,3,9,2,1,1,20260917,setup_sweep
4935,98,2,160,1600,0.0114472422699,97.3509202637,1.42123471496,9.2,3,9,2,1,1,20260917,setup_sweep
4936,98,2,165,1650,0.0117653089172,97.5899560778,1.40082617758,9.175,3,9,2,1,1,20260917,setup_sweep
4937,98,2,170,1700,0.012121248239,97.8875517797,1.3962034879,9.15,3,9,2,1,1,20260917,setup_sweep
4938,98,2,175,1750,0.0125239984153,98.2577105157,1.38370112932,9.125,3,9,2,1,1,20260917,setup_sweep
4939,98,2,180,1800,0.0129446236572,98.6511861874,1.37896663005,9.1,3,9,2,1,1,20260917,setup_sweep
4940,98,2,185,1850,0.013372351697,99.0498960949,1.37438236886,9.075,3,9,2,1,1,20260917,setup_sweep
4941,98,2,190,1900,0.0138063027461,99.4522998294,1.36991009015,9.05,3,9,2,1,1,20260917,setup_sweep
4942,98,2,195,1950,0.0142457101096,99.8570693335,1.36552017904,9.025,3,9,2,1,1,20260917,setup_sweep
4943,98,2,200,2000,0.0146899046055,100.263059643,1.36118967397,9,3,9,2,1,1,20260917,setup_sweep
4944,98,2,205,2050,0.0151383014138,100.669284131,1.35690079878,8.975,3,9,2,1,1,20260917,setup_sweep
4945,99,2,0,0,0,85,0.994817037084,10,3,9,3,3,1,20260917,setup_sweep
4946,99,2,5,50,0.000383438294281,85.5511384749,0.994227179263,9.975,3,9,3,3,1,20260917,setup_sweep
4947,99,2,10,100,0.00073963187367,86.0480467439,1.00396001186,9.95,3,9,3,3,1,20260917,setup_sweep
4948,99,2,15,150,0.00109499860829,86.5354667305,1.00263862966,9.925,3,9,3,3,1,20260917,setup_sweep
4949,99,2,20,200,0.00145710900043,87.025974703,1.00145608514,9.9,3,9,3,3,1,20260917,setup_sweep
4950,99,2,25,250,0.00182513704903,87.5181546267,1.00036807577,9.875,3,9,3,3,1,20260917,setup_sweep
4951,99,2,30,300,0.00219836707458,88.0107961755,0.999339987353,9.85,3,9,3,3,1,20260917,setup_sweep
4952,99,2,35,350,0.00258597205929,88.5191616263,0.987101932125,9.825,3,9,3,3,1,20260917,setup_sweep
4953,99,2,40,400,0.00311073743448,89.2458848374,1.0136776469,9.8,3,9,3,3,1,20260917,setup_sweep
4954,99,2,45,450,0.00344802087694,89.6501101327,1.02067168388,9.775,3,9,3,3,1,20260917,setup_sweep
4955,99,2,50,500,0.00373589819604,89.9664270063,1.02043648215,9.75,3,9,3,3,1,20260917,setup_sweep
4956,99,2,55,550,0.00402367776613,90.2773540098,1.02015922503,9.725,3,9,3,3,1,20260917,setup_sweep
4957,99,2,60,600,0.00431133875969,90.5829458075,1.01984209155,9.7,3,9,3,3,1,20260917,setup_sweep
4958,99,2,65,650,0.00459886146523,90.8832580049,1.01948719328,9.675,3,9,3,3,1,20260917,setup_sweep
4959,99,2,70,700,0.00488622727501,91.1783471126,1.01909657969,9.65,3,9,3,3,1,20260917,setup_sweep
4960,99,2,75,750,0.00516950353958,91.4617890652,1.02022485515,9.625,3,9,3,3,1,20260917,setup_sweep
4961,99,2,80,800,0.00546824237819,91.7661603383,1.01333256079,9.6,3,9,3,3,1,20260917,setup_sweep
4962,99,2,85,850,0.00578601084668,92.0969459322,1.00779514576,9.575,3,9,3,3,1,20260917,setup_sweep
4963,99,2,90,900,0.00611956565252,92.4483503358,1.0031848719,9.55,3,9,3,3,1,20260917,setup_sweep
4964,99,2,95,950,0.00646634133437,92.8157936683,0.999234218282,9.525,3,9,3,3,1,20260917,setup_sweep
4965,99,2,100,1000,0.0068733463469,93.2769545318,1.01747811135,9.5,3,9,3,3,1,20260917,setup_sweep
4966,99,2,105,1050,0.00717351502287,93.5532704472,1.04895903131,9.475,3,9,3,3,1,20260917,setup_sweep
4967,99,2,110,1100,0.00735474420279,93.6287999956,1.04865372016,9.45,3,9,3,3,1,20260917,setup_sweep
4968,99,2,115,1150,0.00753593611025,93.7030195443,1.04834809615,9.425,3,9,3,3,1,20260917,setup_sweep
4969,99,2,120,1200,0.00771709071509,93.7759506959,1.04804225785,9.4,3,9,3,3,1,20260917,setup_sweep
4970,99,2,125,1250,0.00789820799944,93.8476147163,1.04773629821,9.375,3,9,3,3,1,20260917,setup_sweep
4971,99,2,130,1300,0.00807928795992,93.9180325436,1.04742929511,9.35,3,9,3,3,1,20260917,setup_sweep
4972,99,2,135,1350,0.00828004372481,94.019914178,1.03631634493,9.325,3,9,3,3,1,20260917,setup_sweep
4973,99,2,140,1400,0.0085101383049,94.1685049564,1.03124998926,9.3,3,9,3,3,1,20260917,setup_sweep
4974,99,2,145,1450,0.00875987600799,94.3471533741,1.02183882911,9.275,3,9,3,3,1,20260917,setup_sweep
4975,99,2,150,1500,0.00903154536717,94.5590896916,1.01447469166,9.25,3,9,3,3,1,20260917,setup_sweep
4976,99,2,155,1550,0.00932154356083,94.797811023,1.00843270357,9.225,3,9,3,3,1,20260917,setup_sweep
4977,99,2,160,1600,0.0096270915313,95.0582827216,1.0033061577,9.2,3,9,3,3,1,20260917,setup_sweep
4978,99,2,165,1650,0.00995358213554,95.3491440095,0.988380796863,9.175,3,9,3,3,1,20260917,setup_sweep
4979,99,2,170,1700,0.0103208611247,95.7025229952,0.984983713378,9.15,3,9,3,3,1,20260917,setup_sweep
4980,99,2,175,1750,0.010734505565,96.1268016605,0.977252714284,9.125,3,9,3,3,1,20260917,setup_sweep
4981,99,2,180,1800,0.0111666882406,96.574603015,0.973985271716,9.1,3,9,3,3,1,20260917,setup_sweep
4982,99,2,185,1850,0.0116021486076,97.0203920503,0.972009239232,9.075,3,9,3,3,1,20260917,setup_sweep
4983,99,2,190,1900,0.0120349193745,97.454372267,0.970484535496,9.05,3,9,3,3,1,20260917,setup_sweep
4984,99,2,195,1950,0.0124655797214,97.8776911205,0.968922982973,9.025,3,9,3,3,1,20260917,setup_sweep
4985,99,2,200,2000,0.0128940958145,98.2904689235,0.967329377476,9,3,9,3,3,1,20260917,setup_sweep
4986,99,2,205,2050,0.0133204419603,98.692837454,0.965683745104,8.975,3,9,3,3,1,20260917,setup_sweep
4987,100,2,0,0,0,85,1.44660852332,10,3,10,1,1,1,20260917,setup_sweep
4988,100,2,5,50,0.000438084994047,85.6414530128,1.44736049407,9.975,3,10,1,1,1,20260917,setup_sweep
4989,100,2,10,100,0.000843181556597,86.2176855313,1.46172879206,9.95,3,10,1,1,1,20260917,setup_sweep
4990,100,2,15,150,0.00124443743186,86.7781448717,1.46086515425,9.925,3,10,1,1,1,20260917,setup_sweep
4991,100,2,20,200,0.00165041786884,87.3371484578,1.45996740169,9.9,3,10,1,1,1,20260917,setup_sweep
4992,100,2,25,250,0.00206061510998,87.8938812408,1.4590110963,9.875,3,10,1,1,1,20260917,setup_sweep
4993,100,2,30,300,0.00247458015835,88.4476387477,1.45797725459,9.85,3,10,1,1,1,20260917,setup_sweep
4994,100,2,35,350,0.00290243728156,89.0153203381,1.44197462937,9.825,3,10,1,1,1,20260917,setup_sweep
4995,100,2,40,400,0.00337250915248,89.6432666203,1.44195851778,9.8,3,10,1,1,1,20260917,setup_sweep
4996,100,2,45,450,0.00391322397984,90.377994991,1.42628786556,9.775,3,10,1,1,1,20260917,setup_sweep
4997,100,2,50,500,0.00450003011874,91.1763622515,1.42535719138,9.75,3,10,1,1,1,20260917,setup_sweep
4998,100,2,55,550,0.00508478716114,91.9581473758,1.4239841001,9.725,3,10,1,1,1,20260917,setup_sweep
4999,100,2,60,600,0.00566773969906,92.7240286514,1.422198684,9.7,3,10,1,1,1,20260917,setup_sweep
5000,100,2,65,650,0.00624910395464,93.4746262707,1.42002908503,9.675,3,10,1,1,1,20260917,setup_sweep
5001,100,2,70,700,0.00682907085187,94.2105083671,1.41750165966,9.65,3,10,1,1,1,20260917,setup_sweep
5002,100,2,75,750,0.00733736856905,94.8153813303,1.43011292896,9.625,3,10,1,1,1,20260917,setup_sweep
5003,100,2,80,800,0.00779794837382,95.3317746895,1.42781005358,9.6,3,10,1,1,1,20260917,setup_sweep
5004,100,2,85,850,0.0082579389884,95.8386591393,1.42535355875,9.575,3,10,1,1,1,20260917,setup_sweep
5005,100,2,90,900,0.00871741213319,96.3363103719,1.42275450877,9.55,3,10,1,1,1,20260917,setup_sweep
5006,100,2,95,950,0.00917643087214,96.8249852162,1.42002328332,9.525,3,10,1,1,1,20260917,setup_sweep
5007,100,2,100,1000,0.00966846341541,97.3605189072,1.42380324413,9.5,3,10,1,1,1,20260917,setup_sweep
5008,100,2,105,1050,0.0102150853028,97.9764263778,1.46418711053,9.475,3,10,1,1,1,20260917,setup_sweep
5009,100,2,110,1100,0.010503635834,98.1562333515,1.46292712418,9.45,3,10,1,1,1,20260917,setup_sweep
5010,100,2,115,1150,0.0107917735205,98.3323860072,1.4616672331,9.425,3,10,1,1,1,20260917,setup_sweep
5011,100,2,120,1200,0.0110794993696,98.5049464105,1.46040829192,9.4,3,10,1,1,1,20260917,setup_sweep
5012,100,2,125,1250,0.0113668146793,98.6739760825,1.45915110695,9.375,3,10,1,1,1,20260917,setup_sweep
5013,100,2,130,1300,0.0116537210087,98.8395359586,1.4578877867,9.35,3,10,1,1,1,20260917,setup_sweep
5014,100,2,135,1350,0.0119394174084,99.0003885701,1.46050732857,9.325,3,10,1,1,1,20260917,setup_sweep
5015,100,2,140,1400,0.0122306006092,99.1675810576,1.46195426307,9.3,3,10,1,1,1,20260917,setup_sweep
5016,100,2,145,1450,0.0125309663487,99.3472705387,1.45242178508,9.275,3,10,1,1,1,20260917,setup_sweep
5017,100,2,150,1500,0.0128485076704,99.5523729644,1.44420647795,9.25,3,10,1,1,1,20260917,setup_sweep
5018,100,2,155,1550,0.0131808568542,99.7785558949,1.43693504927,9.225,3,10,1,1,1,20260917,setup_sweep
5019,100,2,160,1600,0.0135260735455,100.022264581,1.43036342861,9.2,3,10,1,1,1,20260917,setup_sweep
5020,100,2,165,1650,0.0138905560295,100.293873899,1.41036534181,9.175,3,10,1,1,1,20260917,setup_sweep
5021,100,2,170,1700,0.0142955044625,100.627781612,1.4053188568,9.15,3,10,1,1,1,20260917,setup_sweep
5022,100,2,175,1750,0.0147535774106,101.044106416,1.3934064824,9.125,3,10,1,1,1,20260917,setup_sweep
5023,100,2,180,1800,0.0152307389137,101.484972226,1.38784237831,9.1,3,10,1,1,1,20260917,setup_sweep
5024,100,2,185,1850,0.015714574269,101.929580122,1.38235635295,9.075,3,10,1,1,1,20260917,setup_sweep
5025,100,2,190,1900,0.016204257063,102.376502565,1.37692317619,9.05,3,10,1,1,1,20260917,setup_sweep
5026,100,2,195,1950,0.0166990675015,102.8245118,1.37152386723,9.025,3,10,1,1,1,20260917,setup_sweep
5027,100,2,200,2000,0.0171983776356,103.272552146,1.3661442789,9,3,10,1,1,1,20260917,setup_sweep
5028,100,2,205,2050,0.0177016388905,103.719716535,1.36077403305,8.975,3,10,1,1,1,20260917,setup_sweep
5029,101,2,0,0,0,85,1.40962097099,10,3,10,2,1,1,20260917,setup_sweep
5030,101,2,5,50,0.000415102948342,85.6034686273,1.41002039191,9.975,3,10,2,1,1,20260917,setup_sweep
5031,101,2,10,100,0.000799924211463,86.1468230583,1.42363033288,9.95,3,10,2,1,1,20260917,setup_sweep
5032,101,2,15,150,0.00118144930907,86.67584154,1.42270027018,9.925,3,10,2,1,1,20260917,setup_sweep
5033,101,2,20,200,0.00156772235722,87.2039627079,1.42175430677,9.9,3,10,2,1,1,20260917,setup_sweep
5034,101,2,25,250,0.00195828041857,87.7304363417,1.4207702176,9.875,3,10,2,1,1,20260917,setup_sweep
5035,101,2,30,300,0.00235270999143,88.2546063159,1.41973042684,9.85,3,10,2,1,1,20260917,setup_sweep
5036,101,2,35,350,0.0027600648763,88.7915794292,1.40430641303,9.825,3,10,2,1,1,20260917,setup_sweep
5037,101,2,40,400,0.00320607170858,89.3834505569,1.4041641256,9.8,3,10,2,1,1,20260917,setup_sweep
5038,101,2,45,450,0.00373099584538,90.0962294127,1.38894649619,9.775,3,10,2,1,1,20260917,setup_sweep
5039,101,2,50,500,0.00428025055449,90.8371901488,1.38814945779,9.75,3,10,2,1,1,20260917,setup_sweep
5040,101,2,55,550,0.00482864048849,91.5644736333,1.38707494856,9.725,3,10,2,1,1,20260917,setup_sweep
5041,101,2,60,600,0.00537577026352,92.2776524779,1.38573996996,9.7,3,10,2,1,1,20260917,setup_sweep
5042,101,2,65,650,0.00592127186869,92.976351605,1.3841617953,9.675,3,10,2,1,1,20260917,setup_sweep
5043,101,2,70,700,0.00646480594638,93.6602494988,1.38235782055,9.65,3,10,2,1,1,20260917,setup_sweep
5044,101,2,75,750,0.00693859559529,94.2172009492,1.39750027348,9.625,3,10,2,1,1,20260917,setup_sweep
5045,101,2,80,800,0.00736874011469,94.6931803357,1.39513724519,9.6,3,10,2,1,1,20260917,setup_sweep
5046,101,2,85,850,0.00780003960375,95.1632011797,1.39268678657,9.575,3,10,2,1,1,20260917,setup_sweep
5047,101,2,90,900,0.00823236926761,95.6271557332,1.39015093222,9.55,3,10,2,1,1,20260917,setup_sweep
5048,101,2,95,950,0.00866561863286,96.0849616958,1.38753222749,9.525,3,10,2,1,1,20260917,setup_sweep
5049,101,2,100,1000,0.00918139856217,96.6722496085,1.40289776777,9.5,3,10,2,1,1,20260917,setup_sweep
5050,101,2,105,1050,0.0096400175737,97.1541805091,1.44476050632,9.475,3,10,2,1,1,20260917,setup_sweep
5051,101,2,110,1100,0.00987922911163,97.2660283734,1.44394862818,9.45,3,10,2,1,1,20260917,setup_sweep
5052,101,2,115,1150,0.0101182748598,97.3757535302,1.44313920598,9.425,3,10,2,1,1,20260917,setup_sweep
5053,101,2,120,1200,0.010357155533,97.4833922464,1.44233249875,9.4,3,10,2,1,1,20260917,setup_sweep
5054,101,2,125,1250,0.0105958718992,97.5889802773,1.44152874976,9.375,3,10,2,1,1,20260917,setup_sweep
5055,101,2,130,1300,0.010834424779,97.6925528742,1.44072363677,9.35,3,10,2,1,1,20260917,setup_sweep
5056,101,2,135,1350,0.0110807568913,97.8073260962,1.440642339,9.325,3,10,2,1,1,20260917,setup_sweep
5057,101,2,140,1400,0.0113391402352,97.9400434537,1.43979669227,9.3,3,10,2,1,1,20260917,setup_sweep
5058,101,2,145,1450,0.0116092816998,98.090066972,1.42971238313,9.275,3,10,2,1,1,20260917,setup_sweep
5059,101,2,150,1500,0.0118970310844,98.2667083638,1.4211843996,9.25,3,10,2,1,1,20260917,setup_sweep
5060,101,2,155,1550,0.0122000354514,98.4656397593,1.41375265036,9.225,3,10,2,1,1,20260917,setup_sweep
5061,101,2,160,1600,0.0125163821736,98.6833322573,1.40712597906,9.2,3,10,2,1,1,20260917,setup_sweep
5062,101,2,165,1650,0.0128516708161,98.9288110165,1.38780684807,9.175,3,10,2,1,1,20260917,setup_sweep
5063,101,2,170,1700,0.0132251869357,99.2333312892,1.3827352899,9.15,3,10,2,1,1,20260917,setup_sweep
5064,101,2,175,1750,0.0136500643042,99.6178317272,1.36982836058,9.125,3,10,2,1,1,20260917,setup_sweep
5065,101,2,180,1800,0.0140949537989,100.02893458,1.36447550173,9.1,3,10,2,1,1,20260917,setup_sweep
5066,101,2,185,1850,0.0145481543802,100.446977317,1.35925378029,9.075,3,10,2,1,1,20260917,setup_sweep
5067,101,2,190,1900,0.0150087288171,100.870296392,1.35412702765,9.05,3,10,2,1,1,20260917,setup_sweep
5068,101,2,195,1950,0.0154758520256,101.29744108,1.3490674184,9.025,3,10,2,1,1,20260917,setup_sweep
5069,101,2,200,2000,0.0159487961278,101.727145272,1.34405355568,9,3,10,2,1,1,20260917,setup_sweep
5070,101,2,205,2050,0.0164269178802,102.158303649,1.33906905716,8.975,3,10,2,1,1,20260917,setup_sweep
5071,102,2,0,0,0,85,0.987018877996,10,3,10,3,3,1,20260917,setup_sweep
5072,102,2,5,50,0.000423236426269,85.6169149775,0.98705132478,9.975,3,10,3,3,1,20260917,setup_sweep
5073,102,2,10,100,0.000816598556217,86.1741645991,0.99636651636,9.95,3,10,3,3,1,20260917,setup_sweep
5074,102,2,15,150,0.00120777108923,86.7186796766,0.995468674108,9.925,3,10,3,3,1,20260917,setup_sweep
5075,102,2,20,200,0.00160481639759,87.2639000366,0.994601377428,9.9,3,10,3,3,1,20260917,setup_sweep
5076,102,2,25,250,0.00200708827103,87.8087461157,0.993738536837,9.875,3,10,3,3,1,20260917,setup_sweep
5077,102,2,30,300,0.00241401811803,88.3522844583,0.992859652788,9.85,3,10,3,3,1,20260917,setup_sweep
5078,102,2,35,350,0.00283491122045,88.9100253326,0.981861854728,9.825,3,10,3,3,1,20260917,setup_sweep
5079,102,2,40,400,0.00341096299386,89.7151750216,1.00588001597,9.8,3,10,3,3,1,20260917,setup_sweep
5080,102,2,45,450,0.00378808250219,90.1774117024,1.01311104515,9.775,3,10,3,3,1,20260917,setup_sweep
5081,102,2,50,500,0.00410712116341,90.5365180384,1.0127733286,9.75,3,10,3,3,1,20260917,setup_sweep
5082,102,2,55,550,0.00442597567123,90.8893844171,1.01238411393,9.725,3,10,3,3,1,20260917,setup_sweep
5083,102,2,60,600,0.00474461389293,91.2360608693,1.01194621052,9.7,3,10,3,3,1,20260917,setup_sweep
5084,102,2,65,650,0.00506300556015,91.5765996803,1.0114623492,9.675,3,10,3,3,1,20260917,setup_sweep
5085,102,2,70,700,0.00538112222613,91.9110552821,1.01093518095,9.65,3,10,3,3,1,20260917,setup_sweep
5086,102,2,75,750,0.00569104155788,92.2264012708,1.01300089386,9.625,3,10,3,3,1,20260917,setup_sweep
5087,102,2,80,800,0.00601301392899,92.556534618,1.00668902947,9.6,3,10,3,3,1,20260917,setup_sweep
5088,102,2,85,850,0.00635347451063,92.9117624527,1.0014518746,9.575,3,10,3,3,1,20260917,setup_sweep
5089,102,2,90,900,0.00670950264168,93.2868440558,0.996964316365,9.55,3,10,3,3,1,20260917,setup_sweep
5090,102,2,95,950,0.00707875285593,93.6775756349,0.993015730453,9.525,3,10,3,3,1,20260917,setup_sweep
5091,102,2,100,1000,0.00751685322347,94.1759284644,1.01043040963,9.5,3,10,3,3,1,20260917,setup_sweep
5092,102,2,105,1050,0.00783826004146,94.4724504511,1.0427468033,9.475,3,10,3,3,1,20260917,setup_sweep
5093,102,2,110,1100,0.0080286745541,94.5479692817,1.04240385692,9.45,3,10,3,3,1,20260917,setup_sweep
5094,102,2,115,1150,0.00821903906178,94.6221572451,1.04206123241,9.425,3,10,3,3,1,20260917,setup_sweep
5095,102,2,120,1200,0.00840935363556,94.695036456,1.04171901769,9.4,3,10,3,3,1,20260917,setup_sweep
5096,102,2,125,1250,0.00859961836149,94.7666286885,1.04137729625,9.375,3,10,3,3,1,20260917,setup_sweep
5097,102,2,130,1300,0.00878983334002,94.8369553804,1.04103514581,9.35,3,10,3,3,1,20260917,setup_sweep
5098,102,2,135,1350,0.00900069498268,94.9403573121,1.03025346504,9.325,3,10,3,3,1,20260917,setup_sweep
5099,102,2,140,1400,0.00924165935193,95.0917020819,1.02500036772,9.3,3,10,3,3,1,20260917,setup_sweep
5100,102,2,145,1450,0.00950340666924,95.2749443856,1.0155479143,9.275,3,10,3,3,1,20260917,setup_sweep
5101,102,2,150,1500,0.00978833930679,95.4934706207,1.00806265885,9.25,3,10,3,3,1,20260917,setup_sweep
5102,102,2,155,1550,0.0100927866785,95.7406329312,1.00184853644,9.225,3,10,3,3,1,20260917,setup_sweep
5103,102,2,160,1600,0.0104139123954,96.0112713339,0.996512897341,9.2,3,10,3,3,1,20260917,setup_sweep
5104,102,2,165,1650,0.0107568711591,96.3136008294,0.982330798786,9.175,3,10,3,3,1,20260917,setup_sweep
5105,102,2,170,1700,0.0111410210212,96.6789265004,0.978573305914,9.15,3,10,3,3,1,20260917,setup_sweep
5106,102,2,175,1750,0.0115759489595,97.1222571181,0.970505666652,9.125,3,10,3,3,1,20260917,setup_sweep
5107,102,2,180,1800,0.012031749492,97.5926452873,0.966793652784,9.1,3,10,3,3,1,20260917,setup_sweep
5108,102,2,185,1850,0.0124969590994,98.070807638,0.963201718639,9.075,3,10,3,3,1,20260917,setup_sweep
5109,102,2,190,1900,0.0129703871618,98.5546481344,0.959691587344,9.05,3,10,3,3,1,20260917,setup_sweep
5110,102,2,195,1950,0.0134510027896,99.0423693383,0.956236509513,9.025,3,10,3,3,1,20260917,setup_sweep
5111,102,2,200,2000,0.0139356070842,99.5286062223,0.953412574984,9,3,10,3,3,1,20260917,setup_sweep
5112,102,2,205,2050,0.0144185509784,100.004055453,0.95129893197,8.975,3,10,3,3,1,20260917,setup_sweep
5113,103,2,0,0,0,85,1.44627591104,10,3,11,1,1,1,20260917,setup_sweep
5114,103,2,5,50,0.000437719588967,85.6408491031,1.44701872511,9.975,3,11,1,1,1,20260917,setup_sweep
5115,103,2,10,100,0.000839875665585,86.2122242991,1.4626185735,9.95,3,11,1,1,1,20260917,setup_sweep
5116,103,2,15,150,0.00123754861865,86.7668518607,1.46173426174,9.925,3,11,1,1,1,20260917,setup_sweep
5117,103,2,20,200,0.00163994524489,87.3201185777,1.46082412217,9.9,3,11,1,1,1,20260917,setup_sweep
5118,103,2,25,250,0.00204655270762,87.8711994402,1.45986280989,9.875,3,11,1,1,1,20260917,setup_sweep
5119,103,2,30,300,0.00245691813121,88.4193821623,1.45883060023,9.85,3,11,1,1,1,20260917,setup_sweep
5120,103,2,35,350,0.0028819576813,88.9828824973,1.44149809823,9.825,3,11,1,1,1,20260917,setup_sweep
5121,103,2,40,400,0.00335231478993,89.611836134,1.44151891461,9.8,3,11,1,1,1,20260917,setup_sweep
5122,103,2,45,450,0.00389268413846,90.3465098587,1.42601797981,9.775,3,11,1,1,1,20260917,setup_sweep
5123,103,2,50,500,0.0044786784561,91.1440554487,1.42512365049,9.75,3,11,1,1,1,20260917,setup_sweep
5124,103,2,55,550,0.00506251836919,91.9248584625,1.42378530163,9.725,3,11,1,1,1,20260917,setup_sweep
5125,103,2,60,600,0.00564446436067,92.6896260993,1.42203348587,9.7,3,11,1,1,1,20260917,setup_sweep
5126,103,2,65,650,0.00622474625239,93.4390031991,1.41989671401,9.675,3,11,1,1,1,20260917,setup_sweep
5127,103,2,70,700,0.00680356659374,94.1735788731,1.41740163446,9.65,3,11,1,1,1,20260917,setup_sweep
5128,103,2,75,750,0.00731126600732,94.7780765316,1.42990611099,9.625,3,11,1,1,1,20260917,setup_sweep
5129,103,2,80,800,0.00777161239167,95.2947006055,1.42762268094,9.6,3,11,1,1,1,20260917,setup_sweep
5130,103,2,85,850,0.0082313405348,95.80176395,1.42518445772,9.575,3,11,1,1,1,20260917,setup_sweep
5131,103,2,90,900,0.00869052658845,96.2995504367,1.42260266452,9.55,3,11,1,1,1,20260917,setup_sweep
5132,103,2,95,950,0.00914923736525,96.7883238102,1.41988781366,9.525,3,11,1,1,1,20260917,setup_sweep
5133,103,2,100,1000,0.0096451626427,97.3309441092,1.42610981446,9.5,3,11,1,1,1,20260917,setup_sweep
5134,103,2,105,1050,0.0101796317057,97.9272561458,1.46741068117,9.475,3,11,1,1,1,20260917,setup_sweep
5135,103,2,110,1100,0.0104602711832,98.0948001277,1.46621787848,9.45,3,11,1,1,1,20260917,setup_sweep
5136,103,2,115,1150,0.01074055116,98.2589806511,1.46502600633,9.425,3,11,1,1,1,20260917,setup_sweep
5137,103,2,120,1200,0.0110204726872,98.4198550465,1.46383578272,9.4,3,11,1,1,1,20260917,setup_sweep
5138,103,2,125,1250,0.0113000370417,98.5774800705,1.46264788495,9.375,3,11,1,1,1,20260917,setup_sweep
5139,103,2,130,1300,0.0115792457048,98.7319118792,1.46145316925,9.35,3,11,1,1,1,20260917,setup_sweep
5140,103,2,135,1350,0.0118596996219,98.8858861518,1.46274422166,9.325,3,11,1,1,1,20260917,setup_sweep
5141,103,2,140,1400,0.012146540121,99.0477917741,1.46452798804,9.3,3,11,1,1,1,20260917,setup_sweep
5142,103,2,145,1450,0.0124426112174,99.2223634282,1.45479638384,9.275,3,11,1,1,1,20260917,setup_sweep
5143,103,2,150,1500,0.0127561074091,99.422844834,1.44645907465,9.25,3,11,1,1,1,20260917,setup_sweep
5144,103,2,155,1550,0.0130845884716,99.6447755613,1.43911452462,9.225,3,11,1,1,1,20260917,setup_sweep
5145,103,2,160,1600,0.0134260633987,99.8845110831,1.43250283029,9.2,3,11,1,1,1,20260917,setup_sweep
5146,103,2,165,1650,0.013787399273,100.153202122,1.41138232572,9.175,3,11,1,1,1,20260917,setup_sweep
5147,103,2,170,1700,0.0141913566872,100.48779729,1.40630259458,9.15,3,11,1,1,1,20260917,setup_sweep
5148,103,2,175,1750,0.0146480642153,100.90417787,1.39442496036,9.125,3,11,1,1,1,20260917,setup_sweep
5149,103,2,180,1800,0.0151238677853,101.345112306,1.38886363389,9.1,3,11,1,1,1,20260917,setup_sweep
5150,103,2,185,1850,0.0156064573549,101.789973,1.38338667558,9.075,3,11,1,1,1,20260917,setup_sweep
5151,103,2,190,1900,0.0160949829062,102.237290363,1.37796728603,9.05,3,11,1,1,1,20260917,setup_sweep
5152,103,2,195,1950,0.0165887052177,102.685802192,1.37258528499,9.025,3,11,1,1,1,20260917,setup_sweep
5153,103,2,200,2000,0.0170869803824,103.134424653,1.36722560059,9,3,11,1,1,1,20260917,setup_sweep
5154,103,2,205,2050,0.0175892467533,103.582227766,1.36187713707,8.975,3,11,1,1,1,20260917,setup_sweep
5155,104,2,0,0,0,85,1.40923930931,10,3,11,2,1,1,20260917,setup_sweep
5156,104,2,5,50,0.000414942114511,85.6032027854,1.40963833364,9.975,3,11,2,1,1,20260917,setup_sweep
5157,104,2,10,100,0.000797248550698,86.1423984739,1.42439722289,9.95,3,11,2,1,1,20260917,setup_sweep
5158,104,2,15,150,0.00117564856354,86.6663247196,1.42345702515,9.925,3,11,2,1,1,20260917,setup_sweep
5159,104,2,20,200,0.0015587694621,87.1893930798,1.42250669072,9.9,3,11,2,1,1,20260917,setup_sweep
5160,104,2,25,250,0.00194614656957,87.7108498092,1.42152347715,9.875,3,11,2,1,1,20260917,setup_sweep
5161,104,2,30,300,0.00233736537155,88.2300365163,1.42048938416,9.85,3,11,2,1,1,20260917,setup_sweep
5162,104,2,35,350,0.00274221089093,88.7632761264,1.40383250445,9.825,3,11,2,1,1,20260917,setup_sweep
5163,104,2,40,400,0.00318855893322,89.3561788037,1.40372305096,9.8,3,11,2,1,1,20260917,setup_sweep
5164,104,2,45,450,0.0037211578983,90.0818543348,1.39396783111,9.775,3,11,2,1,1,20260917,setup_sweep
5165,104,2,50,500,0.00424069494928,90.7739338656,1.39322286288,9.75,3,11,2,1,1,20260917,setup_sweep
5166,104,2,55,550,0.00475948504836,91.4533390144,1.39223279345,9.725,3,11,2,1,1,20260917,setup_sweep
5167,104,2,60,600,0.00527721602366,92.1197633413,1.39101234738,9.7,3,11,2,1,1,20260917,setup_sweep
5168,104,2,65,650,0.00579359686896,92.7729404569,1.38957637293,9.675,3,11,2,1,1,20260917,setup_sweep
5169,104,2,70,700,0.00630835852218,93.4126446469,1.38793974154,9.65,3,11,2,1,1,20260917,setup_sweep
5170,104,2,75,750,0.00676199741624,93.9404279274,1.40235711143,9.625,3,11,2,1,1,20260917,setup_sweep
5171,104,2,80,800,0.00717867432705,94.3987253936,1.39966070608,9.6,3,11,2,1,1,20260917,setup_sweep
5172,104,2,85,850,0.00759796722089,94.8537710169,1.39693605531,9.575,3,11,2,1,1,20260917,setup_sweep
5173,104,2,90,900,0.00801958157971,95.3051318334,1.39417567246,9.55,3,11,2,1,1,20260917,setup_sweep
5174,104,2,95,950,0.0084432579533,95.7524399858,1.39137411699,9.525,3,11,2,1,1,20260917,setup_sweep
5175,104,2,100,1000,0.00893908057024,96.3121810452,1.40665635967,9.5,3,11,2,1,1,20260917,setup_sweep
5176,104,2,105,1050,0.00938853132924,96.7849054703,1.44879669389,9.475,3,11,2,1,1,20260917,setup_sweep
5177,104,2,110,1100,0.00962343044179,96.8957291383,1.44801538998,9.45,3,11,2,1,1,20260917,setup_sweep
5178,104,2,115,1150,0.00985818020295,97.0044741972,1.44723597275,9.425,3,11,2,1,1,20260917,setup_sweep
5179,104,2,120,1200,0.0100927811463,97.1111758854,1.44645870498,9.4,3,11,2,1,1,20260917,setup_sweep
5180,104,2,125,1250,0.0103272338572,97.2158689446,1.44568383339,9.375,3,11,2,1,1,20260917,setup_sweep
5181,104,2,130,1300,0.0105615389704,97.3185876234,1.44490643808,9.35,3,11,2,1,1,20260917,setup_sweep
5182,104,2,135,1350,0.0108050004937,97.4348018058,1.44368680711,9.325,3,11,2,1,1,20260917,setup_sweep
5183,104,2,140,1400,0.011060872923,97.5695243781,1.44320009045,9.3,3,11,2,1,1,20260917,setup_sweep
5184,104,2,145,1450,0.0113283475253,97.7212642906,1.43300095256,9.275,3,11,2,1,1,20260917,setup_sweep
5185,104,2,150,1500,0.0116134906921,97.8996938412,1.42441387494,9.25,3,11,2,1,1,20260917,setup_sweep
5186,104,2,155,1550,0.0119139121607,98.1004223182,1.41695766519,9.225,3,11,2,1,1,20260917,setup_sweep
5187,104,2,160,1600,0.0122276750586,98.319880621,1.41032971507,9.2,3,11,2,1,1,20260917,setup_sweep
5188,104,2,165,1650,0.0125607988883,98.5677933503,1.39001562225,9.175,3,11,2,1,1,20260917,setup_sweep
5189,104,2,170,1700,0.012933935435,98.8776535134,1.38494770323,9.15,3,11,2,1,1,20260917,setup_sweep
5190,104,2,175,1750,0.0133581786502,99.266983866,1.37209943621,9.125,3,11,2,1,1,20260917,setup_sweep
5191,104,2,180,1800,0.0138024023639,99.6827853732,1.36678790836,9.1,3,11,2,1,1,20260917,setup_sweep
5192,104,2,185,1850,0.014254969621,100.105502716,1.3616110548,9.075,3,11,2,1,1,20260917,setup_sweep
5193,104,2,190,1900,0.0147149296253,100.533450331,1.35653136966,9.05,3,11,2,1,1,20260917,setup_sweep
5194,104,2,195,1950,0.0151814462889,100.96516007,1.351520004,9.025,3,11,2,1,1,20260917,setup_sweep
5195,104,2,200,2000,0.015653782897,101.399352274,1.34655477382,9,3,11,2,1,1,20260917,setup_sweep
5196,104,2,205,2050,0.0161312891965,101.834911315,1.34161869079,8.975,3,11,2,1,1,20260917,setup_sweep
5197,105,2,0,0,0,85,0.989785775033,10,3,11,3,3,1,20260917,setup_sweep
5198,105,2,5,50,0.000409974316801,85.5949987251,0.989355244024,9.975,3,11,3,3,1,20260917,setup_sweep
5199,105,2,10,100,0.000790562576005,86.1314969237,0.999036778871,9.95,3,11,3,3,1,20260917,setup_sweep
5200,105,2,15,150,0.00116980047071,86.6569932754,0.9978463733,9.925,3,11,3,3,1,20260917,setup_sweep
5201,105,2,20,200,0.00155586705683,87.1850889487,0.996742726189,9.9,3,11,3,3,1,20260917,setup_sweep
5202,105,2,25,250,0.00194798958759,87.7144639751,0.995689502471,9.875,3,11,3,3,1,20260917,setup_sweep
5203,105,2,30,300,0.00234549235604,88.2439805603,0.994658207888,9.85,3,11,3,3,1,20260917,setup_sweep
5204,105,2,35,350,0.00275782757062,88.7893705247,0.982681058712,9.825,3,11,3,3,1,20260917,setup_sweep
5205,105,2,40,400,0.00332024270127,89.5738671689,1.00872937638,9.8,3,11,3,3,1,20260917,setup_sweep
5206,105,2,45,450,0.00368298616517,90.0147180538,1.01531803702,9.775,3,11,3,3,1,20260917,setup_sweep
5207,105,2,50,500,0.0039922643409,90.3603808831,1.01501335466,9.75,3,11,3,3,1,20260917,setup_sweep
5208,105,2,55,550,0.00430139113581,90.7000801347,1.01466013229,9.725,3,11,3,3,1,20260917,setup_sweep
5209,105,2,60,600,0.00461033874909,91.033868431,1.01426097307,9.7,3,11,3,3,1,20260917,setup_sweep
5210,105,2,65,650,0.00491908095099,91.3618001207,1.01381840514,9.675,3,11,3,3,1,20260917,setup_sweep
5211,105,2,70,700,0.00522759305084,91.6839311984,1.01333488233,9.65,3,11,3,3,1,20260917,setup_sweep
5212,105,2,75,750,0.00553007124465,91.9907443397,1.01473971301,9.625,3,11,3,3,1,20260917,setup_sweep
5213,105,2,80,800,0.00584695839036,92.3163699622,1.00807538858,9.6,3,11,3,3,1,20260917,setup_sweep
5214,105,2,85,850,0.00618327082204,92.66871289,1.00260824231,9.575,3,11,3,3,1,20260917,setup_sweep
5215,105,2,90,900,0.00653588158969,93.0421647715,0.997966991937,9.55,3,11,3,3,1,20260917,setup_sweep
5216,105,2,95,950,0.00690229525125,93.4322532771,0.993915295702,9.525,3,11,3,3,1,20260917,setup_sweep
5217,105,2,100,1000,0.00733508811689,93.9258471304,1.0127269777,9.5,3,11,3,3,1,20260917,setup_sweep
5218,105,2,105,1050,0.0076489712053,94.2140854765,1.04427273999,9.475,3,11,3,3,1,20260917,setup_sweep
5219,105,2,110,1100,0.00783730513349,94.2904358088,1.04393810551,9.45,3,11,3,3,1,20260917,setup_sweep
5220,105,2,115,1150,0.0080255925989,94.365447385,1.04360358519,9.425,3,11,3,3,1,20260917,setup_sweep
5221,105,2,120,1200,0.00821383363912,94.4391423948,1.04326927415,9.4,3,11,3,3,1,20260917,setup_sweep
5222,105,2,125,1250,0.00840202830039,94.5115426758,1.04293525956,9.375,3,11,3,3,1,20260917,setup_sweep
5223,105,2,130,1300,0.00859017664823,94.5826697361,1.04260049122,9.35,3,11,3,3,1,20260917,setup_sweep
5224,105,2,135,1350,0.00879958882037,94.6878814476,1.03115709799,9.325,3,11,3,3,1,20260917,setup_sweep
5225,105,2,140,1400,0.00903923766395,94.841222734,1.02617938295,9.3,3,11,3,3,1,20260917,setup_sweep
5226,105,2,145,1450,0.00929935820385,95.0259161105,1.01671197349,9.275,3,11,3,3,1,20260917,setup_sweep
5227,105,2,150,1500,0.0095825774899,95.2457262844,1.00923770156,9.25,3,11,3,3,1,20260917,setup_sweep
5228,105,2,155,1550,0.00988520746413,95.4939793144,1.00304830612,9.225,3,11,3,3,1,20260917,setup_sweep
5229,105,2,160,1600,0.0102044041589,95.7655058995,0.997745716368,9.2,3,11,3,3,1,20260917,setup_sweep
5230,105,2,165,1650,0.0105458005522,96.0693202237,0.982870880801,9.175,3,11,3,3,1,20260917,setup_sweep
5231,105,2,170,1700,0.0109302688205,96.4392097832,0.979138999641,9.15,3,11,3,3,1,20260917,setup_sweep
5232,105,2,175,1750,0.0113653647752,96.8867798271,0.971124448779,9.125,3,11,3,3,1,20260917,setup_sweep
5233,105,2,180,1800,0.0118212627917,97.3612211313,0.967452836194,9.1,3,11,3,3,1,20260917,setup_sweep
5234,105,2,185,1850,0.0122865257642,97.8432966871,0.963901629962,9.075,3,11,3,3,1,20260917,setup_sweep
5235,105,2,190,1900,0.0127553705355,98.3232947984,0.961569358142,9.05,3,11,3,3,1,20260917,setup_sweep
5236,105,2,195,1950,0.0132209109907,98.7899020741,0.95970689049,9.025,3,11,3,3,1,20260917,setup_sweep
5237,105,2,200,2000,0.0136837150233,99.2442740258,0.957809216579,9,3,11,3,3,1,20260917,setup_sweep
5238,105,2,205,2050,0.0141437538274,99.6865652972,0.955851962519,8.975,3,11,3,3,1,20260917,setup_sweep
5239,106,2,0,0,0,85,1.45208666842,10,3,12,1,1,1,20260917,setup_sweep
5240,106,2,5,50,0.000413091771675,85.6001399299,1.45313179364,9.975,3,12,1,1,1,20260917,setup_sweep
5241,106,2,10,100,0.000793672063979,86.1365365401,1.46833628685,9.95,3,12,1,1,1,20260917,setup_sweep
5242,106,2,15,150,0.00117037965045,86.6577614616,1.46746569654,9.925,3,12,1,1,1,20260917,setup_sweep
5243,106,2,20,200,0.0015513450833,87.1774075375,1.46663026501,9.9,3,12,1,1,1,20260917,setup_sweep
5244,106,2,25,250,0.00193599760527,87.6945576781,1.46579424111,9.875,3,12,1,1,1,20260917,setup_sweep
5245,106,2,30,300,0.00232384712307,88.2084432477,1.46493000037,9.85,3,12,1,1,1,20260917,setup_sweep
5246,106,2,35,350,0.00272538786089,88.7365842548,1.44832037877,9.825,3,12,1,1,1,20260917,setup_sweep
5247,106,2,40,400,0.003169062455,89.3255018085,1.44893999154,9.8,3,12,1,1,1,20260917,setup_sweep
5248,106,2,45,450,0.0036677194175,89.9958875404,1.43605849839,9.775,3,12,1,1,1,20260917,setup_sweep
5249,106,2,50,500,0.00420127780407,90.7125552409,1.43580573681,9.75,3,12,1,1,1,20260917,setup_sweep
5250,106,2,55,550,0.00473096341042,91.4109777319,1.43512700041,9.725,3,12,1,1,1,20260917,setup_sweep
5251,106,2,60,600,0.00525736601954,92.0924311929,1.43406007545,9.7,3,12,1,1,1,20260917,setup_sweep
5252,106,2,65,650,0.00578098622181,92.7580233195,1.43263867619,9.675,3,12,1,1,1,20260917,setup_sweep
5253,106,2,70,700,0.00630224877721,93.4087181892,1.4308929871,9.65,3,12,1,1,1,20260917,setup_sweep
5254,106,2,75,750,0.00676584312522,93.9530352888,1.44200366454,9.625,3,12,1,1,1,20260917,setup_sweep
5255,106,2,80,800,0.00719105344624,94.4252204094,1.44027421174,9.6,3,12,1,1,1,20260917,setup_sweep
5256,106,2,85,850,0.00761528756208,94.887987829,1.43839229475,9.575,3,12,1,1,1,20260917,setup_sweep
5257,106,2,90,900,0.00803869533944,95.3417408622,1.43637092789,9.55,3,12,1,1,1,20260917,setup_sweep
5258,106,2,95,950,0.00846140389363,95.7868385608,1.43422188809,9.525,3,12,1,1,1,20260917,setup_sweep
5259,106,2,100,1000,0.0088835207386,96.2236016493,1.43195586101,9.5,3,12,1,1,1,20260917,setup_sweep
5260,106,2,105,1050,0.00941015904597,96.8258896525,1.46586289606,9.475,3,12,1,1,1,20260917,setup_sweep
5261,106,2,110,1100,0.00971426252098,97.0504199045,1.46452408832,9.45,3,12,1,1,1,20260917,setup_sweep
5262,106,2,115,1150,0.0100178715072,97.2704216741,1.4631760922,9.425,3,12,1,1,1,20260917,setup_sweep
5263,106,2,120,1200,0.010320983838,97.4859662312,1.4618204185,9.4,3,12,1,1,1,20260917,setup_sweep
5264,106,2,125,1250,0.0106235979465,97.6971246583,1.46045849869,9.375,3,12,1,1,1,20260917,setup_sweep
5265,106,2,130,1300,0.0109257128378,97.9039678084,1.4590803154,9.35,3,12,1,1,1,20260917,setup_sweep
5266,106,2,135,1350,0.0112218731146,98.0975631447,1.46217831974,9.325,3,12,1,1,1,20260917,setup_sweep
5267,106,2,140,1400,0.0115186434146,98.2889010696,1.46565328803,9.3,3,12,1,1,1,20260917,setup_sweep
5268,106,2,145,1450,0.0118217773499,98.4876849173,1.45690105816,9.275,3,12,1,1,1,20260917,setup_sweep
5269,106,2,150,1500,0.0121400727738,98.7082369617,1.44944162979,9.25,3,12,1,1,1,20260917,setup_sweep
5270,106,2,155,1550,0.0124711180229,98.9462124611,1.44291121245,9.225,3,12,1,1,1,20260917,setup_sweep
5271,106,2,160,1600,0.0128129644577,99.1981034883,1.43707019515,9.2,3,12,1,1,1,20260917,setup_sweep
5272,106,2,165,1650,0.0131721344899,99.4745509608,1.41687653422,9.175,3,12,1,1,1,20260917,setup_sweep
5273,106,2,170,1700,0.0135694292729,99.8093435383,1.41294497594,9.15,3,12,1,1,1,20260917,setup_sweep
5274,106,2,175,1750,0.0140122282332,100.213930052,1.40299027291,9.125,3,12,1,1,1,20260917,setup_sweep
5275,106,2,180,1800,0.0144692900294,100.635287641,1.39856871798,9.1,3,12,1,1,1,20260917,setup_sweep
5276,106,2,185,1850,0.0149295974621,101.05504417,1.39418872734,9.075,3,12,1,1,1,20260917,setup_sweep
5277,106,2,190,1900,0.015392650879,101.472400436,1.38983485877,9.05,3,12,1,1,1,20260917,setup_sweep
5278,106,2,195,1950,0.0158580289977,101.886699953,1.38549570714,9.025,3,12,1,1,1,20260917,setup_sweep
5279,106,2,200,2000,0.0163253762692,102.297405706,1.38116299246,9,3,12,1,1,1,20260917,setup_sweep
5280,106,2,205,2050,0.0167943923721,102.704080819,1.37683086403,8.975,3,12,1,1,1,20260917,setup_sweep
5281,107,2,0,0,0,85,1.41403147581,10,3,12,2,1,1,20260917,setup_sweep
5282,107,2,5,50,0.000394422607776,85.5692840185,1.41474673861,9.975,3,12,2,1,1,20260917,setup_sweep
5283,107,2,10,100,0.000758631516432,86.0791361174,1.42921013099,9.95,3,12,2,1,1,20260917,setup_sweep
5284,107,2,15,150,0.00111930046522,86.5747999869,1.42832654661,9.925,3,12,2,1,1,20260917,setup_sweep
5285,107,2,20,200,0.00148414704507,87.0691750768,1.42747814701,9.9,3,12,2,1,1,20260917,setup_sweep
5286,107,2,25,250,0.00185266563636,87.5614471278,1.42663494314,9.875,3,12,2,1,1,20260917,setup_sweep
5287,107,2,30,300,0.0022244156685,88.0509228334,1.42577338691,9.85,3,12,2,1,1,20260917,setup_sweep
5288,107,2,35,350,0.00260898670478,88.5536087711,1.4097836826,9.825,3,12,2,1,1,20260917,setup_sweep
5289,107,2,40,400,0.00303283211244,89.1127789374,1.4102121547,9.8,3,12,2,1,1,20260917,setup_sweep
5290,107,2,45,450,0.00351485573644,89.7592015123,1.39488667213,9.775,3,12,2,1,1,20260917,setup_sweep
5291,107,2,50,500,0.00403436343372,90.4565602458,1.3946041808,9.75,3,12,2,1,1,20260917,setup_sweep
5292,107,2,55,550,0.00455110455214,91.1378207907,1.39395184908,9.725,3,12,2,1,1,20260917,setup_sweep
5293,107,2,60,600,0.00506545587796,91.8038718821,1.39295845527,9.7,3,12,2,1,1,20260917,setup_sweep
5294,107,2,65,650,0.00557774419434,92.4555049321,1.39165022323,9.675,3,12,2,1,1,20260917,setup_sweep
5295,107,2,70,700,0.00608825246302,93.0934258544,1.39005110623,9.65,3,12,2,1,1,20260917,setup_sweep
5296,107,2,75,750,0.00653893325913,93.621596488,1.40366147006,9.625,3,12,2,1,1,20260917,setup_sweep
5297,107,2,80,800,0.00694978762951,94.0755320742,1.40210400033,9.6,3,12,2,1,1,20260917,setup_sweep
5298,107,2,85,850,0.00735989481189,94.5207300154,1.40041429108,9.575,3,12,2,1,1,20260917,setup_sweep
5299,107,2,90,900,0.00776935773511,94.9575048261,1.39860260376,9.55,3,12,2,1,1,20260917,setup_sweep
5300,107,2,95,950,0.00817826557178,95.3861430885,1.39667838206,9.525,3,12,2,1,1,20260917,setup_sweep
5301,107,2,100,1000,0.00860533222946,95.8379163383,1.39954484533,9.5,3,12,2,1,1,20260917,setup_sweep
5302,107,2,105,1050,0.00909785846301,96.389599984,1.4451255903,9.475,3,12,2,1,1,20260917,setup_sweep
5303,107,2,110,1100,0.00934655440983,96.5297615316,1.44424303104,9.45,3,12,2,1,1,20260917,setup_sweep
5304,107,2,115,1150,0.0095950523668,96.6672791643,1.44335984565,9.425,3,12,2,1,1,20260917,setup_sweep
5305,107,2,120,1200,0.00984335244526,96.8021967664,1.44247652417,9.4,3,12,2,1,1,20260917,setup_sweep
5306,107,2,125,1250,0.0100914548668,96.9345576791,1.44159352696,9.375,3,12,2,1,1,20260917,setup_sweep
5307,107,2,130,1300,0.010339359966,97.064404714,1.44070538781,9.35,3,12,2,1,1,20260917,setup_sweep
5308,107,2,135,1350,0.01059267153,97.2010884218,1.44063794272,9.325,3,12,2,1,1,20260917,setup_sweep
5309,107,2,140,1400,0.0108552686243,97.3507828538,1.44126720796,9.3,3,12,2,1,1,20260917,setup_sweep
5310,107,2,145,1450,0.0111278608769,97.514594166,1.43168504451,9.275,3,12,2,1,1,20260917,setup_sweep
5311,107,2,150,1500,0.0114167782949,97.7026748649,1.42368590374,9.25,3,12,2,1,1,20260917,setup_sweep
5312,107,2,155,1550,0.0117195222668,97.9104952485,1.41680124303,9.225,3,12,2,1,1,20260917,setup_sweep
5313,107,2,160,1600,0.0120340853204,98.1344119008,1.41073406689,9.2,3,12,2,1,1,20260917,setup_sweep
5314,107,2,165,1650,0.0123661554026,98.3836417776,1.39113482995,9.175,3,12,2,1,1,20260917,setup_sweep
5315,107,2,170,1700,0.0127348082124,98.6891288456,1.38695985803,9.15,3,12,2,1,1,20260917,setup_sweep
5316,107,2,175,1750,0.0131486496103,99.0643667953,1.37590841311,9.125,3,12,2,1,1,20260917,setup_sweep
5317,107,2,180,1800,0.0135783823951,99.4595587369,1.37149804669,9.1,3,12,2,1,1,20260917,setup_sweep
5318,107,2,185,1850,0.0140133351242,99.8568448004,1.36719644925,9.075,3,12,2,1,1,20260917,setup_sweep
5319,107,2,190,1900,0.0144527771915,100.254983039,1.36297469731,9.05,3,12,2,1,1,20260917,setup_sweep
5320,107,2,195,1950,0.0148960833019,100.65292606,1.35881064137,9.025,3,12,2,1,1,20260917,setup_sweep
5321,107,2,200,2000,0.0153427175255,101.049791456,1.35468734544,9,3,12,2,1,1,20260917,setup_sweep
5322,107,2,205,2050,0.0157922199719,101.444837061,1.3505919245,8.975,3,12,2,1,1,20260917,setup_sweep
5323,108,2,0,0,0,85,0.988467119428,10,3,12,3,3,1,20260917,setup_sweep
5324,108,2,5,50,0.000408827109185,85.5930927462,0.98899522162,9.975,3,12,3,3,1,20260917,setup_sweep
5325,108,2,10,100,0.0007861925482,86.1242943837,0.999162172868,9.95,3,12,3,3,1,20260917,setup_sweep
5326,108,2,15,150,0.00116025897159,86.641357152,0.998455708925,9.925,3,12,3,3,1,20260917,setup_sweep
5327,108,2,20,200,0.00153898606759,87.1575755403,0.997794567581,9.9,3,12,3,3,1,20260917,setup_sweep
5328,108,2,25,250,0.00192174413946,87.6719229243,0.98628677221,9.875,3,12,3,3,1,20260917,setup_sweep
5329,108,2,30,300,0.00235567870837,88.262342512,0.986785752895,9.85,3,12,3,3,1,20260917,setup_sweep
5330,108,2,35,350,0.00278733784092,88.8392431822,0.98706299704,9.825,3,12,3,3,1,20260917,setup_sweep
5331,108,2,40,400,0.00328356111647,89.5138961977,1.00069694077,9.8,3,12,3,3,1,20260917,setup_sweep
5332,108,2,45,450,0.00368644597521,90.0219601306,1.00940990514,9.775,3,12,3,3,1,20260917,setup_sweep
5333,108,2,50,500,0.00402157732302,90.4102347007,1.00908020054,9.75,3,12,3,3,1,20260917,setup_sweep
5334,108,2,55,550,0.00435650763208,90.7917592732,1.0086904756,9.725,3,12,3,3,1,20260917,setup_sweep
5335,108,2,60,600,0.00469119478188,91.1665758022,1.00824399052,9.7,3,12,3,3,1,20260917,setup_sweep
5336,108,2,65,650,0.00502559909407,91.5347295846,1.00774392077,9.675,3,12,3,3,1,20260917,setup_sweep
5337,108,2,70,700,0.00535968329525,91.8962691438,1.00719335854,9.65,3,12,3,3,1,20260917,setup_sweep
5338,108,2,75,750,0.00568186186057,92.2321004947,1.00958479303,9.625,3,12,3,3,1,20260917,setup_sweep
5339,108,2,80,800,0.00601081276882,92.5736664711,1.00424508744,9.6,3,12,3,3,1,20260917,setup_sweep
5340,108,2,85,850,0.00635485674586,92.9345266838,0.999836106444,9.575,3,12,3,3,1,20260917,setup_sweep
5341,108,2,90,900,0.00671124720488,93.3098239952,0.996079012043,9.55,3,12,3,3,1,20260917,setup_sweep
5342,108,2,95,950,0.00707781292952,93.6957321578,0.992790032416,9.525,3,12,3,3,1,20260917,setup_sweep
5343,108,2,100,1000,0.00750265604077,94.1719874533,1.00539136139,9.5,3,12,3,3,1,20260917,setup_sweep
5344,108,2,105,1050,0.00784538187811,94.5037454276,1.04057142999,9.475,3,12,3,3,1,20260917,setup_sweep
5345,108,2,110,1100,0.00804082317182,94.5870555204,1.04020749581,9.45,3,12,3,3,1,20260917,setup_sweep
5346,108,2,115,1150,0.00823620729337,94.6688941212,1.03984366291,9.425,3,12,3,3,1,20260917,setup_sweep
5347,108,2,120,1200,0.00843153428396,94.7492856199,1.03948004195,9.4,3,12,3,3,1,20260917,setup_sweep
5348,108,2,125,1250,0.00862680420943,94.8282540438,1.03911674121,9.375,3,12,3,3,1,20260917,setup_sweep
5349,108,2,130,1300,0.00882201714859,94.9058230445,1.03875264966,9.35,3,12,3,3,1,20260917,setup_sweep
5350,108,2,135,1350,0.00903813903944,95.016782409,1.02751273302,9.325,3,12,3,3,1,20260917,setup_sweep
5351,108,2,140,1400,0.0092830022116,95.1733020864,1.02312642815,9.3,3,12,3,3,1,20260917,setup_sweep
5352,108,2,145,1450,0.00954732109148,95.359443931,1.01399196013,9.275,3,12,3,3,1,20260917,setup_sweep
5353,108,2,150,1500,0.00983366037641,95.5788955539,1.0068709585,9.25,3,12,3,3,1,20260917,setup_sweep
5354,108,2,155,1550,0.0101380566775,95.824558048,1.00104498867,9.225,3,12,3,3,1,20260917,setup_sweep
5355,108,2,160,1600,0.0104574865591,96.0910025471,0.996109946194,9.2,3,12,3,3,1,20260917,setup_sweep
5356,108,2,165,1650,0.0107971398621,96.3865484307,0.981756349368,9.175,3,12,3,3,1,20260917,setup_sweep
5357,108,2,170,1700,0.0111760528165,96.7420060333,0.978643558014,9.15,3,12,3,3,1,20260917,setup_sweep
5358,108,2,175,1750,0.0115992862116,97.1649475341,0.971747028691,9.125,3,12,3,3,1,20260917,setup_sweep
5359,108,2,180,1800,0.0120389377361,97.6079303555,0.968658956348,9.1,3,12,3,3,1,20260917,setup_sweep
5360,108,2,185,1850,0.0124845966571,98.0535184045,0.965670361604,9.075,3,12,3,3,1,20260917,setup_sweep
5361,108,2,190,1900,0.012935321272,98.5001124901,0.962750152265,9.05,3,12,3,3,1,20260917,setup_sweep
5362,108,2,195,1950,0.0133903218189,98.9463909268,0.959875020594,9.025,3,12,3,3,1,20260917,setup_sweep
5363,108,2,200,2000,0.0138489347562,99.3912624472,0.95702749807,9,3,12,3,3,1,20260917,setup_sweep
5364,108,2,205,2050,0.0143106016778,99.8338275529,0.954194550443,8.975,3,12,3,3,1,20260917,setup_sweep
5365,109,1,0,0,0,85,1.52035999847,10,2,1,1,1,1,20260917,tyre_comparison
5366,109,1,5,50,0.000648791219594,85.6322669369,1.5208339052,9.975,2,1,1,1,1,20260917,tyre_comparison
5367,109,1,10,100,0.00130051440336,86.2573135372,1.53700399293,9.95,2,1,1,1,1,20260917,tyre_comparison
5368,109,1,15,150,0.00188973311811,86.8031634122,1.53551379398,9.925,2,1,1,1,1,20260917,tyre_comparison
5369,109,1,20,200,0.00248678624957,87.348622487,1.53405029578,9.9,2,1,1,1,1,20260917,tyre_comparison
5370,109,1,25,250,0.00309074322623,87.8926720096,1.5325761321,9.875,2,1,1,1,1,20260917,tyre_comparison
5371,109,1,30,300,0.00370079219178,88.434440852,1.53106226192,9.85,2,1,1,1,1,20260917,tyre_comparison
5372,109,1,35,350,0.0043162230501,88.9731843919,1.52948624647,9.825,2,1,1,1,1,20260917,tyre_comparison
5373,109,1,40,400,0.00493641334822,89.5082668699,1.52783093457,9.8,2,1,1,1,1,20260917,tyre_comparison
5374,109,1,45,450,0.00556081642512,90.039146534,1.52608344212,9.775,2,1,1,1,1,20260917,tyre_comparison
5375,109,1,50,500,0.00618895139231,90.5653630481,1.52423434856,9.75,2,1,1,1,1,20260917,tyre_comparison
5376,109,1,55,550,0.00688838424731,91.1615624057,1.50719467908,9.725,2,1,1,1,1,20260917,tyre_comparison
5377,109,1,60,600,0.00763867691021,91.8041062762,1.51231452657,9.7,2,1,1,1,1,20260917,tyre_comparison
5378,109,1,65,650,0.00848260842021,92.538245671,1.55111406726,9.675,2,1,1,1,1,20260917,tyre_comparison
5379,109,1,70,700,0.00894886920522,92.8447799801,1.54995369976,9.65,2,1,1,1,1,20260917,tyre_comparison
5380,109,1,75,750,0.00941449532035,93.145548339,1.54874619341,9.625,2,1,1,1,1,20260917,tyre_comparison
5381,109,1,80,800,0.00987946129718,93.4406179899,1.54749482949,9.6,2,1,1,1,1,20260917,tyre_comparison
5382,109,1,85,850,0.0103437437302,93.7300573365,1.54620276473,9.575,2,1,1,1,1,20260917,tyre_comparison
5383,109,1,90,900,0.0107860277463,93.9904077243,1.56015369465,9.55,2,1,1,1,1,20260917,tyre_comparison
5384,109,1,95,950,0.0112452470303,94.2652345197,1.54781099917,9.525,2,1,1,1,1,20260917,tyre_comparison
5385,109,1,100,1000,0.0117369747985,94.5713304026,1.53784928321,9.5,2,1,1,1,1,20260917,tyre_comparison
5386,109,1,105,1050,0.012255468196,94.9018527226,1.52947111054,9.475,2,1,1,1,1,20260917,tyre_comparison
5387,109,1,110,1100,0.0127962585715,95.2514752708,1.52219781715,9.45,2,1,1,1,1,20260917,tyre_comparison
5388,109,1,115,1150,0.0133557770229,95.6159508882,1.51571969389,9.425,2,1,1,1,1,20260917,tyre_comparison
5389,109,1,120,1200,0.0139311222159,95.9918379373,1.50982562088,9.4,2,1,1,1,1,20260917,tyre_comparison
5390,109,1,125,1250,0.0145199050492,96.3763159077,1.50436615769,9.375,2,1,1,1,1,20260917,tyre_comparison
5391,109,1,130,1300,0.015138190843,96.7870785861,1.50415325242,9.35,2,1,1,1,1,20260917,tyre_comparison
5392,109,1,135,1350,0.0158349355557,97.2767185934,1.57559951835,9.325,2,1,1,1,1,20260917,tyre_comparison
5393,109,1,140,1400,0.0161380315785,97.3247483984,1.59732764772,9.3,2,1,1,1,1,20260917,tyre_comparison
5394,109,1,145,1450,0.0163750654334,97.2995838067,1.5970989596,9.275,2,1,1,1,1,20260917,tyre_comparison
5395,109,1,150,1500,0.0166120840491,97.2748183567,1.59686772215,9.25,2,1,1,1,1,20260917,tyre_comparison
5396,109,1,155,1550,0.0168490872169,97.2504452211,1.59663399328,9.225,2,1,1,1,1,20260917,tyre_comparison
5397,109,1,160,1600,0.0171136005913,97.2569202373,1.5847232848,9.2,2,1,1,1,1,20260917,tyre_comparison
5398,109,1,165,1650,0.0174591790644,97.3525790433,1.56904738047,9.175,2,1,1,1,1,20260917,tyre_comparison
5399,109,1,170,1700,0.017829549675,97.4739441219,1.5511699133,9.15,2,1,1,1,1,20260917,tyre_comparison
5400,109,1,175,1750,0.0182400308403,97.6374887008,1.53759985956,9.125,2,1,1,1,1,20260917,tyre_comparison
5401,109,1,180,1800,0.0186834440672,97.8346091495,1.52660266016,9.1,2,1,1,1,1,20260917,tyre_comparison
5402,109,1,185,1850,0.019154474438,98.0588960752,1.51730009558,9.075,2,1,1,1,1,20260917,tyre_comparison
5403,109,1,190,1900,0.0196489736129,98.3053307808,1.50918216632,9.05,2,1,1,1,1,20260917,tyre_comparison
5404,109,1,195,1950,0.0201635986435,98.5698645897,1.50192582192,9.025,2,1,1,1,1,20260917,tyre_comparison
5405,109,1,200,2000,0.0206955978055,98.8491669683,1.49531378868,9,2,1,1,1,1,20260917,tyre_comparison
5406,109,1,205,2050,0.0212791767804,99.180818373,1.47465344835,8.975,2,1,1,1,1,20260917,tyre_comparison
5407,109,1,210,2100,0.0218966413214,99.5441850802,1.4696349697,8.95,2,1,1,1,1,20260917,tyre_comparison
5408,109,1,215,2150,0.0225942896432,99.9901672523,1.45168989086,8.925,2,1,1,1,1,20260917,tyre_comparison
5409,109,1,220,2200,0.0233493527712,100.491778289,1.44572971895,8.9,2,1,1,1,1,20260917,tyre_comparison
5410,109,1,225,2250,0.0241126903938,100.994214355,1.43979414705,8.875,2,1,1,1,1,20260917,tyre_comparison
5411,109,1,230,2300,0.0248831891407,101.496235232,1.43386367083,8.85,2,1,1,1,1,20260917,tyre_comparison
5412,109,1,235,2350,0.0256598890659,101.996790223,1.42792426966,8.825,2,1,1,1,1,20260917,tyre_comparison
5413,110,2,0,0,0,85,1.44804068602,10,2,1,1,1,1,20260917,tyre_comparison
5414,110,2,5,50,0.000432288895671,85.6318726693,1.44879368711,9.975,2,1,1,1,1,20260917,tyre_comparison
5415,110,2,10,100,0.000866565078052,86.2565854639,1.46450422857,9.95,2,1,1,1,1,20260917,tyre_comparison
5416,110,2,15,150,0.00125922108226,86.8021887916,1.46336499373,9.925,2,1,1,1,1,20260917,tyre_comparison
5417,110,2,20,200,0.00165711883596,87.3474364699,1.46225618043,9.9,2,1,1,1,1,20260917,tyre_comparison
5418,110,2,25,250,0.00205963544841,87.8913050188,1.46114147401,9.875,2,1,1,1,1,20260917,tyre_comparison
5419,110,2,30,300,0.0024662275746,88.4329193249,1.45999258197,9.85,2,1,1,1,1,20260917,tyre_comparison
5420,110,2,35,350,0.00287642002586,88.9715313689,1.45878757561,9.825,2,1,1,1,1,20260917,tyre_comparison
5421,110,2,40,400,0.00328979629651,89.5065024703,1.45750962518,9.8,2,1,1,1,1,20260917,tyre_comparison
5422,110,2,45,450,0.0037059906174,90.0372883496,1.45614601849,9.775,2,1,1,1,1,20260917,tyre_comparison
5423,110,2,50,500,0.00414750894787,90.6013454048,1.43981714641,9.75,2,1,1,1,1,20260917,tyre_comparison
5424,110,2,55,550,0.00462125447154,91.2091448576,1.43950538529,9.725,2,1,1,1,1,20260917,tyre_comparison
5425,110,2,60,600,0.0051352139465,91.8738493373,1.44831445038,9.7,2,1,1,1,1,20260917,tyre_comparison
5426,110,2,65,650,0.00567145402887,92.5632447573,1.49002011386,9.675,2,1,1,1,1,20260917,tyre_comparison
5427,110,2,70,700,0.00596050482539,92.8333509632,1.48918737746,9.65,2,1,1,1,1,20260917,tyre_comparison
5428,110,2,75,750,0.00624929251704,93.0985578062,1.48831943677,9.625,2,1,1,1,1,20260917,tyre_comparison
5429,110,2,80,800,0.00653780574033,93.3589274853,1.48741863725,9.6,2,1,1,1,1,20260917,tyre_comparison
5430,110,2,85,850,0.00682603397222,93.6145225604,1.4864872361,9.575,2,1,1,1,1,20260917,tyre_comparison
5431,110,2,90,900,0.00710493058464,93.850433837,1.49711474937,9.55,2,1,1,1,1,20260917,tyre_comparison
5432,110,2,95,950,0.00740061726446,94.1102911148,1.48423585994,9.525,2,1,1,1,1,20260917,tyre_comparison
5433,110,2,100,1000,0.00771992135323,94.4048785704,1.47412674078,9.5,2,1,1,1,1,20260917,tyre_comparison
5434,110,2,105,1050,0.00805854482946,94.726520861,1.46581186542,9.475,2,1,1,1,1,20260917,tyre_comparison
5435,110,2,110,1100,0.00841319223761,95.0693256926,1.45872893317,9.45,2,1,1,1,1,20260917,tyre_comparison
5436,110,2,115,1150,0.00878125668871,95.4286357475,1.4525237009,9.425,2,1,1,1,1,20260917,tyre_comparison
5437,110,2,120,1200,0.00916063299132,95.8006995953,1.44695910731,9.4,2,1,1,1,1,20260917,tyre_comparison
5438,110,2,125,1250,0.00954959611863,96.1824559493,1.44186953305,9.375,2,1,1,1,1,20260917,tyre_comparison
5439,110,2,130,1300,0.00996420725421,96.6004850301,1.44345345373,9.35,2,1,1,1,1,20260917,tyre_comparison
5440,110,2,135,1350,0.0104157379793,97.0717828114,1.5142077962,9.325,2,1,1,1,1,20260917,tyre_comparison
5441,110,2,140,1400,0.0106102453337,97.1107475268,1.53465593222,9.3,2,1,1,1,1,20260917,tyre_comparison
5442,110,2,145,1450,0.0107648879808,97.0835335539,1.5345643582,9.275,2,1,1,1,1,20260917,tyre_comparison
5443,110,2,150,1500,0.0109195280021,97.056765048,1.53447009207,9.25,2,1,1,1,1,20260917,tyre_comparison
5444,110,2,155,1550,0.0110741652558,97.0304344118,1.53437319649,9.225,2,1,1,1,1,20260917,tyre_comparison
5445,110,2,160,1600,0.0112463106507,97.0336054932,1.52176317391,9.2,2,1,1,1,1,20260917,tyre_comparison
5446,110,2,165,1650,0.0114735978904,97.1278368852,1.50585713487,9.175,2,1,1,1,1,20260917,tyre_comparison
5447,110,2,170,1700,0.0117185606597,97.2496929527,1.48853544005,9.15,2,1,1,1,1,20260917,tyre_comparison
5448,110,2,175,1750,0.0119906382606,97.4143390171,1.47552985343,9.125,2,1,1,1,1,20260917,tyre_comparison
5449,110,2,180,1800,0.0122849372801,97.612983406,1.46508503567,9.1,2,1,1,1,1,20260917,tyre_comparison
5450,110,2,185,1850,0.0125978513252,97.8391054881,1.45632147056,9.075,2,1,1,1,1,20260917,tyre_comparison
5451,110,2,190,1900,0.0129265729693,98.0876122566,1.44873124931,9.05,2,1,1,1,1,20260917,tyre_comparison
5452,110,2,195,1950,0.0132688436466,98.3544016636,1.44199366633,9.025,2,1,1,1,1,20260917,tyre_comparison
5453,110,2,200,2000,0.0136228063961,98.6361030017,1.43589340851,9,2,1,1,1,1,20260917,tyre_comparison
5454,110,2,205,2050,0.01401119555,98.9701792915,1.4163468095,8.975,2,1,1,1,1,20260917,tyre_comparison
5455,110,2,210,2100,0.0144222358571,99.3360315508,1.41183368864,8.95,2,1,1,1,1,20260917,tyre_comparison
5456,110,2,215,2150,0.014886664893,99.7843463908,1.39496382403,8.925,2,1,1,1,1,20260917,tyre_comparison
5457,110,2,220,2200,0.0153893671646,100.288246948,1.38963064367,8.9,2,1,1,1,1,20260917,tyre_comparison
5458,110,2,225,2250,0.0158976766086,100.793084813,1.38432372607,8.875,2,1,1,1,1,20260917,tyre_comparison
5459,110,2,230,2300,0.0164108387098,101.297597637,1.37902301218,8.85,2,1,1,1,1,20260917,tyre_comparison
5460,110,2,235,2350,0.0169282028973,101.800715706,1.37371395264,8.825,2,1,1,1,1,20260917,tyre_comparison
5461,111,3,0,0,0,85,1.37571942419,10,2,1,1,1,1,20260917,tyre_comparison
5462,111,3,5,50,0.000302422038266,85.6314472869,1.3766011555,9.975,2,1,1,1,1,20260917,tyre_comparison
5463,111,3,10,100,0.000606259616192,86.2557994243,1.3916977023,9.95,2,1,1,1,1,20260917,tyre_comparison
5464,111,3,15,150,0.000881000311988,86.8011359701,1.39077144982,9.925,2,1,1,1,1,20260917,tyre_comparison
5465,111,3,20,200,0.00115942436306,87.3461546356,1.38987757411,9.9,2,1,1,1,1,20260917,tyre_comparison
5466,111,3,25,250,0.00144109400083,87.8898271969,1.38898105279,9.875,2,1,1,1,1,20260917,tyre_comparison
5467,111,3,30,300,0.00172562736959,88.4312744201,1.38805455788,9.85,2,1,1,1,1,20260917,tyre_comparison
5468,111,3,35,350,0.00201269049145,88.9697446306,1.38707686482,9.825,2,1,1,1,1,20260917,tyre_comparison
5469,111,3,40,400,0.00230199062467,89.5045959269,1.38603164144,9.8,2,1,1,1,1,20260917,tyre_comparison
5470,111,3,45,450,0.00259327068916,90.0352812057,1.38490650837,9.775,2,1,1,1,1,20260917,tyre_comparison
5471,111,3,50,500,0.00288630455415,90.5613354714,1.38369229916,9.75,2,1,1,1,1,20260917,tyre_comparison
5472,111,3,55,550,0.00321257961646,91.1573015539,1.36873770707,9.725,2,1,1,1,1,20260917,tyre_comparison
5473,111,3,60,600,0.0035890138518,91.8623275219,1.38220326799,9.7,2,1,1,1,1,20260917,tyre_comparison
5474,111,3,65,650,0.00394718477885,92.511319103,1.42623998783,9.675,2,1,1,1,1,20260917,tyre_comparison
5475,111,3,70,700,0.00413555314921,92.749304155,1.42562462329,9.65,2,1,1,1,1,20260917,tyre_comparison
5476,111,3,75,750,0.00432380374494,92.9830775511,1.42498314143,9.625,2,1,1,1,1,20260917,tyre_comparison
5477,111,3,80,800,0.00451193132194,93.2126965225,1.42431723501,9.6,2,1,1,1,1,20260917,tyre_comparison
5478,111,3,85,850,0.00469993100308,93.4382182209,1.42362853621,9.575,2,1,1,1,1,20260917,tyre_comparison
5479,111,3,90,900,0.00488472372431,93.652431412,1.43091528369,9.55,2,1,1,1,1,20260917,tyre_comparison
5480,111,3,95,950,0.00508486983142,93.8994283152,1.41747501881,9.525,2,1,1,1,1,20260917,tyre_comparison
5481,111,3,100,1000,0.00530286448064,94.1844748293,1.4071914374,9.5,2,1,1,1,1,20260917,tyre_comparison
5482,111,3,105,1050,0.00553536254444,94.4990466725,1.39889592499,9.475,2,1,1,1,1,20260917,tyre_comparison
5483,111,3,110,1100,0.00577983829829,94.8366940953,1.3919424933,9.45,2,1,1,1,1,20260917,tyre_comparison
5484,111,3,115,1150,0.00603431283811,95.1923644947,1.38593495422,9.425,2,1,1,1,1,20260917,tyre_comparison
5485,111,3,120,1200,0.0062971984829,95.5620121646,1.38061299752,9.4,2,1,1,1,1,20260917,tyre_comparison
5486,111,3,125,1250,0.00656720034013,95.9423493565,1.3757971094,9.375,2,1,1,1,1,20260917,tyre_comparison
5487,111,3,130,1300,0.00686162741803,96.3743601828,1.37986422936,9.35,2,1,1,1,1,20260917,tyre_comparison
5488,111,3,135,1350,0.00716466188436,96.81860207,1.44872405767,9.325,2,1,1,1,1,20260917,tyre_comparison
5489,111,3,140,1400,0.00729556731938,96.8493920683,1.46775112061,9.3,2,1,1,1,1,20260917,tyre_comparison
5490,111,3,145,1450,0.00740138739385,96.8207606858,1.46773415585,9.275,2,1,1,1,1,20260917,tyre_comparison
5491,111,3,150,1500,0.00750720828867,96.7926044751,1.46771450665,9.25,2,1,1,1,1,20260917,tyre_comparison
5492,111,3,155,1550,0.00761302990885,96.7649153581,1.46769223673,9.225,2,1,1,1,1,20260917,tyre_comparison
5493,111,3,160,1600,0.00773033345368,96.7649167623,1.45469649402,9.2,2,1,1,1,1,20260917,tyre_comparison
5494,111,3,165,1650,0.00788711491712,96.8581143324,1.43836454834,9.175,2,1,1,1,1,20260917,tyre_comparison
5495,111,3,170,1700,0.0080571058184,96.9809278448,1.42154747268,9.15,2,1,1,1,1,20260917,tyre_comparison
5496,111,3,175,1750,0.00824636477929,97.1471944407,1.40904259924,9.125,2,1,1,1,1,20260917,tyre_comparison
5497,111,3,180,1800,0.00845138227779,97.3479129977,1.3990750397,9.1,2,1,1,1,1,20260917,tyre_comparison
5498,111,3,185,1850,0.00866958514623,97.5764404838,1.39076617177,9.075,2,1,1,1,1,20260917,tyre_comparison
5499,111,3,190,1900,0.00889897611435,97.8276027262,1.38361196704,9.05,2,1,1,1,1,20260917,tyre_comparison
5500,111,3,195,1950,0.00913795135626,98.0972396598,1.37729544367,9.025,2,1,1,1,1,20260917,tyre_comparison
5501,111,3,200,2000,0.00938519390065,98.381937044,1.37160432,9,2,1,1,1,1,20260917,tyre_comparison
5502,111,3,205,2050,0.00965656522145,98.7190310541,1.35310513565,8.975,2,1,1,1,1,20260917,tyre_comparison
5503,111,3,210,2100,0.00994383838836,99.0879601789,1.3489733994,8.95,2,1,1,1,1,20260917,tyre_comparison
5504,111,3,215,2150,0.0102684334645,99.5391815755,1.33308341555,8.925,2,1,1,1,1,20260917,tyre_comparison
5505,111,3,220,2200,0.0106198178035,100.045936851,1.32822911851,8.9,2,1,1,1,1,20260917,tyre_comparison
5506,111,3,225,2250,0.010975195635,100.553743894,1.32340181924,8.875,2,1,1,1,1,20260917,tyre_comparison
5507,111,3,230,2300,0.0113340293616,101.061316188,1.3185812154,8.85,2,1,1,1,1,20260917,tyre_comparison
5508,111,3,235,2350,0.0116958555662,101.567563599,1.31375249905,8.825,2,1,1,1,1,20260917,tyre_comparison
5509,112,2,0,0,0,85,1.44984081293,10,2,1,1,1,1,20260917,drs_pair
5510,112,2,5,50,0.000426874459469,85.6229251448,1.45032171203,9.975,2,1,1,1,1,20260917,drs_pair
5511,112,2,10,100,0.000856473942955,86.240057431,1.45064550428,9.95,2,1,1,1,1,20260917,drs_pair
5512,112,2,15,150,0.00128842800972,86.8508804464,1.45079962454,9.925,2,1,1,1,1,20260917,drs_pair
5513,112,2,20,200,0.00172241839818,87.4549725392,1.45077560025,9.9,2,1,1,1,1,20260917,drs_pair
5514,112,2,25,250,0.00215817108069,88.051992124,1.45056823982,9.875,2,1,1,1,1,20260917,drs_pair
5515,112,2,30,300,0.00259544985864,88.6416657742,1.45017499671,9.85,2,1,1,1,1,20260917,drs_pair
5516,112,2,35,350,0.00303405096034,89.2237781685,1.44959545673,9.825,2,1,1,1,1,20260917,drs_pair
5517,112,2,40,400,0.00347379845492,89.798163552,1.44883092127,9.8,2,1,1,1,1,20260917,drs_pair
5518,112,2,45,450,0.00391454034777,90.3646984651,1.44788406616,9.775,2,1,1,1,1,20260917,drs_pair
5519,112,2,50,500,0.0043561452481,90.9232955366,1.44675866128,9.75,2,1,1,1,1,20260917,drs_pair
5520,112,2,55,550,0.00479849949693,91.4738981419,1.44545933794,9.725,2,1,1,1,1,20260917,drs_pair
5521,112,2,60,600,0.00525610463976,92.040768542,1.44794476012,9.7,2,1,1,1,1,20260917,drs_pair
5522,112,2,65,650,0.00579217007408,92.72711645,1.48959265888,9.675,2,1,1,1,1,20260917,drs_pair
5523,112,2,70,700,0.00608107885398,92.9942793462,1.48873827447,9.65,2,1,1,1,1,20260917,drs_pair
5524,112,2,75,750,0.00636971750947,93.256579927,1.48785010618,9.625,2,1,1,1,1,20260917,drs_pair
5525,112,2,80,800,0.00665807518452,93.5140806177,1.48693044519,9.6,2,1,1,1,1,20260917,drs_pair
5526,112,2,85,850,0.00694614184539,93.766844171,1.4859814974,9.575,2,1,1,1,1,20260917,drs_pair
5527,112,2,90,900,0.00722491106287,94.0000274535,1.49656174156,9.55,2,1,1,1,1,20260917,drs_pair
5528,112,2,95,950,0.00752051366572,94.2572732401,1.48365674472,9.525,2,1,1,1,1,20260917,drs_pair
5529,112,2,100,1000,0.00783974958761,94.5493186549,1.47352213093,9.5,2,1,1,1,1,20260917,drs_pair
5530,112,2,105,1050,0.00817831685106,94.8684806724,1.46518174708,9.475,2,1,1,1,1,20260917,drs_pair
5531,112,2,110,1100,0.00853291738518,95.208861657,1.45807327651,9.45,2,1,1,1,1,20260917,drs_pair
5532,112,2,115,1150,0.00890094244136,95.565800286,1.45184263404,9.425,2,1,1,1,1,20260917,drs_pair
5533,112,2,120,1200,0.00928028544189,95.9355419721,1.44625295354,9.4,2,1,1,1,1,20260917,drs_pair
5534,112,2,125,1250,0.00966922029216,96.3150228499,1.44113880129,9.375,2,1,1,1,1,20260917,drs_pair
5535,112,2,130,1300,0.0100839284981,96.7310225813,1.44272695452,9.35,2,1,1,1,1,20260917,drs_pair
5536,112,2,135,1350,0.0105352275369,97.1997796866,1.51342505352,9.325,2,1,1,1,1,20260917,drs_pair
5537,112,2,140,1400,0.0107296417234,97.2364752642,1.53386217222,9.3,2,1,1,1,1,20260917,drs_pair
5538,112,2,145,1450,0.0108842424164,97.2071138521,1.53378364083,9.275,2,1,1,1,1,20260917,drs_pair
5539,112,2,150,1500,0.0110388411731,97.1782345406,1.53370211612,9.25,2,1,1,1,1,20260917,drs_pair
5540,112,2,155,1550,0.0111934378344,97.1498290985,1.53361766622,9.225,2,1,1,1,1,20260917,drs_pair
5541,112,2,160,1600,0.0113655335216,97.1509445585,1.521008711,9.2,2,1,1,1,1,20260917,drs_pair
5542,112,2,165,1650,0.011592782881,97.2431739332,1.49374357624,9.175,2,1,1,1,1,20260917,drs_pair
5543,112,2,170,1700,0.0118587389529,97.3978295167,1.47608745717,9.15,2,1,1,1,1,20260917,drs_pair
5544,112,2,175,1750,0.0121543113998,97.5988648598,1.4630216787,9.125,2,1,1,1,1,20260917,drs_pair
5545,112,2,180,1800,0.0124735670555,97.8357113341,1.45263632338,9.1,2,1,1,1,1,20260917,drs_pair
5546,112,2,185,1850,0.0128121911808,98.1006481137,1.44398470547,9.075,2,1,1,1,1,20260917,drs_pair
5547,112,2,190,1900,0.0131668769763,98.3877470491,1.4365253074,9.05,2,1,1,1,1,20260917,drs_pair
5548,112,2,195,1950,0.0135350093816,98.6923207995,1.42991930752,9.025,2,1,1,1,1,20260917,drs_pair
5549,112,2,200,2000,0.0139144770949,99.0105918128,1.42394131916,9,2,1,1,1,1,20260917,drs_pair
5550,112,2,205,2050,0.0143035504458,99.3394755361,1.41843467396,8.975,2,1,1,1,1,20260917,drs_pair
5551,112,2,210,2100,0.0147007970146,99.6764295553,1.41328686769,8.95,2,1,1,1,1,20260917,drs_pair
5552,112,2,215,2150,0.0151500091982,100.093952479,1.39617401694,8.925,2,1,1,1,1,20260917,drs_pair
5553,112,2,220,2200,0.0156374783753,100.567562515,1.39042551506,8.9,2,1,1,1,1,20260917,drs_pair
5554,112,2,225,2250,0.0161326230668,101.0460285,1.38478328084,8.875,2,1,1,1,1,20260917,drs_pair
5555,112,2,230,2300,0.0166344004718,101.527546921,1.37921061558,8.85,2,1,1,1,1,20260917,drs_pair
5556,112,2,235,2350,0.0171419140201,102.010585723,1.37368020361,8.825,2,1,1,1,1,20260917,drs_pair
5557,113,2,0,0,0,85,1.44804068602,10,2,1,1,1,1,20260917,drs_pair
5558,113,2,5,50,0.000432288895671,85.6318726693,1.44879368711,9.975,2,1,1,1,1,20260917,drs_pair
5559,113,2,10,100,0.000866565078052,86.2565854639,1.46450422857,9.95,2,1,1,1,1,20260917,drs_pair
5560,113,2,15,150,0.00125922108226,86.8021887916,1.46336499373,9.925,2,1,1,1,1,20260917,drs_pair
5561,113,2,20,200,0.00165711883596,87.3474364699,1.46225618043,9.9,2,1,1,1,1,20260917,drs_pair
5562,113,2,25,250,0.00205963544841,87.8913050188,1.46114147401,9.875,2,1,1,1,1,20260917,drs_pair
5563,113,2,30,300,0.0024662275746,88.4329193249,1.45999258197,9.85,2,1,1,1,1,20260917,drs_pair
5564,113,2,35,350,0.00287642002586,88.9715313689,1.45878757561,9.825,2,1,1,1,1,20260917,drs_pair
5565,113,2,40,400,0.00328979629651,89.5065024703,1.45750962518,9.8,2,1,1,1,1,20260917,drs_pair
5566,113,2,45,450,0.0037059906174,90.0372883496,1.45614601849,9.775,2,1,1,1,1,20260917,drs_pair
5567,113,2,50,500,0.00414750894787,90.6013454048,1.43981714641,9.75,2,1,1,1,1,20260917,drs_pair
5568,113,2,55,550,0.00462125447154,91.2091448576,1.43950538529,9.725,2,1,1,1,1,20260917,drs_pair
5569,113,2,60,600,0.0051352139465,91.8738493373,1.44831445038,9.7,2,1,1,1,1,20260917,drs_pair
5570,113,2,65,650,0.00567145402887,92.5632447573,1.49002011386,9.675,2,1,1,1,1,20260917,drs_pair
5571,113,2,70,700,0.00596050482539,92.8333509632,1.48918737746,9.65,2,1,1,1,1,20260917,drs_pair
5572,113,2,75,750,0.00624929251704,93.0985578062,1.48831943677,9.625,2,1,1,1,1,20260917,drs_pair
5573,113,2,80,800,0.00653780574033,93.3589274853,1.48741863725,9.6,2,1,1,1,1,20260917,drs_pair
5574,113,2,85,850,0.00682603397222,93.6145225604,1.4864872361,9.575,2,1,1,1,1,20260917,drs_pair
5575,113,2,90,900,0.00710493058464,93.850433837,1.49711474937,9.55,2,1,1,1,1,20260917,drs_pair
5576,113,2,95,950,0.00740061726446,94.1102911148,1.48423585994,9.525,2,1,1,1,1,20260917,drs_pair
5577,113,2,100,1000,0.00771992135323,94.4048785704,1.47412674078,9.5,2,1,1,1,1,20260917,drs_pair
5578,113,2,105,1050,0.00805854482946,94.726520861,1.46581186542,9.475,2,1,1,1,1,20260917,drs_pair
5579,113,2,110,1100,0.00841319223761,95.0693256926,1.45872893317,9.45,2,1,1,1,1,20260917,drs_pair
5580,113,2,115,1150,0.00878125668871,95.4286357475,1.4525237009,9.425,2,1,1,1,1,20260917,drs_pair
5581,113,2,120,1200,0.00916063299132,95.8006995953,1.44695910731,9.4,2,1,1,1,1,20260917,drs_pair
5582,113,2,125,1250,0.00954959611863,96.1824559493,1.44186953305,9.375,2,1,1,1,1,20260917,drs_pair
5583,113,2,130,1300,0.00996420725421,96.6004850301,1.44345345373,9.35,2,1,1,1,1,20260917,drs_pair
5584,113,2,135,1350,0.0104157379793,97.0717828114,1.5142077962,9.325,2,1,1,1,1,20260917,drs_pair
5585,113,2,140,1400,0.0106102453337,97.1107475268,1.53465593222,9.3,2,1,1,1,1,20260917,drs_pair
5586,113,2,145,1450,0.0107648879808,97.0835335539,1.5345643582,9.275,2,1,1,1,1,20260917,drs_pair
5587,113,2,150,1500,0.0109195280021,97.056765048,1.53447009207,9.25,2,1,1,1,1,20260917,drs_pair
5588,113,2,155,1550,0.0110741652558,97.0304344118,1.53437319649,9.225,2,1,1,1,1,20260917,drs_pair
5589,113,2,160,1600,0.0112463106507,97.0336054932,1.52176317391,9.2,2,1,1,1,1,20260917,drs_pair
5590,113,2,165,1650,0.0114735978904,97.1278368852,1.50585713487,9.175,2,1,1,1,1,20260917,drs_pair
5591,113,2,170,1700,0.0117185606597,97.2496929527,1.48853544005,9.15,2,1,1,1,1,20260917,drs_pair
5592,113,2,175,1750,0.0119906382606,97.4143390171,1.47552985343,9.125,2,1,1,1,1,20260917,drs_pair
5593,113,2,180,1800,0.0122849372801,97.612983406,1.46508503567,9.1,2,1,1,1,1,20260917,drs_pair
5594,113,2,185,1850,0.0125978513252,97.8391054881,1.45632147056,9.075,2,1,1,1,1,20260917,drs_pair
5595,113,2,190,1900,0.0129265729693,98.0876122566,1.44873124931,9.05,2,1,1,1,1,20260917,drs_pair
5596,113,2,195,1950,0.0132688436466,98.3544016636,1.44199366633,9.025,2,1,1,1,1,20260917,drs_pair
5597,113,2,200,2000,0.0136228063961,98.6361030017,1.43589340851,9,2,1,1,1,1,20260917,drs_pair
5598,113,2,205,2050,0.01401119555,98.9701792915,1.4163468095,8.975,2,1,1,1,1,20260917,drs_pair
5599,113,2,210,2100,0.0144222358571,99.3360315508,1.41183368864,8.95,2,1,1,1,1,20260917,drs_pair
5600,113,2,215,2150,0.014886664893,99.7843463908,1.39496382403,8.925,2,1,1,1,1,20260917,drs_pair
5601,113,2,220,2200,0.0153893671646,100.288246948,1.38963064367,8.9,2,1,1,1,1,20260917,drs_pair
5602,113,2,225,2250,0.0158976766086,100.793084813,1.38432372607,8.875,2,1,1,1,1,20260917,drs_pair
5603,113,2,230,2300,0.0164108387098,101.297597637,1.37902301218,8.85,2,1,1,1,1,20260917,drs_pair
5604,113,2,235,2350,0.0169282028973,101.800715706,1.37371395264,8.825,2,1,1,1,1,20260917,drs_pair
5605,114,2,0,0,0,85,1.45443999504,10,2,2,1,1,1,20260917,drs_pair
5606,114,2,5,50,0.000411062295316,85.5967894766,1.45489890234,9.975,2,2,1,1,1,20260917,drs_pair
5607,114,2,10,100,0.000824650226601,86.1878885599,1.4552211298,9.95,2,2,1,1,1,20260917,drs_pair
5608,114,2,15,150,0.00124041087997,86.7728081102,1.45539352188,9.925,2,2,1,1,1,20260917,drs_pair
5609,114,2,20,200,0.00165804206925,87.3511508988,1.45540698489,9.9,2,2,1,1,1,20260917,drs_pair
5610,114,2,25,250,0.00207728459406,87.9225972969,1.4552556832,9.875,2,2,1,1,1,20260917,drs_pair
5611,114,2,30,300,0.00249791593292,88.4868935706,1.45493640719,9.85,2,2,1,1,1,20260917,drs_pair
5612,114,2,35,350,0.00291974491277,89.0438419838,1.45444806386,9.825,2,2,1,1,1,20260917,drs_pair
5613,114,2,40,400,0.0033426071896,89.5932924036,1.45379126311,9.8,2,2,1,1,1,20260917,drs_pair
5614,114,2,45,450,0.00376636140732,90.1351351668,1.45296797996,9.775,2,2,1,1,1,20260917,drs_pair
5615,114,2,50,500,0.00419088592639,90.6692950047,1.45198127726,9.75,2,2,1,1,1,20260917,drs_pair
5616,114,2,55,550,0.00461607601037,91.1957258251,1.45083507605,9.725,2,2,1,1,1,20260917,drs_pair
5617,114,2,60,600,0.00505031200069,91.7285003869,1.45139149503,9.7,2,2,1,1,1,20260917,drs_pair
5618,114,2,65,650,0.00557061849495,92.3939664548,1.49477010137,9.675,2,2,1,1,1,20260917,drs_pair
5619,114,2,70,700,0.0058480481582,92.6476626096,1.49400712807,9.65,2,2,1,1,1,20260917,drs_pair
5620,114,2,75,750,0.00612524662184,92.8967833743,1.49321294118,9.625,2,2,1,1,1,20260917,drs_pair
5621,114,2,80,800,0.00640220419279,93.1413883537,1.49238959279,9.6,2,2,1,1,1,20260917,drs_pair
5622,114,2,85,850,0.00667891189111,93.3815373463,1.49153905878,9.575,2,2,1,1,1,20260917,drs_pair
5623,114,2,90,900,0.00694708294041,93.6035754906,1.50290655836,9.55,2,2,1,1,1,20260917,drs_pair
5624,114,2,95,950,0.00723182650284,93.8494237682,1.48997574968,9.525,2,2,1,1,1,20260917,drs_pair
5625,114,2,100,1000,0.00753943908415,94.1289971318,1.47987556676,9.5,2,2,1,1,1,20260917,drs_pair
5626,114,2,105,1050,0.00786575182676,94.4348502365,1.47161464479,9.475,2,2,1,1,1,20260917,drs_pair
5627,114,2,110,1100,0.00820756060108,94.7612544827,1.46462164992,9.45,2,2,1,1,1,20260917,drs_pair
5628,114,2,115,1150,0.00856232568164,95.1036736272,1.4585362264,9.425,2,2,1,1,1,20260917,drs_pair
5629,114,2,120,1200,0.00892799325562,95.4584492374,1.45311676796,9.4,2,2,1,1,1,20260917,drs_pair
5630,114,2,125,1250,0.00930287915779,95.8225941132,1.44819408755,9.375,2,2,1,1,1,20260917,drs_pair
5631,114,2,130,1300,0.0096985595036,96.2152307639,1.44800195359,9.35,2,2,1,1,1,20260917,drs_pair
5632,114,2,135,1350,0.0101386258905,96.6739569099,1.51939093713,9.325,2,2,1,1,1,20260917,drs_pair
5633,114,2,140,1400,0.0103283680264,96.7116323512,1.53981290482,9.3,2,2,1,1,1,20260917,drs_pair
5634,114,2,145,1450,0.0104795128844,96.6852338345,1.53971498734,9.275,2,2,1,1,1,20260917,drs_pair
5635,114,2,150,1500,0.010630654933,96.6592670033,1.53961458639,9.25,2,2,1,1,1,20260917,drs_pair
5636,114,2,155,1550,0.0107817940483,96.6337245174,1.53951175569,9.225,2,2,1,1,1,20260917,drs_pair
5637,114,2,160,1600,0.0109494478031,96.6360217861,1.52814993942,9.2,2,2,1,1,1,20260917,drs_pair
5638,114,2,165,1650,0.0111699376214,96.7255844895,1.501088872,9.175,2,2,1,1,1,20260917,drs_pair
5639,114,2,170,1700,0.0114273550922,96.8746788325,1.48356550688,9.15,2,2,1,1,1,20260917,drs_pair
5640,114,2,175,1750,0.0117131378337,97.0681777436,1.47061937474,9.125,2,2,1,1,1,20260917,drs_pair
5641,114,2,180,1800,0.0120216352142,97.2960119361,1.46036637057,9.1,2,2,1,1,1,20260917,drs_pair
5642,114,2,185,1850,0.0123487159503,97.5507880454,1.45186688556,9.075,2,2,1,1,1,20260917,drs_pair
5643,114,2,190,1900,0.0126912006028,97.8268073167,1.44458042627,9.05,2,2,1,1,1,20260917,drs_pair
5644,114,2,195,1950,0.0130465669976,98.1195510662,1.43816704128,9.025,2,2,1,1,1,20260917,drs_pair
5645,114,2,200,2000,0.0134127744547,98.425370832,1.43239947917,9,2,2,1,1,1,20260917,drs_pair
5646,114,2,205,2050,0.0137881490265,98.7412844041,1.42711903653,8.975,2,2,1,1,1,20260917,drs_pair
5647,114,2,210,2100,0.0141713037504,99.0648330604,1.42221123503,8.95,2,2,1,1,1,20260917,drs_pair
5648,114,2,215,2150,0.0146039338898,99.4650444776,1.40495174009,8.925,2,2,1,1,1,20260917,drs_pair
5649,114,2,220,2200,0.0150729059596,99.9184752894,1.39956351131,8.9,2,2,1,1,1,20260917,drs_pair
5650,114,2,225,2250,0.0155490618924,100.376283047,1.39429744073,8.875,2,2,1,1,1,20260917,drs_pair
5651,114,2,230,2300,0.0160313996115,100.836739462,1.38911514523,8.85,2,2,1,1,1,20260917,drs_pair
5652,114,2,235,2350,0.0165190601896,101.298381362,1.38398778736,8.825,2,2,1,1,1,20260917,drs_pair
5653,115,2,0,0,0,85,1.45260660685,10,2,2,1,1,1,20260917,drs_pair
5654,115,2,5,50,0.000416346460082,85.605521672,1.45334875641,9.975,2,2,1,1,1,20260917,drs_pair
5655,115,2,10,100,0.000834478122114,86.2039850431,1.46837616123,9.95,2,2,1,1,1,20260917,drs_pair
5656,115,2,15,150,0.00121400933037,86.7287642031,1.46718816707,9.925,2,2,1,1,1,20260917,drs_pair
5657,115,2,20,200,0.00159869117557,87.2533813031,1.46605719705,9.9,2,2,1,1,1,20260917,drs_pair
5658,115,2,25,250,0.00198789777746,87.7768047251,1.464944397,9.875,2,2,1,1,1,20260917,drs_pair
5659,115,2,30,300,0.00238108416632,88.2981536078,1.46381933877,9.85,2,2,1,1,1,20260917,drs_pair
5660,115,2,35,350,0.00277777469926,88.8166762133,1.46265826558,9.825,2,2,1,1,1,20260917,drs_pair
5661,115,2,40,400,0.00317755340715,89.3317318414,1.46144275822,9.8,2,2,1,1,1,20260917,drs_pair
5662,115,2,45,450,0.0035800558839,89.8427755915,1.46015870305,9.775,2,2,1,1,1,20260917,drs_pair
5663,115,2,50,500,0.00398496242424,90.3493454393,1.45879548173,9.75,2,2,1,1,1,20260917,drs_pair
5664,115,2,55,550,0.00442470597457,90.9052995285,1.44343651459,9.725,2,2,1,1,1,20260917,drs_pair
5665,115,2,60,600,0.00492439754122,91.5514149844,1.45174439528,9.7,2,2,1,1,1,20260917,drs_pair
5666,115,2,65,650,0.00544487245084,92.2200862816,1.495184701,9.675,2,2,1,1,1,20260917,drs_pair
5667,115,2,70,700,0.00572243475979,92.4768756829,1.49444407717,9.65,2,2,1,1,1,20260917,drs_pair
5668,115,2,75,750,0.00599977287099,92.7290501392,1.49367081805,9.625,2,2,1,1,1,20260917,drs_pair
5669,115,2,80,800,0.00627687660603,92.976669107,1.49286702976,9.6,2,2,1,1,1,20260917,drs_pair
5670,115,2,85,850,0.00655373651015,93.2197922561,1.49203473857,9.575,2,2,1,1,1,20260917,drs_pair
5671,115,2,90,900,0.00682202764709,93.4447020848,1.50345097032,9.55,2,2,1,1,1,20260917,drs_pair
5672,115,2,95,950,0.00710685034833,93.6933070754,1.49054709349,9.525,2,2,1,1,1,20260917,drs_pair
5673,115,2,100,1000,0.00741452708882,93.9755668384,1.48047336579,9.5,2,2,1,1,1,20260917,drs_pair
5674,115,2,105,1050,0.00774089270596,94.284043295,1.47223900272,9.475,2,2,1,1,1,20260917,drs_pair
5675,115,2,110,1100,0.00808274551885,94.6130129327,1.46527265364,9.45,2,2,1,1,1,20260917,drs_pair
5676,115,2,115,1150,0.00843754754951,94.9579433536,1.45921378116,9.425,2,2,1,1,1,20260917,drs_pair
5677,115,2,120,1200,0.00880324629289,95.3151791803,1.45382056635,9.4,2,2,1,1,1,20260917,drs_pair
5678,115,2,125,1250,0.00917815859485,95.6817357273,1.4489236233,9.375,2,2,1,1,1,20260917,drs_pair
5679,115,2,130,1300,0.00957374155917,96.0765382745,1.44872568144,9.35,2,2,1,1,1,20260917,drs_pair
5680,115,2,135,1350,0.0100140355329,96.5379330898,1.52017393306,9.325,2,2,1,1,1,20260917,drs_pair
5681,115,2,140,1400,0.0102038668012,96.5780036861,1.54060818351,9.3,2,2,1,1,1,20260917,drs_pair
5682,115,2,145,1450,0.0103550511428,96.5538791163,1.54049748349,9.275,2,2,1,1,1,20260917,drs_pair
5683,115,2,150,1500,0.0105062320413,96.5301475994,1.54038459312,9.25,2,2,1,1,1,20260917,drs_pair
5684,115,2,155,1550,0.0106574093859,96.5068024557,1.5402695595,9.225,2,2,1,1,1,20260917,drs_pair
5685,115,2,160,1600,0.0108251094112,96.5112740748,1.52890910623,9.2,2,2,1,1,1,20260917,drs_pair
5686,115,2,165,1650,0.0110456313097,96.6029516758,1.51249317854,9.175,2,2,1,1,1,20260917,drs_pair
5687,115,2,170,1700,0.0112839402053,96.7224829219,1.49524500552,9.15,2,2,1,1,1,20260917,drs_pair
5688,115,2,175,1750,0.0115483664322,96.8831944801,1.48230056445,9.125,2,2,1,1,1,20260917,drs_pair
5689,115,2,180,1800,0.0118342383921,97.0766876844,1.47192818616,9.1,2,2,1,1,1,20260917,drs_pair
5690,115,2,185,1850,0.0121380946001,97.2967014022,1.46325511765,9.075,2,2,1,1,1,20260917,drs_pair
5691,115,2,190,1900,0.01245722835,97.5383248476,1.455774713,9.05,2,2,1,1,1,20260917,drs_pair
5692,115,2,195,1950,0.0127894541031,97.7975894366,1.44916552064,9.025,2,2,1,1,1,20260917,drs_pair
5693,115,2,200,2000,0.0131329696978,98.0712256079,1.44321075098,9,2,2,1,1,1,20260917,drs_pair
5694,115,2,205,2050,0.013508826264,98.3939136465,1.42454432231,8.975,2,2,1,1,1,20260917,drs_pair
5695,115,2,210,2100,0.0139057687517,98.7459881787,1.42032232526,8.95,2,2,1,1,1,20260917,drs_pair
5696,115,2,215,2150,0.014353487021,99.1764219658,1.40335085306,8.925,2,2,1,1,1,20260917,drs_pair
5697,115,2,220,2200,0.014837472105,99.6594326414,1.39841654914,8.9,2,2,1,1,1,20260917,drs_pair
5698,115,2,225,2250,0.0153265472099,100.142871244,1.39351787034,8.875,2,2,1,1,1,20260917,drs_pair
5699,115,2,230,2300,0.0158200077882,100.625566422,1.38863431734,8.85,2,2,1,1,1,20260917,drs_pair
5700,115,2,235,2350,0.0163172485238,101.106530166,1.38375080145,8.825,2,2,1,1,1,20260917,drs_pair
5701,116,2,0,0,0,85,1.45691730191,10,2,3,1,1,1,20260917,drs_pair
5702,116,2,5,50,0.000395051484242,85.5703243184,1.45752223118,9.975,2,3,1,1,1,20260917,drs_pair
5703,116,2,10,100,0.00079193044979,86.134241878,1.4579918289,9.95,2,3,1,1,1,20260917,drs_pair
5704,116,2,15,150,0.00119035073655,86.6913857038,1.45831488594,9.925,2,3,1,1,1,20260917,drs_pair
5705,116,2,20,200,0.00159007219521,87.2414709156,1.4584839947,9.9,2,3,1,1,1,20260917,drs_pair
5706,116,2,25,250,0.0019908928022,87.7842803435,1.45849474763,9.875,2,3,1,1,1,20260917,drs_pair
5707,116,2,30,300,0.002392642462,88.319653166,1.45834511828,9.85,2,3,1,1,1,20260917,drs_pair
5708,116,2,35,350,0.00279517748802,88.8474748598,1.45803495139,9.825,2,3,1,1,1,20260917,drs_pair
5709,116,2,40,400,0.003198376591,89.3676698059,1.45756558597,9.8,2,3,1,1,1,20260917,drs_pair
5710,116,2,45,450,0.0036021375033,89.8801950685,1.45693954803,9.775,2,3,1,1,1,20260917,drs_pair
5711,116,2,50,500,0.00400637407012,90.3850350475,1.45616029646,9.75,2,3,1,1,1,20260917,drs_pair
5712,116,2,55,550,0.00441101366071,90.8821967481,1.45523200692,9.725,2,3,1,1,1,20260917,drs_pair
5713,116,2,60,600,0.00481599507647,91.3717059521,1.45608379125,9.7,2,3,1,1,1,20260917,drs_pair
5714,116,2,65,650,0.00531523808344,92.0083492201,1.50212442285,9.675,2,3,1,1,1,20260917,drs_pair
5715,116,2,70,700,0.0055765269468,92.2417408344,1.50145604144,9.65,2,3,1,1,1,20260917,drs_pair
5716,116,2,75,750,0.00583766003845,92.4710173412,1.50075983712,9.625,2,3,1,1,1,20260917,drs_pair
5717,116,2,80,800,0.0060986305782,92.6962355515,1.50003755321,9.6,2,3,1,1,1,20260917,drs_pair
5718,116,2,85,850,0.00635943224276,92.9174520927,1.49929086745,9.575,2,3,1,1,1,20260917,drs_pair
5719,116,2,90,900,0.00661564074179,93.1274106699,1.50693420594,9.55,2,3,1,1,1,20260917,drs_pair
5720,116,2,95,950,0.0068920179554,93.3673027357,1.49318972116,9.525,2,3,1,1,1,20260917,drs_pair
5721,116,2,100,1000,0.00719168812395,93.6417173664,1.48282092721,9.5,2,3,1,1,1,20260917,drs_pair
5722,116,2,105,1050,0.00750989775076,93.9422304219,1.47457115489,9.475,2,3,1,1,1,20260917,drs_pair
5723,116,2,110,1100,0.00784310061648,94.2625512679,1.46774786636,9.45,2,3,1,1,1,20260917,drs_pair
5724,116,2,115,1150,0.00818855596728,94.5978239182,1.46192736279,9.425,2,3,1,1,1,20260917,drs_pair
5725,116,2,120,1200,0.00854409766018,94.9442220021,1.45683194464,9.4,2,3,1,1,1,20260917,drs_pair
5726,116,2,125,1250,0.00890798732096,95.2986891701,1.4522706221,9.375,2,3,1,1,1,20260917,drs_pair
5727,116,2,130,1300,0.00927844549659,95.6581474383,1.45029798838,9.35,2,3,1,1,1,20260917,drs_pair
5728,116,2,135,1350,0.0097202225042,96.1288647074,1.52423853279,9.325,2,3,1,1,1,20260917,drs_pair
5729,116,2,140,1400,0.00990846477166,96.1730831933,1.54317140614,9.3,2,3,1,1,1,20260917,drs_pair
5730,116,2,145,1450,0.0100594700936,96.1553554741,1.5430265023,9.275,2,3,1,1,1,20260917,drs_pair
5731,116,2,150,1500,0.0102104705981,96.1379128056,1.54288015404,9.25,2,3,1,1,1,20260917,drs_pair
5732,116,2,155,1550,0.0103614662176,96.1207503646,1.54273239187,9.225,2,3,1,1,1,20260917,drs_pair
5733,116,2,160,1600,0.0105298286276,96.1327029816,1.52844132496,9.2,2,3,1,1,1,20260917,drs_pair
5734,116,2,165,1650,0.0107517427105,96.232938587,1.50137197223,9.175,2,3,1,1,1,20260917,drs_pair
5735,116,2,170,1700,0.0110100435364,96.391633811,1.48418195968,9.15,2,3,1,1,1,20260917,drs_pair
5736,116,2,175,1750,0.0112956578982,96.5928357748,1.47168309717,9.125,2,3,1,1,1,20260917,drs_pair
5737,116,2,180,1800,0.0116026768955,96.8260800617,1.46192416904,9.1,2,3,1,1,1,20260917,drs_pair
5738,116,2,185,1850,0.011926845065,97.083806179,1.45393751853,9.075,2,3,1,1,1,20260917,drs_pair
5739,116,2,190,1900,0.0122649401435,97.3602853921,1.44716899022,9.05,2,3,1,1,1,20260917,drs_pair
5740,116,2,195,1950,0.0126144488633,97.6510549861,1.44127149064,9.025,2,3,1,1,1,20260917,drs_pair
5741,116,2,200,2000,0.0129733727077,97.9525764788,1.43601397285,9,2,3,1,1,1,20260917,drs_pair
5742,116,2,205,2050,0.0133401009701,98.2620106386,1.43123579583,8.975,2,3,1,1,1,20260917,drs_pair
5743,116,2,210,2100,0.013713322616,98.5770603129,1.42682161957,8.95,2,3,1,1,1,20260917,drs_pair
5744,116,2,215,2150,0.0141314737255,98.9613809435,1.41052393546,8.925,2,3,1,1,1,20260917,drs_pair
5745,116,2,220,2200,0.0145821485643,99.3928902772,1.4057342981,8.9,2,3,1,1,1,20260917,drs_pair
5746,116,2,225,2250,0.0150384163033,99.826509528,1.40106942933,8.875,2,3,1,1,1,20260917,drs_pair
5747,116,2,230,2300,0.0154993978821,100.260751204,1.39649178522,8.85,2,3,1,1,1,20260917,drs_pair
5748,116,2,235,2350,0.0159643558097,100.694386336,1.39197324962,8.825,2,3,1,1,1,20260917,drs_pair
5749,117,2,0,0,0,85,1.45511124008,10,2,3,1,1,1,20260917,drs_pair
5750,117,2,5,50,0.000399934614627,85.5783935809,1.45602225484,9.975,2,3,1,1,1,20260917,drs_pair
5751,117,2,10,100,0.000800929119247,86.1489786071,1.47388725214,9.95,2,3,1,1,1,20260917,drs_pair
5752,117,2,15,150,0.00115991601136,86.6407093215,1.47269012067,9.925,2,3,1,1,1,20260917,drs_pair
5753,117,2,20,200,0.00152364968067,87.1321566304,1.47159887469,9.9,2,3,1,1,1,20260917,drs_pair
5754,117,2,25,250,0.0018914817187,87.6222537187,1.47056670809,9.875,2,3,1,1,1,20260917,drs_pair
5755,117,2,30,300,0.00226285745728,88.1101063061,1.4695572561,9.85,2,3,1,1,1,20260917,drs_pair
5756,117,2,35,350,0.00263730079891,88.59496473,1.46854223971,9.825,2,3,1,1,1,20260917,drs_pair
5757,117,2,40,400,0.00301440223635,89.0762017585,1.46749973986,9.8,2,3,1,1,1,20260917,drs_pair
5758,117,2,45,450,0.00339380895357,89.5532942099,1.46641289061,9.775,2,3,1,1,1,20260917,drs_pair
5759,117,2,50,500,0.00377521654561,90.0258075493,1.46526887139,9.75,2,3,1,1,1,20260917,drs_pair
5760,117,2,55,550,0.00420479424086,90.5702481556,1.44780540475,9.725,2,3,1,1,1,20260917,drs_pair
5761,117,2,60,600,0.00466023403167,91.148510637,1.45434794906,9.7,2,3,1,1,1,20260917,drs_pair
5762,117,2,65,650,0.00517052554441,91.8069845242,1.50256426312,9.675,2,3,1,1,1,20260917,drs_pair
5763,117,2,70,700,0.00543192356661,92.0438848419,1.50192098447,9.65,2,3,1,1,1,20260917,drs_pair
5764,117,2,75,750,0.00569317197614,92.2766222374,1.50124836074,9.625,2,3,1,1,1,20260917,drs_pair
5765,117,2,80,800,0.00595426359554,92.5052536555,1.50054819209,9.6,2,3,1,1,1,20260917,drs_pair
5766,117,2,85,850,0.00621519171766,92.7298358772,1.49982221039,9.575,2,3,1,1,1,20260917,drs_pair
5767,117,2,90,900,0.00647150035745,92.9430608169,1.50751476135,9.55,2,3,1,1,1,20260917,drs_pair
5768,117,2,95,950,0.00674794186845,93.1861061562,1.49379984042,9.525,2,3,1,1,1,20260917,drs_pair
5769,117,2,100,1000,0.00704766267987,93.463599383,1.48346082139,9.5,2,3,1,1,1,20260917,drs_pair
5770,117,2,105,1050,0.00736591299879,93.767123709,1.47524139435,9.475,2,3,1,1,1,20260917,drs_pair
5771,117,2,110,1100,0.00769914897067,94.0903935194,1.46844879602,9.45,2,3,1,1,1,20260917,drs_pair
5772,117,2,115,1150,0.00804463148396,94.428556571,1.46265899247,9.425,2,3,1,1,1,20260917,drs_pair
5773,117,2,120,1200,0.00840019559742,94.7777894466,1.457593964,9.4,2,3,1,1,1,20260917,drs_pair
5774,117,2,125,1250,0.00876410384753,95.1350382207,1.45306244802,9.375,2,3,1,1,1,20260917,drs_pair
5775,117,2,130,1300,0.00913470168327,95.4974336036,1.45107954772,9.35,2,3,1,1,1,20260917,drs_pair
5776,117,2,135,1350,0.00957671058789,95.9711906132,1.52509369921,9.325,2,3,1,1,1,20260917,drs_pair
5777,117,2,140,1400,0.00976504279791,96.0181634435,1.54403820791,9.3,2,3,1,1,1,20260917,drs_pair
5778,117,2,145,1450,0.00991608863467,96.0030632862,1.54388036206,9.275,2,3,1,1,1,20260917,drs_pair
5779,117,2,150,1500,0.0100671290481,95.9882037486,1.54372134752,9.25,2,3,1,1,1,20260917,drs_pair
5780,117,2,155,1550,0.0102181639841,95.9735807638,1.54356118968,9.225,2,3,1,1,1,20260917,drs_pair
5781,117,2,160,1600,0.0103865757552,95.9880475123,1.52926874746,9.2,2,3,1,1,1,20260917,drs_pair
5782,117,2,165,1650,0.0106085239187,96.0907303646,1.51475784176,9.175,2,3,1,1,1,20260917,drs_pair
5783,117,2,170,1700,0.0108450922493,96.2158485176,1.49796640014,9.15,2,3,1,1,1,20260917,drs_pair
5784,117,2,175,1750,0.0111065523547,96.3800285391,1.48553280046,9.125,2,3,1,1,1,20260917,drs_pair
5785,117,2,180,1800,0.0113880881914,96.574668246,1.47568986613,9.1,2,3,1,1,1,20260917,drs_pair
5786,117,2,185,1850,0.0116861707298,96.7934333741,1.46755183149,9.075,2,3,1,1,1,20260917,drs_pair
5787,117,2,190,1900,0.0119980743933,97.0314216213,1.46060638302,9.05,2,3,1,1,1,20260917,drs_pair
5788,117,2,195,1950,0.0123216271493,97.2847262324,1.45452944916,9.025,2,3,1,1,1,20260917,drs_pair
5789,117,2,200,2000,0.0126550622184,97.5501745919,1.44910307959,9,2,3,1,1,1,20260917,drs_pair
5790,117,2,205,2050,0.0130217165494,97.8662740678,1.42838691699,8.975,2,3,1,1,1,20260917,drs_pair
5791,117,2,210,2100,0.013409328801,98.2116446248,1.4248152442,8.95,2,3,1,1,1,20260917,drs_pair
5792,117,2,215,2150,0.0138428277608,98.627385878,1.40890899808,8.925,2,3,1,1,1,20260917,drs_pair
5793,117,2,220,2200,0.0143084389577,99.0890976642,1.40468148353,8.9,2,3,1,1,1,20260917,drs_pair
5794,117,2,225,2250,0.0147772974872,99.5485441813,1.40047113449,8.875,2,3,1,1,1,20260917,drs_pair
5795,117,2,230,2300,0.0152488977724,100.004927419,1.39626283747,8.85,2,3,1,1,1,20260917,drs_pair
5796,117,2,235,2350,0.0157228142989,100.457594856,1.39204568308,8.825,2,3,1,1,1,20260917,drs_pair
5797,118,2,0,0,0,85,1.44804068602,10,2,1,1,1,1,20260917,repeatability
5798,118,2,5,50,0.000432288895671,85.6318726693,1.44879368711,9.975,2,1,1,1,1,20260917,repeatability
5799,118,2,10,100,0.000866565078052,86.2565854639,1.46450422857,9.95,2,1,1,1,1,20260917,repeatability
5800,118,2,15,150,0.00125922108226,86.8021887916,1.46336499373,9.925,2,1,1,1,1,20260917,repeatability
5801,118,2,20,200,0.00165711883596,87.3474364699,1.46225618043,9.9,2,1,1,1,1,20260917,repeatability
5802,118,2,25,250,0.00205963544841,87.8913050188,1.46114147401,9.875,2,1,1,1,1,20260917,repeatability
5803,118,2,30,300,0.0024662275746,88.4329193249,1.45999258197,9.85,2,1,1,1,1,20260917,repeatability
5804,118,2,35,350,0.00287642002586,88.9715313689,1.45878757561,9.825,2,1,1,1,1,20260917,repeatability
5805,118,2,40,400,0.00328979629651,89.5065024703,1.45750962518,9.8,2,1,1,1,1,20260917,repeatability
5806,118,2,45,450,0.0037059906174,90.0372883496,1.45614601849,9.775,2,1,1,1,1,20260917,repeatability
5807,118,2,50,500,0.00414750894787,90.6013454048,1.43981714641,9.75,2,1,1,1,1,20260917,repeatability
5808,118,2,55,550,0.00462125447154,91.2091448576,1.43950538529,9.725,2,1,1,1,1,20260917,repeatability
5809,118,2,60,600,0.0051352139465,91.8738493373,1.44831445038,9.7,2,1,1,1,1,20260917,repeatability
5810,118,2,65,650,0.00567145402887,92.5632447573,1.49002011386,9.675,2,1,1,1,1,20260917,repeatability
5811,118,2,70,700,0.00596050482539,92.8333509632,1.48918737746,9.65,2,1,1,1,1,20260917,repeatability
5812,118,2,75,750,0.00624929251704,93.0985578062,1.48831943677,9.625,2,1,1,1,1,20260917,repeatability
5813,118,2,80,800,0.00653780574033,93.3589274853,1.48741863725,9.6,2,1,1,1,1,20260917,repeatability
5814,118,2,85,850,0.00682603397222,93.6145225604,1.4864872361,9.575,2,1,1,1,1,20260917,repeatability
5815,118,2,90,900,0.00710493058464,93.850433837,1.49711474937,9.55,2,1,1,1,1,20260917,repeatability
5816,118,2,95,950,0.00740061726446,94.1102911148,1.48423585994,9.525,2,1,1,1,1,20260917,repeatability
5817,118,2,100,1000,0.00771992135323,94.4048785704,1.47412674078,9.5,2,1,1,1,1,20260917,repeatability
5818,118,2,105,1050,0.00805854482946,94.726520861,1.46581186542,9.475,2,1,1,1,1,20260917,repeatability
5819,118,2,110,1100,0.00841319223761,95.0693256926,1.45872893317,9.45,2,1,1,1,1,20260917,repeatability
5820,118,2,115,1150,0.00878125668871,95.4286357475,1.4525237009,9.425,2,1,1,1,1,20260917,repeatability
5821,118,2,120,1200,0.00916063299132,95.8006995953,1.44695910731,9.4,2,1,1,1,1,20260917,repeatability
5822,118,2,125,1250,0.00954959611863,96.1824559493,1.44186953305,9.375,2,1,1,1,1,20260917,repeatability
5823,118,2,130,1300,0.00996420725421,96.6004850301,1.44345345373,9.35,2,1,1,1,1,20260917,repeatability
5824,118,2,135,1350,0.0104157379793,97.0717828114,1.5142077962,9.325,2,1,1,1,1,20260917,repeatability
5825,118,2,140,1400,0.0106102453337,97.1107475268,1.53465593222,9.3,2,1,1,1,1,20260917,repeatability
5826,118,2,145,1450,0.0107648879808,97.0835335539,1.5345643582,9.275,2,1,1,1,1,20260917,repeatability
5827,118,2,150,1500,0.0109195280021,97.056765048,1.53447009207,9.25,2,1,1,1,1,20260917,repeatability
5828,118,2,155,1550,0.0110741652558,97.0304344118,1.53437319649,9.225,2,1,1,1,1,20260917,repeatability
5829,118,2,160,1600,0.0112463106507,97.0336054932,1.52176317391,9.2,2,1,1,1,1,20260917,repeatability
5830,118,2,165,1650,0.0114735978904,97.1278368852,1.50585713487,9.175,2,1,1,1,1,20260917,repeatability
5831,118,2,170,1700,0.0117185606597,97.2496929527,1.48853544005,9.15,2,1,1,1,1,20260917,repeatability
5832,118,2,175,1750,0.0119906382606,97.4143390171,1.47552985343,9.125,2,1,1,1,1,20260917,repeatability
5833,118,2,180,1800,0.0122849372801,97.612983406,1.46508503567,9.1,2,1,1,1,1,20260917,repeatability
5834,118,2,185,1850,0.0125978513252,97.8391054881,1.45632147056,9.075,2,1,1,1,1,20260917,repeatability
5835,118,2,190,1900,0.0129265729693,98.0876122566,1.44873124931,9.05,2,1,1,1,1,20260917,repeatability
5836,118,2,195,1950,0.0132688436466,98.3544016636,1.44199366633,9.025,2,1,1,1,1,20260917,repeatability
5837,118,2,200,2000,0.0136228063961,98.6361030017,1.43589340851,9,2,1,1,1,1,20260917,repeatability
5838,118,2,205,2050,0.01401119555,98.9701792915,1.4163468095,8.975,2,1,1,1,1,20260917,repeatability
5839,118,2,210,2100,0.0144222358571,99.3360315508,1.41183368864,8.95,2,1,1,1,1,20260917,repeatability
5840,118,2,215,2150,0.014886664893,99.7843463908,1.39496382403,8.925,2,1,1,1,1,20260917,repeatability
5841,118,2,220,2200,0.0153893671646,100.288246948,1.38963064367,8.9,2,1,1,1,1,20260917,repeatability
5842,118,2,225,2250,0.0158976766086,100.793084813,1.38432372607,8.875,2,1,1,1,1,20260917,repeatability
5843,118,2,230,2300,0.0164108387098,101.297597637,1.37902301218,8.85,2,1,1,1,1,20260917,repeatability
5844,118,2,235,2350,0.0169282028973,101.800715706,1.37371395264,8.825,2,1,1,1,1,20260917,repeatability
5845,119,2,0,0,0,85,1.44804068602,10,2,1,1,1,1,20260917,repeatability
5846,119,2,5,50,0.000432288895671,85.6318726693,1.44879368711,9.975,2,1,1,1,1,20260917,repeatability
5847,119,2,10,100,0.000866565078052,86.2565854639,1.46450422857,9.95,2,1,1,1,1,20260917,repeatability
5848,119,2,15,150,0.00125922108226,86.8021887916,1.46336499373,9.925,2,1,1,1,1,20260917,repeatability
5849,119,2,20,200,0.00165711883596,87.3474364699,1.46225618043,9.9,2,1,1,1,1,20260917,repeatability
5850,119,2,25,250,0.00205963544841,87.8913050188,1.46114147401,9.875,2,1,1,1,1,20260917,repeatability
5851,119,2,30,300,0.0024662275746,88.4329193249,1.45999258197,9.85,2,1,1,1,1,20260917,repeatability
5852,119,2,35,350,0.00287642002586,88.9715313689,1.45878757561,9.825,2,1,1,1,1,20260917,repeatability
5853,119,2,40,400,0.00328979629651,89.5065024703,1.45750962518,9.8,2,1,1,1,1,20260917,repeatability
5854,119,2,45,450,0.0037059906174,90.0372883496,1.45614601849,9.775,2,1,1,1,1,20260917,repeatability
5855,119,2,50,500,0.00414750894787,90.6013454048,1.43981714641,9.75,2,1,1,1,1,20260917,repeatability
5856,119,2,55,550,0.00462125447154,91.2091448576,1.43950538529,9.725,2,1,1,1,1,20260917,repeatability
5857,119,2,60,600,0.0051352139465,91.8738493373,1.44831445038,9.7,2,1,1,1,1,20260917,repeatability
5858,119,2,65,650,0.00567145402887,92.5632447573,1.49002011386,9.675,2,1,1,1,1,20260917,repeatability
5859,119,2,70,700,0.00596050482539,92.8333509632,1.48918737746,9.65,2,1,1,1,1,20260917,repeatability
5860,119,2,75,750,0.00624929251704,93.0985578062,1.48831943677,9.625,2,1,1,1,1,20260917,repeatability
5861,119,2,80,800,0.00653780574033,93.3589274853,1.48741863725,9.6,2,1,1,1,1,20260917,repeatability
5862,119,2,85,850,0.00682603397222,93.6145225604,1.4864872361,9.575,2,1,1,1,1,20260917,repeatability
5863,119,2,90,900,0.00710493058464,93.850433837,1.49711474937,9.55,2,1,1,1,1,20260917,repeatability
5864,119,2,95,950,0.00740061726446,94.1102911148,1.48423585994,9.525,2,1,1,1,1,20260917,repeatability
5865,119,2,100,1000,0.00771992135323,94.4048785704,1.47412674078,9.5,2,1,1,1,1,20260917,repeatability
5866,119,2,105,1050,0.00805854482946,94.726520861,1.46581186542,9.475,2,1,1,1,1,20260917,repeatability
5867,119,2,110,1100,0.00841319223761,95.0693256926,1.45872893317,9.45,2,1,1,1,1,20260917,repeatability
5868,119,2,115,1150,0.00878125668871,95.4286357475,1.4525237009,9.425,2,1,1,1,1,20260917,repeatability
5869,119,2,120,1200,0.00916063299132,95.8006995953,1.44695910731,9.4,2,1,1,1,1,20260917,repeatability
5870,119,2,125,1250,0.00954959611863,96.1824559493,1.44186953305,9.375,2,1,1,1,1,20260917,repeatability
5871,119,2,130,1300,0.00996420725421,96.6004850301,1.44345345373,9.35,2,1,1,1,1,20260917,repeatability
5872,119,2,135,1350,0.0104157379793,97.0717828114,1.5142077962,9.325,2,1,1,1,1,20260917,repeatability
5873,119,2,140,1400,0.0106102453337,97.1107475268,1.53465593222,9.3,2,1,1,1,1,20260917,repeatability
5874,119,2,145,1450,0.0107648879808,97.0835335539,1.5345643582,9.275,2,1,1,1,1,20260917,repeatability
5875,119,2,150,1500,0.0109195280021,97.056765048,1.53447009207,9.25,2,1,1,1,1,20260917,repeatability
5876,119,2,155,1550,0.0110741652558,97.0304344118,1.53437319649,9.225,2,1,1,1,1,20260917,repeatability
5877,119,2,160,1600,0.0112463106507,97.0336054932,1.52176317391,9.2,2,1,1,1,1,20260917,repeatability
5878,119,2,165,1650,0.0114735978904,97.1278368852,1.50585713487,9.175,2,1,1,1,1,20260917,repeatability
5879,119,2,170,1700,0.0117185606597,97.2496929527,1.48853544005,9.15,2,1,1,1,1,20260917,repeatability
5880,119,2,175,1750,0.0119906382606,97.4143390171,1.47552985343,9.125,2,1,1,1,1,20260917,repeatability
5881,119,2,180,1800,0.0122849372801,97.612983406,1.46508503567,9.1,2,1,1,1,1,20260917,repeatability
5882,119,2,185,1850,0.0125978513252,97.8391054881,1.45632147056,9.075,2,1,1,1,1,20260917,repeatability
5883,119,2,190,1900,0.0129265729693,98.0876122566,1.44873124931,9.05,2,1,1,1,1,20260917,repeatability
5884,119,2,195,1950,0.0132688436466,98.3544016636,1.44199366633,9.025,2,1,1,1,1,20260917,repeatability
5885,119,2,200,2000,0.0136228063961,98.6361030017,1.43589340851,9,2,1,1,1,1,20260917,repeatability
5886,119,2,205,2050,0.01401119555,98.9701792915,1.4163468095,8.975,2,1,1,1,1,20260917,repeatability
5887,119,2,210,2100,0.0144222358571,99.3360315508,1.41183368864,8.95,2,1,1,1,1,20260917,repeatability
5888,119,2,215,2150,0.014886664893,99.7843463908,1.39496382403,8.925,2,1,1,1,1,20260917,repeatability
5889,119,2,220,2200,0.0153893671646,100.288246948,1.38963064367,8.9,2,1,1,1,1,20260917,repeatability
5890,119,2,225,2250,0.0158976766086,100.793084813,1.38432372607,8.875,2,1,1,1,1,20260917,repeatability
5891,119,2,230,2300,0.0164108387098,101.297597637,1.37902301218,8.85,2,1,1,1,1,20260917,repeatability
5892,119,2,235,2350,0.0169282028973,101.800715706,1.37371395264,8.825,2,1,1,1,1,20260917,repeatability
5893,120,2,0,0,0,85,1.44804068602,10,2,1,1,1,1,20260917,repeatability
5894,120,2,5,50,0.000432288895671,85.6318726693,1.44879368711,9.975,2,1,1,1,1,20260917,repeatability
5895,120,2,10,100,0.000866565078052,86.2565854639,1.46450422857,9.95,2,1,1,1,1,20260917,repeatability
5896,120,2,15,150,0.00125922108226,86.8021887916,1.46336499373,9.925,2,1,1,1,1,20260917,repeatability
5897,120,2,20,200,0.00165711883596,87.3474364699,1.46225618043,9.9,2,1,1,1,1,20260917,repeatability
5898,120,2,25,250,0.00205963544841,87.8913050188,1.46114147401,9.875,2,1,1,1,1,20260917,repeatability
5899,120,2,30,300,0.0024662275746,88.4329193249,1.45999258197,9.85,2,1,1,1,1,20260917,repeatability
5900,120,2,35,350,0.00287642002586,88.9715313689,1.45878757561,9.825,2,1,1,1,1,20260917,repeatability
5901,120,2,40,400,0.00328979629651,89.5065024703,1.45750962518,9.8,2,1,1,1,1,20260917,repeatability
5902,120,2,45,450,0.0037059906174,90.0372883496,1.45614601849,9.775,2,1,1,1,1,20260917,repeatability
5903,120,2,50,500,0.00414750894787,90.6013454048,1.43981714641,9.75,2,1,1,1,1,20260917,repeatability
5904,120,2,55,550,0.00462125447154,91.2091448576,1.43950538529,9.725,2,1,1,1,1,20260917,repeatability
5905,120,2,60,600,0.0051352139465,91.8738493373,1.44831445038,9.7,2,1,1,1,1,20260917,repeatability
5906,120,2,65,650,0.00567145402887,92.5632447573,1.49002011386,9.675,2,1,1,1,1,20260917,repeatability
5907,120,2,70,700,0.00596050482539,92.8333509632,1.48918737746,9.65,2,1,1,1,1,20260917,repeatability
5908,120,2,75,750,0.00624929251704,93.0985578062,1.48831943677,9.625,2,1,1,1,1,20260917,repeatability
5909,120,2,80,800,0.00653780574033,93.3589274853,1.48741863725,9.6,2,1,1,1,1,20260917,repeatability
5910,120,2,85,850,0.00682603397222,93.6145225604,1.4864872361,9.575,2,1,1,1,1,20260917,repeatability
5911,120,2,90,900,0.00710493058464,93.850433837,1.49711474937,9.55,2,1,1,1,1,20260917,repeatability
5912,120,2,95,950,0.00740061726446,94.1102911148,1.48423585994,9.525,2,1,1,1,1,20260917,repeatability
5913,120,2,100,1000,0.00771992135323,94.4048785704,1.47412674078,9.5,2,1,1,1,1,20260917,repeatability
5914,120,2,105,1050,0.00805854482946,94.726520861,1.46581186542,9.475,2,1,1,1,1,20260917,repeatability
5915,120,2,110,1100,0.00841319223761,95.0693256926,1.45872893317,9.45,2,1,1,1,1,20260917,repeatability
5916,120,2,115,1150,0.00878125668871,95.4286357475,1.4525237009,9.425,2,1,1,1,1,20260917,repeatability
5917,120,2,120,1200,0.00916063299132,95.8006995953,1.44695910731,9.4,2,1,1,1,1,20260917,repeatability
5918,120,2,125,1250,0.00954959611863,96.1824559493,1.44186953305,9.375,2,1,1,1,1,20260917,repeatability
5919,120,2,130,1300,0.00996420725421,96.6004850301,1.44345345373,9.35,2,1,1,1,1,20260917,repeatability
5920,120,2,135,1350,0.0104157379793,97.0717828114,1.5142077962,9.325,2,1,1,1,1,20260917,repeatability
5921,120,2,140,1400,0.0106102453337,97.1107475268,1.53465593222,9.3,2,1,1,1,1,20260917,repeatability
5922,120,2,145,1450,0.0107648879808,97.0835335539,1.5345643582,9.275,2,1,1,1,1,20260917,repeatability
5923,120,2,150,1500,0.0109195280021,97.056765048,1.53447009207,9.25,2,1,1,1,1,20260917,repeatability
5924,120,2,155,1550,0.0110741652558,97.0304344118,1.53437319649,9.225,2,1,1,1,1,20260917,repeatability
5925,120,2,160,1600,0.0112463106507,97.0336054932,1.52176317391,9.2,2,1,1,1,1,20260917,repeatability
5926,120,2,165,1650,0.0114735978904,97.1278368852,1.50585713487,9.175,2,1,1,1,1,20260917,repeatability
5927,120,2,170,1700,0.0117185606597,97.2496929527,1.48853544005,9.15,2,1,1,1,1,20260917,repeatability
5928,120,2,175,1750,0.0119906382606,97.4143390171,1.47552985343,9.125,2,1,1,1,1,20260917,repeatability
5929,120,2,180,1800,0.0122849372801,97.612983406,1.46508503567,9.1,2,1,1,1,1,20260917,repeatability
5930,120,2,185,1850,0.0125978513252,97.8391054881,1.45632147056,9.075,2,1,1,1,1,20260917,repeatability
5931,120,2,190,1900,0.0129265729693,98.0876122566,1.44873124931,9.05,2,1,1,1,1,20260917,repeatability
5932,120,2,195,1950,0.0132688436466,98.3544016636,1.44199366633,9.025,2,1,1,1,1,20260917,repeatability
5933,120,2,200,2000,0.0136228063961,98.6361030017,1.43589340851,9,2,1,1,1,1,20260917,repeatability
5934,120,2,205,2050,0.01401119555,98.9701792915,1.4163468095,8.975,2,1,1,1,1,20260917,repeatability
5935,120,2,210,2100,0.0144222358571,99.3360315508,1.41183368864,8.95,2,1,1,1,1,20260917,repeatability
5936,120,2,215,2150,0.014886664893,99.7843463908,1.39496382403,8.925,2,1,1,1,1,20260917,repeatability
5937,120,2,220,2200,0.0153893671646,100.288246948,1.38963064367,8.9,2,1,1,1,1,20260917,repeatability
5938,120,2,225,2250,0.0158976766086,100.793084813,1.38432372607,8.875,2,1,1,1,1,20260917,repeatability
5939,120,2,230,2300,0.0164108387098,101.297597637,1.37902301218,8.85,2,1,1,1,1,20260917,repeatability
5940,120,2,235,2350,0.0169282028973,101.800715706,1.37371395264,8.825,2,1,1,1,1,20260917,repeatability
5941,121,2,0,0,0,85,1.44686029987,60,2,1,1,2,1,20260917,stint
5942,121,2,5,50,0.000408242584217,85.5921279493,1.44744541973,59.975,2,1,1,2,1,20260917,stint
5943,121,2,10,100,0.000818622464983,86.178000878,1.46270696002,59.95,2,1,1,2,1,20260917,stint
5944,121,2,15,150,0.00119033842531,86.6902914068,1.46159502437,59.925,2,1,1,2,1,20260917,stint
5945,121,2,20,200,0.00156695488891,87.202213039,1.46052163452,59.9,2,1,1,2,1,20260917,stint
5946,121,2,25,250,0.00194791972753,87.7128594441,1.4594542838,59.875,2,1,1,2,1,20260917,stint
5947,121,2,30,300,0.00233274792415,88.2214501738,1.45836735085,59.85,2,1,1,2,1,20260917,stint
5948,121,2,35,350,0.0027210122699,88.7273132097,1.45724071474,59.825,2,1,1,2,1,20260917,stint
5949,121,2,40,400,0.00311233570726,89.2298705184,1.45605869561,59.8,2,1,1,2,1,20260917,stint
5950,121,2,45,450,0.00350638485506,89.7286257979,1.45480922646,59.775,2,1,1,2,1,20260917,stint
5951,121,2,50,500,0.00390286449557,90.2231540169,1.45348319651,59.75,2,1,1,2,1,20260917,stint
5952,121,2,55,550,0.00434304899503,90.7818539048,1.43793727315,59.725,2,1,1,2,1,20260917,stint
5953,121,2,60,600,0.00485486549168,91.4501621669,1.45306568566,59.7,2,1,1,2,1,20260917,stint
5954,121,2,65,650,0.00533156185217,92.0482469837,1.49209964984,59.675,2,1,1,2,1,20260917,stint
5955,121,2,70,700,0.00559746886333,92.2886122345,1.49141793168,59.65,2,1,1,2,1,20260917,stint
5956,121,2,75,750,0.00586320217915,92.5247174863,1.49070709001,59.625,2,1,1,2,1,20260917,stint
5957,121,2,80,800,0.00612875407305,92.7566203811,1.48996896021,59.6,2,1,1,2,1,20260917,stint
5958,121,2,85,850,0.00639411734807,92.9843784834,1.48920530964,59.575,2,1,1,2,1,20260917,stint
5959,121,2,90,900,0.00665231475463,93.1965029594,1.49992823959,59.55,2,1,1,2,1,20260917,stint
5960,121,2,95,950,0.00692736350913,93.4330540443,1.48710791964,59.525,2,1,1,2,1,20260917,stint
5961,121,2,100,1000,0.00722477226613,93.7026430973,1.47708985645,59.5,2,1,1,2,1,20260917,stint
5962,121,2,105,1050,0.00754059102877,93.998197757,1.46889093902,59.475,2,1,1,2,1,20260917,stint
5963,121,2,110,1100,0.00787178588667,94.3142758674,1.46194735927,59.45,2,1,1,2,1,20260917,stint
5964,121,2,115,1150,0.00821594803515,94.6465579585,1.45590445496,59.425,2,1,1,2,1,20260917,stint
5965,121,2,120,1200,0.00857112297479,94.9915465608,1.4505247168,59.4,2,1,1,2,1,20260917,stint
5966,121,2,125,1250,0.00893570041377,95.3463707399,1.44564182589,59.375,2,1,1,2,1,20260917,stint
5967,121,2,130,1300,0.00933242802634,95.7487329366,1.44980805954,59.35,2,1,1,2,1,20260917,stint
5968,121,2,135,1350,0.00974341301315,96.1671874533,1.5166424818,59.325,2,1,1,2,1,20260917,stint
5969,121,2,140,1400,0.00993046659775,96.2088146437,1.53482996629,59.3,2,1,1,2,1,20260917,stint
5970,121,2,145,1450,0.0100810212403,96.1897514283,1.53469268962,59.275,2,1,1,2,1,20260917,stint
5971,121,2,150,1500,0.0102315712095,96.1709955756,1.53455384353,59.25,2,1,1,2,1,20260917,stint
5972,121,2,155,1550,0.0103821164298,96.1525418805,1.53441346157,59.225,2,1,1,2,1,20260917,stint
5973,121,2,160,1600,0.0105489835512,96.1614890283,1.52332369282,59.2,2,1,1,2,1,20260917,stint
5974,121,2,165,1650,0.0107654692941,96.252271206,1.50851180091,59.175,2,1,1,2,1,20260917,stint
5975,121,2,170,1700,0.0109976712578,96.3675009216,1.49208289477,59.15,2,1,1,2,1,20260917,stint
5976,121,2,175,1750,0.0112544718592,96.5214729148,1.47966424352,59.125,2,1,1,2,1,20260917,stint
5977,121,2,180,1800,0.0115315980994,96.7064873326,1.46966276742,59.1,2,1,1,2,1,20260917,stint
5978,121,2,185,1850,0.0118258794412,96.9167925037,1.46126820951,59.075,2,1,1,2,1,20260917,stint
5979,121,2,190,1900,0.0121348329677,97.1478677387,1.45400734579,59.05,2,1,1,2,1,20260917,stint
5980,121,2,195,1950,0.0124564495956,97.396049897,1.44757856223,59.025,2,1,1,2,1,20260917,stint
5981,121,2,200,2000,0.012789067956,97.6583108886,1.44177768214,59,2,1,1,2,1,20260917,stint
5982,121,2,205,2050,0.013153685702,97.9692467705,1.42280596314,58.975,2,1,1,2,1,20260917,stint
5983,121,2,210,2100,0.0135396880621,98.3102591676,1.41855771974,58.95,2,1,1,2,1,20260917,stint
5984,121,2,215,2150,0.013975486128,98.7281855259,1.40099875867,58.925,2,1,1,2,1,20260917,stint
5985,121,2,220,2200,0.0144472556383,99.1984159666,1.39610288039,58.9,2,1,1,2,1,20260917,stint
5986,121,2,225,2250,0.0149248389457,99.6704817876,1.39125874385,58.875,2,1,1,2,1,20260917,stint
5987,121,2,230,2300,0.0154074930053,100.143124739,1.38644301906,58.85,2,1,1,2,1,20260917,stint
5988,121,2,235,2350,0.0158945727652,100.615269306,1.38163819033,58.825,2,1,1,2,1,20260917,stint
5989,122,2,0,0,0.0159924690936,100.709555058,1.40091241307,58.82,2,1,1,2,1,20260917,stint
5990,122,2,5,50,0.0163805769953,101.008753646,1.39651702239,58.795,2,1,1,2,1,20260917,stint
5991,122,2,10,100,0.0167735404715,101.311030933,1.40633583039,58.77,2,1,1,2,1,20260917,stint
5992,122,2,15,150,0.0171320516209,101.551372585,1.40158385378,58.745,2,1,1,2,1,20260917,stint
5993,122,2,20,200,0.0174970496965,101.798461905,1.39706417844,58.72,2,1,1,2,1,20260917,stint
5994,122,2,25,250,0.0178677808129,102.050941532,1.392734101,58.695,2,1,1,2,1,20260917,stint
5995,122,2,30,300,0.0182435879806,102.307636662,1.38856011444,58.67,2,1,1,2,1,20260917,stint
5996,122,2,35,350,0.018623896468,102.567527836,1.38451565743,58.645,2,1,1,2,1,20260917,stint
5997,122,2,40,400,0.019008201945,102.829728789,1.38057950503,58.62,2,1,1,2,1,20260917,stint
5998,122,2,45,450,0.0193960607072,103.093468088,1.37673459101,58.595,2,1,1,2,1,20260917,stint
5999,122,2,50,500,0.0197870815154,103.358073753,1.37296712895,58.57,2,1,1,2,1,20260917,stint
6000,122,2,55,550,0.0202200498891,103.687740564,1.35545364716,58.545,2,1,1,2,1,20260917,stint
6001,122,2,60,600,0.0207348450259,104.147690104,1.3691650155,58.52,2,1,1,2,1,20260917,stint
6002,122,2,65,650,0.0211872905892,104.495829749,1.40804510917,58.495,2,1,1,2,1,20260917,stint
6003,122,2,70,700,0.0214324546476,104.496169695,1.40772487589,58.47,2,1,1,2,1,20260917,stint
6004,122,2,75,750,0.0216775521866,104.496394076,1.40740571553,58.445,2,1,1,2,1,20260917,stint
6005,122,2,80,800,0.0219225834852,104.496505263,1.40708760584,58.42,2,1,1,2,1,20260917,stint
6006,122,2,85,850,0.0221675488174,104.49650558,1.4067705245,58.395,2,1,1,2,1,20260917,stint
6007,122,2,90,900,0.0224103219111,104.492885383,1.41357471712,58.37,2,1,1,2,1,20260917,stint
6008,122,2,95,950,0.0226753647653,104.526190567,1.40019120576,58.345,2,1,1,2,1,20260917,stint
6009,122,2,100,1000,0.0229647662125,104.599195019,1.38975400931,58.32,2,1,1,2,1,20260917,stint
6010,122,2,105,1050,0.0232740625379,104.703867733,1.38113988227,58.295,2,1,1,2,1,20260917,stint
6011,122,2,110,1100,0.0235998888779,104.83412556,1.37374991229,58.27,2,1,1,2,1,20260917,stint
6012,122,2,115,1150,0.0239396045245,104.985182232,1.36722729517,58.245,2,1,1,2,1,20260917,stint
6013,122,2,120,1200,0.0242910836261,105.153181219,1.36134319082,58.22,2,1,1,2,1,20260917,stint
6014,122,2,125,1250,0.0246525846924,105.334964796,1.35594289195,58.195,2,1,1,2,1,20260917,stint
6015,122,2,130,1300,0.0250559320846,105.583278637,1.3620809102,58.17,2,1,1,2,1,20260917,stint
6016,122,2,135,1350,0.0254451263672,105.803151517,1.42516228242,58.145,2,1,1,2,1,20260917,stint
6017,122,2,140,1400,0.0256231359468,105.670605246,1.44310467758,58.12,2,1,1,2,1,20260917,stint
6018,122,2,145,1450,0.0257695422618,105.488295984,1.44474868202,58.095,2,1,1,2,1,20260917,stint
6019,122,2,150,1500,0.0259160238501,105.30912444,1.44634129903,58.07,2,1,1,2,1,20260917,stint
6020,122,2,155,1550,0.026062578478,105.13303506,1.44788402034,58.045,2,1,1,2,1,20260917,stint
6021,122,2,160,1600,0.0262242692393,104.984984885,1.43760798807,58.02,2,1,1,2,1,20260917,stint
6022,122,2,165,1650,0.0264370537959,104.923813181,1.42316252081,57.995,2,1,1,2,1,20260917,stint
6023,122,2,170,1700,0.0266670175073,104.892016809,1.40796809039,57.97,2,1,1,2,1,20260917,stint
6024,122,2,175,1750,0.0269221066632,104.902263138,1.39651813331,57.945,2,1,1,2,1,20260917,stint
6025,122,2,180,1800,0.0271978992511,104.946551664,1.38725937393,57.92,2,1,1,2,1,20260917,stint
6026,122,2,185,1850,0.0274911363814,105.018935186,1.379428166,57.895,2,1,1,2,1,20260917,stint
6027,122,2,190,1900,0.027799275942,105.114748869,1.37259067474,57.87,2,1,1,2,1,20260917,stint
6028,122,2,195,1950,0.0281202661875,105.23021512,1.36647705419,57.845,2,1,1,2,1,20260917,stint
6029,122,2,200,2000,0.0284524135138,105.362210511,1.36090861664,57.82,2,1,1,2,1,20260917,stint
6030,122,2,205,2050,0.0288166608849,105.545200066,1.34270073753,57.795,2,1,1,2,1,20260917,stint
6031,122,2,210,2100,0.029202397512,105.760554011,1.33826849134,57.77,2,1,1,2,1,20260917,stint
6032,122,2,215,2150,0.0296379153825,106.054874265,1.32102580677,57.745,2,1,1,2,1,20260917,stint
6033,122,2,220,2200,0.030104316493,106.395111367,1.31742973101,57.72,2,1,1,2,1,20260917,stint
6034,122,2,225,2250,0.0305671316635,106.723796682,1.31414187886,57.695,2,1,1,2,1,20260917,stint
6035,122,2,230,2300,0.0310263410832,107.041089751,1.31090555647,57.67,2,1,1,2,1,20260917,stint
6036,122,2,235,2350,0.0314820478116,107.347349215,1.30768456616,57.645,2,1,1,2,1,20260917,stint
6037,123,2,0,0,0.0315722703816,107.406463755,1.32640731756,57.64,2,1,1,2,1,20260917,stint
6038,123,2,5,50,0.0319382894458,107.558469996,1.3214536114,57.615,2,1,1,2,1,20260917,stint
6039,123,2,10,100,0.0323122834316,107.721142507,1.32984804021,57.59,2,1,1,2,1,20260917,stint
6040,123,2,15,150,0.0326565334278,107.831966916,1.32511228308,57.565,2,1,1,2,1,20260917,stint
6041,123,2,20,200,0.0330090399566,107.95460405,1.32066546529,57.54,2,1,1,2,1,20260917,stint
6042,123,2,25,250,0.0333688099419,108.08721758,1.31645149462,57.515,2,1,1,2,1,20260917,stint
6043,123,2,30,300,0.0337349859975,108.228225747,1.3124281053,57.49,2,1,1,2,1,20260917,stint
6044,123,2,35,350,0.0341068239802,108.376260068,1.30856289506,57.465,2,1,1,2,1,20260917,stint
6045,123,2,40,400,0.0344836751521,108.530132335,1.30483066337,57.44,2,1,1,2,1,20260917,stint
6046,123,2,45,450,0.0348649718936,108.688808027,1.30121157417,57.415,2,1,1,2,1,20260917,stint
6047,123,2,50,500,0.0352594811548,108.866800648,1.28435772134,57.39,2,1,1,2,1,20260917,stint
6048,123,2,55,550,0.0356919975735,109.1045593,1.28121048839,57.365,2,1,1,2,1,20260917,stint
6049,123,2,60,600,0.0362024635652,109.467808081,1.29607668251,57.34,2,1,1,2,1,20260917,stint
6050,123,2,65,650,0.0366307142377,109.688013168,1.33618545606,57.315,2,1,1,2,1,20260917,stint
6051,123,2,70,700,0.0368605147601,109.577140898,1.33716317088,57.29,2,1,1,2,1,20260917,stint
6052,123,2,75,750,0.0370905291993,109.468454628,1.33809397079,57.265,2,1,1,2,1,20260917,stint
6053,123,2,80,800,0.0373207408416,109.361890719,1.33899451532,57.24,2,1,1,2,1,20260917,stint
6054,123,2,85,850,0.0375511437956,109.257404354,1.33986564847,57.215,2,1,1,2,1,20260917,stint
6055,123,2,90,900,0.0377829215923,109.156939561,1.34461834094,57.19,2,1,1,2,1,20260917,stint
6056,123,2,95,950,0.0380409120409,109.101502045,1.33172405351,57.165,2,1,1,2,1,20260917,stint
6057,123,2,100,1000,0.0383247606214,109.089707935,1.32192064985,57.14,2,1,1,2,1,20260917,stint
6058,123,2,105,1050,0.0386295945827,109.112785441,1.31395049739,57.115,2,1,1,2,1,20260917,stint
6059,123,2,110,1100,0.0389517952338,109.16417916,1.30717620522,57.09,2,1,1,2,1,20260917,stint
6060,123,2,115,1150,0.0392885479432,109.238770343,1.30123160533,57.065,2,1,1,2,1,20260917,stint
6061,123,2,120,1200,0.0396376002218,109.332453582,1.29588851306,57.04,2,1,1,2,1,20260917,stint
6062,123,2,125,1250,0.0399971145718,109.44187699,1.29099631895,57.015,2,1,1,2,1,20260917,stint
6063,123,2,130,1300,0.0404039962638,109.628161143,1.29999780923,56.99,2,1,1,2,1,20260917,stint
6064,123,2,135,1350,0.0407739637188,109.74939312,1.36056469436,56.965,2,1,1,2,1,20260917,stint
6065,123,2,140,1400,0.0409461133293,109.541962746,1.37848032209,56.94,2,1,1,2,1,20260917,stint
6066,123,2,145,1450,0.0410897314467,109.291057199,1.38132556805,56.915,2,1,1,2,1,20260917,stint
6067,123,2,150,1500,0.0412334745273,109.044505293,1.38408474384,56.89,2,1,1,2,1,20260917,stint
6068,123,2,155,1550,0.0413773390232,108.802229206,1.38676029247,56.865,2,1,1,2,1,20260917,stint
6069,123,2,160,1600,0.0415352021962,108.587197546,1.37769842314,56.84,2,1,1,2,1,20260917,stint
6070,123,2,165,1650,0.041744850017,108.461305303,1.36355417363,56.815,2,1,1,2,1,20260917,stint
6071,123,2,170,1700,0.0419729879517,108.368022803,1.34937628938,56.79,2,1,1,2,1,20260917,stint
6072,123,2,175,1750,0.0422267074664,108.318552818,1.33883818808,56.765,2,1,1,2,1,20260917,stint
6073,123,2,180,1800,0.0425014553652,108.30464894,1.33038342028,56.74,2,1,1,2,1,20260917,stint
6074,123,2,185,1850,0.0427938958002,108.320211657,1.32326383008,56.715,2,1,1,2,1,20260917,stint
6075,123,2,190,1900,0.0431014353882,108.360468761,1.31706159151,56.69,2,1,1,2,1,20260917,stint
6076,123,2,195,1950,0.0434219855569,108.421560917,1.31152060198,56.665,2,1,1,2,1,20260917,stint
6077,123,2,200,2000,0.0437538249356,108.500299274,1.30647351339,56.64,2,1,1,2,1,20260917,stint
6078,123,2,205,2050,0.044117857782,108.631066341,1.28919790081,56.615,2,1,1,2,1,20260917,stint
6079,123,2,210,2100,0.044503472016,108.79521332,1.28508640405,56.59,2,1,1,2,1,20260917,stint
6080,123,2,215,2150,0.0449389556034,109.039041103,1.2771439602,56.565,2,1,1,2,1,20260917,stint
6081,123,2,220,2200,0.0453618428811,109.258033753,1.27457110441,56.54,2,1,1,2,1,20260917,stint
6082,123,2,225,2250,0.0457823145389,109.469414273,1.27205364441,56.515,2,1,1,2,1,20260917,stint
6083,123,2,230,2300,0.046200446458,109.673433897,1.26959129201,56.49,2,1,1,2,1,20260917,stint
6084,123,2,235,2350,0.0466163124475,109.870336282,1.26715783368,56.465,2,1,1,2,1,20260917,stint
6085,124,2,0,0,0.0466989062465,109.908361416,1.2815233773,56.46,2,1,1,2,1,20260917,stint
6086,124,2,5,50,0.0470529393941,109.999208283,1.27653785667,56.435,2,1,1,2,1,20260917,stint
6087,124,2,10,100,0.0474167482174,110.104707969,1.28439314561,56.41,2,1,1,2,1,20260917,stint
6088,124,2,15,150,0.0477534320221,110.163632074,1.27986939806,56.385,2,1,1,2,1,20260917,stint
6089,124,2,20,200,0.0480993724146,110.236879339,1.2756592958,56.36,2,1,1,2,1,20260917,stint
6090,124,2,25,250,0.0484534334472,110.322335858,1.27169710832,56.335,2,1,1,2,1,20260917,stint
6091,124,2,30,300,0.0488146400117,110.418188437,1.26793458122,56.31,2,1,1,2,1,20260917,stint
6092,124,2,35,350,0.0491821497035,110.522873139,1.26433554704,56.285,2,1,1,2,1,20260917,stint
6093,124,2,40,400,0.0495552309938,110.635035095,1.26087242749,56.26,2,1,1,2,1,20260917,stint
6094,124,2,45,450,0.0499332458801,110.75349638,1.25752388718,56.235,2,1,1,2,1,20260917,stint
6095,124,2,50,500,0.0503156359182,110.877230011,1.25427321589,56.21,2,1,1,2,1,20260917,stint
6096,124,2,55,550,0.0507202582855,111.035815532,1.23826666348,56.185,2,1,1,2,1,20260917,stint
6097,124,2,60,600,0.0512386244929,111.380143781,1.2554321182,56.16,2,1,1,2,1,20260917,stint
6098,124,2,65,650,0.0516502346333,111.541228644,1.29567553222,56.135,2,1,1,2,1,20260917,stint
6099,124,2,70,700,0.051872260896,111.38687599,1.29727995309,56.11,2,1,1,2,1,20260917,stint
6100,124,2,75,750,0.0520946127204,111.235612474,1.29881125532,56.085,2,1,1,2,1,20260917,stint
6101,124,2,80,800,0.0523172656977,111.087346866,1.30029522606,56.06,2,1,1,2,1,20260917,stint
6102,124,2,85,850,0.0525402114401,110.942015754,1.30173323596,56.035,2,1,1,2,1,20260917,stint
6103,124,2,90,900,0.0527663474345,110.804391985,1.30532295143,56.01,2,1,1,2,1,20260917,stint
6104,124,2,95,950,0.0530208176148,110.715908182,1.29265513494,55.985,2,1,1,2,1,20260917,stint
6105,124,2,100,1000,0.0533019754921,110.672984461,1.28317595524,55.96,2,1,1,2,1,20260917,stint
6106,124,2,105,1050,0.0536047133832,110.666429336,1.27554583931,55.935,2,1,1,2,1,20260917,stint
6107,124,2,110,1100,0.0539252699734,110.689427063,1.26910340928,55.91,2,1,1,2,1,20260917,stint
6108,124,2,115,1150,0.0542607341171,110.736679002,1.26347546,55.885,2,1,1,2,1,20260917,stint
6109,124,2,120,1200,0.0546087836317,110.803947132,1.25843261293,55.86,2,1,1,2,1,20260917,stint
6110,124,2,125,1250,0.054967528511,110.887777533,1.25382518837,55.835,2,1,1,2,1,20260917,stint
6111,124,2,130,1300,0.0553788551805,111.057525145,1.26474237012,55.81,2,1,1,2,1,20260917,stint
6112,124,2,135,1350,0.0557364635667,111.134708387,1.32353578157,55.785,2,1,1,2,1,20260917,stint
6113,124,2,140,1400,0.0559054591281,110.899181895,1.34124709037,55.76,2,1,1,2,1,20260917,stint
6114,124,2,145,1450,0.0560475338512,110.623292519,1.34454155867,55.735,2,1,1,2,1,20260917,stint
6115,124,2,150,1500,0.0561897504788,110.352197733,1.34773724779,55.71,2,1,1,2,1,20260917,stint
6116,124,2,155,1550,0.0563321050423,110.085811728,1.35083691603,55.685,2,1,1,2,1,20260917,stint
6117,124,2,160,1600,0.056487820056,109.846008955,1.34248767475,55.66,2,1,1,2,1,20260917,stint
6118,124,2,165,1650,0.056695051325,109.695320872,1.32840334871,55.635,2,1,1,2,1,20260917,stint
6119,124,2,170,1700,0.0569219455273,109.579587115,1.31463049474,55.61,2,1,1,2,1,20260917,stint
6120,124,2,175,1750,0.0571747709704,109.508614597,1.30448674917,55.585,2,1,1,2,1,20260917,stint
6121,124,2,180,1800,0.0574488731001,109.473973837,1.29639366939,55.56,2,1,1,2,1,20260917,stint
6122,124,2,185,1850,0.057740856784,109.469454737,1.28960291526,55.535,2,1,1,2,1,20260917,stint
6123,124,2,190,1900,0.0580480891556,109.490209034,1.28370051158,55.51,2,1,1,2,1,20260917,stint
6124,124,2,195,1950,0.0583684532776,109.532320959,1.27843463938,55.485,2,1,1,2,1,20260917,stint
6125,124,2,200,2000,0.0587002063928,109.592557687,1.27364183039,55.46,2,1,1,2,1,20260917,stint
6126,124,2,205,2050,0.0590642359344,109.705266017,1.25689492063,55.435,2,1,1,2,1,20260917,stint
6127,124,2,210,2100,0.059449921538,109.851776154,1.2532789733,55.41,2,1,1,2,1,20260917,stint
6128,124,2,215,2150,0.0598854982448,110.078119825,1.25027510579,55.385,2,1,1,2,1,20260917,stint
6129,124,2,220,2200,0.0602854313498,110.241999547,1.24819159179,55.36,2,1,1,2,1,20260917,stint
6130,124,2,225,2250,0.0606835932081,110.400243084,1.24615539851,55.335,2,1,1,2,1,20260917,stint
6131,124,2,230,2300,0.0610800380666,110.553033253,1.24416581753,55.31,2,1,1,2,1,20260917,stint
6132,124,2,235,2350,0.0614748185039,110.700547089,1.24220264307,55.285,2,1,1,2,1,20260917,stint
6133,125,2,0,0,0.061553353748,110.729056464,1.25467962645,55.28,2,1,1,2,1,20260917,stint
6134,125,2,5,50,0.0618992804925,110.792942824,1.24956435555,55.255,2,1,1,2,1,20260917,stint
6135,125,2,10,100,0.0622562618024,110.874040903,1.25699812989,55.23,2,1,1,2,1,20260917,stint
6136,125,2,15,150,0.0625879237511,110.911950331,1.25250210193,55.205,2,1,1,2,1,20260917,stint
6137,125,2,20,200,0.0629295433004,110.96568868,1.24834679395,55.18,2,1,1,2,1,20260917,stint
6138,125,2,25,250,0.0632798806718,111.032945585,1.24445716253,55.155,2,1,1,2,1,20260917,stint
6139,125,2,30,300,0.0636378761202,111.111746357,1.24077899576,55.13,2,1,1,2,1,20260917,stint
6140,125,2,35,350,0.0640026172149,111.200392374,1.23727221492,55.105,2,1,1,2,1,20260917,stint
6141,125,2,40,400,0.0643733138177,111.297415168,1.23390662098,55.08,2,1,1,2,1,20260917,stint
6142,125,2,45,450,0.0647492784273,111.401540152,1.23065909401,55.055,2,1,1,2,1,20260917,stint
6143,125,2,50,500,0.0651299104865,111.51165748,1.22751169332,55.03,2,1,1,2,1,20260917,stint
6144,125,2,55,550,0.0655326248006,111.656600284,1.21189696123,55.005,2,1,1,2,1,20260917,stint
6145,125,2,60,600,0.066051392087,111.991304181,1.23004713033,54.98,2,1,1,2,1,20260917,stint
6146,125,2,65,650,0.0664523468589,112.124673898,1.27015526187,54.955,2,1,1,2,1,20260917,stint
6147,125,2,70,700,0.0666698002065,111.953119464,1.27199547629,54.93,2,1,1,2,1,20260917,stint
6148,125,2,75,750,0.0668876122443,111.784993228,1.27375321638,54.905,2,1,1,2,1,20260917,stint
6149,125,2,80,800,0.0671057565525,111.620195049,1.27545709504,54.88,2,1,1,2,1,20260917,stint
6150,125,2,85,850,0.0673242240373,111.458654888,1.27710867952,54.855,2,1,1,2,1,20260917,stint
6151,125,2,90,900,0.0675469803654,111.3069121,1.2798385555,54.83,2,1,1,2,1,20260917,stint
6152,125,2,95,950,0.0677994184844,111.206765102,1.26719499488,54.805,2,1,1,2,1,20260917,stint
6153,125,2,100,1000,0.0680790831714,111.153261184,1.25781832638,54.78,2,1,1,2,1,20260917,stint
6154,125,2,105,1050,0.0683807111429,111.136933973,1.25031210608,54.755,2,1,1,2,1,20260917,stint
6155,125,2,110,1100,0.0687004474595,111.150799709,1.24399738276,54.73,2,1,1,2,1,20260917,stint
6156,125,2,115,1150,0.0690353179101,111.189444984,1.23849480052,54.705,2,1,1,2,1,20260917,stint
6157,125,2,120,1200,0.0693829549224,111.248548102,1.23357287958,54.68,2,1,1,2,1,20260917,stint
6158,125,2,125,1250,0.0697414344136,111.32459154,1.22908142968,54.655,2,1,1,2,1,20260917,stint
6159,125,2,130,1300,0.0701564039948,111.493152275,1.24134216652,54.63,2,1,1,2,1,20260917,stint
6160,125,2,135,1350,0.0705054145812,111.548932637,1.2987427196,54.605,2,1,1,2,1,20260917,stint
6161,125,2,140,1400,0.0706723893513,111.303228589,1.31615075906,54.58,2,1,1,2,1,20260917,stint
6162,125,2,145,1450,0.0708134558595,111.018994484,1.31955791152,54.555,2,1,1,2,1,20260917,stint
6163,125,2,150,1500,0.0709546674116,110.739698082,1.32286310121,54.53,2,1,1,2,1,20260917,stint
6164,125,2,155,1550,0.0710960199642,110.465251089,1.32606915579,54.505,2,1,1,2,1,20260917,stint
6165,125,2,160,1600,0.0712503039205,110.216808246,1.31803870844,54.48,2,1,1,2,1,20260917,stint
6166,125,2,165,1650,0.0714559656545,110.057400454,1.30385400601,54.455,2,1,1,2,1,20260917,stint
6167,125,2,170,1700,0.0716821082707,109.934440473,1.29023536484,54.43,2,1,1,2,1,20260917,stint
6168,125,2,175,1750,0.0719344394837,109.856786322,1.28025455123,54.405,2,1,1,2,1,20260917,stint
6169,125,2,180,1800,0.072208230234,109.815876471,1.27231443839,54.38,2,1,1,2,1,20260917,stint
6170,125,2,185,1850,0.072500041588,109.805421652,1.26566419802,54.355,2,1,1,2,1,20260917,stint
6171,125,2,190,1900,0.0728072113621,109.820519656,1.2598906945,54.33,2,1,1,2,1,20260917,stint
6172,125,2,195,1950,0.0731276014821,109.857215173,1.25474361187,54.305,2,1,1,2,1,20260917,stint
6173,125,2,200,2000,0.073459453221,109.912245027,1.25006097692,54.28,2,1,1,2,1,20260917,stint
6174,125,2,205,2050,0.0738236554927,110.019955086,1.2336354618,54.255,2,1,1,2,1,20260917,stint
6175,125,2,210,2100,0.0742095738407,110.161648665,1.23049453539,54.23,2,1,1,2,1,20260917,stint
6176,125,2,215,2150,0.074645027333,110.382496696,1.23063690137,54.205,2,1,1,2,1,20260917,stint
6177,125,2,220,2200,0.0750298753765,110.516412911,1.22886020562,54.18,2,1,1,2,1,20260917,stint
6178,125,2,225,2250,0.0754133145822,110.645787174,1.22712357143,54.155,2,1,1,2,1,20260917,stint
6179,125,2,230,2300,0.0757953861793,110.7707627,1.22542626977,54.13,2,1,1,2,1,20260917,stint
6180,125,2,235,2350,0.0761761301355,110.891478251,1.22375175901,54.105,2,1,1,2,1,20260917,stint
6181,126,2,0,0,0.0762519455671,110.914826774,1.23528055101,54.1,2,1,1,2,1,20260917,stint
6182,126,2,5,50,0.0765913280051,110.964828439,1.22995833789,54.075,2,1,1,2,1,20260917,stint
6183,126,2,10,100,0.0769428367252,111.034042239,1.23698579459,54.05,2,1,1,2,1,20260917,stint
6184,126,2,15,150,0.077270504888,111.062707322,1.23241782105,54.025,2,1,1,2,1,20260917,stint
6185,126,2,20,200,0.0776087117755,111.108314418,1.22822075462,54,2,1,1,2,1,20260917,stint
6186,126,2,25,250,0.0779561291943,111.168388671,1.22431001594,53.975,2,1,1,2,1,20260917,stint
6187,126,2,30,300,0.0783116259191,111.240821599,1.22062521639,53.95,2,1,1,2,1,20260917,stint
6188,126,2,35,350,0.0786742307725,111.323804034,1.21712214132,53.925,2,1,1,2,1,20260917,stint
6189,126,2,40,400,0.0790431047143,111.415775062,1.21376774619,53.9,2,1,1,2,1,20260917,stint
6190,126,2,45,450,0.0794175191175,111.515382023,1.21053690872,53.875,2,1,1,2,1,20260917,stint
6191,126,2,50,500,0.0797968385367,111.621448597,1.20741025198,53.85,2,1,1,2,1,20260917,stint
6192,126,2,55,550,0.080198130965,111.762224362,1.19204145684,53.825,2,1,1,2,1,20260917,stint
6193,126,2,60,600,0.0807174167548,112.096017813,1.21100783685,53.8,2,1,1,2,1,20260917,stint
6194,126,2,65,650,0.0811097762582,112.21345177,1.250805946,53.775,2,1,1,2,1,20260917,stint
6195,126,2,70,700,0.0813239249971,112.034967934,1.25271424619,53.75,2,1,1,2,1,20260917,stint
6196,126,2,75,750,0.0815384353621,111.860031684,1.25453784251,53.725,2,1,1,2,1,20260917,stint
6197,126,2,80,800,0.0817532809946,111.688541003,1.25630569583,53.7,2,1,1,2,1,20260917,stint
6198,126,2,85,850,0.0819684527601,111.520423845,1.25801942825,53.675,2,1,1,2,1,20260917,stint
6199,126,2,90,900,0.0821887289189,111.363565571,1.26000293926,53.65,2,1,1,2,1,20260917,stint
6200,126,2,95,950,0.0824397264438,111.26010221,1.24729425518,53.625,2,1,1,2,1,20260917,stint
6201,126,2,100,1000,0.0827183733389,111.204035212,1.23792299969,53.6,2,1,1,2,1,20260917,stint
6202,126,2,105,1050,0.0830192827261,111.18568163,1.23044611065,53.575,2,1,1,2,1,20260917,stint
6203,126,2,110,1100,0.0833385256842,111.197926622,1.22416964474,53.55,2,1,1,2,1,20260917,stint
6204,126,2,115,1150,0.0836730782965,111.23526796,1.21870843948,53.525,2,1,1,2,1,20260917,stint
6205,126,2,120,1200,0.0840205372838,111.293319718,1.21382854165,53.5,2,1,1,2,1,20260917,stint
6206,126,2,125,1250,0.0843789517927,111.368515964,1.20937866799,53.475,2,1,1,2,1,20260917,stint
6207,126,2,130,1300,0.0847973059772,111.541955622,1.22277265608,53.45,2,1,1,2,1,20260917,stint
6208,126,2,135,1350,0.0851391240419,111.585051683,1.27889842325,53.425,2,1,1,2,1,20260917,stint
6209,126,2,140,1400,0.0853045313283,111.33616676,1.29596193791,53.4,2,1,1,2,1,20260917,stint
6210,126,2,145,1450,0.0854448045548,111.05007705,1.29934689854,53.375,2,1,1,2,1,20260917,stint
6211,126,2,150,1500,0.0855852206201,110.76895207,1.30263046311,53.35,2,1,1,2,1,20260917,stint
6212,126,2,155,1550,0.085725775536,110.492703168,1.30581543894,53.325,2,1,1,2,1,20260917,stint
6213,126,2,160,1600,0.0858789172725,110.241916147,1.29794509691,53.3,2,1,1,2,1,20260917,stint
6214,126,2,165,1650,0.0860829682677,110.079433848,1.28373098447,53.275,2,1,1,2,1,20260917,stint
6215,126,2,170,1700,0.0863083481068,109.954849628,1.27012769079,53.25,2,1,1,2,1,20260917,stint
6216,126,2,175,1750,0.0865601780955,109.876030166,1.26019591993,53.225,2,1,1,2,1,20260917,stint
6217,126,2,180,1800,0.0868336527787,109.83428018,1.25231118124,53.2,2,1,1,2,1,20260917,stint
6218,126,2,185,1850,0.0871252886021,109.82323132,1.24571573622,53.175,2,1,1,2,1,20260917,stint
6219,126,2,190,1900,0.0874323936262,109.837928152,1.23999453545,53.15,2,1,1,2,1,20260917,stint
6220,126,2,195,1950,0.0877528083709,109.87437681,1.23489686702,53.125,2,1,1,2,1,20260917,stint
6221,126,2,200,2000,0.0880847579599,109.929284886,1.2302608609,53.1,2,1,1,2,1,20260917,stint
6222,126,2,205,2050,0.0884491326329,110.036998454,1.21406847695,53.075,2,1,1,2,1,20260917,stint
6223,126,2,210,2100,0.0888352837662,110.178795194,1.21103654812,53.05,2,1,1,2,1,20260917,stint
6224,126,2,215,2150,0.0892707922372,110.399315044,1.21391332616,53.025,2,1,1,2,1,20260917,stint
6225,126,2,220,2200,0.0896437400039,110.513284394,1.21235629602,53,2,1,1,2,1,20260917,stint
6226,126,2,225,2250,0.0900155220955,110.623443379,1.21083348891,52.975,2,1,1,2,1,20260917,stint
6227,126,2,230,2300,0.0903861709847,110.729908646,1.20934423469,52.95,2,1,1,2,1,20260917,stint
6228,126,2,235,2350,0.0907557181677,110.832793306,1.20787455967,52.925,2,1,1,2,1,20260917,stint
6229,127,2,0,0,0.0908293524932,110.852707995,1.21882083398,52.92,2,1,1,2,1,20260917,stint
6230,127,2,5,50,0.0911628642888,110.894035489,1.21325220129,52.895,2,1,1,2,1,20260917,stint
6231,127,2,10,100,0.0915094917824,110.956353399,1.21987445475,52.87,2,1,1,2,1,20260917,stint
6232,127,2,15,150,0.0918336194682,110.980451947,1.21519252079,52.845,2,1,1,2,1,20260917,stint
6233,127,2,20,200,0.092168816647,111.022445064,1.21091375702,52.82,2,1,1,2,1,20260917,stint
6234,127,2,25,250,0.0925136724971,111.079705621,1.20694362907,52.795,2,1,1,2,1,20260917,stint
6235,127,2,30,300,0.0928669894845,111.150002339,1.20321531078,52.77,2,1,1,2,1,20260917,stint
6236,127,2,35,350,0.0932277422557,111.231425332,1.19968026538,52.745,2,1,1,2,1,20260917,stint
6237,127,2,40,400,0.0935950468802,111.322329971,1.19630245625,52.72,2,1,1,2,1,20260917,stint
6238,127,2,45,450,0.0939681371285,111.421293312,1.19305463651,52.695,2,1,1,2,1,20260917,stint
6239,127,2,50,500,0.094346345765,111.527079511,1.18991588801,52.67,2,1,1,2,1,20260917,stint
6240,127,2,55,550,0.0947465141664,111.667555949,1.1747330454,52.645,2,1,1,2,1,20260917,stint
6241,127,2,60,600,0.0952662666805,112.003667087,1.19435442479,52.62,2,1,1,2,1,20260917,stint
6242,127,2,65,650,0.0956514434696,112.110756863,1.23384871329,52.595,2,1,1,2,1,20260917,stint
6243,127,2,70,700,0.0958627923949,111.929342716,1.23575857215,52.57,2,1,1,2,1,20260917,stint
6244,127,2,75,750,0.0960744947852,111.751511107,1.23758427069,52.545,2,1,1,2,1,20260917,stint
6245,127,2,80,800,0.0962865250779,111.57716075,1.23935418945,52.52,2,1,1,2,1,20260917,stint
6246,127,2,85,850,0.0964988743334,111.406219331,1.24106994863,52.495,2,1,1,2,1,20260917,stint
6247,127,2,90,900,0.096717030573,111.24774898,1.24235622583,52.47,2,1,1,2,1,20260917,stint
6248,127,2,95,950,0.0969668261744,111.144214304,1.22955044092,52.445,2,1,1,2,1,20260917,stint
6249,127,2,100,1000,0.0972446482285,111.088700104,1.2201490175,52.42,2,1,1,2,1,20260917,stint
6250,127,2,105,1050,0.0975449985198,111.07132924,1.21266638383,52.395,2,1,1,2,1,20260917,stint
6251,127,2,110,1100,0.0978638818173,111.084870228,1.20639476547,52.37,2,1,1,2,1,20260917,stint
6252,127,2,115,1150,0.0981982297666,111.123742249,1.20094343034,52.345,2,1,1,2,1,20260917,stint
6253,127,2,120,1200,0.0985456072206,111.183502844,1.19607587315,52.32,2,1,1,2,1,20260917,stint
6254,127,2,125,1250,0.0989040394695,111.260543721,1.19163953511,52.295,2,1,1,2,1,20260917,stint
6255,127,2,130,1300,0.0993254903887,111.440896089,1.20600298067,52.27,2,1,1,2,1,20260917,stint
6256,127,2,135,1350,0.0996610449509,111.475318943,1.26096769258,52.245,2,1,1,2,1,20260917,stint
6257,127,2,140,1400,0.099825066578,111.225963533,1.27767148189,52.22,2,1,1,2,1,20260917,stint
6258,127,2,145,1450,0.0999646311496,110.940524009,1.28098335282,52.195,2,1,1,2,1,20260917,stint
6259,127,2,150,1500,0.10010433441,110.660031611,1.28419580415,52.17,2,1,1,2,1,20260917,stint
6260,127,2,155,1550,0.100244172473,110.384398143,1.28731158988,52.145,2,1,1,2,1,20260917,stint
6261,127,2,160,1600,0.100396287674,110.133702285,1.27954276432,52.12,2,1,1,2,1,20260917,stint
6262,127,2,165,1650,0.100598837578,109.970530052,1.26528569474,52.095,2,1,1,2,1,20260917,stint
6263,127,2,170,1700,0.100823519159,109.846592408,1.25165820838,52.07,2,1,1,2,1,20260917,stint
6264,127,2,175,1750,0.10107490175,109.76882325,1.24173968726,52.045,2,1,1,2,1,20260917,stint
6265,127,2,180,1800,0.101348106195,109.728398909,1.23387805926,52.02,2,1,1,2,1,20260917,stint
6266,127,2,185,1850,0.10163960604,109.718875621,1.22730820719,51.995,2,1,1,2,1,20260917,stint
6267,127,2,190,1900,0.101946680779,109.735247452,1.22161269696,51.97,2,1,1,2,1,20260917,stint
6268,127,2,195,1950,0.102267150397,109.773484139,1.21654000807,51.945,2,1,1,2,1,20260917,stint
6269,127,2,200,2000,0.102599224533,109.830265821,1.21192802557,51.92,2,1,1,2,1,20260917,stint
6270,127,2,205,2050,0.102963797337,109.939943715,1.19593579134,51.895,2,1,1,2,1,20260917,stint
6271,127,2,210,2100,0.103350205114,110.08376892,1.19281845229,51.87,2,1,1,2,1,20260917,stint
6272,127,2,215,2150,0.103785898136,110.306043675,1.19828501792,51.845,2,1,1,2,1,20260917,stint
6273,127,2,220,2200,0.104148364916,110.404231538,1.1969065536,51.82,2,1,1,2,1,20260917,stint
6274,127,2,225,2250,0.104509852689,110.499178398,1.19555739539,51.795,2,1,1,2,1,20260917,stint
6275,127,2,230,2300,0.10487038737,110.590980661,1.19423694602,51.77,2,1,1,2,1,20260917,stint
6276,127,2,235,2350,0.105229994124,110.679731889,1.19293326717,51.745,2,1,1,2,1,20260917,stint
6277,128,2,0,0,0.105301684898,110.696922073,1.2034220807,51.74,2,1,1,2,1,20260917,stint
6278,128,2,5,50,0.105629705891,110.731751308,1.197590014,51.715,2,1,1,2,1,20260917,stint
6279,128,2,10,100,0.105971791228,110.78924589,1.2038093264,51.69,2,1,1,2,1,20260917,stint
6280,128,2,15,150,0.106292641859,110.8106912,1.1989996948,51.665,2,1,1,2,1,20260917,stint
6281,128,2,20,200,0.106625065361,110.850906744,1.19462652584,51.64,2,1,1,2,1,20260917,stint
6282,128,2,25,250,0.106967570877,110.907118676,1.19058494937,51.615,2,1,1,2,1,20260917,stint
6283,128,2,30,300,0.107318897095,110.976978284,1.1868015151,51.59,2,1,1,2,1,20260917,stint
6284,128,2,35,350,0.107677966841,111.058479944,1.18322326337,51.565,2,1,1,2,1,20260917,stint
6285,128,2,40,400,0.108043853434,111.149899863,1.17981110465,51.54,2,1,1,2,1,20260917,stint
6286,128,2,45,450,0.108415754964,111.249748913,1.1765356263,51.515,2,1,1,2,1,20260917,stint
6287,128,2,50,500,0.108792974112,111.35673542,1.17337433799,51.49,2,1,1,2,1,20260917,stint
6288,128,2,55,550,0.1091922829,111.498606581,1.15835395763,51.465,2,1,1,2,1,20260917,stint
6289,128,2,60,600,0.109713148257,111.839327011,1.17877829903,51.44,2,1,1,2,1,20260917,stint
6290,128,2,65,650,0.110090584827,111.936348756,1.21776301895,51.415,2,1,1,2,1,20260917,stint
6291,128,2,70,700,0.110299344615,111.753537821,1.21964920087,51.39,2,1,1,2,1,20260917,stint
6292,128,2,75,750,0.110508445919,111.574312768,1.22145278272,51.365,2,1,1,2,1,20260917,stint
6293,128,2,80,800,0.110717864206,111.398573954,1.22320123925,51.34,2,1,1,2,1,20260917,stint
6294,128,2,85,850,0.110927590814,111.226249437,1.22489616948,51.315,2,1,1,2,1,20260917,stint
6295,128,2,90,900,0.11114377944,111.067505492,1.22551174789,51.29,2,1,1,2,1,20260917,stint
6296,128,2,95,950,0.111392476325,110.965134922,1.21260153466,51.265,2,1,1,2,1,20260917,stint
6297,128,2,100,1000,0.111669558372,110.911358167,1.20316033006,51.24,2,1,1,2,1,20260917,stint
6298,128,2,105,1050,0.111969420454,110.896112044,1.19566180192,51.215,2,1,1,2,1,20260917,stint
6299,128,2,110,1100,0.11228800403,110.912054083,1.18938501655,51.19,2,1,1,2,1,20260917,stint
6300,128,2,115,1150,0.112622198437,110.953529006,1.18393391265,51.165,2,1,1,2,1,20260917,stint
6301,128,2,120,1200,0.112969538248,111.016040988,1.1790694987,51.14,2,1,1,2,1,20260917,stint
6302,128,2,125,1250,0.11332802612,111.095941888,1.17463793374,51.115,2,1,1,2,1,20260917,stint
6303,128,2,130,1300,0.113751693089,111.282684537,1.19018828788,51.09,2,1,1,2,1,20260917,stint
6304,128,2,135,1350,0.11408053947,111.308652816,1.2437779496,51.065,2,1,1,2,1,20260917,stint
6305,128,2,140,1400,0.114243254792,111.05989871,1.26011726386,51.04,2,1,1,2,1,20260917,stint
6306,128,2,145,1450,0.114382145597,110.776090348,1.26333758931,51.015,2,1,1,2,1,20260917,stint
6307,128,2,150,1500,0.114521170289,110.497194212,1.26646098409,50.99,2,1,1,2,1,20260917,stint
6308,128,2,155,1550,0.114660325099,110.223122884,1.26949013537,50.965,2,1,1,2,1,20260917,stint
6309,128,2,160,1600,0.114811463588,109.973476184,1.26180323592,50.94,2,1,1,2,1,20260917,stint
6310,128,2,165,1650,0.115012534253,109.810509526,1.24751435824,50.915,2,1,1,2,1,20260917,stint
6311,128,2,170,1700,0.115236526027,109.688077313,1.23384685895,50.89,2,1,1,2,1,20260917,stint
6312,128,2,175,1750,0.115487469903,109.6122035,1.22392840726,50.865,2,1,1,2,1,20260917,stint
6313,128,2,180,1800,0.115760412391,109.573935213,1.21607834601,50.84,2,1,1,2,1,20260917,stint
6314,128,2,185,1850,0.116051784005,109.566753297,1.20952378974,50.815,2,1,1,2,1,20260917,stint
6315,128,2,190,1900,0.116358835662,109.585601544,1.20384467387,50.79,2,1,1,2,1,20260917,stint
6316,128,2,195,1950,0.116679366838,109.626413576,1.19878848776,50.765,2,1,1,2,1,20260917,stint
6317,128,2,200,2000,0.117011571726,109.685842372,1.19419272957,50.74,2,1,1,2,1,20260917,stint
6318,128,2,205,2050,0.117376348929,109.798245423,1.1783885333,50.715,2,1,1,2,1,20260917,stint
6319,128,2,210,2100,0.117766407239,109.950483982,1.17652297325,50.69,2,1,1,2,1,20260917,stint
6320,128,2,215,2150,0.118194460104,110.162308491,1.18313394099,50.665,2,1,1,2,1,20260917,stint
6321,128,2,220,2200,0.118547275447,110.246920005,1.18190962994,50.64,2,1,1,2,1,20260917,stint
6322,128,2,225,2250,0.118899264062,110.328766601,1.18071035957,50.615,2,1,1,2,1,20260917,stint
6323,128,2,230,2300,0.119250446704,110.407928279,1.17953560582,50.59,2,1,1,2,1,20260917,stint
6324,128,2,235,2350,0.119600843537,110.484482746,1.17837512952,50.565,2,1,1,2,1,20260917,stint
6325,129,2,0,0,0.119670728543,110.499318074,1.18847102071,50.56,2,1,1,2,1,20260917,stint
6326,129,2,5,50,0.119993488464,110.528719913,1.18236455652,50.535,2,1,1,2,1,20260917,stint
6327,129,2,10,100,0.120331242166,110.582412577,1.18818227323,50.51,2,1,1,2,1,20260917,stint
6328,129,2,15,150,0.120648982567,110.602136957,1.18324013689,50.485,2,1,1,2,1,20260917,stint
6329,129,2,20,200,0.120978783561,110.641465956,1.17876862003,50.46,2,1,1,2,1,20260917,stint
6330,129,2,25,250,0.12131907519,110.697481233,1.17465207976,50.435,2,1,1,2,1,20260917,stint
6331,129,2,30,300,0.121668533544,110.767719239,1.17081024045,50.41,2,1,1,2,1,20260917,stint
6332,129,2,35,350,0.122026030852,110.850081237,1.16718562297,50.385,2,1,1,2,1,20260917,stint
6333,129,2,40,400,0.122390598865,110.942766779,1.16373603662,50.36,2,1,1,2,1,20260917,stint
6334,129,2,45,450,0.122761401098,111.04422291,1.16042987791,50.335,2,1,1,2,1,20260917,stint
6335,129,2,50,500,0.123137711176,111.153104293,1.15724307056,50.31,2,1,1,2,1,20260917,stint
6336,129,2,55,550,0.123536236574,111.297046365,1.14237743402,50.285,2,1,1,2,1,20260917,stint
6337,129,2,60,600,0.124058285391,111.643032187,1.16358839654,50.26,2,1,1,2,1,20260917,stint
6338,129,2,65,650,0.12442823605,111.730935005,1.20203609395,50.235,2,1,1,2,1,20260917,stint
6339,129,2,70,700,0.124634519391,111.547426017,1.20388753261,50.21,2,1,1,2,1,20260917,stint
6340,129,2,75,750,0.124841130952,111.367492483,1.20565835004,50.185,2,1,1,2,1,20260917,stint
6341,129,2,80,800,0.125048047302,111.191036743,1.20737499318,50.16,2,1,1,2,1,20260917,stint
6342,129,2,85,850,0.125255260081,111.017987495,1.20903903251,50.135,2,1,1,2,1,20260917,stint
6343,129,2,90,900,0.12546956424,110.859574871,1.20900345173,50.11,2,1,1,2,1,20260917,stint
6344,129,2,95,950,0.125717220676,110.758922322,1.19599015894,50.085,2,1,1,2,1,20260917,stint
6345,129,2,100,1000,0.125993611685,110.707412404,1.1865085548,50.06,2,1,1,2,1,20260917,stint
6346,129,2,105,1050,0.12629302705,110.694799307,1.17899256312,50.035,2,1,1,2,1,20260917,stint
6347,129,2,110,1100,0.126611346361,110.713632314,1.17270862549,50.01,2,1,1,2,1,20260917,stint
6348,129,2,115,1150,0.126945417749,110.758183801,1.16725560591,49.985,2,1,1,2,1,20260917,stint
6349,129,2,120,1200,0.127292746345,110.82390624,1.16239214796,49.96,2,1,1,2,1,20260917,stint
6350,129,2,125,1250,0.127651312834,110.907112968,1.15796318531,49.935,2,1,1,2,1,20260917,stint
6351,129,2,130,1300,0.128074171399,111.095616984,1.17474372977,49.91,2,1,1,2,1,20260917,stint
6352,129,2,135,1350,0.128396492466,111.113910463,1.22695177886,49.885,2,1,1,2,1,20260917,stint
6353,129,2,140,1400,0.128557947965,110.866298303,1.24292552814,49.86,2,1,1,2,1,20260917,stint
6354,129,2,145,1450,0.128696183991,110.584607609,1.24604647739,49.835,2,1,1,2,1,20260917,stint
6355,129,2,150,1500,0.128834548869,110.307785817,1.24907320455,49.81,2,1,1,2,1,20260917,stint
6356,129,2,155,1550,0.128973038953,110.035746427,1.25200832782,49.785,2,1,1,2,1,20260917,stint
6357,129,2,160,1600,0.129123229481,109.787627896,1.24439636925,49.76,2,1,1,2,1,20260917,stint
6358,129,2,165,1650,0.129322799917,109.625255327,1.23009956922,49.735,2,1,1,2,1,20260917,stint
6359,129,2,170,1700,0.129546084593,109.504717059,1.21638262934,49.71,2,1,1,2,1,20260917,stint
6360,129,2,175,1750,0.129796577798,109.431129493,1.20645780054,49.685,2,1,1,2,1,20260917,stint
6361,129,2,180,1800,0.13006924949,109.395406849,1.19861415086,49.66,2,1,1,2,1,20260917,stint
6362,129,2,185,1850,0.130360486144,109.390952941,1.19207052673,49.635,2,1,1,2,1,20260917,stint
6363,129,2,190,1900,0.130667509531,109.412660397,1.1864040024,49.61,2,1,1,2,1,20260917,stint
6364,129,2,195,1950,0.130988098257,109.456426185,1.18136094136,49.585,2,1,1,2,1,20260917,stint
6365,129,2,200,2000,0.131320430814,109.518875785,1.17677836342,49.56,2,1,1,2,1,20260917,stint
6366,129,2,205,2050,0.131685409875,109.634372398,1.16115681505,49.535,2,1,1,2,1,20260917,stint
6367,129,2,210,2100,0.132083702494,109.803017758,1.16088512755,49.51,2,1,1,2,1,20260917,stint
6368,129,2,215,2150,0.132501846319,110.000907297,1.16812288335,49.485,2,1,1,2,1,20260917,stint
6369,129,2,220,2200,0.132845538808,110.073108079,1.16703762839,49.46,2,1,1,2,1,20260917,stint
6370,129,2,225,2250,0.133188533947,110.142962903,1.16597360994,49.435,2,1,1,2,1,20260917,stint
6371,129,2,230,2300,0.133530848282,110.210537896,1.16493037424,49.41,2,1,1,2,1,20260917,stint
6372,129,2,235,2350,0.1338724979,110.275897327,1.16389915808,49.385,2,1,1,2,1,20260917,stint
6373,130,2,0,0,0.133940664139,110.28856694,1.17363074781,49.38,2,1,1,2,1,20260917,stint
6374,130,2,5,50,0.134258328224,110.313031783,1.1672433063,49.355,2,1,1,2,1,20260917,stint
6375,130,2,10,100,0.134591905725,110.363388607,1.17266145041,49.33,2,1,1,2,1,20260917,stint
6376,130,2,15,150,0.134906661252,110.381800727,1.16758748686,49.305,2,1,1,2,1,20260917,stint
6377,130,2,20,200,0.135233954432,110.420627467,1.1630189056,49.28,2,1,1,2,1,20260917,stint
6378,130,2,25,250,0.135572136424,110.476806764,1.15882886266,49.255,2,1,1,2,1,20260917,stint
6379,130,2,30,300,0.135919821322,110.547761613,1.15493007916,49.23,2,1,1,2,1,20260917,stint
6380,130,2,35,350,0.136275831504,110.631301772,1.15126048551,49.205,2,1,1,2,1,20260917,stint
6381,130,2,40,400,0.13663915794,110.725551776,1.14777476587,49.18,2,1,1,2,1,20260917,stint
6382,130,2,45,450,0.137008930334,110.828896414,1.14443912255,49.155,2,1,1,2,1,20260917,stint
6383,130,2,50,500,0.137384393968,110.93993816,1.14122789857,49.13,2,1,1,2,1,20260917,stint
6384,130,2,55,550,0.137782195528,111.086207183,1.12651604052,49.105,2,1,1,2,1,20260917,stint
6385,130,2,60,600,0.138304273306,111.435686422,1.14851946248,49.08,2,1,1,2,1,20260917,stint
6386,130,2,65,650,0.138666963511,111.515025806,1.18641524662,49.055,2,1,1,2,1,20260917,stint
6387,130,2,70,700,0.138870836113,111.331100845,1.18822785183,49.03,2,1,1,2,1,20260917,stint
6388,130,2,75,750,0.139075023445,111.150735925,1.18996194348,49.005,2,1,1,2,1,20260917,stint
6389,130,2,80,800,0.139279503171,110.973835442,1.19164291627,48.98,2,1,1,2,1,20260917,stint
6390,130,2,85,850,0.139484267239,110.800328827,1.19327230569,48.955,2,1,1,2,1,20260917,stint
6391,130,2,90,900,0.13969673696,110.642485446,1.1926020693,48.93,2,1,1,2,1,20260917,stint
6392,130,2,95,950,0.139943389817,110.543763228,1.17949148016,48.905,2,1,1,2,1,20260917,stint
6393,130,2,100,1000,0.14021912168,110.494720724,1.1699733387,48.88,2,1,1,2,1,20260917,stint
6394,130,2,105,1050,0.140518117817,110.484930639,1.16244253644,48.855,2,1,1,2,1,20260917,stint
6395,130,2,110,1100,0.140836196664,110.506835361,1.15615338269,48.83,2,1,1,2,1,20260917,stint
6396,130,2,115,1150,0.141170165742,110.554636067,1.15069994065,48.805,2,1,1,2,1,20260917,stint
6397,130,2,120,1200,0.141517501233,110.623734463,1.14583864442,48.78,2,1,1,2,1,20260917,stint
6398,130,2,125,1250,0.141876162241,110.71040614,1.14141329427,48.755,2,1,1,2,1,20260917,stint
6399,130,2,130,1300,0.14230108959,110.905557709,1.15932311483,48.73,2,1,1,2,1,20260917,stint
6400,130,2,135,1350,0.142617075904,110.916540092,1.21016673416,48.705,2,1,1,2,1,20260917,stint
6401,130,2,140,1400,0.14277729108,110.670145421,1.22577671776,48.68,2,1,1,2,1,20260917,stint
6402,130,2,145,1450,0.142914877949,110.390623875,1.22879921591,48.655,2,1,1,2,1,20260917,stint
6403,130,2,150,1500,0.143052588739,110.11592723,1.23173017903,48.63,2,1,1,2,1,20260917,stint
6404,130,2,155,1550,0.143190419928,109.845969914,1.23457215537,48.605,2,1,1,2,1,20260917,stint
6405,130,2,160,1600,0.143339673658,109.599437712,1.22703883394,48.58,2,1,1,2,1,20260917,stint
6406,130,2,165,1650,0.143537570141,109.437410141,1.21281787172,48.555,2,1,1,2,1,20260917,stint
6407,130,2,170,1700,0.143760029387,109.318613128,1.19903322095,48.53,2,1,1,2,1,20260917,stint
6408,130,2,175,1750,0.14400997944,109.247204344,1.18909404215,48.505,2,1,1,2,1,20260917,stint
6409,130,2,180,1800,0.144282304903,109.213949822,1.18125265866,48.48,2,1,1,2,1,20260917,stint
6410,130,2,185,1850,0.144573343674,109.21216835,1.17471765875,48.455,2,1,1,2,1,20260917,stint
6411,130,2,190,1900,0.144880285577,109.2366964,1.169062431,48.43,2,1,1,2,1,20260917,stint
6412,130,2,195,1950,0.145200886429,109.283390847,1.16403180858,48.405,2,1,1,2,1,20260917,stint
6413,130,2,200,2000,0.145533307632,109.34884714,1.15946211159,48.38,2,1,1,2,1,20260917,stint
6414,130,2,205,2050,0.145898451936,109.467427403,1.14402271959,48.355,2,1,1,2,1,20260917,stint
6415,130,2,210,2100,0.146304619817,109.651933302,1.1452659645,48.33,2,1,1,2,1,20260917,stint
6416,130,2,215,2150,0.146713272911,109.836638981,1.15310193894,48.305,2,1,1,2,1,20260917,stint
6417,130,2,220,2200,0.14704823656,109.897127627,1.15214504626,48.28,2,1,1,2,1,20260917,stint
6418,130,2,225,2250,0.147382615055,109.955649336,1.15120594114,48.255,2,1,1,2,1,20260917,stint
6419,130,2,230,2300,0.147716421445,110.012258189,1.1502842341,48.23,2,1,1,2,1,20260917,stint
6420,130,2,235,2350,0.148049668432,110.067006797,1.14937246927,48.205,2,1,1,2,1,20260917,stint
6421,131,2,0,0,0,85,1.50749314993,10,1,13,1,1,1,20260917,recommendation
6422,131,2,5,50,0.000290198160278,85.3970723007,1.49609263309,9.975,1,13,1,1,1,20260917,recommendation
6423,131,2,10,100,0.000604994570181,85.8282284165,1.48763546041,9.95,1,13,1,1,1,20260917,recommendation
6424,131,2,15,150,0.000940245529585,86.2860586132,1.48107868723,9.925,1,13,1,1,1,20260917,recommendation
6425,131,2,20,200,0.00126648260025,86.7213449901,1.48861410413,9.9,1,13,1,1,1,20260917,recommendation
6426,131,2,25,250,0.00160140334842,87.1638576628,1.48346410168,9.875,1,13,1,1,1,20260917,recommendation
6427,131,2,30,300,0.00194967914211,87.6211262887,1.47907039048,9.85,1,13,1,1,1,20260917,recommendation
6428,131,2,35,350,0.00230968131835,88.0902156406,1.47523091065,9.825,1,13,1,1,1,20260917,recommendation
6429,131,2,40,400,0.00268002767429,88.5686462406,1.47179845923,9.8,1,13,1,1,1,20260917,recommendation
6430,131,2,45,450,0.00305953292418,89.054304976,1.46866290422,9.775,1,13,1,1,1,20260917,recommendation
6431,131,2,50,500,0.0034471722758,89.5453788641,1.46574021551,9.75,1,13,1,1,1,20260917,recommendation
6432,131,2,55,550,0.00384205391269,90.0403046247,1.46296536186,9.725,1,13,1,1,1,20260917,recommendation
6433,131,2,60,600,0.00424339760557,90.537729212,1.46028751703,9.7,1,13,1,1,1,20260917,recommendation
6434,131,2,65,650,0.00465051773018,91.0364782792,1.45766671083,9.675,1,13,1,1,1,20260917,recommendation
6435,131,2,70,700,0.005062809553,91.5355305628,1.45507142025,9.65,1,13,1,1,1,20260917,recommendation
6436,131,2,75,750,0.00547973799847,92.0339967917,1.45247679249,9.625,1,13,1,1,1,20260917,recommendation
6437,131,2,80,800,0.00590082833831,92.5311021194,1.44986330539,9.6,1,13,1,1,1,20260917,recommendation
6438,131,2,85,850,0.00632565839561,93.0261713507,1.44721573834,9.575,1,13,1,1,1,20260917,recommendation
6439,131,2,90,900,0.00679494872599,93.5866513604,1.43053834997,9.55,1,13,1,1,1,20260917,recommendation
6440,131,2,95,950,0.00727362222289,94.1532586475,1.42862281991,9.525,1,13,1,1,1,20260917,recommendation
6441,131,2,100,1000,0.00787304064558,94.9103513493,1.46125897746,9.5,1,13,1,1,1,20260917,recommendation
6442,131,2,105,1050,0.00829094823827,95.3540661574,1.50964190039,9.475,1,13,1,1,1,20260917,recommendation
6443,131,2,110,1100,0.0085056823867,95.4552098838,1.50898978819,9.45,1,13,1,1,1,20260917,recommendation
6444,131,2,115,1150,0.00872032085056,95.5545236989,1.50833793749,9.425,1,13,1,1,1,20260917,recommendation
6445,131,2,120,1200,0.0089348637439,95.6520380372,1.50768658936,9.4,1,13,1,1,1,20260917,recommendation
6446,131,2,125,1250,0.00914913220008,95.7474850692,1.5219354098,9.375,1,13,1,1,1,20260917,recommendation
6447,131,2,130,1300,0.00938815669609,95.8823617873,1.499031679,9.35,1,13,1,1,1,20260917,recommendation
6448,131,2,135,1350,0.00966196954356,96.0724898622,1.48314131624,9.325,1,13,1,1,1,20260917,recommendation
6449,131,2,140,1400,0.00996343838873,96.3051740295,1.47094337357,9.3,1,13,1,1,1,20260917,recommendation
6450,131,2,145,1450,0.01028763152,96.5715629345,1.46101064166,9.275,1,13,1,1,1,20260917,recommendation
6451,131,2,150,1500,0.0106308484327,96.864985209,1.45258712799,9.25,1,13,1,1,1,20260917,recommendation
6452,131,2,155,1550,0.0109901853267,97.180195916,1.44522165762,9.225,1,13,1,1,1,20260917,recommendation
6453,131,2,160,1600,0.0113632987672,97.5129626169,1.43862324115,9.2,1,13,1,1,1,20260917,recommendation
6454,131,2,165,1650,0.0117482610488,97.8598097162,1.43259376328,9.175,1,13,1,1,1,20260917,recommendation
6455,131,2,170,1700,0.0121434643915,98.2178476805,1.42699293212,9.15,1,13,1,1,1,20260917,recommendation
6456,131,2,175,1750,0.0125475538369,98.5846524894,1.42171845744,9.125,1,13,1,1,1,20260917,recommendation
6457,131,2,180,1800,0.0129576675496,98.9553305652,1.41786544521,9.1,1,13,1,1,1,20260917,recommendation
6458,131,2,185,1850,0.0134612879652,99.4738306226,1.47518384366,9.075,1,13,1,1,1,20260917,recommendation
6459,131,2,190,1900,0.0137040416886,99.5526432428,1.52737655256,9.05,1,13,1,1,1,20260917,recommendation
6460,131,2,195,1950,0.0138432768358,99.4596019667,1.52778357521,9.025,1,13,1,1,1,20260917,recommendation
6461,131,2,200,2000,0.013982527446,99.3681240845,1.52817457464,9,1,13,1,1,1,20260917,recommendation
6462,131,2,205,2050,0.0141243502116,99.2824378218,1.53259378059,8.975,1,13,1,1,1,20260917,recommendation
6463,131,2,210,2100,0.0143154610046,99.2797416587,1.49486456464,8.95,1,13,1,1,1,20260917,recommendation
6464,131,2,215,2150,0.0145510379965,99.3504935318,1.48353606903,8.925,1,13,1,1,1,20260917,recommendation
6465,131,2,220,2200,0.0148037310014,99.4483840464,1.46821243397,8.9,1,13,1,1,1,20260917,recommendation
6466,131,2,225,2250,0.0150817322731,99.5864769958,1.45621434554,8.875,1,13,1,1,1,20260917,recommendation
6467,131,2,230,2300,0.0153809642288,99.7573709954,1.44627776554,8.85,1,13,1,1,1,20260917,recommendation
6468,131,2,235,2350,0.0156983338547,99.9554132793,1.43773051486,8.825,1,13,1,1,1,20260917,recommendation
6469,131,2,240,2400,0.0160313833047,100.176093815,1.43017049175,8.8,1,13,1,1,1,20260917,recommendation
6470,131,2,245,2450,0.0163781014293,100.415715125,1.42333783813,8.775,1,13,1,1,1,20260917,recommendation
6471,131,2,250,2500,0.0167368093751,100.671189883,1.41705521154,8.75,1,13,1,1,1,20260917,recommendation
6472,131,2,255,2550,0.0171060852989,100.939906456,1.41119661744,8.725,1,13,1,1,1,20260917,recommendation
6473,131,2,260,2600,0.0174847118793,101.219634325,1.40566977179,8.7,1,13,1,1,1,20260917,recommendation
6474,131,2,265,2650,0.0179056526885,101.564766115,1.3869768667,8.675,1,13,1,1,1,20260917,recommendation
6475,131,2,270,2700,0.0183808079872,101.994154875,1.39168584811,8.65,1,13,1,1,1,20260917,recommendation
6476,131,2,275,2750,0.0188524773594,102.409431681,1.41909258842,8.625,1,13,1,1,1,20260917,recommendation
6477,131,2,280,2800,0.0191475102616,102.526681854,1.4178584237,8.6,1,13,1,1,1,20260917,recommendation
6478,131,2,285,2850,0.0194420948121,102.641253006,1.41663731795,8.575,1,13,1,1,1,20260917,recommendation
6479,131,2,290,2900,0.019736237089,102.753199463,1.4154293762,8.55,1,13,1,1,1,20260917,recommendation
6480,132,2,0,0,0,85,1.44837479786,10,2,14,1,1,1,20260917,recommendation
6481,132,2,5,50,0.000435198456247,85.6366848603,1.44872344737,9.975,2,14,1,1,1,20260917,recommendation
6482,132,2,10,100,0.000873734776964,86.2683623516,1.46338515761,9.95,2,14,1,1,1,20260917,recommendation
6483,132,2,15,150,0.00127185217991,86.8227984833,1.46220753524,9.925,2,14,1,1,1,20260917,recommendation
6484,132,2,20,200,0.00167550303468,87.3772152722,1.4610274454,9.9,2,14,1,1,1,20260917,recommendation
6485,132,2,25,250,0.00208412696524,87.9306869671,1.45981535707,9.875,2,14,1,1,1,20260917,recommendation
6486,132,2,30,300,0.00249722656153,88.4824071714,1.45854805631,9.85,2,14,1,1,1,20260917,recommendation
6487,132,2,35,350,0.00291435909765,89.0316731856,1.45720742914,9.825,2,14,1,1,1,20260917,recommendation
6488,132,2,40,400,0.00333512958985,89.5778728215,1.45577951604,9.8,2,14,1,1,1,20260917,recommendation
6489,132,2,45,450,0.00375918489724,90.1204731577,1.45425376488,9.775,2,14,1,1,1,20260917,recommendation
6490,132,2,50,500,0.00418620880291,90.6590111013,1.45262243612,9.75,2,14,1,1,1,20260917,recommendation
6491,132,2,55,550,0.00464810993092,91.2464694017,1.43677447891,9.725,2,14,1,1,1,20260917,recommendation
6492,132,2,60,600,0.00523177910998,92.0259136761,1.45874737148,9.7,2,14,1,1,1,20260917,recommendation
6493,132,2,65,650,0.00571971342011,92.6330555715,1.49619436104,9.675,2,14,1,1,1,20260917,recommendation
6494,132,2,70,700,0.00599124255812,92.8730472631,1.49541894907,9.65,2,14,1,1,1,20260917,recommendation
6495,132,2,75,750,0.00626256095316,93.1087238961,1.49461636722,9.625,2,14,1,1,1,20260917,recommendation
6496,132,2,80,800,0.00653366103087,93.3401442741,1.49378844565,9.6,2,14,1,1,1,20260917,recommendation
6497,132,2,85,850,0.00680453577974,93.567367159,1.49293694516,9.575,2,14,1,1,1,20260917,recommendation
6498,132,2,90,900,0.00706910346001,93.7803909257,1.50365682438,9.55,2,14,1,1,1,20260917,recommendation
6499,132,2,95,950,0.00735314716619,94.0221638339,1.48999358456,9.525,2,14,1,1,1,20260917,recommendation
6500,132,2,100,1000,0.00766182196153,94.3006416274,1.4792527902,9.5,2,14,1,1,1,20260917,recommendation
6501,132,2,105,1050,0.00799096919807,94.6083466295,1.47038773211,9.475,2,14,1,1,1,20260917,recommendation
6502,132,2,110,1100,0.00833739938565,94.9395257041,1.4628061516,9.45,2,14,1,1,1,20260917,recommendation
6503,132,2,115,1150,0.00869857557347,95.2895988489,1.45613895808,9.425,2,14,1,1,1,20260917,recommendation
6504,132,2,120,1200,0.00907243083046,95.6548383248,1.45014065149,9.4,2,14,1,1,1,20260917,recommendation
6505,132,2,125,1250,0.00945725232012,96.0321630666,1.4446401868,9.375,2,14,1,1,1,20260917,recommendation
6506,132,2,130,1300,0.00989066229825,96.4839648832,1.45347926861,9.35,2,14,1,1,1,20260917,recommendation
6507,132,2,135,1350,0.0103065432787,96.8983440283,1.52031363819,9.325,2,14,1,1,1,20260917,recommendation
6508,132,2,140,1400,0.0104941156278,96.9287443943,1.53837040084,9.3,2,14,1,1,1,20260917,recommendation
6509,132,2,145,1450,0.0106452520862,96.8987434503,1.53829360471,9.275,2,14,1,1,1,20260917,recommendation
6510,132,2,150,1500,0.0107963868072,96.8692355064,1.53821382849,9.25,2,14,1,1,1,20260917,recommendation
6511,132,2,155,1550,0.0109475196452,96.8402121732,1.53813114491,9.225,2,14,1,1,1,20260917,recommendation
6512,132,2,160,1600,0.0111156603887,96.8399044534,1.52649040129,9.2,2,14,1,1,1,20260917,recommendation
6513,132,2,165,1650,0.0113373376766,96.9280611682,1.51025070454,9.175,2,14,1,1,1,20260917,recommendation
6514,132,2,170,1700,0.0115768544509,97.0442159539,1.49308871149,9.15,2,14,1,1,1,20260917,recommendation
6515,132,2,175,1750,0.0118429042919,97.2022944736,1.4800777208,9.125,2,14,1,1,1,20260917,recommendation
6516,132,2,180,1800,0.0121310077516,97.3942032901,1.46953772644,9.1,2,14,1,1,1,20260917,recommendation
6517,132,2,185,1850,0.01243786012,97.6139229887,1.4606248513,9.075,2,14,1,1,1,20260917,recommendation
6518,132,2,190,1900,0.0127608791925,97.8567271721,1.4528507128,9.05,2,14,1,1,1,20260917,recommendation
6519,132,2,195,1950,0.0130979753388,98.118781344,1.44590624476,9.025,2,14,1,1,1,20260917,recommendation
6520,132,2,200,2000,0.0134474174135,98.3969066798,1.43958342959,9,2,14,1,1,1,20260917,recommendation
6521,132,2,205,2050,0.0138312249634,98.7273615619,1.42033584205,8.975,2,14,1,1,1,20260917,recommendation
6522,132,2,210,2100,0.0142387420587,99.0914077583,1.4153418333,8.95,2,14,1,1,1,20260917,recommendation
6523,132,2,215,2150,0.0147042092415,99.5455016208,1.39585777952,8.925,2,14,1,1,1,20260917,recommendation
6524,132,2,220,2200,0.0152122553867,100.062188148,1.38998471649,8.9,2,14,1,1,1,20260917,recommendation
6525,132,2,225,2250,0.0157283564271,100.583646034,1.38414956393,8.875,2,14,1,1,1,20260917,recommendation
6526,132,2,230,2300,0.0162516020113,101.10829199,1.37832589133,8.85,2,14,1,1,1,20260917,recommendation
6527,132,2,235,2350,0.0167798755342,101.632565264,1.37316283851,8.825,2,14,1,1,1,20260917,recommendation
6528,133,2,0,0,0,85,1.44474454809,10,3,15,1,1,1,20260917,recommendation
6529,133,2,5,50,0.000450633970251,85.6621985633,1.44506164961,9.975,3,15,1,1,1,20260917,recommendation
6530,133,2,10,100,0.000868865994986,86.2597987286,1.45858724271,9.95,3,15,1,1,1,20260917,recommendation
6531,133,2,15,150,0.00128382214407,86.842208279,1.45757199298,9.925,3,15,1,1,1,20260917,recommendation
6532,133,2,20,200,0.00170430428401,87.4241240056,1.45648981962,9.9,3,15,1,1,1,20260917,recommendation
6533,133,2,25,250,0.0021298378144,88.0047697316,1.45532064991,9.875,3,15,1,1,1,20260917,recommendation
6534,133,2,30,300,0.00255999350098,88.5834570805,1.45404871528,9.85,3,15,1,1,1,20260917,recommendation
6535,133,2,35,350,0.00300437266992,89.1761983684,1.43838912806,9.825,3,15,1,1,1,20260917,recommendation
6536,133,2,40,400,0.00349058982314,89.8281763881,1.4377957291,9.8,3,15,1,1,1,20260917,recommendation
6537,133,2,45,450,0.00406335051733,90.6128962731,1.41850483586,9.775,3,15,1,1,1,20260917,recommendation
6538,133,2,50,500,0.00469404795676,91.4799328742,1.41691370004,9.75,3,15,1,1,1,20260917,recommendation
6539,133,2,55,550,0.00532525253329,92.3334767377,1.41484864594,9.725,3,15,1,1,1,20260917,recommendation
6540,133,2,60,600,0.0059569184493,93.1736751937,1.41233384087,9.7,3,15,1,1,1,20260917,recommendation
6541,133,2,65,650,0.00658900449464,94.0006807171,1.40939310641,9.675,3,15,1,1,1,20260917,recommendation
6542,133,2,70,700,0.00722147337645,94.8146497364,1.4060498464,9.65,3,15,1,1,1,20260917,recommendation
6543,133,2,75,750,0.00776752725026,95.4718557215,1.4210524729,9.625,3,15,1,1,1,20260917,recommendation
6544,133,2,80,800,0.00825599730778,96.0234989407,1.41816643393,9.6,3,15,1,1,1,20260917,recommendation
6545,133,2,85,850,0.0087446887447,96.5663901626,1.41512554849,9.575,3,15,1,1,1,20260917,recommendation
6546,133,2,90,900,0.00923358238409,97.100642353,1.41193936454,9.55,3,15,1,1,1,20260917,recommendation
6547,133,2,95,950,0.00972266081903,97.6263695349,1.40861712571,9.525,3,15,1,1,1,20260917,recommendation
6548,133,2,100,1000,0.0103358715744,98.3490914596,1.43049860971,9.5,3,15,1,1,1,20260917,recommendation
6549,133,2,105,1050,0.0108179688681,98.8421062152,1.46989464851,9.475,3,15,1,1,1,20260917,recommendation
6550,133,2,110,1100,0.011075961814,98.9570978741,1.4689208526,9.45,3,15,1,1,1,20260917,recommendation
6551,133,2,115,1150,0.0113337059286,99.0697776102,1.46795257893,9.425,3,15,1,1,1,20260917,recommendation
6552,133,2,120,1200,0.0115912031015,99.1801867597,1.46699006517,9.4,3,15,1,1,1,20260917,recommendation
6553,133,2,125,1250,0.0118484552811,99.2883660724,1.46603353283,9.375,3,15,1,1,1,20260917,recommendation
6554,133,2,130,1300,0.0121054644635,99.3943557036,1.46507809585,9.35,3,15,1,1,1,20260917,recommendation
6555,133,2,135,1350,0.0123676817093,99.5072502084,1.46665242548,9.325,3,15,1,1,1,20260917,recommendation
6556,133,2,140,1400,0.012641076819,99.6366793141,1.46581390851,9.3,3,15,1,1,1,20260917,recommendation
6557,133,2,145,1450,0.0129266250557,99.7841275627,1.45542104139,9.275,3,15,1,1,1,20260917,recommendation
6558,133,2,150,1500,0.0132309809427,99.9602194971,1.44644870048,9.25,3,15,1,1,1,20260917,recommendation
6559,133,2,155,1550,0.0135518826677,100.160744256,1.43848490855,9.225,3,15,1,1,1,20260917,recommendation
6560,133,2,160,1600,0.0138874640141,100.382214155,1.43126447046,9.2,3,15,1,1,1,20260917,recommendation
6561,133,2,165,1650,0.0142438122509,100.634429492,1.41140866902,9.175,3,15,1,1,1,20260917,recommendation
6562,133,2,170,1700,0.0146418162911,100.951237001,1.40546814167,9.15,3,15,1,1,1,20260917,recommendation
6563,133,2,175,1750,0.0150980297429,101.35915553,1.39150899449,9.125,3,15,1,1,1,20260917,recommendation
6564,133,2,180,1800,0.0155776919838,101.798955868,1.38504313905,9.1,3,15,1,1,1,20260917,recommendation
6565,133,2,185,1850,0.0160677715991,102.248702949,1.37867970759,9.075,3,15,1,1,1,20260917,recommendation
6566,133,2,190,1900,0.0165672381814,102.706529512,1.37238332853,9.05,3,15,1,1,1,20260917,recommendation
6567,133,2,195,1950,0.0170751714444,103.170781144,1.36612700583,9.025,3,15,1,1,1,20260917,recommendation
6568,133,2,200,2000,0.0175907475471,103.639990157,1.35989024095,9,3,15,1,1,1,20260917,recommendation
6569,133,2,205,2050,0.0181132280202,104.112854207,1.3536576407,8.975,3,15,1,1,1,20260917,recommendation
