optimization_result_id,optimization_run_id,front_wing_deg,rear_wing_deg,front_height_m,rear_height_m,package,method,objective,lap_time_s,top_speed_mps,fuel_used_kg,tyre_wear_end,tyre_wear_delta,distance_m,high_speed_corner_mps,braking_distance_m,mean_downforce_n,mean_drag_n,max_tyre_load_n,solver_iterations,shift_loss_s,feasible,constraint_reasons,objective_value,pareto,circuit_id,objective_run,seed
1,1,16.5322796334,15.1805919496,0.0351689561244,0.060726211297,standard,local,qualifying,49.0670675718,87.0968931466,1.47,0.0201318904787,0.0201318904787,2940,57.2867654543,250,11570.7648204,2204.08203291,8596.61086205,17,0.64,True,,49.0670675718,True,1,qualifying,42
2,1,16.5322796334,15.1605319442,0.0351689561244,0.060726211297,standard,local,qualifying,49.0675216996,87.1065745454,1.47,0.0201307458126,0.0201307458126,2940,57.2780190618,250,11568.8141476,2202.85250885,8595.90089863,17,0.64,True,,49.0675216996,True,1,qualifying,42
3,1,16.5322796334,15.1980320326,0.0351689561244,0.060726211297,standard,local,qualifying,49.0676375542,87.0878301923,1.47,0.0201323791955,0.0201323791955,2940,57.2865889897,250,11571.9935074,2205.06273485,8597.13808252,17,0.64,True,,49.0676375542,False,1,qualifying,42
4,1,16.5322796334,15.1547155576,0.0351689561244,0.060726211297,standard,local,qualifying,49.0676890987,87.1093803285,1.47,0.0201303955134,0.0201303955134,2940,57.274958645,250,11568.2317708,2202.49307824,8595.69468968,17,0.64,True,,49.0676890987,True,1,qualifying,42
5,1,16.5322796334,15.2262506798,0.0351689561244,0.060726211297,standard,local,qualifying,49.0685757235,87.0731349606,1.47,0.0201331590168,0.0201331590168,2940,57.2862794576,250,11573.9729967,2206.65039915,8597.98532453,17,0.64,True,,49.0685757235,False,1,qualifying,42
6,1,16.5322796334,15.0258578992,0.0351689561244,0.060726211297,standard,local,qualifying,49.0714348048,87.1713165506,1.47,0.0201225911238,0.0201225911238,2940,57.2072838456,250,11555.3099272,2194.56189119,8591.07586198,17,0.64,True,,49.0714348048,True,1,qualifying,42
7,1,17.929056837,15.6755069621,0.0351689561244,0.060726211297,standard,differential_evolution,qualifying,49.0792377874,86.2437283079,1.47,0.0201898603134,0.0201898603134,2940,57.53870724,250,11676.7808657,2294.82797863,8520.76152122,17,0.56,True,,49.0792377874,False,1,qualifying,42
8,1,16.5322796334,15.5834943914,0.0351689561244,0.060726211297,standard,local,qualifying,49.0807847265,86.8853951395,1.47,0.0201426026853,0.0201426026853,2940,57.2825455642,250,11599.118116,2227.03184043,8608.31206694,17,0.64,True,,49.0807847265,False,1,qualifying,42
9,1,16.5322796334,14.72135955,0.0351689561244,0.060726211297,standard,local,qualifying,49.081005335,87.3161834288,1.47,0.0200981065949,0.0200981065949,2940,57.051971266,250,11524.2830893,2175.99375018,8579.80738624,17,0.64,True,,49.081005335,True,1,qualifying,42
10,1,16.5322796334,15.6755069621,0.0351689561244,0.060726211297,standard,local,qualifying,49.0840332745,86.8365354949,1.47,0.0201449051802,0.0201449051802,2940,57.281640016,250,11605.4478288,2232.33286399,8610.85253341,17,0.64,True,,49.0840332745,False,1,qualifying,42
11,1,16.5289462793,15.6755069621,0.0351689561244,0.060726211297,standard,local,qualifying,49.0840400573,86.8378283597,1.47,0.0201447038246,0.0201447038246,2940,57.2799035045,250,11605.1669575,2232.1686317,8611.05094124,17,0.64,True,,49.0840400573,False,1,qualifying,42
12,1,16.5358635762,15.6755069621,0.0351689561244,0.060726211297,standard,local,qualifying,49.08407176,86.8351456205,1.47,0.020145108192,0.020145108192,2940,57.2835125146,250,11605.7321903,2232.50605677,8610.63923865,17,0.64,True,,49.08407176,False,1,qualifying,42
13,1,16.5256129252,15.6755069621,0.0351689561244,0.060726211297,standard,local,qualifying,49.0841105714,86.8391211938,1.47,0.02014448593,0.02014448593,2940,57.2781742038,250,11604.861358,2231.99963586,8611.2493422,17,0.64,True,,49.0841105714,False,1,qualifying,42
14,1,16.5421785294,15.6755069621,0.0351689561244,0.060726211297,standard,local,qualifying,49.0841476023,86.8326958034,1.47,0.0201454623341,0.0201454623341,2940,57.2868136736,250,11606.2295566,2232.8106012,8610.26329199,17,0.64,True,,49.0841476023,False,1,qualifying,42
15,1,16.5516755429,15.6755069621,0.0351689561244,0.060726211297,standard,local,qualifying,49.0842618893,86.8290106135,1.47,0.020145994604,0.020145994604,2940,57.2917793249,250,11606.9774268,2233.26880668,8609.69779097,17,0.64,True,,49.0842618893,False,1,qualifying,42
16,1,16.5177538577,15.6755069621,0.0351689561244,0.060726211297,standard,local,qualifying,49.0843042799,86.8421694761,1.47,0.0201439640117,0.0201439640117,2940,57.2741009621,250,11604.1293447,2231.59909698,8611.71714751,17,0.64,True,,49.0843042799,False,1,qualifying,42
17,1,16.617973037,15.6755069621,0.0351689561244,0.060726211297,standard,local,qualifying,49.0850680178,86.8032332032,1.47,0.0201497007042,0.0201497007042,2940,57.3264777916,250,11612.1932604,2236.47407115,8605.74313552,17,0.64,True,,49.0850680178,False,1,qualifying,42
18,1,16.4782339089,15.6755069621,0.0351689561244,0.060726211297,standard,local,qualifying,49.085281451,86.8574778872,1.47,0.0201413362741,0.0201413362741,2940,57.2536310158,250,11600.4467581,2229.58753807,8614.06680944,17,0.64,True,,49.085281451,False,1,qualifying,42
19,1,16.8458023618,15.6755069621,0.0351689561244,0.060726211297,standard,local,qualifying,49.0879452526,86.7139869031,1.47,0.0201623085811,0.0201623085811,2940,57.4461775529,250,11630.0536951,2247.57711492,8592.06397369,17,0.64,True,,49.0879452526,False,1,qualifying,42
20,1,15.7294901688,15.6755069621,0.0351689561244,0.060726211297,standard,local,qualifying,49.1051279669,87.141807088,1.47,0.0200848802745,0.0200848802745,2940,56.8731854786,250,11529.5596365,2192.17228199,8657.81097063,17,0.64,True,,49.1051279669,True,1,qualifying,42
21,1,17.5609858684,15.6559455395,0.03330989691,0.058321284358,standard,differential_evolution,qualifying,49.1274221569,86.4393128406,1.47,0.0201243723626,0.0201243723626,2940,57.485164213,250,11626.9403017,2277.83776458,8498.76311489,17,0.64,True,,49.1274221569,False,1,qualifying,42
22,1,15.3254589953,15.6559455395,0.0298721615783,0.058321284358,standard,differential_evolution,qualifying,49.1354268527,87.3751891806,1.47,0.0198232840041,0.0198232840041,2940,56.4719942608,250,11312.1118429,2164.18699613,8538.43993922,17,0.64,True,,49.1354268527,True,1,qualifying,42
23,1,13.75,15,0.0325,0.05125,standard,grid,qualifying,49.1505965281,88.2756315859,1.47,0.0196731197955,0.0196731197955,2940,55.6855057226,275,11111.4251247,2056.3521373,8583.4995614,17,0.64,True,,49.1505965281,True,1,qualifying,42
24,1,16.5322796334,17.639320225,0.0351689561244,0.060726211297,standard,local,qualifying,49.1581141457,85.7473285987,1.47,0.0201607277113,0.0201607277113,2940,57.276355233,225,11695.0338226,2343.89741351,8653.71918149,16,0.56,True,,49.1581141457,False,1,qualifying,42
25,1,14.0352271028,11.4449931504,0.041810560062,0.0550928926843,standard,differential_evolution,qualifying,49.1684345177,89.869204177,1.47,0.0195592105362,0.0195592105362,2940,54.9793690839,275,10843.5001611,1883.38106215,8524.47228526,17,0.64,True,,49.1684345177,True,1,qualifying,42
26,1,17.7598097614,16.4745268675,0.041093501273,0.0506799308388,standard,differential_evolution,qualifying,49.1810707727,85.9542836956,1.47,0.0199321735783,0.0199321735783,2940,57.3365644133,250,11477.307358,2320.36628575,8437.69077277,16,0.56,True,,49.1810707727,False,1,qualifying,42
27,1,19.2705098312,15.6755069621,0.0351689561244,0.060726211297,standard,local,qualifying,49.1878877621,85.6241095029,1.47,0.0202085095131,0.0202085095131,2940,57.5309365569,225,11735.5750946,2358.13624417,8427.64739279,16,0.56,True,,49.1878877621,False,1,qualifying,42
28,1,13.5410196625,15.6755069621,0.0351689561244,0.060726211297,standard,local,qualifying,49.1973852511,87.9057246199,1.47,0.0199107647612,0.0199107647612,2940,55.7994393492,250,11313.6554117,2091.14523445,8776.38716316,17,0.64,True,,49.1973852511,False,1,qualifying,42
29,1,16.6923441336,17.6204245219,0.0340453626744,0.0683627166903,standard,random,qualifying,49.202244259,85.7203870304,1.47,0.0200447045061,0.0200447045061,2940,57.1558634378,225,11595.0020234,2343.63154916,8616.7835979,17,0.56,True,,49.202244259,False,1,qualifying,42
30,1,13.9996071174,15.7721192359,0.0294782081494,0.0515809296329,standard,differential_evolution,qualifying,49.2284867962,87.8204430929,1.47,0.0195558702086,0.0195558702086,2940,55.6462650048,250,11056.0547914,2103.41401564,8513.26410113,17,0.64,True,,49.2284867962,True,1,qualifying,42
31,1,13.75,15,0.0325,0.07375,standard,grid,qualifying,49.2552893137,88.2790210789,1.47,0.0195344879074,0.0195344879074,2940,55.3598647867,275,10969.0744706,2045.50466683,8623.53339772,17,0.64,True,,49.2552893137,True,1,qualifying,42
32,1,18.5415830671,18.8080630159,0.0382627142023,0.0647283765245,standard,differential_evolution,qualifying,49.2606917068,84.2718679575,1.47,0.0202482508693,0.0202482508693,2940,58.2183077768,225,11884.8484141,2518.59104311,8567.00336474,16,0.56,True,,49.2606917068,False,1,qualifying,42
33,1,14.8873803721,17.4091941207,0.0390866743383,0.0485262111588,standard,random,qualifying,49.2978952269,86.5353344158,1.47,0.0197273758452,0.0197273758452,2940,55.994539205,250,11255.9293351,2234.04729211,8590.99848955,16,0.56,True,,49.2978952269,False,1,qualifying,42
34,1,19.1308302584,18.8393790236,0.0412388941082,0.0685784395968,standard,differential_evolution,qualifying,49.3434141492,84.034076778,1.47,0.0200940725276,0.0200940725276,2940,58.1869475846,225,11762.786019,2541.07367467,8485.90576491,16,0.56,True,,49.3434141492,False,1,qualifying,42
35,1,18.9975930889,14.4853861892,0.0347740518466,0.0473220304052,standard,differential_evolution,qualifying,49.3632821281,86.3821808981,1.47,0.0197918882773,0.0197918882773,2940,56.3871073653,250,11333.830475,2259.26872557,8212.39218239,16,0.64,True,,49.3632821281,False,1,qualifying,42
36,1,21.25,15,0.0325,0.05125,standard,grid,qualifying,49.4222750276,85.0278502255,1.47,0.0199345830271,0.0199345830271,2940,56.8364008446,225,11551.3447822,2407.42393619,8111.36831439,16,0.56,True,,49.4222750276,False,1,qualifying,42
37,1,17.5,20,0.04,0.06,standard,baseline,qualifying,49.424055914,83.9667611588,1.47,0.0201444524211,0.0201444524211,2940,57.6153941243,225,11809.7986079,2536.86605889,8622.06467848,16,0.56,True,,49.424055914,False,1,qualifying,42
38,1,13.75,15,0.0475,0.05125,standard,grid,qualifying,49.4245856903,88.3291675774,1.47,0.0191405884175,0.0191405884175,2940,54.6646265779,275,10611.0767431,2023.59952787,8455.02738215,17,0.64,True,,49.4245856903,True,1,qualifying,42
39,1,20.5551062328,13.3850907222,0.0366243883415,0.0483528714592,standard,differential_evolution,qualifying,49.4535605932,86.0678611596,1.47,0.0197999309867,0.0197999309867,2940,55.9074332519,250,11328.8507972,2274.79592017,8099.49553168,16,0.56,True,,49.4535605932,False,1,qualifying,42
40,1,20.0260444269,19.4219241229,0.0419570831944,0.0744249485837,standard,random,qualifying,49.4928508513,83.3620289913,1.47,0.0198718564593,0.0198718564593,2940,58.2489948021,200,11624.3812635,2613.46513418,8349.82044006,16,0.56,True,,49.4928508513,False,1,qualifying,42
41,1,18.7230754086,16.4243673258,0.0462094582677,0.04524862041,standard,differential_evolution,qualifying,49.5070449747,85.6359582437,1.47,0.0193536477664,0.0193536477664,2940,56.1467165174,250,10989.4042767,2326.2822107,8146.33094326,16,0.56,True,,49.5070449747,False,1,qualifying,42
42,1,13.75,15,0.0475,0.07375,standard,grid,qualifying,49.5202368232,88.3437554176,1.47,0.0189895429969,0.0189895429969,2940,54.3523678044,275,10463.8372627,2013.21707244,8470.7790692,17,0.64,True,,49.5202368232,True,1,qualifying,42
43,1,19.5207748,21.0715880132,0.0417762148224,0.0536777544128,standard,random,qualifying,49.5295319421,82.5438662249,1.47,0.0200733325436,0.0200733325436,2940,58.4503484261,200,11881.5588928,2712.30658088,8421.15158537,16,0.56,True,,49.5295319421,False,1,qualifying,42
44,1,19.4894108452,14.0154238883,0.0438144784771,0.0706824636308,standard,differential_evolution,qualifying,49.5348171057,86.3128661516,1.47,0.0196329587083,0.0196329587083,2940,55.5821990827,250,11135.4001421,2235.99658227,8254.5987691,16,0.56,True,,49.5348171057,False,1,qualifying,42
45,1,21.25,15,0.0325,0.07375,standard,grid,qualifying,49.5458481359,85.0339629664,1.47,0.0197794688473,0.0197794688473,2940,56.4373907726,225,11393.4058759,2393.47239116,8132.14583764,16,0.56,True,,49.5458481359,False,1,qualifying,42
46,1,21.7625408869,23.1189711376,0.0392641465973,0.0665504288886,standard,differential_evolution,qualifying,49.6184381764,80.3151924423,1.47,0.020278214509,0.020278214509,2940,60.0150630716,200,12234.8633868,2995.73048045,8351.8335028,16,0.48,True,,49.6184381764,False,1,qualifying,42
47,1,11.94882258,19.5140985245,0.0318072804715,0.0701416297607,standard,random,qualifying,49.6589699175,86.1533538474,1.47,0.0195415908144,0.0195415908144,2940,54.7221374721,250,11093.8871874,2242.16146588,8829.93392958,17,0.56,True,,49.6589699175,False,1,qualifying,42
48,1,22.801046099,14.6787897173,0.0267490822507,0.052662275141,standard,random,qualifying,49.6711676583,84.458731822,1.47,0.0195316480518,0.0195316480518,2940,56.1558496812,225,11260.8532941,2455.5258701,7920.87012744,16,0.56,True,,49.6711676583,False,1,qualifying,42
49,1,10.4622675185,18.7343477846,0.0314375401846,0.0583837889676,standard,random,qualifying,49.6727243167,87.02170531,1.47,0.0195305766439,0.0195305766439,2940,54.3063969212,275,11037.2089017,2148.29084398,8883.70140416,17,0.64,True,,49.6727243167,False,1,qualifying,42
50,1,20.2374325596,12.7950496722,0.0309972460743,0.0403313021388,standard,random,qualifying,49.6857626787,86.611359903,1.47,0.0191571120399,0.0191571120399,2940,54.7922277451,250,10778.9530276,2202.92820045,7794.54997073,16,0.64,True,,49.6857626787,False,1,qualifying,42
51,1,21.6757524561,13.892774157,0.0390016301118,0.0419711694604,standard,random,qualifying,49.68576767,85.3398211495,1.47,0.0194721321099,0.0194721321099,2940,55.4807316302,225,11100.7365971,2340.98219924,7891.92553577,16,0.56,True,,49.68576767,False,1,qualifying,42
52,1,16.8837366331,21.3748239191,0.0291939099438,0.0451538533091,standard,random,qualifying,49.6870510463,83.4975246215,1.47,0.0194779224453,0.0194779224453,2940,56.6257745307,225,11310.4743933,2574.6090616,8316.68169494,16,0.56,True,,49.6870510463,False,1,qualifying,42
53,1,23.2079617207,14.448589417,0.0305980736461,0.0687156704506,standard,differential_evolution,qualifying,49.6876372129,84.2436496891,1.47,0.0198317957651,0.0198317957651,2940,56.4041346358,225,11498.5350967,2475.97840932,8129.1360144,16,0.56,True,,49.6876372129,False,1,qualifying,42
54,1,19.9647031049,18.1277372288,0.04942061154,0.0475137813958,standard,random,qualifying,49.693899089,84.2064373134,1.47,0.019230652123,0.019230652123,2940,56.5431875153,225,10993.5709132,2485.17817798,8043.41369246,16,0.56,True,,49.693899089,False,1,qualifying,42
55,1,16.5322796334,22.360679775,0.0351689561244,0.060726211297,standard,local,qualifying,49.6956688557,82.8160377652,1.47,0.0200844476609,0.0200844476609,2940,57.3132048524,200,11850.5668879,2654.63470574,8673.60278824,16,0.56,True,,49.6956688557,False,1,qualifying,42
56,1,12.4190766855,20.0208955021,0.0295693630814,0.0713344168785,standard,random,qualifying,49.7226353781,85.7381096117,1.47,0.0194205836733,0.0194205836733,2940,54.7524409997,250,11030.9322234,2287.57796216,8736.5693691,17,0.56,True,,49.7226353781,False,1,qualifying,42
57,1,21.25,15,0.0475,0.05125,standard,grid,qualifying,49.7438464587,85.055830022,1.47,0.0194331298991,0.0194331298991,2940,55.5954397726,225,11065.9158495,2368.54967383,8005.60266506,16,0.56,True,,49.7438464587,False,1,qualifying,42
58,1,21.25,15,0.0475,0.07375,standard,grid,qualifying,49.8558192921,85.0711610401,1.47,0.0192681294485,0.0192681294485,2940,55.1990778651,225,10905.2805264,2355.46109895,8006.15239783,16,0.56,True,,49.8558192921,False,1,qualifying,42
59,1,21.25,25,0.0325,0.05125,standard,grid,qualifying,49.8640536625,79.3724388512,1.47,0.0200364040743,0.0200364040743,2940,59.5927070198,200,12121.2068173,3100.41313477,8238.83097982,16,0.48,True,,49.8640536625,False,1,qualifying,42
60,1,16.0525656102,21.1861069216,0.034922771216,0.0831908687313,standard,differential_evolution,qualifying,49.8770388711,83.9079093068,1.47,0.0192377399306,0.0192377399306,2940,55.6745529687,225,11014.8968932,2499.84021224,8436.27477677,16,0.56,True,,49.8770388711,False,1,qualifying,42
61,1,21.8038656625,23.2970171318,0.0461549613588,0.075132806396,standard,random,qualifying,49.9232749148,80.2980670694,1.47,0.0195601394208,0.0195601394208,2940,58.7132890173,200,11591.4874726,2963.21416531,8126.59205079,16,0.48,True,,49.9232749148,False,1,qualifying,42
62,1,23.0682802577,18.4814699517,0.0493179711771,0.0647736175416,standard,differential_evolution,qualifying,49.9261867489,82.4503116589,1.47,0.0195069910717,0.0195069910717,2940,57.1587468591,200,11349.142044,2681.4213901,7985.35968283,16,0.56,True,,49.9261867489,False,1,qualifying,42
63,1,21.6093407283,18.777568795,0.0507579375973,0.0713815613077,standard,random,qualifying,49.9272292645,83.0743122003,1.47,0.0191800505478,0.0191800505478,2940,56.6157139651,200,11018.698537,2602.98359133,7981.3237486,16,0.56,True,,49.9272292645,False,1,qualifying,42
64,1,21.25,25,0.0325,0.07375,standard,grid,qualifying,49.9477905764,79.3837208376,1.47,0.0199196952197,0.0199196952197,2940,59.3636132288,200,11999.7155981,3088.64830027,8260.59941813,16,0.48,True,,49.9477905764,False,1,qualifying,42
65,1,18.3187718052,11.2763451221,0.0498289351598,0.0684248979605,standard,random,qualifying,49.9509064599,88.0681001645,1.47,0.0188685196139,0.0188685196139,2940,53.3116378658,275,10335.1098215,2010.83579328,7990.64394032,16,0.72,True,,49.9509064599,True,1,qualifying,42
66,1,11.9217044901,19.0077187579,0.036123940727,0.0817044244982,standard,random,qualifying,49.9737671686,86.571020576,1.47,0.0190310359404,0.0190310359404,2940,53.8751117745,275,10625.2954193,2182.7335873,8677.01710539,17,0.72,True,,49.9737671686,False,1,qualifying,42
67,1,22.4838970209,26.0952871499,0.0366243513709,0.0529747646769,standard,random,qualifying,49.9860522494,78.1303759783,1.47,0.020180989519,0.020180989519,2940,60.5129089765,150,12337.4373979,3266.26551963,8486.72051067,16,0.48,True,,49.9860522494,False,1,qualifying,42
68,1,11.8090229439,18.5191523961,0.0493179711771,0.0647736175416,standard,differential_evolution,qualifying,50.0005765515,86.9073869206,1.47,0.0189088663539,0.0189088663539,2940,53.5493992176,275,10480.0865588,2139.26534685,8631.2746705,17,0.72,True,,50.0005765515,False,1,qualifying,42
69,1,16.7995902036,23.9205959335,0.0306971144183,0.0724001913096,standard,differential_evolution,qualifying,50.0044171755,81.7594286151,1.47,0.0196814277819,0.0196814277819,2940,56.9182155561,200,11589.8210709,2763.00748147,8518.63383225,16,0.56,True,,50.0044171755,False,1,qualifying,42
70,1,11.047627279,21.8166652114,0.0259150074982,0.0645035335361,standard,differential_evolution,qualifying,50.0415377842,84.9575697699,1.47,0.0191289060747,0.0191289060747,2940,54.0853771521,225,10845.019062,2356.64353422,8673.5105697,16,0.6,True,,50.0415377842,False,1,qualifying,42
71,1,12.4385453235,18.8080630159,0.0513348011667,0.048953325184,standard,differential_evolution,qualifying,50.0903097202,86.655671623,1.47,0.0185489726471,0.0185489726471,2940,53.3337132912,275,10212.2277535,2164.36876733,8379.69069025,16,0.72,True,,50.0903097202,True,1,qualifying,42
72,1,17.1178886583,25.2310680694,0.0431579369247,0.0601670990979,standard,differential_evolution,qualifying,50.1031041012,80.7031275519,1.47,0.0197820385827,0.0197820385827,2940,57.1748262015,200,11723.2271292,2878.12139577,8548.79877375,16,0.48,True,,50.1031041012,False,1,qualifying,42
73,1,10.3511313614,21.3720901425,0.0287885959268,0.0724001913096,standard,differential_evolution,qualifying,50.1032292489,85.3887559383,1.47,0.0191369009209,0.0191369009209,2940,53.7343938276,250,10795.9944181,2300.28460801,8790.0481293,17,0.64,True,,50.1032292489,False,1,qualifying,42
74,1,21.25,25,0.0475,0.05125,standard,grid,qualifying,50.1112780113,79.4292066966,1.47,0.0195344052516,0.0195344052516,2940,58.5626819264,200,11643.7062923,3060.92648155,8116.43936929,16,0.48,True,,50.1112780113,False,1,qualifying,42
75,1,17.1178886583,25.2310680694,0.0323806023501,0.0431116940153,standard,differential_evolution,qualifying,50.1157743468,80.8131355444,1.47,0.0194249172442,0.0194249172442,2940,56.7983667576,200,11444.4115976,2867.25602313,8313.60080857,16,0.48,True,,50.1157743468,False,1,qualifying,42
76,1,14.4039063665,23.2383302945,0.0417109645702,0.0752754194098,standard,random,qualifying,50.1314528907,82.9904329472,1.47,0.0193986115766,0.0193986115766,2940,55.3208119026,225,11193.1596752,2584.09667584,8655.61557289,16,0.56,True,,50.1314528907,False,1,qualifying,42
77,1,19.6579768012,26.4552322654,0.0383024259648,0.0502257424803,standard,random,qualifying,50.1465757683,78.9924620781,1.47,0.0198963064013,0.0198963064013,2940,58.6872735946,200,11999.0326293,3116.08269906,8339.46240826,16,0.48,True,,50.1465757683,False,1,qualifying,42
78,1,21.25,25,0.0475,0.07375,standard,grid,qualifying,50.1892476728,79.4456586766,1.47,0.0194062110025,0.0194062110025,2940,58.3052585437,200,11516.3546651,3049.51979991,8122.45065346,16,0.48,True,,50.1892476728,False,1,qualifying,42
79,1,13.75,25,0.0325,0.05125,standard,grid,qualifying,50.2019695027,81.935179312,1.47,0.0195583562228,0.0195583562228,2940,55.7042343356,200,11455.0725182,2715.19440673,8644.97687243,16,0.56,True,,50.2019695027,False,1,qualifying,42
80,1,18.3223815333,26.8376065888,0.0359226794017,0.0518341127275,standard,differential_evolution,qualifying,50.2099624911,79.1919854186,1.47,0.0198692172552,0.0198692172552,2940,58.1177336629,200,11953.0404424,3078.46097547,8427.76633991,16,0.48,True,,50.2099624911,False,1,qualifying,42
81,1,13.75,25,0.0325,0.07375,standard,grid,qualifying,50.293797792,81.9414557302,1.47,0.0194491288586,0.0194491288586,2940,55.435883149,200,11338.0090781,2704.08670643,8680.70922901,16,0.56,True,,50.293797792,False,1,qualifying,42
82,1,21.3713161013,17.0905193626,0.0541209407318,0.0801904504595,standard,random,qualifying,50.3300305455,84.2111376146,1.47,0.0183165314422,0.0183165314422,2940,54.2391651194,225,10159.1652806,2428.32937225,7645.94785247,16,0.64,True,,50.3300305455,True,1,qualifying,42
83,1,16.5572787831,26.6535639212,0.0460079530601,0.0540564988622,standard,random,qualifying,50.4309172459,79.9528498422,1.47,0.0193730153718,0.0193730153718,2940,56.4142596116,200,11420.2111686,2944.33094181,8424.12215771,16,0.48,True,,50.4309172459,False,1,qualifying,42
84,1,13.75,25,0.0475,0.05125,standard,grid,qualifying,50.456615917,82.0089437761,1.47,0.0190284565328,0.0190284565328,2940,54.6838576882,200,10954.1935127,2678.36206912,8500.95475972,16,0.56,True,,50.456615917,False,1,qualifying,42
85,1,13.75,25,0.0475,0.07375,standard,grid,qualifying,50.5390189397,82.0224379091,1.47,0.0189089902289,0.0189089902289,2940,54.4157475093,200,10833.1618273,2667.94969912,8518.11623833,16,0.56,True,,50.5390189397,False,1,qualifying,42
86,1,15.2611120888,27.744978578,0.0309659218135,0.0759300610657,standard,differential_evolution,qualifying,50.600932053,79.5767390759,1.47,0.0192783650181,0.0192783650181,2940,55.9949877323,200,11369.2458351,2978.32915542,8486.46987126,16,0.48,True,,50.600932053,False,1,qualifying,42
87,1,11.0837674754,24.5781528554,0.0269839067728,0.079155271286,standard,differential_evolution,qualifying,50.6072436066,83.0596337108,1.47,0.0186964570734,0.0186964570734,2940,53.4630106692,225,10585.2159255,2540.25725806,8563.26340687,16,0.64,True,,50.6072436066,False,1,qualifying,42
88,1,12.314342381,23.6609790648,0.0473428646772,0.0835379379595,standard,random,qualifying,50.6666810644,83.4698649506,1.47,0.0183591741882,0.0183591741882,2940,53.0291835289,225,10232.0677786,2482.57835639,8413.51062909,16,0.64,True,,50.6666810644,False,1,qualifying,42
89,1,13.5929149758,27.368534188,0.0263724886409,0.0802899915553,standard,differential_evolution,qualifying,50.758607046,80.4240573328,1.47,0.018679297484,0.018679297484,2940,54.4601391908,200,10772.870994,2848.77180779,8362.76596222,16,0.48,True,,50.758607046,False,1,qualifying,42
90,1,24.4268849591,29.0891862897,0.0546788828297,0.0416837269868,standard,differential_evolution,qualifying,51.0802372189,75.6912111763,1.47,0.0183996645288,0.0183996645288,2940,58.3562804572,150,10927.3949664,3504.35311031,7775.33694974,16,0.48,True,,51.0802372189,False,1,qualifying,42
91,1,10.340681097,11.8009572155,0.0466707805179,0.0607844753613,standard,random,qualifying,49.4864705134,91.1398275789,1.47,0.0189652672063,0.0189652672063,2940,53.4189230786,275,10249.1883948,1748.8089082,8635.21122078,17,0.8,False,braking_limit,49.4864705134,False,1,qualifying,42
92,1,19.9781902875,10.0930973799,0.034922771216,0.0537291225717,standard,differential_evolution,qualifying,49.5726448915,87.5478633714,1.47,0.0196910658864,0.0196910658864,2940,54.6867655287,275,11115.2109499,2096.13982561,8036.41590982,16,0.64,False,balance,49.5726448915,False,1,qualifying,42
93,1,20.373480374,10.7830710809,0.0343728054359,0.067518116989,standard,differential_evolution,qualifying,49.61493049,87.1057863153,1.47,0.0197353336176,0.0197353336176,2940,54.8886353639,250,11177.7950858,2143.41454386,8094.39559368,16,0.64,False,balance,49.61493049,False,1,qualifying,42
94,1,23.2079617207,11.188392883,0.0504960624603,0.0520690819568,standard,differential_evolution,qualifying,50.3058052979,85.5653350029,1.47,0.0188593389976,0.0188593389976,2940,53.2543244935,250,10487.2764224,2257.57366462,7876.97970549,16,0.64,False,balance;balance_shift,50.3058052979,False,1,qualifying,42
95,1,11.4126602183,29.5124470327,0.0478341910597,0.0753728937375,standard,random,qualifying,51.3447843067,79.303513586,1.47,0.0183999038283,0.0183999038283,2940,53.2913674321,200,10556.1759502,2936.27990837,8447.95393067,16,0.52,False,balance_shift,51.3447843067,False,1,qualifying,42
96,2,15.6243405106,14.4581580192,0.0298721615783,0.058321284358,standard,local,qualifying,38.2334585584,88.9180195912,1.18,0.0170044306292,0.0170044306292,2360,68.1311612821,175,12073.8987469,2279.00464318,11391.0723472,16,0.48,True,,38.2334585584,True,2,qualifying,42
97,2,15.6243405106,14.2782710697,0.0298721615783,0.058321284358,standard,local,qualifying,38.2363183022,89.0019494714,1.18,0.0169964304541,0.0169964304541,2360,68.1287204996,175,12055.1790794,2267.8103662,11382.3779819,16,0.48,True,,38.2363183022,True,2,qualifying,42
98,2,15.6243405106,14.6480389808,0.0298721615783,0.058321284358,standard,local,qualifying,38.2398379894,88.8295221009,1.18,0.0170087449839,0.0170087449839,2360,68.0986184369,150,12088.1876641,2289.92316022,11400.4711466,16,0.48,True,,38.2398379894,False,2,qualifying,42
99,2,15.6243405106,14.72135955,0.0298721615783,0.058321284358,standard,local,qualifying,38.242742882,88.7949315827,1.18,0.0170107993385,0.0170107993385,2360,68.084590765,150,12093.4303377,2294.12640856,11406.8350639,16,0.48,True,,38.242742882,False,2,qualifying,42
100,2,15.6243405106,13.9872078712,0.0298721615783,0.058321284358,standard,local,qualifying,38.2560796595,89.0419076752,1.18,0.0169621442479,0.0169621442479,2360,68.0893609473,175,12012.6745264,2247.63626574,11328.8071303,16,0.48,True,,38.2560796595,True,2,qualifying,42
101,2,15.6243405106,15.1942471324,0.0298721615783,0.058321284358,standard,local,qualifying,38.2619956128,88.5686724107,1.18,0.017023512818,0.017023512818,2360,67.9926400815,150,12126.9405196,2321.7106228,11449.1481543,17,0.48,True,,38.2619956128,False,2,qualifying,42
102,2,15.6243405106,15.6559455395,0.0298721615783,0.058321284358,standard,local,qualifying,38.2825085073,88.3416673911,1.18,0.0170332771533,0.0170332771533,2360,67.8896260337,150,12158.1923725,2349.23547121,11469.1854038,17,0.48,True,,38.2825085073,False,2,qualifying,42
103,2,15.6276738484,15.6559455395,0.0298721615783,0.058321284358,standard,local,qualifying,38.2825553766,88.3400510767,1.18,0.0170333698734,0.0170333698734,2360,67.8897227545,150,12158.4371882,2349.3931426,11468.9003064,17,0.48,True,,38.2825553766,False,2,qualifying,42
104,2,15.6179907224,15.6559455395,0.0298721615783,0.058321284358,standard,local,qualifying,38.2826147167,88.3433018764,1.18,0.0170328300443,0.0170328300443,2360,67.8894590258,150,12157.5662441,2348.90348284,11469.183486,17,0.48,True,,38.2826147167,False,2,qualifying,42
105,2,15.6346146839,15.6559455395,0.0298721615783,0.058321284358,standard,local,qualifying,38.28265315,88.3366843345,1.18,0.0170335628091,0.0170335628091,2360,67.8899238978,150,12158.946818,2349.72154018,11468.3065022,17,0.48,True,,38.28265315,False,2,qualifying,42
106,2,15.6442940743,15.6559455395,0.0298721615783,0.058321284358,standard,local,qualifying,38.2827897524,88.3319877752,1.18,0.0170338314966,0.0170338314966,2360,67.890203998,150,12159.6573295,2350.17972727,11467.478119,17,0.48,True,,38.2827897524,False,2,qualifying,42
107,2,15.6476274125,15.6559455395,0.0298721615783,0.058321284358,standard,local,qualifying,38.2828367885,88.3303700155,1.18,0.0170339239374,0.0170339239374,2360,67.8903004417,150,12159.9019997,2350.33758211,11467.1927895,17,0.48,True,,38.2828367885,False,2,qualifying,42
108,2,15.6077165491,15.6559455395,0.0298721615783,0.058321284358,standard,local,qualifying,38.2831813975,88.3430565292,1.18,0.0170315504432,0.0170315504432,2360,67.8892246028,150,12156.2302755,2348.30247737,11468.0613264,17,0.48,True,,38.2831813975,False,2,qualifying,42
109,2,15.7122045459,15.6559455395,0.0298721615783,0.058321284358,standard,local,qualifying,38.283757473,88.2989787762,1.18,0.0170357051635,0.0170357051635,2360,67.892156382,150,12164.6349832,2353.40132689,11461.6560431,17,0.48,True,,38.283757473,False,2,qualifying,42
110,2,15.7294901688,15.6559455395,0.0298721615783,0.058321284358,standard,local,qualifying,38.2840064792,88.290560927,1.18,0.0170361788584,0.0170361788584,2360,67.8926497175,150,12165.8998982,2354.22327665,11460.1713076,17,0.48,True,,38.2840064792,False,2,qualifying,42
111,2,15.8459942244,15.6559455395,0.0298721615783,0.058321284358,standard,local,qualifying,38.2857123066,88.2336579797,1.18,0.0170393376557,0.0170393376557,2360,67.8959369272,150,12174.4038999,2359.78376453,11450.1346514,17,0.48,True,,38.2857123066,False,2,qualifying,42
112,2,15.5431394157,15.6559455395,0.0298721615783,0.058321284358,standard,local,qualifying,38.2867477053,88.341488827,1.18,0.0170235057557,0.0170235057557,2360,67.8877375984,150,12147.83242,2344.53330003,11461.0186733,17,0.48,True,,38.2867477053,False,2,qualifying,42
113,2,16.4084783622,15.6559455395,0.0298721615783,0.058321284358,standard,local,qualifying,38.2946284615,87.9548838176,1.18,0.0170537689511,0.0170537689511,2360,67.9108959963,150,12215.0632628,2387.15924333,11400.9607604,17,0.48,True,,38.2946284615,False,2,qualifying,42
114,2,15.3254589953,15.6559455395,0.0298721615783,0.058321284358,standard,differential_evolution,qualifying,38.3027039783,88.3366850803,1.18,0.0169952890231,0.0169952890231,2360,67.8685213418,150,12117.430286,2331.52300639,11414.8187978,17,0.48,True,,38.3027039783,False,2,qualifying,42
115,2,17.5609858684,15.6559455395,0.03330989691,0.058321284358,standard,differential_evolution,qualifying,38.3279811656,87.4588766985,1.18,0.0172001405981,0.0172001405981,2360,67.867592063,150,12408.6390795,2442.75103845,11367.9380072,17,0.48,True,,38.3279811656,False,2,qualifying,42
116,2,15.6243405106,12.917960675,0.0298721615783,0.058321284358,standard,local,qualifying,38.4390896624,89.0896291111,1.18,0.0167897044736,0.0167897044736,2360,67.6991458159,175,11848.7577525,2175.45498923,11067.3221099,16,0.56,True,,38.4390896624,True,2,qualifying,42
117,2,15.6243405106,17.639320225,0.0298721615783,0.058321284358,standard,local,qualifying,38.4706495092,87.0152048244,1.18,0.0169982082042,0.0169982082042,2360,67.4202451472,150,12228.4928948,2464.17059926,11426.8511672,17,0.48,True,,38.4706495092,False,2,qualifying,42
118,2,16.6923441336,17.6204245219,0.0340453626744,0.0683627166903,standard,random,qualifying,38.4808168617,86.4578175917,1.18,0.01714262021,0.01714262021,2360,67.4374899724,150,12401.2588476,2517.50695342,11409.1297511,17,0.48,True,,38.4808168617,False,2,qualifying,42
119,2,19.2705098312,15.6559455395,0.0298721615783,0.058321284358,standard,local,qualifying,38.4901520225,86.6059988281,1.18,0.0170342391404,0.0170342391404,2360,67.4484866375,150,12305.6307474,2516.10509405,11133.7600071,17,0.48,True,,38.4901520225,False,2,qualifying,42
120,2,15.3656530404,14.4853861892,0.0291889484971,0.0473220304052,standard,differential_evolution,qualifying,38.4908795103,88.4908663213,1.18,0.0165253505432,0.0165253505432,2360,67.5370147947,175,11657.4450489,2237.37722323,10955.6135604,16,0.56,True,,38.4908795103,True,2,qualifying,42
121,2,13.5410196625,15.6559455395,0.0298721615783,0.058321284358,standard,local,qualifying,38.4909812573,88.2917741474,1.18,0.0167205547043,0.0167205547043,2360,67.198682476,175,11835.047005,2224.7059684,11154.7704756,16,0.48,True,,38.4909812573,True,2,qualifying,42
122,2,13.75,15,0.0325,0.05125,standard,grid,qualifying,38.5216347872,88.5699827417,1.18,0.0167041989918,0.0167041989918,2360,67.2928778908,175,11815.8786533,2199.02514936,11110.9493232,16,0.56,True,,38.5216347872,True,2,qualifying,42
123,2,14.8873803721,17.4091941207,0.0390866743383,0.0485262111588,standard,random,qualifying,38.526442857,87.3958784344,1.18,0.0168876401722,0.0168876401722,2360,67.329450163,150,12053.4959695,2404.60791222,11405.814016,17,0.48,True,,38.526442857,False,2,qualifying,42
124,2,14.0352271028,11.4449931504,0.041810560062,0.0550928926843,standard,differential_evolution,qualifying,38.5595245345,90.1921528176,1.18,0.0165331244157,0.0165331244157,2360,67.053298609,200,11499.1528549,2005.92853996,10891.1942919,16,0.56,True,,38.5595245345,True,2,qualifying,42
125,2,16.306056194,18.8080630159,0.0348249788707,0.0647283765245,standard,differential_evolution,qualifying,38.5824223943,85.9526781245,1.18,0.0171522846649,0.0171522846649,2360,67.1876988523,150,12457.1085882,2569.15334274,11428.2630425,17,0.48,True,,38.5824223943,False,2,qualifying,42
126,2,13.75,15,0.0325,0.07375,standard,grid,qualifying,38.5842739979,88.6593944477,1.18,0.0166360989175,0.0166360989175,2360,67.2325274657,175,11701.6962485,2191.18538516,11152.4827149,16,0.56,True,,38.5842739979,False,2,qualifying,42
127,2,20.5551062328,13.3850907222,0.0366243883415,0.0483528714592,standard,differential_evolution,qualifying,38.6428983297,86.9362241608,1.18,0.016929729707,0.016929729707,2360,67.1017955459,150,12117.7226798,2448.75678789,10991.1982342,17,0.48,True,,38.6428983297,False,2,qualifying,42
128,2,16.8953033853,18.8393790236,0.0378011587766,0.0685784395968,standard,differential_evolution,qualifying,38.6619806414,84.5618050637,1.18,0.017208809463,0.017208809463,2360,67.1007719357,150,12544.555759,2627.20374709,11368.3574968,17,0.48,True,,38.6619806414,False,2,qualifying,42
129,2,21.25,15,0.0325,0.05125,standard,grid,qualifying,38.6694298299,85.8428456715,1.18,0.0169701789962,0.0169701789962,2360,67.0210081941,150,12286.7731965,2575.13150185,10930.8998856,17,0.48,True,,38.6694298299,False,2,qualifying,42
130,2,16.3462502391,10.0930973799,0.034922771216,0.0537291225717,standard,differential_evolution,qualifying,38.6745508098,89.3328808367,1.18,0.0164439808456,0.0164439808456,2360,66.0914201103,175,11491.2617773,2030.93907646,10427.3836399,17,0.48,True,,38.6745508098,True,2,qualifying,42
131,2,19.4894108452,14.0154238883,0.0438144784771,0.0706824636308,standard,differential_evolution,qualifying,38.6941771397,87.2614595387,1.18,0.0168496368573,0.0168496368573,2360,67.0234053156,150,11959.5525715,2410.66639434,11126.43482,17,0.48,True,,38.6941771397,False,2,qualifying,42
132,2,13.6683631222,17.0281043097,0.0287885959268,0.0724001913096,standard,differential_evolution,qualifying,38.7028917613,87.4765408745,1.18,0.0164824852444,0.0164824852444,2360,66.7058395174,150,11633.8921024,2292.7018652,11075.8556672,16,0.48,True,,38.7028917613,False,2,qualifying,42
133,2,17.5,20,0.04,0.06,standard,baseline,qualifying,38.7032666645,84.2408247101,1.18,0.017154171629,0.017154171629,2360,66.8654181253,150,12581.0391855,2715.03521151,11273.7004578,17,0.44,True,,38.7032666645,False,2,qualifying,42
134,2,14.7129327652,18.3995716783,0.0262905514953,0.0543191191305,standard,differential_evolution,qualifying,38.7143610404,86.4926818119,1.18,0.0164909560421,0.0164909560421,2360,66.7883207329,150,11756.6201282,2434.80536072,11052.7904977,17,0.48,True,,38.7143610404,False,2,qualifying,42
135,2,11.039317579,14.9717734592,0.038967940544,0.0593582222781,standard,differential_evolution,qualifying,38.7158112323,89.0329427003,1.18,0.0164709446835,0.0164709446835,2360,65.9416633658,175,11526.6890736,2055.42060256,10883.2489827,16,0.48,True,,38.7158112323,False,2,qualifying,42
136,2,18.7230754086,16.4243673258,0.0462094582677,0.04524862041,standard,differential_evolution,qualifying,38.717841997,86.4329306054,1.18,0.0165364328333,0.0165364328333,2360,66.930151404,150,11751.3085805,2499.990822,10991.3822059,17,0.48,True,,38.717841997,False,2,qualifying,42
137,2,13.7858774909,15.695450892,0.0477353833139,0.0549897954152,standard,differential_evolution,qualifying,38.7403592726,88.0429318529,1.18,0.0162754675399,0.0162754675399,2360,66.4547671976,175,11351.7496527,2198.0092428,10895.1484304,16,0.48,True,,38.7403592726,True,2,qualifying,42
138,2,13.75,15,0.0475,0.05125,standard,grid,qualifying,38.7437377093,88.2882297409,1.18,0.016137600894,0.016137600894,2360,66.2242852524,175,11216.7356797,2148.22260879,10730.3635393,16,0.48,True,,38.7437377093,True,2,qualifying,42
139,2,21.25,15,0.0325,0.07375,standard,grid,qualifying,38.7693271172,85.7042624348,1.18,0.0168817830628,0.0168817830628,2360,66.824188691,150,12161.7669142,2567.4231249,10931.2634468,17,0.48,True,,38.7693271172,False,2,qualifying,42
140,2,15.5523805038,18.5191523961,0.0493179711771,0.0647736175416,standard,differential_evolution,qualifying,38.774255543,86.5709637066,1.18,0.0164766620976,0.0164766620976,2360,66.6425748463,150,11642.5407073,2471.11900759,11264.0909013,17,0.44,True,,38.774255543,False,2,qualifying,42
141,2,19.5207748,21.0715880132,0.0417762148224,0.0536777544128,standard,random,qualifying,38.8107021018,82.8813654811,1.18,0.0169704116067,0.0169704116067,2360,66.5494646891,125,12555.1508096,2876.98631926,10983.3285206,18,0.4,True,,38.8107021018,False,2,qualifying,42
142,2,13.75,15,0.0475,0.07375,standard,grid,qualifying,38.816246331,88.3076926585,1.18,0.0160247425779,0.0160247425779,2360,66.0751849972,175,11076.9003665,2138.00494723,10716.3596503,16,0.48,True,,38.816246331,True,2,qualifying,42
143,2,20.0260444269,19.4219241229,0.0419570831944,0.0744249485837,standard,random,qualifying,38.8296642748,83.809397315,1.18,0.0168478506673,0.0168478506673,2360,66.7710585807,150,12317.3727322,2777.3144379,10961.3237867,17,0.48,True,,38.8296642748,False,2,qualifying,42
144,2,21.6757524561,13.892774157,0.0390016301118,0.0419711694604,standard,random,qualifying,38.8757390303,85.9777106181,1.18,0.016592145602,0.016592145602,2360,66.5731199222,150,11831.8550221,2511.09097457,10682.0589351,17,0.48,True,,38.8757390303,False,2,qualifying,42
145,2,22.801046099,14.6787897173,0.0267490822507,0.052662275141,standard,random,qualifying,38.8850191262,85.2255369632,1.18,0.0165867751813,0.0165867751813,2360,66.4858066541,150,11952.1531776,2623.26219986,10624.6421188,17,0.48,True,,38.8850191262,False,2,qualifying,42
146,2,21.25,15,0.0475,0.05125,standard,grid,qualifying,38.9140249852,85.7860284704,1.18,0.0165944887923,0.0165944887923,2360,66.4829023393,150,11824.1012505,2542.89490349,10819.1081304,17,0.48,True,,38.9140249852,False,2,qualifying,42
147,2,16.8837366331,21.3748239191,0.0291939099438,0.0451538533091,standard,random,qualifying,38.9569723536,84.0780148908,1.18,0.0165031026736,0.0165031026736,2360,66.2551357882,150,11979.759335,2740.90921738,11006.3968466,17,0.48,True,,38.9569723536,False,2,qualifying,42
148,2,19.9647031049,18.1277372288,0.04942061154,0.0475137813958,standard,random,qualifying,38.9571324871,84.2265730918,1.18,0.0163968198681,0.0163968198681,2360,66.4308313546,150,11752.6465966,2673.98548288,10779.1109777,17,0.48,True,,38.9571324871,False,2,qualifying,42
149,2,11.94882258,19.5140985245,0.0318072804715,0.0701416297607,standard,random,qualifying,38.9630733361,86.280428763,1.18,0.0165560458595,0.0165560458595,2360,66.0590129766,150,11775.6413836,2388.46379992,11212.2989461,16,0.48,True,,38.9630733361,False,2,qualifying,42
150,2,11.7640802443,15.7721192359,0.0260404728178,0.0515809296329,standard,differential_evolution,qualifying,38.9659540199,88.1104786007,1.18,0.0157960035467,0.0157960035467,2360,64.6327288076,200,10981.8696295,2083.25288234,10164.2091512,16,0.48,True,,38.9659540199,True,2,qualifying,42
151,2,21.7625408869,23.1189711376,0.0392641465973,0.0665504288886,standard,differential_evolution,qualifying,38.9872552018,80.3336381216,1.18,0.0170206635614,0.0170206635614,2360,66.1549526915,125,12830.0284134,3152.03955296,10737.167335,15,0.32,True,,38.9872552018,False,2,qualifying,42
152,2,21.25,15,0.0475,0.07375,standard,grid,qualifying,38.9997843889,85.8177948319,1.18,0.016476157672,0.016476157672,2360,66.3035237051,150,11673.1935965,2530.11860679,10805.7159398,17,0.48,True,,38.9997843889,False,2,qualifying,42
153,2,20.2374325596,12.7950496722,0.0309972460743,0.0403313021388,standard,random,qualifying,39.0114248275,86.4220560135,1.18,0.0160573350993,0.0160573350993,2360,65.5530517362,150,11320.1470635,2328.7373637,10132.019254,17,0.48,True,,39.0114248275,False,2,qualifying,42
154,2,15.6243405106,22.360679775,0.0298721615783,0.058321284358,standard,local,qualifying,39.0162973621,83.7125528037,1.18,0.0167985337868,0.0167985337868,2360,66.1483785782,150,12291.2596933,2769.76046051,11227.7885576,17,0.48,True,,39.0162973621,False,2,qualifying,42
155,2,12.4190766855,20.0208955021,0.0295693630814,0.0713344168785,standard,random,qualifying,39.0167983572,85.8810090492,1.18,0.0164494093688,0.0164494093688,2360,65.9666873559,150,11705.5204458,2436.38705274,11146.7808394,16,0.48,True,,39.0167983572,False,2,qualifying,42
156,2,10.4622675185,18.7343477846,0.0314375401846,0.0583837889676,standard,random,qualifying,39.0541255291,86.6328836153,1.18,0.0163527900896,0.0163527900896,2360,65.1154334098,150,11582.9055276,2263.39884505,10842.5576772,16,0.48,True,,39.0541255291,False,2,qualifying,42
157,2,16.0525656102,21.1861069216,0.034922771216,0.0831908687313,standard,differential_evolution,qualifying,39.0862147622,84.4362588174,1.18,0.0163855125187,0.0163855125187,2360,66.0033772177,150,11744.6075755,2673.08687034,11108.1925055,16,0.48,True,,39.0862147622,False,2,qualifying,42
158,2,21.6093407283,18.777568795,0.0507579375973,0.0713815613077,standard,random,qualifying,39.1741309797,83.4315707229,1.18,0.0162751307679,0.0162751307679,2360,65.9322125783,150,11707.8619465,2775.07057435,10617.3266867,18,0.48,True,,39.1741309797,False,2,qualifying,42
159,2,23.0682802577,18.4814699517,0.0493179711771,0.0647736175416,standard,differential_evolution,qualifying,39.1947419006,82.8384037167,1.18,0.0165014289323,0.0165014289323,2360,65.9051566998,150,12011.0742966,2847.08295153,10575.7525279,18,0.48,True,,39.1947419006,False,2,qualifying,42
160,2,21.8038656625,23.2970171318,0.0461549613588,0.075132806396,standard,random,qualifying,39.2130433278,80.3691492208,1.18,0.0164341287689,0.0164341287689,2360,65.5455126932,125,12177.9340377,3121.56493198,10528.0540384,18,0.32,True,,39.2130433278,False,2,qualifying,42
161,2,11.9217044901,19.0077187579,0.036123940727,0.0817044244982,standard,random,qualifying,39.2135698247,86.2816389528,1.18,0.0159690099641,0.0159690099641,2360,64.9175282568,150,11179.4132724,2302.98356299,10703.8839882,16,0.48,True,,39.2135698247,False,2,qualifying,42
162,2,21.25,25,0.0325,0.05125,standard,grid,qualifying,39.2175350018,79.335196346,1.18,0.0167675957282,0.0167675957282,2360,65.5927884038,125,12671.7385817,3254.8459567,10595.7678052,15,0.32,True,,39.2175350018,False,2,qualifying,42
163,2,17.8303790164,14.4221418152,0.0546788828297,0.052655432575,standard,differential_evolution,qualifying,39.2285768734,86.8544676763,1.18,0.0154581432376,0.0154581432376,2360,64.9119891226,150,10606.4572572,2238.68728519,10025.9384774,17,0.48,True,,39.2285768734,True,2,qualifying,42
164,2,18.3187718052,11.2763451221,0.0498289351598,0.0684248979605,standard,random,qualifying,39.2363433367,87.8323332886,1.18,0.0157243094797,0.0157243094797,2360,64.532007724,200,10801.2507612,2109.70645206,9902.62809571,16,0.48,True,,39.2363433367,True,2,qualifying,42
165,2,21.25,25,0.0325,0.07375,standard,grid,qualifying,39.281426297,79.3507990739,1.18,0.0166862189393,0.0166862189393,2360,65.4575071817,125,12561.2356541,3243.5814109,10597.462195,16,0.32,True,,39.281426297,False,2,qualifying,42
166,2,14.4039063665,23.2383302945,0.0417109645702,0.0752754194098,standard,random,qualifying,39.3137870053,83.4037956486,1.18,0.016499123864,0.016499123864,2360,65.4917176283,150,11920.8495924,2758.60231345,11232.5552009,16,0.48,True,,39.3137870053,False,2,qualifying,42
167,2,21.3713161013,17.0905193626,0.0541209407318,0.0801904504595,standard,random,qualifying,39.3571234588,84.8392348491,1.18,0.0156062255149,0.0156062255149,2360,65.4747104342,150,10855.300809,2602.51030368,10408.0749047,17,0.48,True,,39.3571234588,False,2,qualifying,42
168,2,17.1178886583,25.2310680694,0.0431579369247,0.0601670990979,standard,differential_evolution,qualifying,39.3850890995,80.8859882472,1.18,0.0166718792195,0.0166718792195,2360,65.2244926962,125,12354.1443512,3041.77035856,10962.1609966,18,0.4,True,,39.3850890995,False,2,qualifying,42
169,2,22.4838970209,26.0952871499,0.0366243513709,0.0529747646769,standard,random,qualifying,39.3854370497,77.9712038278,1.18,0.0168230187525,0.0168230187525,2360,65.3812146,125,12846.5166813,3414.1637557,10470.2087341,15,0.32,True,,39.3854370497,False,2,qualifying,42
170,2,21.25,25,0.0475,0.05125,standard,grid,qualifying,39.3984883553,79.4355578929,1.18,0.0163679305071,0.0163679305071,2360,65.1301193361,125,12196.3321212,3217.26638309,10473.2309706,19,0.32,True,,39.3984883553,False,2,qualifying,42
171,2,13.75,25,0.0325,0.05125,standard,grid,qualifying,39.4141637556,82.2041169413,1.18,0.0165588578526,0.0165588578526,2360,65.2305267367,150,12132.5558138,2888.2115308,11178.139451,17,0.48,True,,39.4141637556,False,2,qualifying,42
172,2,19.6579768012,26.4552322654,0.0383024259648,0.0502257424803,standard,random,qualifying,39.4389844048,78.9605126368,1.18,0.0166554774943,0.0166554774943,2360,65.0565623966,125,12553.1569732,3272.07962558,10654.9860027,16,0.32,True,,39.4389844048,False,2,qualifying,42
173,2,10.3511313614,21.3720901425,0.0287885959268,0.0724001913096,standard,differential_evolution,qualifying,39.443819852,84.9506130652,1.18,0.0159926130935,0.0159926130935,2360,64.2275678366,150,11322.1404609,2419.77560763,10692.2367516,16,0.48,True,,39.443819852,False,2,qualifying,42
174,2,17.1178886583,25.2310680694,0.0267954990006,0.0431116940153,standard,differential_evolution,qualifying,39.4481596904,81.0124427604,1.18,0.0160986589765,0.0160986589765,2360,64.9783377079,125,11780.496294,3021.97769438,10681.8213454,17,0.4,True,,39.4481596904,False,2,qualifying,42
175,2,12.4385453235,18.8080630159,0.0513348011667,0.048953325184,standard,differential_evolution,qualifying,39.4575418466,85.9223642514,1.18,0.0153919827117,0.0153919827117,2360,63.6994386464,175,10627.5642001,2261.10733528,10050.2067871,16,0.48,True,,39.4575418466,True,2,qualifying,42
176,2,13.75,25,0.0325,0.07375,standard,grid,qualifying,39.486534619,82.2135954789,1.18,0.0164886339801,0.0164886339801,2360,65.0917901016,150,12029.2867823,2877.27319896,11189.9055944,17,0.48,True,,39.486534619,False,2,qualifying,42
177,2,21.25,25,0.0475,0.07375,standard,grid,qualifying,39.5000173326,79.4583582341,1.18,0.0162740856838,0.0162740856838,2360,64.9972606722,125,12074.3827687,3205.58542249,10464.5713854,18,0.36,True,,39.5000173326,False,2,qualifying,42
178,2,16.0868546601,26.8376065888,0.03248494407,0.0518341127275,standard,differential_evolution,qualifying,39.5755693678,79.8078157583,1.18,0.0165598356874,0.0165598356874,2360,64.7956329307,125,12335.2012193,3138.71819722,10893.2668807,18,0.4,True,,39.5755693678,False,2,qualifying,42
179,2,23.2079617207,26.8404615002,0.0308314010198,0.0727160351535,standard,differential_evolution,qualifying,39.5772807543,77.2037433833,1.18,0.0165733375839,0.0165733375839,2360,64.9974317213,125,12642.5047014,3497.46767705,10299.7332829,16,0.32,True,,39.5772807543,False,2,qualifying,42
180,2,13.75,25,0.0475,0.05125,standard,grid,qualifying,39.6060007425,82.3291761077,1.18,0.0161286955495,0.0161286955495,2360,64.8014279678,150,11625.70808,2851.64923187,11038.6242295,17,0.48,True,,39.6060007425,False,2,qualifying,42
181,2,13.75,25,0.0475,0.07375,standard,grid,qualifying,39.670322755,82.3478919092,1.18,0.0160461809336,0.0160461809336,2360,64.674075372,150,11515.0340579,2841.42460201,11037.890357,16,0.48,True,,39.670322755,False,2,qualifying,42
182,2,16.5572787831,26.6535639212,0.0460079530601,0.0540564988622,standard,random,qualifying,39.6773193719,79.9708854379,1.18,0.0163148415084,0.0163148415084,2360,64.5597667963,125,12035.3692849,3113.32612511,10801.4657041,18,0.4,True,,39.6773193719,False,2,qualifying,42
183,2,11.0837674754,24.5781528554,0.0269839067728,0.079155271286,standard,differential_evolution,qualifying,39.8419144599,82.7567518967,1.18,0.0156494513317,0.0156494513317,2360,63.6721675098,150,11114.0787831,2674.11683849,10629.6640135,16,0.48,True,,39.8419144599,False,2,qualifying,42
184,2,15.2611120888,27.744978578,0.0309659218135,0.0759300610657,standard,differential_evolution,qualifying,39.8617245075,78.9940399319,1.18,0.0162919288212,0.0162919288212,2360,64.2172207602,125,12053.7325921,3170.85018435,10833.7074987,17,0.4,True,,39.8617245075,False,2,qualifying,42
185,2,12.314342381,23.6609790648,0.0473428646772,0.0835379379595,standard,random,qualifying,39.8932424997,83.1500351149,1.18,0.0153588995922,0.0153588995922,2360,63.5027115978,150,10747.1136336,2613.058237,10431.6086023,16,0.48,True,,39.8932424997,True,2,qualifying,42
186,2,13.5929149758,27.368534188,0.0263724886409,0.0802899915553,standard,differential_evolution,qualifying,39.9005162656,80.5606308501,1.18,0.0157663639533,0.0157663639533,2360,63.9675612095,125,11389.2733212,3020.03114634,10802.1114091,17,0.4,True,,39.9005162656,False,2,qualifying,42
187,2,24.4268849591,29.0891862897,0.0546788828297,0.0416837269868,standard,differential_evolution,qualifying,40.388520795,75.4746607352,1.18,0.0152496026845,0.0152496026845,2360,63.1996670103,125,11323.3582122,3644.26862801,9615.34571853,16,0.36,True,,40.388520795,True,2,qualifying,42
188,2,10.340681097,11.8009572155,0.0466707805179,0.0607844753613,standard,random,qualifying,39.0516612922,90.134412195,1.18,0.0156069085816,0.0156069085816,2360,64.135903921,225,10594.6331325,1814.5075933,9883.49052328,16,0.56,False,braking_limit,39.0516612922,False,2,qualifying,42
189,2,23.2079617207,11.188392883,0.0504960624603,0.0520690819568,standard,differential_evolution,qualifying,39.5634962415,85.200010237,1.18,0.0157508384253,0.0157508384253,2360,64.1344114952,150,10998.3289727,2380.72057155,9713.96310573,17,0.48,False,balance;balance_shift,39.5634962415,False,2,qualifying,42
190,2,11.4126602183,29.5124470327,0.0478341910597,0.0753728937375,standard,random,qualifying,40.3601277983,79.3649373849,1.18,0.01551737941,0.01551737941,2360,62.9812122955,125,11160.1770101,3108.60108956,10774.816065,17,0.4,False,balance_shift,40.3601277983,False,2,qualifying,42
191,3,14.9999856993,14.053510558,0.0364046875932,0.0715193819819,standard,local,qualifying,38.2759402532,89.3801839325,1.18,0.017029634499,0.017029634499,2360,68.0825721529,175,12006.8290878,2222.49450473,11502.2089675,16,0.48,True,,38.2759402532,True,2,qualifying,43
192,3,14.9999856993,13.6197690986,0.0364046875932,0.0715193819819,standard,local,qualifying,38.2808767,89.5765607061,1.18,0.0170051698942,0.0170051698942,2360,68.086254906,175,11961.8564407,2196.60035575,11475.9028658,16,0.48,True,,38.2808767,True,2,qualifying,43
193,3,14.9999856993,14.2690943807,0.0364046875932,0.0715193819819,standard,local,qualifying,38.2832477674,89.2826146006,1.18,0.0170356218185,0.0170356218185,2360,68.0428622483,175,12023.3904832,2234.59014339,11513.4324665,16,0.48,True,,38.2832477674,False,2,qualifying,43
194,3,14.9999856993,13.4171853704,0.0364046875932,0.0715193819819,standard,local,qualifying,38.2857628878,89.6671828921,1.18,0.0169918023513,0.0169918023513,2360,68.0778647437,175,11939.303136,2184.50392261,11465.4073033,16,0.48,True,,38.2857628878,True,2,qualifying,43
195,3,14.9966523531,13.4171853704,0.0364046875932,0.0715193819819,standard,local,qualifying,38.2858305184,89.6669137412,1.18,0.0169913364779,0.0169913364779,2360,68.0778388624,175,11938.9068141,2184.32554314,11464.9790781,16,0.48,True,,38.2858305184,True,2,qualifying,43
196,3,15.0063601508,13.4171853704,0.0364046875932,0.0715193819819,standard,local,qualifying,38.2858544706,89.6661077083,1.18,0.0169924511914,0.0169924511914,2360,68.077640564,175,11939.8719894,2184.81111795,11466.1455916,16,0.48,True,,38.2858544706,False,2,qualifying,43
197,3,14.9919248369,13.4171853704,0.0364046875932,0.0715193819819,standard,local,qualifying,38.2859263609,89.6665321339,1.18,0.0169906757738,0.0169906757738,2360,68.0778021469,175,11938.3447878,2184.07263246,11464.3719194,16,0.48,True,,38.2859263609,True,2,qualifying,43
198,3,15.0096934971,13.4171853704,0.0364046875932,0.0715193819819,standard,local,qualifying,38.2860127806,89.6648522799,1.18,0.016992571042,0.016992571042,2360,68.0771881564,175,11940.0751329,2184.95476437,11466.0075874,16,0.48,True,,38.2860127806,False,2,qualifying,43
199,3,14.9579782362,13.4171853704,0.0364046875932,0.0715193819819,standard,local,qualifying,38.2866177567,89.6637743462,1.18,0.0169859647342,0.0169859647342,2360,68.0775328915,175,11934.307178,2182.25848663,11460.0113878,16,0.48,True,,38.2866177567,True,2,qualifying,43
200,3,15.0362618184,13.4171853704,0.0364046875932,0.0715193819819,standard,local,qualifying,38.2872754457,89.6548401526,1.18,0.0169935245835,0.0169935245835,2360,68.0735796134,175,11941.69344,2186.10078349,11464.9068312,16,0.48,True,,38.2872754457,False,2,qualifying,43
201,3,14.9232477978,13.4171853704,0.0364046875932,0.0715193819819,standard,local,qualifying,38.2873994903,89.6604581899,1.18,0.0169823294211,0.0169823294211,2360,68.077102177,175,11930.1143214,2180.39538258,11455.3794811,16,0.48,True,,38.2873994903,True,2,qualifying,43
202,3,14.8357867271,13.4171853704,0.0364046875932,0.0715193819819,standard,local,qualifying,38.2894161479,89.6523087646,1.18,0.0169726176531,0.0169726176531,2360,68.0749531295,175,11919.5222929,2175.71568662,11441.6214325,16,0.48,True,,38.2894161479,True,2,qualifying,43
203,3,15.084643733,13.4171853704,0.0364046875932,0.0715193819819,standard,local,qualifying,38.2895797461,89.6365733925,1.18,0.0169952536058,0.0169952536058,2360,68.0669959864,175,11944.6358125,2188.19255976,11462.8997141,16,0.48,True,,38.2895797461,False,2,qualifying,43
204,3,14.6564277391,13.4171853704,0.0364046875932,0.0715193819819,standard,local,qualifying,38.2941431468,89.6379996109,1.18,0.0169464627501,0.0169464627501,2360,68.0571826543,175,11897.3403919,2166.11479592,11413.4213186,16,0.48,True,,38.2941431468,True,2,qualifying,43
205,3,14.9999856993,14.72135955,0.0364046875932,0.0715193819819,standard,local,qualifying,38.2998974596,89.0733111055,1.18,0.0170489392603,0.0170489392603,2360,67.9579765451,175,12057.0727018,2260.39717124,11552.2117024,16,0.48,True,,38.2998974596,False,2,qualifying,43
206,3,15.3457878418,13.4171853704,0.0364046875932,0.0715193819819,standard,local,qualifying,38.3021286969,89.5372093211,1.18,0.0170044215792,0.0170044215792,2360,68.0311831125,175,11960.4136331,2199.59041497,11452.0076319,16,0.48,True,,38.3021286969,False,2,qualifying,43
207,3,15.7294901688,13.4171853704,0.0364046875932,0.0715193819819,standard,local,qualifying,38.3209986425,89.3893942819,1.18,0.0170161554214,0.0170161554214,2360,67.975321904,175,11983.2026668,2216.65018636,11439.1680453,16,0.48,True,,38.3209986425,False,2,qualifying,43
208,3,14.1296776075,13.4171853704,0.0364046875932,0.0715193819819,standard,differential_evolution,qualifying,38.3288951139,89.5968401752,1.18,0.0168615300907,0.0168615300907,2360,67.8918031842,175,11819.3321976,2136.22298442,11321.3346612,16,0.48,True,,38.3288951139,True,2,qualifying,43
209,3,14.9999856993,12.917960675,0.0364046875932,0.0715193819819,standard,local,qualifying,38.3350453716,89.6568871795,1.18,0.0169100858793,0.0169100858793,2360,67.9442575978,175,11852.0513614,2149.79538524,11337.2078161,16,0.48,True,,38.3350453716,False,2,qualifying,43
210,3,16.0449110045,13.4171853704,0.0364046875932,0.0715193819819,standard,local,qualifying,38.3369509736,89.2665835286,1.18,0.0170235149872,0.0170235149872,2360,67.9250800816,175,12001.7210689,2230.97644169,11425.70304,16,0.48,True,,38.3369509736,False,2,qualifying,43
211,3,18.0580973137,15.4046525756,0.0323201450115,0.0658213222992,standard,differential_evolution,qualifying,38.3972857206,87.3678374204,1.18,0.0171337458052,0.0171337458052,2360,67.7012878674,150,12335.298593,2444.73659177,11314.928904,17,0.48,True,,38.3972857206,False,2,qualifying,43
212,3,14.3319439047,11.6548971338,0.0346144027671,0.0591024637069,standard,random,qualifying,38.406740327,90.2106414504,1.18,0.0168089561985,0.0168089561985,2360,67.6591442317,200,11781.7766873,2050.87792306,11098.0892313,16,0.56,True,,38.406740327,True,2,qualifying,43
213,3,15.8587287885,13.4171853704,0.0414537496121,0.0715193819819,standard,differential_evolution,qualifying,38.4118461766,89.273231582,1.18,0.0168936690613,0.0168936690613,2360,67.7762745345,175,11846.2577201,2210.38194843,11368.4616944,16,0.48,True,,38.4118461766,False,2,qualifying,43
214,3,18.0580973137,15.4046525756,0.0381346179045,0.0658213222992,standard,differential_evolution,qualifying,38.4171490715,87.3129480467,1.18,0.0172117569453,0.0172117569453,2360,67.6794295005,150,12396.7268061,2445.04369138,11362.9548587,17,0.48,True,,38.4171490715,False,2,qualifying,43
215,3,14.1296776075,13.4171853704,0.0284433154563,0.0610185386276,standard,differential_evolution,qualifying,38.4438761165,89.2739840756,1.18,0.0166173791988,0.0166173791988,2360,67.5072640239,175,11680.4964202,2127.41233487,11011.0158656,16,0.56,True,,38.4438761165,True,2,qualifying,43
216,3,13.5410196625,13.4171853704,0.0364046875932,0.0715193819819,standard,local,qualifying,38.4662533472,89.5532648873,1.18,0.0167517185055,0.0167517185055,2360,67.5754792768,175,11736.621341,2104.87463869,11211.9556965,16,0.56,True,,38.4662533472,True,2,qualifying,43
217,3,15.5580463417,17.1990274712,0.0327337247294,0.0469580404828,standard,differential_evolution,qualifying,38.4755818509,87.3229975769,1.18,0.0168230188418,0.0168230188418,2360,67.4238048624,150,12026.2473388,2423.53757611,11316.5931582,17,0.48,True,,38.4755818509,False,2,qualifying,43
218,3,13.5832127322,13.4196245175,0.0287387666268,0.0619215247167,standard,differential_evolution,qualifying,38.4850632801,89.566520724,1.18,0.0165314987295,0.0165314987295,2360,67.208639391,175,11598.5784485,2092.77782265,10947.2864636,16,0.56,True,,38.4850632801,True,2,qualifying,43
219,3,13.75,15,0.0325,0.05125,standard,grid,qualifying,38.5216347872,88.5699827417,1.18,0.0167041989918,0.0167041989918,2360,67.2928778908,175,11815.8786533,2199.02514936,11110.9493232,16,0.56,True,,38.5216347872,False,2,qualifying,43
220,3,16.0428984633,18.3371558147,0.0322499662017,0.0536215694525,standard,differential_evolution,qualifying,38.5322227328,86.3192299499,1.18,0.0170386358978,0.0170386358978,2360,67.2770234183,150,12320.1249609,2529.47708219,11382.0486352,17,0.48,True,,38.5322227328,False,2,qualifying,43
221,3,14.9999856993,17.639320225,0.0364046875932,0.0715193819819,standard,local,qualifying,38.5417426555,87.2439266833,1.18,0.0170212582918,0.0170212582918,2360,67.2885672825,150,12181.9932106,2428.9052611,11540.4308228,17,0.48,True,,38.5417426555,False,2,qualifying,43
222,3,20.2684752072,17.4643313643,0.0381346179045,0.0658213222992,standard,differential_evolution,qualifying,38.5567164534,84.5207215074,1.18,0.0172497107135,0.0172497107135,2360,67.225716148,150,12660.051085,2696.69359716,11109.1839227,17,0.4,True,,38.5567164534,False,2,qualifying,43
223,3,19.2705098312,13.4171853704,0.0364046875932,0.0715193819819,standard,local,qualifying,38.563600562,87.662178894,1.18,0.017029658644,0.017029658644,2360,67.319019754,150,12134.4780963,2383.95120549,11206.4801626,17,0.48,True,,38.563600562,False,2,qualifying,43
224,3,12.5004528401,15.7880218298,0.0316471321291,0.0616562662451,standard,differential_evolution,qualifying,38.5774228138,88.3245132179,1.18,0.0166962084543,0.0166962084543,2360,66.8191147868,175,11793.6121656,2182.74623954,11144.792938,16,0.48,True,,38.5774228138,False,2,qualifying,43
225,3,13.75,15,0.0325,0.07375,standard,grid,qualifying,38.5842739979,88.6593944477,1.18,0.0166360989175,0.0166360989175,2360,67.2325274657,175,11701.6962485,2191.18538516,11152.4827149,16,0.56,True,,38.5842739979,False,2,qualifying,43
226,3,12.7230213509,14.9851087404,0.0287553722711,0.0611192496906,standard,differential_evolution,qualifying,38.586924475,88.8270293547,1.18,0.0164403353545,0.0164403353545,2360,66.5200391598,175,11550.9387156,2126.35208691,10894.2555424,17,0.48,True,,38.586924475,True,2,qualifying,43
227,3,15.3365960519,12.071898897,0.0444980220785,0.0619277773738,standard,differential_evolution,qualifying,38.6209515058,89.3889796101,1.18,0.0166190239718,0.0166190239718,2360,67.2080205259,175,11584.7834585,2096.61912988,10994.0255523,16,0.56,True,,38.6209515058,False,2,qualifying,43
228,3,21.6291299154,19.0778810282,0.0326437425625,0.0567469978519,standard,differential_evolution,qualifying,38.6648068403,83.1132855596,1.18,0.0171331566565,0.0171331566565,2360,66.9857304155,125,12729.8278231,2870.15465916,10876.9173281,17,0.4,True,,38.6648068403,False,2,qualifying,43
229,3,21.25,15,0.0325,0.05125,standard,grid,qualifying,38.6694298299,85.8428456715,1.18,0.0169701789962,0.0169701789962,2360,67.0210081941,150,12286.7731965,2575.13150185,10930.8998856,17,0.48,True,,38.6694298299,False,2,qualifying,43
230,3,14.1794953828,15.5706859556,0.0376599872454,0.0401834976244,standard,random,qualifying,38.6891089358,87.8867707212,1.18,0.0161837236227,0.0161837236227,2360,66.3681177981,175,11338.5781886,2207.98522476,10709.1744526,16,0.48,True,,38.6891089358,True,2,qualifying,43
231,3,11.8920620349,16.8368571024,0.0340005786939,0.0647970290765,standard,random,qualifying,38.6961915793,87.8587432084,1.18,0.0167128154644,0.0167128154644,2360,66.5549199537,175,11824.5672603,2220.17435056,11218.147365,16,0.48,True,,38.6961915793,False,2,qualifying,43
232,3,17.5,20,0.04,0.06,standard,baseline,qualifying,38.7032666645,84.2408247101,1.18,0.017154171629,0.017154171629,2360,66.8654181253,150,12581.0391855,2715.03521151,11273.7004578,17,0.44,True,,38.7032666645,False,2,qualifying,43
233,3,18.8071457138,14.4941046041,0.0475537681546,0.0518661488865,standard,random,qualifying,38.7081018876,87.3962500214,1.18,0.0166006594815,0.0166006594815,2360,66.9947958479,150,11708.4784278,2388.97613855,11020.2188659,17,0.48,True,,38.7081018876,False,2,qualifying,43
234,3,17.9458715941,13.4325535184,0.043031783234,0.044334518722,standard,differential_evolution,qualifying,38.719096212,87.7182466044,1.18,0.0164333900208,0.0164333900208,2360,66.7985501854,150,11534.8805487,2272.41330497,10735.6718065,17,0.48,True,,38.719096212,False,2,qualifying,43
235,3,21.6291299154,15.3339319378,0.032558353921,0.0635453637161,standard,differential_evolution,qualifying,38.7236475989,84.4835502277,1.18,0.0171833244957,0.0171833244957,2360,66.9958639357,150,12548.5026897,2648.99141577,10965.6669795,17,0.48,True,,38.7236475989,False,2,qualifying,43
236,3,12.5004528401,18.6640765429,0.0375823195893,0.0616562662451,standard,differential_evolution,qualifying,38.7303511493,86.9661681951,1.18,0.0169263607242,0.0169263607242,2360,66.8387521997,150,12082.7379663,2378.82694871,11489.3677817,16,0.48,True,,38.7303511493,False,2,qualifying,43
237,3,15.1213762903,20.0910349831,0.0341189533172,0.0588026350819,standard,random,qualifying,38.7341828269,85.2349915813,1.18,0.0170950383989,0.0170950383989,2360,66.826284702,150,12427.933922,2608.26487229,11456.1279948,17,0.48,True,,38.7341828269,False,2,qualifying,43
238,3,13.75,15,0.0475,0.05125,standard,grid,qualifying,38.7437377093,88.2882297409,1.18,0.016137600894,0.016137600894,2360,66.2242852524,175,11216.7356797,2148.22260879,10730.3635393,16,0.48,True,,38.7437377093,True,2,qualifying,43
239,3,11.9416592055,15.2445907171,0.0274894561568,0.0593980897562,standard,differential_evolution,qualifying,38.7648994309,88.5954528294,1.18,0.0161668347261,0.0161668347261,2360,65.5863817967,175,11303.6537031,2087.71860401,10560.2529051,16,0.48,True,,38.7648994309,True,2,qualifying,43
240,3,21.25,15,0.0325,0.07375,standard,grid,qualifying,38.7693271172,85.7042624348,1.18,0.0168817830628,0.0168817830628,2360,66.824188691,150,12161.7669142,2567.4231249,10931.2634468,17,0.48,True,,38.7693271172,False,2,qualifying,43
241,3,18.898165709,13.0882525399,0.0369821361754,0.0776852412416,standard,differential_evolution,qualifying,38.783859873,87.7451104055,1.18,0.0166735924243,0.0166735924243,2360,67.0377581029,150,11759.988354,2322.04076274,10959.7670801,17,0.56,True,,38.783859873,False,2,qualifying,43
242,3,20.7694702503,17.1990274712,0.0330689085719,0.0756991523541,standard,differential_evolution,qualifying,38.7875441139,84.3743815837,1.18,0.0169049260969,0.0169049260969,2360,66.8371989637,150,12297.3185503,2687.27412963,10935.8948641,17,0.48,True,,38.7875441139,False,2,qualifying,43
243,3,22.416674846,19.9307057899,0.0286807308498,0.0625259470817,standard,random,qualifying,38.8142971235,82.2097534579,1.18,0.0169351612113,0.0169351612113,2360,66.6525027781,125,12603.4019666,2960.61881685,10705.7048868,17,0.4,True,,38.8142971235,False,2,qualifying,43
244,3,13.75,15,0.0475,0.07375,standard,grid,qualifying,38.816246331,88.3076926585,1.18,0.0160247425779,0.0160247425779,2360,66.0751849972,175,11076.9003665,2138.00494723,10716.3596503,16,0.48,True,,38.816246331,True,2,qualifying,43
245,3,20.562920959,11.5176314899,0.0327036508277,0.0490591440509,standard,differential_evolution,qualifying,38.8476348378,86.9005569554,1.18,0.0165503953842,0.0165503953842,2360,66.2971619959,150,11747.3609824,2321.06117505,10461.943685,17,0.48,True,,38.8476348378,False,2,qualifying,43
246,3,16.2184150247,11.8662768431,0.0426398920177,0.0433325137708,standard,random,qualifying,38.8549451743,88.7341664637,1.18,0.0160023632729,0.0160023632729,2360,65.5602061749,175,11079.7023818,2071.0848329,10223.194649,17,0.48,True,,38.8549451743,True,2,qualifying,43
247,3,15.2669148643,11.5321805482,0.0317996931836,0.0802625835511,standard,differential_evolution,qualifying,38.8809957526,89.2103728555,1.18,0.0158526892886,0.0158526892886,2360,65.3334350511,225,10893.9189956,2003.4608479,10156.5481969,16,0.48,True,,38.8809957526,True,2,qualifying,43
248,3,19.8726143351,17.2471012065,0.0334450395827,0.0846951697209,standard,random,qualifying,38.8968316346,84.8167875203,1.18,0.0164566216606,0.0164566216606,2360,66.5648669523,150,11762.3770191,2615.63666516,10850.2578122,17,0.48,True,,38.8968316346,False,2,qualifying,43
249,3,22.3819741058,20.0536179612,0.0410939629874,0.0714456829974,standard,random,qualifying,38.9075512877,82.1005689488,1.18,0.0169555281727,0.0169555281727,2360,66.4910199055,125,12592.1258279,2958.50450978,10755.8019349,17,0.4,True,,38.9075512877,False,2,qualifying,43
250,3,21.25,15,0.0475,0.05125,standard,grid,qualifying,38.9140249852,85.7860284704,1.18,0.0165944887923,0.0165944887923,2360,66.4829023393,150,11824.1012505,2542.89490349,10819.1081304,17,0.48,True,,38.9140249852,False,2,qualifying,43
251,3,15.3365960519,12.071898897,0.042967840251,0.080442750024,standard,differential_evolution,qualifying,38.9208313493,89.1102047884,1.18,0.0158456438517,0.0158456438517,2360,65.5118633062,200,10853.6454435,2028.8068744,10303.5650952,16,0.48,True,,38.9208313493,True,2,qualifying,43
252,3,15.9305226886,20.0950573868,0.0454228136434,0.0727352243069,standard,differential_evolution,qualifying,38.9482374759,85.0425301154,1.18,0.016619088619,0.016619088619,2360,66.3480415134,150,11905.3001397,2606.5687622,11242.1752682,16,0.48,True,,38.9482374759,False,2,qualifying,43
253,3,18.7077914784,11.6574303191,0.0411737145297,0.0782846042318,standard,random,qualifying,38.9692975341,87.7103683468,1.18,0.0162277966658,0.0162277966658,2360,65.8992155127,175,11295.5448592,2195.46142853,10468.7158084,16,0.48,True,,38.9692975341,False,2,qualifying,43
254,3,22.9290109772,16.4390207334,0.0308138366032,0.0405716611997,standard,random,qualifying,38.9953690885,84.2198013358,1.18,0.0164356784642,0.0164356784642,2360,66.2379776843,150,11884.7785599,2721.23758982,10528.7974113,17,0.48,True,,38.9953690885,False,2,qualifying,43
255,3,21.25,15,0.0475,0.07375,standard,grid,qualifying,38.9997843889,85.8177948319,1.18,0.016476157672,0.016476157672,2360,66.3035237051,150,11673.1935965,2530.11860679,10805.7159398,17,0.48,True,,38.9997843889,False,2,qualifying,43
256,3,20.9019866836,20.795467097,0.0453719071011,0.0750017352226,standard,differential_evolution,qualifying,39.0193015689,82.5069204133,1.18,0.0165952469196,0.0165952469196,2360,66.2457038246,125,12166.6795105,2903.01114838,10748.3847446,18,0.44,True,,39.0193015689,False,2,qualifying,43
257,3,12.7230213509,18.6514730494,0.0421006355224,0.0448293395059,standard,differential_evolution,qualifying,39.0221502484,86.4224834134,1.18,0.0161819740638,0.0161819740638,2360,65.571741052,150,11413.8967536,2330.83723627,10823.6337327,16,0.48,True,,39.0221502484,False,2,qualifying,43
258,3,15.9926014385,19.7268707584,0.0514518969684,0.0688687077468,standard,random,qualifying,39.0276741122,85.6170498694,1.18,0.016177371308,0.016177371308,2360,66.1369446336,150,11402.9900298,2552.2252456,11075.6121068,16,0.48,True,,39.0276741122,False,2,qualifying,43
259,3,23.7532610919,19.7972843156,0.0444980220785,0.0619277773738,standard,differential_evolution,qualifying,39.0430593796,81.5099354736,1.18,0.0169057960168,0.0169057960168,2360,66.1872906646,125,12584.2700284,3012.11571855,10613.3425205,15,0.4,True,,39.0430593796,False,2,qualifying,43
260,3,14.9999856993,22.360679775,0.0364046875932,0.0715193819819,standard,local,qualifying,39.0877781815,83.7748196165,1.18,0.0168292209598,0.0168292209598,2360,66.0175023481,150,12261.110559,2741.14842143,11327.338752,17,0.48,True,,39.0877781815,False,2,qualifying,43
261,3,22.4354817817,23.7407682135,0.0437257855298,0.0580792715534,standard,random,qualifying,39.1286623361,79.6285345554,1.18,0.0168405905921,0.0168405905921,2360,65.8635312343,125,12702.0996717,3225.30008979,10581.5061546,15,0.32,True,,39.1286623361,False,2,qualifying,43
262,3,19.1824841009,13.030636608,0.0251188409117,0.0779387041042,standard,random,qualifying,39.1307204862,86.6918722998,1.18,0.0156926842242,0.0156926842242,2360,64.9341540411,150,10925.8468714,2254.25675142,9908.79333157,16,0.48,True,,39.1307204862,True,2,qualifying,43
263,3,16.205283021,12.4150434103,0.0523929247586,0.0593980897562,standard,differential_evolution,qualifying,39.1481532435,88.373250086,1.18,0.0155317770067,0.0155317770067,2360,64.617475681,200,10588.9402049,2055.13113239,9915.82077479,16,0.48,True,,39.1481532435,True,2,qualifying,43
264,3,23.7532610919,21.9065695889,0.0418341327514,0.0808938469305,standard,differential_evolution,qualifying,39.2056154586,80.3201235817,1.18,0.0164543411933,0.0164543411933,2360,65.6786328671,125,12203.3622907,3130.47531843,10395.875614,16,0.32,True,,39.2056154586,False,2,qualifying,43
265,3,16.8263397693,21.4726121764,0.0490398448917,0.0743461167066,standard,random,qualifying,39.2063093768,83.9321579888,1.18,0.0162180887595,0.0162180887595,2360,65.7417345321,150,11595.954172,2714.7707373,10971.4650351,17,0.48,True,,39.2063093768,False,2,qualifying,43
266,3,15.9408557681,22.1301027711,0.041995528937,0.0795467298655,standard,random,qualifying,39.2100869848,83.7293122977,1.18,0.0164160374906,0.0164160374906,2360,65.735308751,150,11820.1208123,2735.41770226,11108.6701097,17,0.48,True,,39.2100869848,False,2,qualifying,43
267,3,21.25,25,0.0325,0.05125,standard,grid,qualifying,39.2175350018,79.335196346,1.18,0.0167675957282,0.0167675957282,2360,65.5927884038,125,12671.7385817,3254.8459567,10595.7678052,15,0.32,True,,39.2175350018,False,2,qualifying,43
268,3,20.4186441714,14.3894691416,0.0528080420775,0.0501103157359,standard,random,qualifying,39.2236827655,85.9679945994,1.18,0.0158056137172,0.0158056137172,2360,65.5086840125,150,10998.3356196,2396.34884098,10251.801978,17,0.48,True,,39.2236827655,False,2,qualifying,43
269,3,24.2557017352,23.0149412292,0.0281239191496,0.0776852412416,standard,differential_evolution,qualifying,39.2292392031,79.3666621377,1.18,0.0164370437636,0.0164370437636,2360,65.6906988295,125,12313.6326965,3254.97899376,10276.8817652,15,0.32,True,,39.2292392031,False,2,qualifying,43
270,3,16.2996686457,19.02062774,0.0536594373766,0.0801355751132,standard,random,qualifying,39.2684865478,85.4930191334,1.18,0.0154257457567,0.0154257457567,2360,65.3932278842,150,10656.0210735,2460.27654598,10460.8261367,17,0.48,True,,39.2684865478,True,2,qualifying,43
271,3,19.2907685085,12.3239218637,0.0507381024849,0.0490591440509,standard,differential_evolution,qualifying,39.2800965302,86.7984756442,1.18,0.0156729859151,0.0156729859151,2360,64.5567273721,150,10825.6517448,2210.94607858,9868.70868726,17,0.48,True,,39.2800965302,False,2,qualifying,43
272,3,21.25,25,0.0325,0.07375,standard,grid,qualifying,39.281426297,79.3507990739,1.18,0.0166862189393,0.0166862189393,2360,65.4575071817,125,12561.2356541,3243.5814109,10597.462195,16,0.32,True,,39.281426297,False,2,qualifying,43
273,3,17.9458715941,15.3951205888,0.0546170103715,0.044334518722,standard,differential_evolution,qualifying,39.2840053675,86.3949829945,1.18,0.0152872666489,0.0152872666489,2360,64.7887479514,150,10479.9824702,2290.44520989,9947.2205448,17,0.48,True,,39.2840053675,True,2,qualifying,43
274,3,10.7592964345,19.0194075866,0.0416624968648,0.0453626735945,standard,random,qualifying,39.2989291824,86.1734397769,1.18,0.0158904839758,0.0158904839758,2360,64.1507140361,175,11135.9153783,2254.01021079,10405.2387731,16,0.48,True,,39.2989291824,False,2,qualifying,43
275,3,13.0433815578,24.3805397989,0.0396338362186,0.0536215694525,standard,differential_evolution,qualifying,39.3651290317,82.8911975511,1.18,0.0166356228983,0.0166356228983,2360,65.3499425298,150,12124.5011872,2810.93714926,11313.2940794,17,0.48,True,,39.3651290317,False,2,qualifying,43
276,3,16.8418782819,24.0944484708,0.0294905312846,0.0406766583062,standard,differential_evolution,qualifying,39.3679997203,81.9722167981,1.18,0.0161966304182,0.0161966304182,2360,65.3271481074,125,11815.1226686,2928.23386949,10789.9031845,17,0.48,True,,39.3679997203,False,2,qualifying,43
277,3,18.898165709,26.2102777896,0.0369821361754,0.064807814915,standard,differential_evolution,qualifying,39.3736807926,79.3922163398,1.18,0.0168231565405,0.0168231565405,2360,65.2001290431,125,12678.0130328,3221.77705841,10815.1624791,18,0.32,True,,39.3736807926,False,2,qualifying,43
278,3,21.25,25,0.0475,0.05125,standard,grid,qualifying,39.3984883553,79.4355578929,1.18,0.0163679305071,0.0163679305071,2360,65.1301193361,125,12196.3321212,3217.26638309,10473.2309706,19,0.32,True,,39.3984883553,False,2,qualifying,43
279,3,13.75,25,0.0325,0.05125,standard,grid,qualifying,39.4141637556,82.2041169413,1.18,0.0165588578526,0.0165588578526,2360,65.2305267367,150,12132.5558138,2888.2115308,11178.139451,17,0.48,True,,39.4141637556,False,2,qualifying,43
280,3,13.75,25,0.0325,0.07375,standard,grid,qualifying,39.486534619,82.2135954789,1.18,0.0164886339801,0.0164886339801,2360,65.0917901016,150,12029.2867823,2877.27319896,11189.9055944,17,0.48,True,,39.486534619,False,2,qualifying,43
281,3,21.25,25,0.0475,0.07375,standard,grid,qualifying,39.5000173326,79.4583582341,1.18,0.0162740856838,0.0162740856838,2360,64.9972606722,125,12074.3827687,3205.58542249,10464.5713854,18,0.36,True,,39.5000173326,False,2,qualifying,43
282,3,13.75,25,0.0475,0.05125,standard,grid,qualifying,39.6060007425,82.3291761077,1.18,0.0161286955495,0.0161286955495,2360,64.8014279678,150,11625.70808,2851.64923187,11038.6242295,17,0.48,True,,39.6060007425,False,2,qualifying,43
283,3,16.6798000199,26.2102777896,0.046795336719,0.064807814915,standard,differential_evolution,qualifying,39.6362561558,80.264489841,1.18,0.0163399296418,0.0163399296418,2360,64.6556236271,125,12025.665548,3080.84977047,10836.3453926,18,0.4,True,,39.6362561558,False,2,qualifying,43
284,3,13.0510198055,26.2419656155,0.039540662387,0.0676996712863,standard,differential_evolution,qualifying,39.6563488328,81.3668264768,1.18,0.0165347974986,0.0165347974986,2360,64.7277970568,125,12135.3806684,2955.84015296,11209.2391912,17,0.48,True,,39.6563488328,False,2,qualifying,43
285,3,13.0510198055,26.2419656155,0.042070035531,0.0612152570742,standard,differential_evolution,qualifying,39.6640746413,81.3789484625,1.18,0.0164972228416,0.0164972228416,2360,64.7042478805,125,12095.3911666,2953.69653735,11188.2820446,17,0.48,True,,39.6640746413,False,2,qualifying,43
286,3,13.75,25,0.0475,0.07375,standard,grid,qualifying,39.670322755,82.3478919092,1.18,0.0160461809336,0.0160461809336,2360,64.674075372,150,11515.0340579,2841.42460201,11037.890357,16,0.48,True,,39.670322755,False,2,qualifying,43
287,3,13.0510198055,26.2419656155,0.0330684454933,0.0752707969868,standard,differential_evolution,qualifying,39.6988372335,81.449221556,1.18,0.0163313560155,0.0163313560155,2360,64.6142676627,125,11920.4029179,2944.26423776,11130.2263222,17,0.48,True,,39.6988372335,False,2,qualifying,43
288,3,13.6532215979,27.8726245294,0.0334137464189,0.0593337207842,standard,differential_evolution,qualifying,39.7596387917,79.5920166268,1.18,0.0165432362327,0.0165432362327,2360,64.3778367489,125,12289.5139237,3129.83759004,11042.2390888,17,0.4,True,,39.7596387917,False,2,qualifying,43
289,3,23.7922913365,27.6171162216,0.0452222677992,0.0696507582897,standard,random,qualifying,39.7873906625,76.4246885219,1.18,0.0164278935314,0.0164278935314,2360,64.6105645926,125,12528.3628978,3577.28013572,10179.5568564,16,0.32,True,,39.7873906625,False,2,qualifying,43
290,3,11.9022004604,26.7640693614,0.0252501080578,0.0700154985985,standard,differential_evolution,qualifying,39.8466774244,81.3773015641,1.18,0.015942925853,0.015942925853,2360,64.2597766468,150,11531.6029625,2927.73819465,10959.549742,16,0.48,True,,39.8466774244,False,2,qualifying,43
291,3,24.4071013196,28.3808945099,0.026797225272,0.0787508185792,standard,differential_evolution,qualifying,39.9600909958,75.7657229924,1.18,0.0160512498765,0.0160512498765,2360,64.1986607351,125,12203.8943374,3656.22593418,9941.01947833,16,0.32,True,,39.9600909958,False,2,qualifying,43
292,3,11.9369488294,28.3808945099,0.0419945650892,0.0720734577914,standard,differential_evolution,qualifying,40.0061760598,80.0052565852,1.18,0.0161134157537,0.0161134157537,2360,63.7706194173,125,11760.8848364,3067.16116077,11027.4854322,17,0.4,True,,40.0061760598,False,2,qualifying,43
293,3,22.7131217214,28.9989518458,0.0350975817145,0.0830040609375,standard,differential_evolution,qualifying,40.0368319522,76.0183596806,1.18,0.0160829051115,0.0160829051115,2360,63.9668960282,125,12185.5655094,3603.3245401,10097.2433545,16,0.32,True,,40.0368319522,False,2,qualifying,43
294,3,15.483380451,28.3808945099,0.0488794882778,0.0478807575211,standard,differential_evolution,qualifying,40.0910056551,78.7191598926,1.18,0.0158056914651,0.0158056914651,2360,63.662443263,125,11555.4224293,3194.20370881,10591.7151446,17,0.4,True,,40.0910056551,False,2,qualifying,43
295,3,17.2823281894,28.902533603,0.0427952256239,0.0824290563356,standard,random,qualifying,40.1603245645,77.9662740167,1.18,0.0158636438169,0.0158636438169,2360,63.579632254,125,11703.8792174,3306.15418032,10485.6380876,18,0.4,True,,40.1603245645,False,2,qualifying,43
296,3,14.6338565162,29.0350803293,0.0501461433481,0.0640807715694,standard,random,qualifying,40.2418047121,78.1156405168,1.18,0.0158188737399,0.0158188737399,2360,63.397096096,125,11575.4959586,3223.43235453,10642.5374888,17,0.4,True,,40.2418047121,False,2,qualifying,43
297,3,10.9536740679,11.8103807642,0.0350060934502,0.0761260836776,standard,differential_evolution,qualifying,38.8685757188,90.2647691094,1.18,0.0158527185181,0.0158527185181,2360,64.9852845259,225,10849.3676805,1856.79407178,10178.0283698,16,0.56,False,braking_limit,38.8685757188,False,2,qualifying,43
298,3,24.2157428017,13.4325535184,0.0333817523817,0.0563970645511,standard,differential_evolution,qualifying,38.9410282735,84.7472777928,1.18,0.0169668771909,0.0169668771909,2360,66.4083154161,150,12344.0167118,2659.97378428,10675.803524,17,0.48,False,balance,38.9410282735,False,2,qualifying,43
299,3,10.107863656,13.8211061708,0.0473064011308,0.0650556140064,standard,differential_evolution,qualifying,39.1570814329,89.189720344,1.18,0.0155515121515,0.0155515121515,2360,63.6859728582,225,10577.4986438,1891.48918141,9890.7030512,16,0.48,False,braking_limit,39.1570814329,False,2,qualifying,43
300,3,11.2441928648,10.7613331741,0.0523929247586,0.0593980897562,standard,differential_evolution,qualifying,39.336225857,90.0928650336,1.18,0.0149107480448,0.0149107480448,2360,63.0100852065,225,9884.52039407,1752.13520257,9247.79050268,16,0.56,False,braking_limit,39.336225857,False,2,qualifying,43
301,3,19.7844889405,10.8755064728,0.0256008876062,0.077764566213,standard,random,qualifying,39.3963555333,86.9603561445,1.18,0.0154288908054,0.0154288908054,2360,63.5427064635,200,10642.655318,2149.08036461,9366.11477363,16,0.48,False,balance,39.3963555333,False,2,qualifying,43
302,3,24.9682261641,10.6752930863,0.0285568180628,0.074253947709,standard,random,qualifying,39.454274436,84.5598227441,1.18,0.0160763686382,0.0160763686382,2360,64.7424404323,150,11410.4258227,2506.49233269,9873.87731506,16,0.48,False,balance;balance_shift,39.454274436,False,2,qualifying,43
303,4,15.2404349738,13.9224897764,0.0352350701318,0.0599800645778,standard,local,qualifying,38.1610458962,89.4943105401,1.18,0.0172393570169,0.0172393570169,2360,68.2951192402,175,12236.4635763,2244.11225219,11622.0896569,16,0.48,True,,38.1610458962,True,2,qualifying,44
304,4,15.2404349738,13.8918296264,0.0352350701318,0.0599800645778,standard,local,qualifying,38.1611322757,89.5117635571,1.18,0.0172384377545,0.0172384377545,2360,68.2951024617,175,12233.6379057,2242.32336204,11621.9094705,16,0.48,True,,38.1611322757,True,2,qualifying,44
305,4,15.2367478832,13.8918296264,0.0352350701318,0.0599800645778,standard,local,qualifying,38.161155586,89.5114935862,1.18,0.0172380141006,0.0172380141006,2360,68.2957582467,175,12233.2433466,2242.12995674,11621.4651616,16,0.48,True,,38.161155586,True,2,qualifying,44
306,4,15.2308193795,13.8918296264,0.0352350701318,0.0599800645778,standard,local,qualifying,38.1611931045,89.5110582706,1.18,0.0172373328206,0.0172373328206,2360,68.2968123989,175,12232.6088928,2241.8190684,11620.7508493,16,0.48,True,,38.1611931045,True,2,qualifying,44
307,4,15.2199251599,13.8918296264,0.0352350701318,0.0599800645778,standard,local,qualifying,38.161262307,89.5102573844,1.18,0.0172360807532,0.0172360807532,2360,68.2987485653,175,12231.4428951,2241.24806819,11619.43875,16,0.48,True,,38.161262307,True,2,qualifying,44
308,4,15.2464008118,13.8918296264,0.0352350701318,0.0599800645778,standard,local,qualifying,38.161420845,89.5096822201,1.18,0.0172386272423,0.0172386272423,2360,68.2940761156,175,12233.9956565,2242.58472905,11621.6984334,16,0.48,True,,38.161420845,False,2,qualifying,44
309,4,15.1926888544,13.8918296264,0.0352350701318,0.0599800645778,standard,local,qualifying,38.161436166,89.508251913,1.18,0.0172329500049,0.0172329500049,2360,68.3035842396,175,12228.5274648,2239.82222693,11616.1614211,16,0.48,True,,38.161436166,True,2,qualifying,44
310,4,15.2404349738,13.8500990247,0.0352350701318,0.0599800645778,standard,local,qualifying,38.1619018643,89.5310227493,1.18,0.0172361372079,0.0172361372079,2360,68.2951449163,175,12229.2244161,2239.79018616,11620.0180474,16,0.48,True,,38.1619018643,True,2,qualifying,44
311,4,15.2620195785,13.8918296264,0.0352350701318,0.0599800645778,standard,local,qualifying,38.1624623932,89.5019582886,1.18,0.0172387088824,0.0172387088824,2360,68.2914157136,175,12234.6866516,2243.22430363,11620.3608407,16,0.48,True,,38.1624623932,False,2,qualifying,44
312,4,15.3029100404,13.8918296264,0.0352350701318,0.0599800645778,standard,local,qualifying,38.1651938515,89.4817105216,1.18,0.0172389157776,0.0172389157776,2360,68.2844403494,175,12236.4914531,2244.90147143,11616.8542738,16,0.48,True,,38.1651938515,False,2,qualifying,44
313,4,15.0671874948,13.8918296264,0.0352350701318,0.0599800645778,standard,local,qualifying,38.1666188171,89.4997116663,1.18,0.017216245769,0.017216245769,2360,68.3068763215,175,12212.4386652,2232.79325133,11594.7257286,16,0.48,True,,38.1666188171,True,2,qualifying,44
314,4,15.2404349738,14.1075012001,0.0352350701318,0.0599800645778,standard,local,qualifying,38.1678686703,89.383179586,1.18,0.0172409198596,0.0172409198596,2360,68.2705081924,175,12249.1289634,2254.18013569,11621.2236775,16,0.48,True,,38.1678686703,False,2,qualifying,44
315,4,15.2404349738,13.5387938023,0.0352350701318,0.0599800645778,standard,local,qualifying,38.171296532,89.6481314399,1.18,0.0172133369488,0.0172133369488,2360,68.2953983898,175,12193.165942,2220.5607002,11596.5760513,16,0.48,True,,38.171296532,True,2,qualifying,44
316,4,14.9090365125,13.8918296264,0.0352350701318,0.0599800645778,standard,local,qualifying,38.1772459955,89.4893210688,1.18,0.017194161407,0.017194161407,2360,68.2886908557,175,12189.5900758,2223.53723163,11556.6188615,16,0.48,True,,38.1772459955,True,2,qualifying,44
317,4,15.7058486739,13.8918296264,0.0352350701318,0.0599800645778,standard,local,qualifying,38.1924698683,89.2801652567,1.18,0.0172404373387,0.0172404373387,2360,68.214893953,175,12254.1255457,2261.67369243,11581.9376803,16,0.48,True,,38.1924698683,False,2,qualifying,44
318,4,15.7294901688,13.8918296264,0.0352350701318,0.0599800645778,standard,local,qualifying,38.1940904742,89.268227471,1.18,0.0172404977728,0.0172404977728,2360,68.2107680668,175,12255.1309902,2262.66758565,11579.8687958,16,0.48,True,,38.1940904742,False,2,qualifying,44
319,4,14.6343913004,13.8918296264,0.0352350701318,0.0599800645778,standard,differential_evolution,qualifying,38.1969237437,89.4711145766,1.18,0.0171549120955,0.0171549120955,2360,68.2391243888,175,12148.9924511,2207.50352373,11519.2683315,16,0.48,True,,38.1969237437,True,2,qualifying,44
320,4,15.2404349738,14.72135955,0.0352350701318,0.0599800645778,standard,local,qualifying,38.2038251421,89.0074470774,1.18,0.0172390275072,0.0172390275072,2360,68.1420117909,150,12282.2313676,2286.92292453,11616.5425451,16,0.48,True,,38.2038251421,False,2,qualifying,44
321,4,14.4842432554,13.8918296264,0.0352350701318,0.0599800645778,standard,local,qualifying,38.2083560389,89.461134223,1.18,0.0171328095767,0.0171328095767,2360,68.2020409724,175,12126.2946556,2198.75822448,11493.6396922,16,0.48,True,,38.2083560389,True,2,qualifying,44
322,4,15.2404349738,12.917960675,0.0352350701318,0.0599800645778,standard,local,qualifying,38.2259055172,89.6468033208,1.18,0.0171217168509,0.0171217168509,2360,68.2005643235,175,12091.1445983,2178.03587391,11427.0224237,16,0.48,True,,38.2259055172,True,2,qualifying,44
323,4,13.5410196625,13.8918296264,0.0352350701318,0.0599800645778,standard,local,qualifying,38.2937052844,89.4014534682,1.18,0.016973182385,0.016973182385,2360,67.8259804626,175,11975.1019333,2144.09174615,11338.712229,16,0.48,True,,38.2937052844,True,2,qualifying,44
324,4,15.2404349738,17.639320225,0.0352350701318,0.0599800645778,standard,local,qualifying,38.4611056041,87.0874104808,1.18,0.0171868356083,0.0171868356083,2360,67.4681458753,150,12390.3251146,2453.29488358,11556.2428323,17,0.48,True,,38.4611056041,False,2,qualifying,44
325,4,19.2705098312,13.8918296264,0.0352350701318,0.0599800645778,standard,local,qualifying,38.4642037411,87.3513326335,1.18,0.0172144309013,0.0172144309013,2360,67.538139887,150,12382.0263374,2425.6706465,11246.5990417,17,0.48,True,,38.4642037411,False,2,qualifying,44
326,4,13.75,15,0.0325,0.05125,standard,grid,qualifying,38.5216347872,88.5699827417,1.18,0.0167041989918,0.0167041989918,2360,67.2928778908,175,11815.8786533,2199.02514936,11110.9493232,16,0.56,True,,38.5216347872,True,2,qualifying,44
327,4,13.75,15,0.0325,0.07375,standard,grid,qualifying,38.5842739979,88.6593944477,1.18,0.0166360989175,0.0166360989175,2360,67.2325274657,175,11701.6962485,2191.18538516,11152.4827149,16,0.56,True,,38.5842739979,True,2,qualifying,44
328,4,13.1289717033,14.3307364412,0.0286124930053,0.0511113162468,standard,differential_evolution,qualifying,38.5920867574,88.947619827,1.18,0.0162412545903,0.0162412545903,2360,66.2778636999,175,11365.8461995,2095.42541675,10642.9272819,16,0.48,True,,38.5920867574,True,2,qualifying,44
329,4,18.7759276876,10.8381468985,0.0391928182456,0.0591018405679,standard,differential_evolution,qualifying,38.6656381152,88.200588613,1.18,0.0168471187966,0.0168471187966,2360,66.9200840904,175,11894.6720501,2212.62908137,10814.4778225,17,0.48,True,,38.6656381152,False,2,qualifying,44
330,4,21.25,15,0.0325,0.05125,standard,grid,qualifying,38.6694298299,85.8428456715,1.18,0.0169701789962,0.0169701789962,2360,67.0210081941,150,12286.7731965,2575.13150185,10930.8998856,17,0.48,True,,38.6694298299,False,2,qualifying,44
331,4,21.5824088643,19.0723876263,0.0336363880185,0.0495230269021,standard,random,qualifying,38.700011422,83.1952165044,1.18,0.0169879343044,0.0169879343044,2360,66.8696802276,125,12573.5654334,2857.91733872,10818.695343,17,0.4,True,,38.700011422,False,2,qualifying,44
332,4,17.5,20,0.04,0.06,standard,baseline,qualifying,38.7032666645,84.2408247101,1.18,0.017154171629,0.017154171629,2360,66.8654181253,150,12581.0391855,2715.03521151,11273.7004578,17,0.44,True,,38.7032666645,False,2,qualifying,44
333,4,13.75,15,0.0475,0.05125,standard,grid,qualifying,38.7437377093,88.2882297409,1.18,0.016137600894,0.016137600894,2360,66.2242852524,175,11216.7356797,2148.22260879,10730.3635393,16,0.48,True,,38.7437377093,True,2,qualifying,44
334,4,21.25,15,0.0325,0.07375,standard,grid,qualifying,38.7693271172,85.7042624348,1.18,0.0168817830628,0.0168817830628,2360,66.824188691,150,12161.7669142,2567.4231249,10931.2634468,17,0.48,True,,38.7693271172,False,2,qualifying,44
335,4,22.0765682021,18.9489440798,0.0276133366583,0.0518513822841,standard,differential_evolution,qualifying,38.7878322321,83.1043766813,1.18,0.0167391717248,0.0167391717248,2360,66.6145926065,125,12332.0815585,2861.95799226,10673.7515803,17,0.4,True,,38.7878322321,False,2,qualifying,44
336,4,15.2845300129,19.9315059754,0.0423866649265,0.0575290008558,standard,differential_evolution,qualifying,38.8014257507,85.1355702356,1.18,0.016987324508,0.016987324508,2360,66.6937368909,150,12285.5675716,2597.43132193,11414.8671524,17,0.48,True,,38.8014257507,False,2,qualifying,44
337,4,17.0902655858,20.5689866209,0.0378675143801,0.0652866887903,standard,differential_evolution,qualifying,38.8072664849,84.0201398086,1.18,0.0171384774482,0.0171384774482,2360,66.7146880732,150,12581.2268714,2733.24167208,11296.1070468,17,0.48,True,,38.8072664849,False,2,qualifying,44
338,4,13.75,15,0.0475,0.07375,standard,grid,qualifying,38.816246331,88.3076926585,1.18,0.0160247425779,0.0160247425779,2360,66.0751849972,175,11076.9003665,2138.00494723,10716.3596503,16,0.48,True,,38.816246331,True,2,qualifying,44
339,4,20.0416522058,16.423932815,0.0469326810966,0.0565202402083,standard,differential_evolution,qualifying,38.8170065827,84.4210953447,1.18,0.0168655519941,0.0168655519941,2360,66.820662349,150,12160.9057746,2608.90616645,10989.6238658,17,0.48,True,,38.8170065827,False,2,qualifying,44
340,4,22.772947617,15.4163871264,0.0311949791294,0.0544164655009,standard,random,qualifying,38.8220590961,84.3730456241,1.18,0.0169900197266,0.0169900197266,2360,66.7026848624,150,12411.5664688,2696.06057609,10778.980633,18,0.48,True,,38.8220590961,False,2,qualifying,44
341,4,17.0902655858,20.5689866209,0.0378675143801,0.0688488129088,standard,differential_evolution,qualifying,38.8327723567,84.0416761648,1.18,0.0170735575719,0.0170735575719,2360,66.6536530571,150,12506.7808844,2728.2284103,11277.4215717,17,0.48,True,,38.8327723567,False,2,qualifying,44
342,4,20.8647124777,15.5478822235,0.0467111279219,0.0594010171041,standard,random,qualifying,38.8332393632,85.6219632163,1.18,0.016804058349,0.016804058349,2360,66.6929711124,150,12059.4896624,2566.66065549,10941.3210833,17,0.48,True,,38.8332393632,False,2,qualifying,44
343,4,16.3403240245,19.3993656912,0.0465087213865,0.0482309766068,standard,random,qualifying,38.8441758174,85.5861596035,1.18,0.0165291317245,0.0165291317245,2360,66.5523314429,150,11808.7281543,2573.9105473,11154.5295434,17,0.48,True,,38.8441758174,False,2,qualifying,44
344,4,22.5361382054,13.3876849917,0.0399471241648,0.0701670376147,standard,differential_evolution,qualifying,38.8901997683,85.688999736,1.18,0.0169522082066,0.0169522082066,2360,66.5613363193,150,12190.1000343,2551.44822333,10869.215336,17,0.48,True,,38.8901997683,False,2,qualifying,44
345,4,21.25,15,0.0475,0.05125,standard,grid,qualifying,38.9140249852,85.7860284704,1.18,0.0165944887923,0.0165944887923,2360,66.4829023393,150,11824.1012505,2542.89490349,10819.1081304,17,0.48,True,,38.9140249852,False,2,qualifying,44
346,4,11.9739663576,18.9489440798,0.0429301633097,0.0551934450137,standard,differential_evolution,qualifying,38.9672882627,86.5492718442,1.18,0.0164971382528,0.0164971382528,2360,65.9590112557,150,11685.5005566,2342.91336631,11142.0272694,16,0.48,True,,38.9672882627,False,2,qualifying,44
347,4,20.7330388816,17.9891050237,0.0318071057509,0.0837852119863,standard,differential_evolution,qualifying,38.9741026399,83.897280195,1.18,0.0164582830432,0.0164582830432,2360,66.3975318422,150,11856.4904026,2710.64669569,10750.5015412,17,0.48,True,,38.9741026399,False,2,qualifying,44
348,4,20.7330388816,20.2691552071,0.0358759687919,0.084130404953,standard,differential_evolution,qualifying,38.9814965056,83.0247935812,1.18,0.0164522373196,0.0164522373196,2360,66.317139607,150,11985.114017,2850.93296091,10716.8899588,17,0.44,True,,38.9814965056,False,2,qualifying,44
349,4,17.6902539934,21.7217692571,0.0263962009031,0.0654781532164,standard,differential_evolution,qualifying,38.9826054727,83.414624766,1.18,0.0166284736349,0.0166284736349,2360,66.243556432,150,12165.8912242,2811.54555971,10993.6449784,17,0.48,True,,38.9826054727,False,2,qualifying,44
350,4,16.2725014784,22.033183942,0.0285447810297,0.0541914695613,standard,random,qualifying,38.9891067425,83.7528548687,1.18,0.0166986499617,0.0166986499617,2360,66.2014113075,150,12199.1270011,2770.6708265,11130.8022209,17,0.48,True,,38.9891067425,False,2,qualifying,44
351,4,21.25,15,0.0475,0.07375,standard,grid,qualifying,38.9997843889,85.8177948319,1.18,0.016476157672,0.016476157672,2360,66.3035237051,150,11673.1935965,2530.11860679,10805.7159398,17,0.48,True,,38.9997843889,False,2,qualifying,44
352,4,15.2404349738,22.360679775,0.0352350701318,0.0599800645778,standard,local,qualifying,39.0096701759,83.6367060975,1.18,0.0169881988026,0.0169881988026,2360,66.1956957227,150,12461.9366323,2765.63665231,11343.3714834,17,0.48,True,,39.0096701759,False,2,qualifying,44
353,4,15.8672971618,22.5906347667,0.0337120198045,0.0469092468689,standard,differential_evolution,qualifying,39.0833745589,83.3465106107,1.18,0.0166720220061,0.0166720220061,2360,65.9924644387,150,12180.3692151,2795.22549368,11130.1655705,17,0.48,True,,39.0833745589,False,2,qualifying,44
354,4,11.8384826451,15.1622614955,0.0371731218346,0.0836132776665,standard,random,qualifying,39.0850218522,88.4577890901,1.18,0.0156330500893,0.0156330500893,2360,64.4632435776,200,10718.3779548,2032.81935667,10164.0168628,16,0.48,True,,39.0850218522,True,2,qualifying,44
355,4,11.2743539104,18.3310638722,0.0448610108743,0.0636790629752,standard,differential_evolution,qualifying,39.0858807897,86.835774098,1.18,0.0162454379489,0.0162454379489,2360,65.2607794665,150,11409.3049846,2252.68206052,10884.7003997,16,0.48,True,,39.0858807897,False,2,qualifying,44
356,4,24.3507086489,16.1022803514,0.03103356038,0.0751357848208,standard,differential_evolution,qualifying,39.1233826433,83.2685455746,1.18,0.0166873461977,0.0166873461977,2360,66.0316447772,150,12176.9150727,2798.19804437,10544.006913,17,0.48,True,,39.1233826433,False,2,qualifying,44
357,4,14.1092697278,22.2086093593,0.0317497267909,0.0421325872166,standard,random,qualifying,39.1597333019,84.2015510966,1.18,0.0163039435761,0.0163039435761,2360,65.7961567059,150,11710.2814769,2665.09146614,11036.4174272,16,0.48,True,,39.1597333019,False,2,qualifying,44
358,4,24.7543237828,22.9261382742,0.0406919167739,0.0451387978847,standard,random,qualifying,39.2000247469,79.0762120255,1.18,0.0166653236713,0.0166653236713,2360,65.8191385234,125,12580.9706864,3293.26141198,10301.050432,15,0.32,True,,39.2000247469,False,2,qualifying,44
359,4,21.25,25,0.0325,0.05125,standard,grid,qualifying,39.2175350018,79.335196346,1.18,0.0167675957282,0.0167675957282,2360,65.5927884038,125,12671.7385817,3254.8459567,10595.7678052,15,0.32,True,,39.2175350018,False,2,qualifying,44
360,4,21.25,25,0.0325,0.07375,standard,grid,qualifying,39.281426297,79.3507990739,1.18,0.0166862189393,0.0166862189393,2360,65.4575071817,125,12561.2356541,3243.5814109,10597.462195,16,0.32,True,,39.281426297,False,2,qualifying,44
361,4,20.2526518378,25.3477033662,0.0336469679907,0.0465951797938,standard,random,qualifying,39.2910799727,79.5714621251,1.18,0.0166018188393,0.0166018188393,2360,65.3462027295,125,12464.0603351,3214.88616832,10610.4323035,16,0.32,True,,39.2910799727,False,2,qualifying,44
362,4,14.8823606164,23.9374360307,0.0364938349264,0.0717031701733,standard,random,qualifying,39.3007787668,82.602388218,1.18,0.0167250720958,0.0167250720958,2360,65.5392354175,150,12250.2579863,2851.13231474,11235.8427496,17,0.48,True,,39.3007787668,False,2,qualifying,44
363,4,22.2896626599,24.6377883548,0.0384491779873,0.0773262629323,standard,differential_evolution,qualifying,39.3048271217,79.1438432366,1.18,0.0166173512163,0.0166173512163,2360,65.453509393,125,12498.7695403,3267.33127859,10499.457678,15,0.32,True,,39.3048271217,False,2,qualifying,44
364,4,13.0513582495,16.0256067581,0.0543146342959,0.0524481301099,standard,random,qualifying,39.362583903,87.5028480066,1.18,0.0150828013884,0.0150828013884,2360,63.4895830415,200,10224.2379845,2085.77594384,9671.06626151,16,0.48,True,,39.362583903,True,2,qualifying,44
365,4,20.1658422607,22.3306834313,0.0536480849221,0.058513035139,standard,random,qualifying,39.3660619838,81.8630212888,1.18,0.0160202727486,0.0160202727486,2360,65.4220093595,125,11600.3556517,2938.34356926,10536.7405785,18,0.48,True,,39.3660619838,False,2,qualifying,44
366,4,16.3562398773,24.5684759784,0.0381245252536,0.0712060283145,standard,random,qualifying,39.3689632624,81.684178238,1.18,0.0167217382669,0.0167217382669,2360,65.4181419091,125,12349.8404894,2960.42003338,11086.9262096,17,0.48,True,,39.3689632624,False,2,qualifying,44
367,4,21.25,25,0.0475,0.05125,standard,grid,qualifying,39.3984883553,79.4355578929,1.18,0.0163679305071,0.0163679305071,2360,65.1301193361,125,12196.3321212,3217.26638309,10473.2309706,19,0.32,True,,39.3984883553,False,2,qualifying,44
368,4,23.6866614279,16.6557367227,0.0487222317113,0.0807401538751,standard,random,qualifying,39.4024613379,83.5711375326,1.18,0.0160367830942,0.0160367830942,2360,65.3867290213,150,11410.7996037,2733.73613689,10383.8827374,17,0.48,True,,39.4024613379,False,2,qualifying,44
369,4,13.75,25,0.0325,0.05125,standard,grid,qualifying,39.4141637556,82.2041169413,1.18,0.0165588578526,0.0165588578526,2360,65.2305267367,150,12132.5558138,2888.2115308,11178.139451,17,0.48,True,,39.4141637556,False,2,qualifying,44
370,4,13.213423301,25.1187149791,0.0330367380814,0.0630425249964,standard,differential_evolution,qualifying,39.4280122831,82.2176002503,1.18,0.0166863716795,0.0166863716795,2360,65.2201227604,150,12245.0075923,2882.17238602,11288.5058735,17,0.48,True,,39.4280122831,False,2,qualifying,44
371,4,11.2743539104,18.3310638722,0.0454048967161,0.041013908602,standard,differential_evolution,qualifying,39.4467023383,86.5541782134,1.18,0.0154054966264,0.0154054966264,2360,63.3281512558,200,10632.0737305,2182.91935346,9926.95963744,16,0.48,True,,39.4467023383,False,2,qualifying,44
372,4,23.099671592,26.1669088335,0.0435269144074,0.0581086138827,standard,differential_evolution,qualifying,39.4786830376,77.6645028003,1.18,0.0167094321864,0.0167094321864,2360,65.2157150044,125,12734.797099,3442.92814599,10386.5177715,16,0.32,True,,39.4786830376,False,2,qualifying,44
373,4,13.75,25,0.0325,0.07375,standard,grid,qualifying,39.486534619,82.2135954789,1.18,0.0164886339801,0.0164886339801,2360,65.0917901016,150,12029.2867823,2877.27319896,11189.9055944,17,0.48,True,,39.486534619,False,2,qualifying,44
374,4,21.25,25,0.0475,0.07375,standard,grid,qualifying,39.5000173326,79.4583582341,1.18,0.0162740856838,0.0162740856838,2360,64.9972606722,125,12074.3827687,3205.58542249,10464.5713854,18,0.36,True,,39.5000173326,False,2,qualifying,44
375,4,13.213423301,25.1187149791,0.0305509866723,0.0735534141346,standard,differential_evolution,qualifying,39.521833512,82.3224438361,1.18,0.0163943572957,0.0163943572957,2360,64.9967359048,150,11919.8294104,2861.72934898,11188.0804467,16,0.48,True,,39.521833512,False,2,qualifying,44
376,4,16.2041641918,26.5857268109,0.0384491779873,0.0478235986357,standard,differential_evolution,qualifying,39.5827685237,79.9810312577,1.18,0.0164916447516,0.0164916447516,2360,64.7726982122,125,12236.1886094,3115.28896022,10873.9471656,18,0.4,True,,39.5827685237,False,2,qualifying,44
377,4,13.75,25,0.0475,0.05125,standard,grid,qualifying,39.6060007425,82.3291761077,1.18,0.0161286955495,0.0161286955495,2360,64.8014279678,150,11625.70808,2851.64923187,11038.6242295,17,0.48,True,,39.6060007425,False,2,qualifying,44
378,4,21.0937808242,27.7052933069,0.0414898279679,0.0572936351773,standard,differential_evolution,qualifying,39.6507787616,77.4380823367,1.18,0.0166555703669,0.0166555703669,2360,64.7559100738,125,12682.7871925,3449.01276543,10488.2175369,16,0.32,True,,39.6507787616,False,2,qualifying,44
379,4,12.1337763005,26.3566967061,0.0340578665151,0.0487725188263,standard,differential_evolution,qualifying,39.6634444897,81.6224875533,1.18,0.0163411489427,0.0163411489427,2360,64.6530190636,150,11932.6396805,2928.32622934,11158.6572923,17,0.48,True,,39.6634444897,False,2,qualifying,44
380,4,13.75,25,0.0475,0.07375,standard,grid,qualifying,39.670322755,82.3478919092,1.18,0.0160461809336,0.0160461809336,2360,64.674075372,150,11515.0340579,2841.42460201,11037.890357,16,0.48,True,,39.670322755,False,2,qualifying,44
381,4,12.7118984597,26.9079027825,0.0276172327994,0.0645792893079,standard,random,qualifying,39.6723774671,81.0244914779,1.18,0.0162779634089,0.0162779634089,2360,64.4728444458,125,11903.6221226,2986.65383442,11075.2350308,17,0.4,True,,39.6723774671,False,2,qualifying,44
382,4,12.4347568718,27.1458734711,0.0298913581321,0.0552082877035,standard,random,qualifying,39.6793823885,80.8793186581,1.18,0.0163366700456,0.0163366700456,2360,64.4531388097,125,11980.4198681,3002.64453092,11095.9885331,17,0.4,True,,39.6793823885,False,2,qualifying,44
383,4,16.7653806382,26.0465137127,0.0428225250534,0.0806426934444,standard,random,qualifying,39.685001383,80.4387742756,1.18,0.0161261774943,0.0161261774943,2360,64.527567008,125,11778.3223131,3055.60074769,10766.5580053,17,0.4,True,,39.685001383,False,2,qualifying,44
384,4,21.9609895008,28.0151037691,0.0407158845934,0.0488723210009,standard,random,qualifying,39.7369855309,76.9117296561,1.18,0.0164943528023,0.0164943528023,2360,64.5914840391,125,12568.0688239,3513.64118568,10326.3807428,16,0.32,True,,39.7369855309,False,2,qualifying,44
385,4,10.8701527581,27.7052933069,0.031461818945,0.0608447647664,standard,differential_evolution,qualifying,39.7956705787,80.7894917305,1.18,0.0163281106715,0.0163281106715,2360,64.1948413488,125,11952.9132558,2997.69090176,11193.7852286,17,0.4,True,,39.7956705787,False,2,qualifying,44
386,4,10.609710142,25.4908108351,0.0455146244445,0.0782303010775,standard,random,qualifying,40.0265112677,82.2228017362,1.18,0.0155948167774,0.0155948167774,2360,63.4162861109,150,11049.1111901,2725.51756853,10715.7371665,16,0.48,True,,40.0265112677,False,2,qualifying,44
387,4,24.0946271797,28.5349738551,0.0464671522583,0.0408757949862,standard,random,qualifying,40.0420489956,75.8169415477,1.18,0.0159007413353,0.0159007413353,2360,63.959664323,125,12021.6239088,3634.2265555,9897.7152437,16,0.32,True,,40.0420489956,False,2,qualifying,44
388,4,12.353033509,26.4421680761,0.0512205325624,0.0837852119863,standard,differential_evolution,qualifying,40.2822668254,81.1568697367,1.18,0.0149220447921,0.0149220447921,2360,62.4705580063,150,10419.5368497,2805.43485141,10172.8508236,16,0.4,True,,40.2822668254,True,2,qualifying,44
389,4,15.2845300129,29.2775689834,0.0514981718026,0.0439630167152,standard,differential_evolution,qualifying,40.3232038389,78.476402676,1.18,0.0153535622322,0.0153535622322,2360,63.0993504001,125,11103.8800983,3222.73239862,10394.824068,17,0.4,True,,40.3232038389,False,2,qualifying,44
390,4,13.0876860579,29.5589624341,0.051825936822,0.0654756782366,standard,random,qualifying,40.3615755291,78.9341495843,1.18,0.0154634026965,0.0154634026965,2360,62.9923631884,125,11155.0519459,3164.04755669,10619.8183771,17,0.4,True,,40.3615755291,False,2,qualifying,44
391,4,20.1577864825,11.0450182115,0.0460339464085,0.0646147350344,standard,random,qualifying,39.0156898965,87.2396954625,1.18,0.0163982883009,0.0163982883009,2360,65.9302138947,150,11485.0318183,2254.52591406,10471.9584307,17,0.48,False,balance,39.0156898965,False,2,qualifying,44
392,4,23.9660798937,13.3876849917,0.042842007673,0.0701670376147,standard,differential_evolution,qualifying,39.1006307811,84.6529186642,1.18,0.0167997926175,0.0167997926175,2360,66.0927884531,150,12095.2953321,2628.95598001,10672.7555644,17,0.48,False,balance,39.1006307811,False,2,qualifying,44
393,4,10.7826645144,10.1309951305,0.0483559307823,0.0511303901943,standard,differential_evolution,qualifying,39.1492410099,90.5393110357,1.18,0.0152026711209,0.0152026711209,2360,63.5987089388,225,10165.2990631,1735.53223647,9459.46254739,16,0.56,False,braking_limit,39.1492410099,False,2,qualifying,44
394,4,24.4268919847,14.5957460108,0.0273342917264,0.077480071678,standard,random,qualifying,39.2099110252,84.1506256537,1.18,0.0163175959266,0.0163175959266,2360,65.7802431014,150,11704.4399119,2693.61486514,10403.0120673,17,0.48,False,balance,39.2099110252,False,2,qualifying,44
395,4,24.9307852932,14.6742752621,0.0477527859019,0.061455431921,standard,random,qualifying,39.2788419464,83.631915136,1.18,0.0165750785308,0.0165750785308,2360,65.6804994157,150,11966.6387647,2734.51260448,10484.4857714,17,0.48,False,balance,39.2788419464,False,2,qualifying,44
396,4,10.882939618,14.1718593014,0.0490767971894,0.0437734269814,standard,differential_evolution,qualifying,39.3785925564,88.6131473155,1.18,0.0150057406403,0.0150057406403,2360,62.6611311361,225,10089.212883,1896.96910107,9354.27856979,16,0.48,False,braking_limit,39.3785925564,False,2,qualifying,44
397,4,19.1922036255,12.0115479758,0.0537456182328,0.080267556445,standard,differential_evolution,qualifying,39.8657849552,86.5791212689,1.18,0.0147074430589,0.0147074430589,2360,62.0020498894,200,9855.09234929,2097.45895171,8881.45699578,17,0.48,False,balance,39.8657849552,False,2,qualifying,44
398,4,11.5054940484,29.6917987172,0.0297896966221,0.0623188619983,standard,differential_evolution,qualifying,40.1141420731,79.0114921179,1.18,0.0161362920521,0.0161362920521,2360,63.534023543,125,11906.322302,3181.64494534,10960.5461957,17,0.4,False,balance_shift,40.1141420731,False,2,qualifying,44
399,5,14.9318443627,13.8567668782,0.0412619701824,0.0639317681494,standard,local,qualifying,38.253563209,89.5452607414,1.18,0.0171020528005,0.0171020528005,2360,68.1411792549,175,12059.4292481,2212.62110616,11557.7893112,16,0.48,True,,38.253563209,True,2,qualifying,45
400,5,14.9318443627,13.8371070175,0.0412619701824,0.0639317681494,standard,local,qualifying,38.2539794182,89.5542992997,1.18,0.0171008935448,0.0171008935448,2360,68.1408213796,175,12057.3221294,2211.42686366,11556.0615602,16,0.48,True,,38.2539794182,True,2,qualifying,45
401,5,14.9318443627,13.8054270166,0.0412619701824,0.0639317681494,standard,local,qualifying,38.2546525821,89.5688443352,1.18,0.0170990219748,0.0170990219748,2360,68.1402396628,175,12053.9248626,2209.50571084,11553.2780957,16,0.48,True,,38.2546525821,True,2,qualifying,45
402,5,14.9318443627,13.9320630269,0.0412619701824,0.0639317681494,standard,local,qualifying,38.2555605192,89.5109769077,1.18,0.0171049015602,0.0171049015602,2360,68.129308943,175,12065.3855156,2216.82118831,11564.7046044,16,0.48,True,,38.2555605192,False,2,qualifying,45
403,5,14.9318443627,14.0465456576,0.0412619701824,0.0639317681494,standard,local,qualifying,38.2595090548,89.4586822546,1.18,0.0171088043791,0.0171088043791,2360,68.1082364757,175,12073.8938826,2223.15192338,11575.2996987,16,0.48,True,,38.2595090548,False,2,qualifying,45
404,5,14.9318443627,13.5447103965,0.0412619701824,0.0639317681494,standard,local,qualifying,38.2604314367,89.6867564404,1.18,0.0170853872064,0.0170853872064,2360,68.1350803567,175,12025.7752811,2193.82926579,11540.5237636,16,0.48,True,,38.2604314367,True,2,qualifying,45
405,5,14.9318443627,13.2842396034,0.0412619701824,0.0639317681494,standard,local,qualifying,38.2664321269,89.8027969076,1.18,0.0170715555684,0.0170715555684,2360,68.1294732585,175,11997.4849576,2178.43764388,11528.0803131,16,0.48,True,,38.2664321269,True,2,qualifying,45
406,5,14.9285110291,13.2842396034,0.0412619701824,0.0639317681494,standard,local,qualifying,38.2664952217,89.8024136822,1.18,0.0170712235403,0.0170712235403,2360,68.1297342697,175,11997.0816735,2178.26019926,11527.6433514,16,0.48,True,,38.2664952217,True,2,qualifying,45
407,5,14.9353102248,13.2842396034,0.0412619701824,0.0639317681494,standard,local,qualifying,38.266526086,89.8020232423,1.18,0.0170717338574,0.0170717338574,2360,68.1290278981,175,11997.7652075,2178.59753788,11528.1207252,16,0.48,True,,38.266526086,False,2,qualifying,45
408,5,14.9251776955,13.2842396034,0.0412619701824,0.0639317681494,standard,local,qualifying,38.2665626044,89.8020552422,1.18,0.0170708317982,0.0170708317982,2360,68.1298817248,175,11996.6748208,2178.08212088,11526.9726115,16,0.48,True,,38.2665626044,True,2,qualifying,45
409,5,14.9409181074,13.2842396034,0.0412619701824,0.0639317681494,standard,local,qualifying,38.2667868727,89.7999714246,1.18,0.0170719084633,0.0170719084633,2360,68.1281885783,175,11998.1238458,2178.83952899,11527.9038104,16,0.48,True,,38.2667868727,False,2,qualifying,45
410,5,14.9134822654,13.2842396034,0.0412619701824,0.0639317681494,standard,local,qualifying,38.2668240037,89.800947066,1.18,0.0170691130588,0.0170691130588,2360,68.1297295227,175,11995.2264356,2177.45367844,11523.2400891,16,0.48,True,,38.2668240037,True,2,qualifying,45
411,5,14.9086090547,13.2842396034,0.0412619701824,0.0639317681494,standard,differential_evolution,qualifying,38.2669329984,89.8004851959,1.18,0.017068396955,0.017068396955,2360,68.1296659612,175,11994.6229221,2177.19195937,11521.6854892,16,0.48,True,,38.2669329984,True,2,qualifying,45
412,5,14.8402376983,13.2842396034,0.0412619701824,0.0639317681494,standard,local,qualifying,38.2684661449,89.7939921961,1.18,0.0170583542295,0.0170583542295,2360,68.1287684754,175,11986.1555577,2173.52864819,11510.2171985,16,0.48,True,,38.2684661449,True,2,qualifying,45
413,5,15.1033573347,13.2842396034,0.0412619701824,0.0639317681494,standard,local,qualifying,38.2743793984,89.7402771189,1.18,0.0170769010227,0.0170769010227,2360,68.1037666582,175,12008.4756958,2185.88541095,11521.5994554,16,0.48,True,,38.2743793984,False,2,qualifying,45
414,5,14.4062044822,13.2842396034,0.0412619701824,0.0639317681494,standard,local,qualifying,38.2801870933,89.7504532953,1.18,0.0169989857363,0.0169989857363,2360,68.098660121,175,11930.6569544,2150.33217863,11444.6574245,16,0.48,True,,38.2801870933,True,2,qualifying,45
415,5,14.9318443627,14.72135955,0.0412619701824,0.0639317681494,standard,local,qualifying,38.2846744246,89.1448097749,1.18,0.0171283598321,0.0171283598321,2360,67.9734447381,175,12122.4763104,2261.28884322,11621.5470247,16,0.48,True,,38.2846744246,False,2,qualifying,45
416,5,15.3661895257,13.2842396034,0.0412619701824,0.0639317681494,standard,local,qualifying,38.286820773,89.6426233964,1.18,0.0170847140086,0.0170847140086,2360,68.063803373,175,12025.0763805,2197.43432265,11511.314002,16,0.48,True,,38.286820773,False,2,qualifying,45
417,5,13.5001082871,13.6343121976,0.0374890395746,0.0631738378958,standard,random,qualifying,38.2970349847,89.5758096664,1.18,0.0169773390598,0.0169773390598,2360,67.858905224,175,11948.2524982,2127.66626841,11374.8446952,16,0.48,True,,38.2970349847,True,2,qualifying,45
418,5,14.9318443627,12.917960675,0.0412619701824,0.0639317681494,standard,local,qualifying,38.3014028992,89.7920073304,1.18,0.0170123055343,0.0170123055343,2360,68.0520674419,175,11934.6100289,2153.21946364,11434.1749993,16,0.48,True,,38.3014028992,False,2,qualifying,45
419,5,15.7294901688,13.2842396034,0.0412619701824,0.0639317681494,standard,local,qualifying,38.3044524881,89.5046394275,1.18,0.0170969141533,0.0170969141533,2360,68.0075334575,175,12047.6177968,2213.68026611,11506.8524723,16,0.48,True,,38.3044524881,False,2,qualifying,45
420,5,17.0670334257,12.5439138719,0.0360743735436,0.0598906525628,standard,differential_evolution,qualifying,38.3514857002,88.9455428315,1.18,0.0171332550809,0.0171332550809,2360,67.8777175849,175,12145.2865808,2238.49401478,11292.8601228,17,0.48,True,,38.3514857002,False,2,qualifying,45
421,5,13.5410196625,13.2842396034,0.0412619701824,0.0639317681494,standard,local,qualifying,38.3579433433,89.6747988764,1.18,0.0168388078793,0.0168388078793,2360,67.7102529537,175,11787.2363577,2100.16224024,11286.1326516,16,0.48,True,,38.3579433433,True,2,qualifying,45
422,5,16.1844448141,14.6734841662,0.0432430099125,0.0647280620322,standard,differential_evolution,qualifying,38.3693861299,88.6183510599,1.18,0.0170493077949,0.0170493077949,2360,67.813846988,150,12078.5976884,2307.59444013,11486.7319947,16,0.48,True,,38.3693861299,False,2,qualifying,45
423,5,15.852585772,14.3379384355,0.0303553413411,0.0772693269611,standard,differential_evolution,qualifying,38.4793860227,88.6632182622,1.18,0.0165714830558,0.0165714830558,2360,67.55608919,175,11612.1008699,2244.85841967,11121.0067079,16,0.48,True,,38.4793860227,True,2,qualifying,45
424,5,13.0801689403,11.3134207893,0.0416623710081,0.0598906525628,standard,differential_evolution,qualifying,38.4991080829,90.6575883444,1.18,0.016564544793,0.016564544793,2360,67.241015891,200,11489.4399081,1966.48571559,10982.2028377,16,0.56,True,,38.4991080829,True,2,qualifying,45
425,5,15.1653434538,10.6869309086,0.0368777685846,0.0554084283569,standard,differential_evolution,qualifying,38.5113646392,89.8817700679,1.18,0.0166029045532,0.0166029045532,2360,66.8204922788,200,11598.9593944,2019.15875711,10763.7749809,16,0.48,True,,38.5113646392,False,2,qualifying,45
426,5,15.1653434538,10.6869309086,0.03480054023,0.0554084283569,standard,differential_evolution,qualifying,38.5157448237,89.8422023241,1.18,0.0165633550146,0.0165633550146,2360,66.7287710309,200,11578.0263817,2017.46844518,10703.8181341,16,0.48,True,,38.5157448237,True,2,qualifying,45
427,5,13.75,15,0.0325,0.05125,standard,grid,qualifying,38.5216347872,88.5699827417,1.18,0.0167041989918,0.0167041989918,2360,67.2928778908,175,11815.8786533,2199.02514936,11110.9493232,16,0.56,True,,38.5216347872,False,2,qualifying,45
428,5,14.9318443627,17.639320225,0.0412619701824,0.0639317681494,standard,local,qualifying,38.5392341489,87.2414311414,1.18,0.0170761061275,0.0170761061275,2360,67.2989917286,150,12230.323983,2427.77205621,11566.4258264,17,0.48,True,,38.5392341489,False,2,qualifying,45
429,5,19.2705098312,13.2842396034,0.0412619701824,0.0639317681494,standard,local,qualifying,38.5571171459,87.6902145024,1.18,0.0171029516861,0.0171029516861,2360,67.3420667565,150,12196.2298291,2379.7390094,11236.8000518,17,0.48,True,,38.5571171459,False,2,qualifying,45
430,5,16.224237487,17.8079173506,0.0457484195009,0.0599984653472,standard,differential_evolution,qualifying,38.5803406265,86.6276884529,1.18,0.0168611570495,0.0168611570495,2360,67.1060901103,150,12056.0557438,2482.64506334,11355.0010018,17,0.44,True,,38.5803406265,False,2,qualifying,45
431,5,13.75,15,0.0325,0.07375,standard,grid,qualifying,38.5842739979,88.6593944477,1.18,0.0166360989175,0.0166360989175,2360,67.2325274657,175,11701.6962485,2191.18538516,11152.4827149,16,0.56,True,,38.5842739979,False,2,qualifying,45
432,5,20.5031018215,18.3975087237,0.0360811526719,0.0469266310667,standard,random,qualifying,38.6195114961,84.0852948908,1.18,0.0169629417834,0.0169629417834,2360,67.0274399576,150,12449.0324842,2755.35775142,10922.4704961,18,0.4,True,,38.6195114961,False,2,qualifying,45
433,5,13.7540045894,10.5977038667,0.0364697747279,0.0714671502393,standard,differential_evolution,qualifying,38.6567076018,90.3926987431,1.18,0.0163506001943,0.0163506001943,2360,66.458191555,200,11315.6236696,1942.1503165,10657.7399258,16,0.56,True,,38.6567076018,True,2,qualifying,45
434,5,21.25,15,0.0325,0.05125,standard,grid,qualifying,38.6694298299,85.8428456715,1.18,0.0169701789962,0.0169701789962,2360,67.0210081941,150,12286.7731965,2575.13150185,10930.8998856,17,0.48,True,,38.6694298299,False,2,qualifying,45
435,5,20.0562223715,13.2842396034,0.0333259954165,0.0742342191737,standard,differential_evolution,qualifying,38.6740801565,87.285361581,1.18,0.0168449804856,0.0168449804856,2360,67.0656564321,150,11980.0245135,2406.9155493,11037.3875136,17,0.48,True,,38.6740801565,False,2,qualifying,45
436,5,15.5998946729,10.7088486579,0.0398623623956,0.0491138483647,standard,random,qualifying,38.7022746606,89.4537364057,1.18,0.0162918988174,0.0162918988174,2360,65.9906786866,200,11320.8645111,2012.67610876,10407.2509403,17,0.48,True,,38.7022746606,True,2,qualifying,45
437,5,17.5,20,0.04,0.06,standard,baseline,qualifying,38.7032666645,84.2408247101,1.18,0.017154171629,0.017154171629,2360,66.8654181253,150,12581.0391855,2715.03521151,11273.7004578,17,0.44,True,,38.7032666645,False,2,qualifying,45
438,5,13.7682796261,16.2764558416,0.0303553413411,0.0772693269611,standard,differential_evolution,qualifying,38.7132197941,87.8056682172,1.18,0.016342659072,0.016342659072,2360,66.5828217171,175,11463.0105821,2240.11321073,10961.3945466,16,0.48,True,,38.7132197941,False,2,qualifying,45
439,5,13.75,15,0.0475,0.05125,standard,grid,qualifying,38.7437377093,88.2882297409,1.18,0.016137600894,0.016137600894,2360,66.2242852524,175,11216.7356797,2148.22260879,10730.3635393,16,0.48,True,,38.7437377093,True,2,qualifying,45
440,5,13.7540045894,14.3845427077,0.0482306165047,0.0520647456445,standard,differential_evolution,qualifying,38.7470139688,88.8205817714,1.18,0.0160320873836,0.0160320873836,2360,66.1190293916,175,11092.0440868,2103.27555956,10627.4471271,17,0.48,True,,38.7470139688,True,2,qualifying,45
441,5,18.0634413658,11.8410099622,0.0269659787517,0.0599984653472,standard,differential_evolution,qualifying,38.7565134146,87.8451784152,1.18,0.0163141506216,0.0163141506216,2360,66.1293217726,175,11478.9421005,2190.14229025,10385.5868306,17,0.48,True,,38.7565134146,False,2,qualifying,45
442,5,17.1196021764,11.1772300877,0.0279174616967,0.0658110305193,standard,differential_evolution,qualifying,38.760228084,88.6699458364,1.18,0.0162482796715,0.0162482796715,2360,65.9213879704,175,11355.8128882,2101.83699787,10332.3618751,16,0.48,True,,38.760228084,True,2,qualifying,45
443,5,21.25,15,0.0325,0.07375,standard,grid,qualifying,38.7693271172,85.7042624348,1.18,0.0168817830628,0.0168817830628,2360,66.824188691,150,12161.7669142,2567.4231249,10931.2634468,17,0.48,True,,38.7693271172,False,2,qualifying,45
444,5,12.722892535,14.0339263671,0.0465151612709,0.0522599895023,standard,differential_evolution,qualifying,38.7694934085,89.100221027,1.18,0.0160313775572,0.0160313775572,2360,65.7237354666,175,11079.9521196,2039.80577112,10521.9644632,16,0.48,True,,38.7694934085,True,2,qualifying,45
445,5,13.7033984627,18.9532288495,0.0396581674765,0.0477317693112,standard,random,qualifying,38.7892650336,86.465894468,1.18,0.0166649304511,0.0166649304511,2360,66.6764603122,150,11880.4631136,2432.65145686,11261.7703455,17,0.48,True,,38.7892650336,False,2,qualifying,45
446,5,18.866629367,15.8413349989,0.0478449099735,0.0432718500106,standard,differential_evolution,qualifying,38.8091224449,86.7141403651,1.18,0.016293602405,0.016293602405,2360,66.730937584,150,11470.0055667,2453.7256119,10859.1354131,17,0.48,True,,38.8091224449,False,2,qualifying,45
447,5,20.7187845373,19.0311201025,0.0423474066246,0.0474534130593,standard,differential_evolution,qualifying,38.8122396271,83.7248702953,1.18,0.0168309373952,0.0168309373952,2360,66.783164534,150,12330.688092,2790.89823447,10859.076911,18,0.48,True,,38.8122396271,False,2,qualifying,45
448,5,13.75,15,0.0475,0.07375,standard,grid,qualifying,38.816246331,88.3076926585,1.18,0.0160247425779,0.0160247425779,2360,66.0751849972,175,11076.9003665,2138.00494723,10716.3596503,16,0.48,True,,38.816246331,True,2,qualifying,45
449,5,10.5177594767,12.5620574296,0.0426644632445,0.0609154350005,standard,differential_evolution,qualifying,38.8604459139,90.0539068172,1.18,0.0160735251341,0.0160735251341,2360,65.1459496655,225,11071.26244,1887.97739672,10374.7790483,16,0.56,True,,38.8604459139,True,2,qualifying,45
450,5,18.5636785237,18.3742827568,0.0520921693597,0.051946734296,standard,differential_evolution,qualifying,38.9105410978,85.0242347787,1.18,0.0162432679273,0.0162432679273,2360,66.5257449352,150,11531.1918217,2606.40229643,10852.1675821,17,0.48,True,,38.9105410978,False,2,qualifying,45
451,5,21.25,15,0.0475,0.05125,standard,grid,qualifying,38.9140249852,85.7860284704,1.18,0.0165944887923,0.0165944887923,2360,66.4829023393,150,11824.1012505,2542.89490349,10819.1081304,17,0.48,True,,38.9140249852,False,2,qualifying,45
452,5,21.2609395693,22.2430999385,0.0409074111586,0.046355890733,standard,random,qualifying,38.9234596104,81.2926816906,1.18,0.0167481651836,0.0167481651836,2360,66.1595790552,125,12466.1663955,3043.88666794,10682.4464578,16,0.32,True,,38.9234596104,False,2,qualifying,45
453,5,11.983703792,16.3905761197,0.0452982886853,0.0520647456445,standard,differential_evolution,qualifying,38.9456277996,87.9843496944,1.18,0.0160969246858,0.0160969246858,2360,65.3287314065,175,11216.3769033,2143.79372497,10628.5324013,17,0.48,True,,38.9456277996,False,2,qualifying,45
454,5,18.866629367,11.7026134591,0.0478449099735,0.0647280620322,standard,differential_evolution,qualifying,38.9859003203,87.6222020022,1.18,0.0162438230349,0.0162438230349,2360,65.892969939,175,11309.3051776,2205.51258981,10468.1180548,17,0.48,True,,38.9859003203,False,2,qualifying,45
455,5,21.25,15,0.0475,0.07375,standard,grid,qualifying,38.9997843889,85.8177948319,1.18,0.016476157672,0.016476157672,2360,66.3035237051,150,11673.1935965,2530.11860679,10805.7159398,17,0.48,True,,38.9997843889,False,2,qualifying,45
456,5,14.4202597895,15.1100212087,0.0492651368278,0.0402173769046,standard,differential_evolution,qualifying,39.0446064241,87.9468135485,1.18,0.0154162265231,0.0154162265231,2360,64.8770025186,200,10550.3036329,2125.25277744,10022.5652235,16,0.48,True,,39.0446064241,True,2,qualifying,45
457,5,20.1523634586,12.2822011139,0.0490990265432,0.0625533097847,standard,random,qualifying,39.0561932515,86.9254010029,1.18,0.0162500073102,0.0162500073102,2360,65.9409289077,150,11354.9612019,2302.01906955,10468.4320257,17,0.48,True,,39.0561932515,False,2,qualifying,45
458,5,14.9318443627,22.360679775,0.0412619701824,0.0639317681494,standard,local,qualifying,39.0855169702,83.7770584462,1.18,0.0168710498586,0.0168710498586,2360,66.0258106572,150,12298.7010309,2739.80314222,11346.8533751,17,0.48,True,,39.0855169702,False,2,qualifying,45
459,5,18.5969598542,20.5698229034,0.0479095071941,0.0765261745154,standard,random,qualifying,39.0894272712,83.6069869006,1.18,0.0163423998613,0.0163423998613,2360,66.0472998604,150,11763.7419137,2753.687242,10872.8870552,17,0.48,True,,39.0894272712,False,2,qualifying,45
460,5,16.1309242475,22.456398015,0.0338994064995,0.0434281228519,standard,random,qualifying,39.0993852171,83.3976900223,1.18,0.0165390121986,0.0165390121986,2360,65.9451829348,150,12040.996802,2789.23769517,11054.9257017,17,0.48,True,,39.0993852171,False,2,qualifying,45
461,5,24.4786319932,19.0311201025,0.0423474066246,0.0474534130593,standard,differential_evolution,qualifying,39.1007456002,81.6245571598,1.18,0.016745315575,0.016745315575,2360,65.9784982559,125,12412.842634,2993.18575214,10482.1792978,17,0.4,True,,39.1007456002,False,2,qualifying,45
462,5,12.4966560222,16.5894424977,0.0507790246856,0.0608226425639,standard,differential_evolution,qualifying,39.1538297611,87.6213929186,1.18,0.0156710190981,0.0156710190981,2360,64.5958073623,200,10796.0862878,2141.56276288,10289.6667265,17,0.48,True,,39.1538297611,False,2,qualifying,45
463,5,10.9271982939,17.984978147,0.0255277136912,0.0570846459583,standard,differential_evolution,qualifying,39.1809731704,86.9851846787,1.18,0.0158003876813,0.0158003876813,2360,64.1685020924,200,11050.0113633,2185.57397737,10242.2904032,16,0.48,True,,39.1809731704,False,2,qualifying,45
464,5,21.25,25,0.0325,0.05125,standard,grid,qualifying,39.2175350018,79.335196346,1.18,0.0167675957282,0.0167675957282,2360,65.5927884038,125,12671.7385817,3254.8459567,10595.7678052,15,0.32,True,,39.2175350018,False,2,qualifying,45
465,5,20.8624523277,20.5803681628,0.0539219776558,0.0610939393209,standard,random,qualifying,39.2244238918,82.72741844,1.18,0.016071508223,0.016071508223,2360,65.8332701504,150,11575.8140194,2853.76925009,10541.5676206,17,0.48,True,,39.2244238918,False,2,qualifying,45
466,5,23.0521356039,24.859004047,0.0377853876767,0.0656225537189,standard,differential_evolution,qualifying,39.2250940386,78.5263629309,1.18,0.0169708044014,0.0169708044014,2360,65.7764994779,125,12950.3085248,3359.29378082,10532.053868,15,0.32,True,,39.2250940386,False,2,qualifying,45
467,5,22.0182610508,23.6739329692,0.0485992405665,0.0524304234039,standard,differential_evolution,qualifying,39.2469236597,80.0175289558,1.18,0.0163959129824,0.0163959129824,2360,65.4695787945,125,12181.6971133,3162.66663681,10457.3247335,16,0.32,True,,39.2469236597,False,2,qualifying,45
468,5,13.1257923949,22.6629609077,0.0250016257744,0.0578766211182,standard,random,qualifying,39.2790101697,83.9522821847,1.18,0.0161782312892,0.0161782312892,2360,65.3982947013,150,11608.4649758,2648.73684194,10939.2722899,16,0.48,True,,39.2790101697,False,2,qualifying,45
469,5,20.3993270236,25.460361401,0.0297860519513,0.0539205795137,standard,random,qualifying,39.2803735527,79.405132609,1.18,0.0166774077389,0.0166774077389,2360,65.3990631061,125,12564.321713,3237.96342064,10623.9203523,16,0.32,True,,39.2803735527,False,2,qualifying,45
470,5,21.25,25,0.0325,0.07375,standard,grid,qualifying,39.281426297,79.3507990739,1.18,0.0166862189393,0.0166862189393,2360,65.4575071817,125,12561.2356541,3243.5814109,10597.462195,16,0.32,True,,39.281426297,False,2,qualifying,45
471,5,18.9355670219,25.6962682178,0.0317255141548,0.0647280620322,standard,differential_evolution,qualifying,39.2957564025,79.7966355228,1.18,0.0167773127586,0.0167773127586,2360,65.335507715,125,12607.2884806,3181.98424894,10805.6763217,18,0.32,True,,39.2957564025,False,2,qualifying,45
472,5,22.3901993998,24.1127886554,0.0405059146533,0.0810369696105,standard,random,qualifying,39.3102675273,79.5264778348,1.18,0.0164195204745,0.0164195204745,2360,65.3842578856,125,12248.2514407,3217.99536824,10439.0520379,16,0.32,True,,39.3102675273,False,2,qualifying,45
473,5,13.7413015795,21.7450866217,0.0506212944415,0.0632032105783,standard,differential_evolution,qualifying,39.3310240689,84.5646303665,1.18,0.0160573712004,0.0160573712004,2360,65.416665006,150,11345.7959757,2583.10468416,10983.7081505,16,0.48,True,,39.3310240689,False,2,qualifying,45
474,5,24.1056063671,21.5242383177,0.0478449099735,0.0432718500106,standard,differential_evolution,qualifying,39.348685641,80.457067639,1.18,0.0162242932874,0.0162242932874,2360,65.4429615033,125,11949.5311404,3106.13360126,10255.893008,16,0.4,True,,39.348685641,False,2,qualifying,45
475,5,20.6459059014,24.0375185491,0.0406865984954,0.0832178360688,standard,random,qualifying,39.3607131389,80.4422627635,1.18,0.0162767061113,0.0162767061113,2360,65.2458221856,125,11993.5251822,3099.73428255,10555.9722833,18,0.36,True,,39.3607131389,False,2,qualifying,45
476,5,20.6072938708,26.3682149571,0.034573907588,0.0596338089435,standard,random,qualifying,39.3831451356,78.5753902611,1.18,0.0168530972234,0.0168530972234,2360,65.2819988117,125,12809.1280149,3330.4125611,10651.3795184,15,0.32,True,,39.3831451356,False,2,qualifying,45
477,5,16.1286707034,23.4255287961,0.0438240348956,0.077803706008,standard,random,qualifying,39.3838112236,82.6690492757,1.18,0.0163429339873,0.0163429339873,2360,65.3505386582,150,11831.2150394,2836.17443863,11016.3162183,17,0.48,True,,39.3838112236,False,2,qualifying,45
478,5,21.25,25,0.0475,0.05125,standard,grid,qualifying,39.3984883553,79.4355578929,1.18,0.0163679305071,0.0163679305071,2360,65.1301193361,125,12196.3321212,3217.26638309,10473.2309706,19,0.32,True,,39.3984883553,False,2,qualifying,45
479,5,17.4279526928,21.9467908784,0.0498532314163,0.0840141792353,standard,differential_evolution,qualifying,39.4008254964,83.50115972,1.18,0.0157291451872,0.0157291451872,2360,65.284488979,150,11119.6564371,2746.37884185,10710.8924733,17,0.48,True,,39.4008254964,False,2,qualifying,45
480,5,20.400755246,22.8875924219,0.0520044461574,0.0492325015184,standard,differential_evolution,qualifying,39.4061322898,81.4827452752,1.18,0.0160113016688,0.0160113016688,2360,65.3273201231,125,11643.715314,2988.3502551,10487.6685085,18,0.48,True,,39.4061322898,False,2,qualifying,45
481,5,13.75,25,0.0325,0.05125,standard,grid,qualifying,39.4141637556,82.2041169413,1.18,0.0165588578526,0.0165588578526,2360,65.2305267367,150,12132.5558138,2888.2115308,11178.139451,17,0.48,True,,39.4141637556,False,2,qualifying,45
482,5,16.8988344322,22.8875924219,0.0520044461574,0.0492325015184,standard,differential_evolution,qualifying,39.4147343075,82.940562363,1.18,0.0159230815293,0.0159230815293,2360,65.2421971961,150,11384.5416109,2806.90921733,10771.1486429,17,0.48,True,,39.4147343075,False,2,qualifying,45
483,5,22.0523772547,25.083672839,0.0470157889899,0.0693953121062,standard,differential_evolution,qualifying,39.4280216862,78.9810368292,1.18,0.0164405059826,0.0164405059826,2360,65.1466713271,125,12307.9296079,3271.73806002,10443.8508977,16,0.32,True,,39.4280216862,False,2,qualifying,45
484,5,11.3541901525,20.5084906726,0.0415690552196,0.0402173769046,standard,differential_evolution,qualifying,39.4767683393,85.1509573756,1.18,0.0156747158259,0.0156747158259,2360,63.8026168197,175,10995.0613221,2363.74888353,10294.9983022,16,0.48,True,,39.4767683393,False,2,qualifying,45
485,5,13.75,25,0.0325,0.07375,standard,grid,qualifying,39.486534619,82.2135954789,1.18,0.0164886339801,0.0164886339801,2360,65.0917901016,150,12029.2867823,2877.27319896,11189.9055944,17,0.48,True,,39.486534619,False,2,qualifying,45
486,5,21.25,25,0.0475,0.07375,standard,grid,qualifying,39.5000173326,79.4583582341,1.18,0.0162740856838,0.0162740856838,2360,64.9972606722,125,12074.3827687,3205.58542249,10464.5713854,18,0.36,True,,39.5000173326,False,2,qualifying,45
487,5,13.6848381808,25.7799923179,0.0358961632694,0.067580476724,standard,random,qualifying,39.5423400902,81.5280747413,1.18,0.0166502802811,0.0166502802811,2360,64.9885197309,125,12257.5165963,2949.60454241,11217.7056561,17,0.48,True,,39.5423400902,False,2,qualifying,45
488,5,14.5393933996,25.6352270377,0.0254019046104,0.0658110305193,standard,differential_evolution,qualifying,39.5678369573,81.5545101892,1.18,0.0162372221067,0.0162372221067,2360,64.8857107962,125,11861.1311872,2952.20479884,10965.5352876,17,0.48,True,,39.5678369573,False,2,qualifying,45
489,5,17.653432828,25.586793448,0.0488833991338,0.0667639751953,standard,random,qualifying,39.6041971532,80.4303561307,1.18,0.0162158866121,0.0162158866121,2360,64.7260631226,125,11883.4278976,3065.78811712,10734.3739746,18,0.4,True,,39.6041971532,False,2,qualifying,45
490,5,13.75,25,0.0475,0.05125,standard,grid,qualifying,39.6060007425,82.3291761077,1.18,0.0161286955495,0.0161286955495,2360,64.8014279678,150,11625.70808,2851.64923187,11038.6242295,17,0.48,True,,39.6060007425,False,2,qualifying,45
491,5,17.5742458566,25.4042413305,0.0467383075476,0.0805620139012,standard,differential_evolution,qualifying,39.6625819881,80.6906217492,1.18,0.0159643287781,0.0159643287781,2360,64.5704440786,125,11587.5389717,3028.94428088,10663.0181872,17,0.4,True,,39.6625819881,False,2,qualifying,45
492,5,15.6240775255,27.4857790757,0.0344796106193,0.0553249844169,standard,random,qualifying,39.6640682925,79.4193781232,1.18,0.0166116212852,0.0166116212852,2360,64.6234054458,125,12412.089414,3175.4185659,10930.0400793,18,0.4,True,,39.6640682925,False,2,qualifying,45
493,5,13.75,25,0.0475,0.07375,standard,grid,qualifying,39.670322755,82.3478919092,1.18,0.0160461809336,0.0160461809336,2360,64.674075372,150,11515.0340579,2841.42460201,11037.890357,16,0.48,True,,39.670322755,False,2,qualifying,45
494,5,22.1665894965,27.3055374053,0.0438952879796,0.0421110239702,standard,random,qualifying,39.7498402094,77.4416706447,1.18,0.016147538091,0.016147538091,2360,64.4518912081,125,12146.9743769,3440.20960159,10206.6216593,16,0.32,True,,39.7498402094,False,2,qualifying,45
495,5,13.6119931322,28.3484942179,0.0317843021567,0.0656053206892,standard,differential_evolution,qualifying,39.8820897898,78.9360468451,1.18,0.0164683273564,0.0164683273564,2360,64.1595917848,125,12241.6341717,3173.49318763,10988.8019767,17,0.4,True,,39.8820897898,False,2,qualifying,45
496,5,24.0475342797,28.3484942179,0.0317843021567,0.0795554845824,standard,differential_evolution,qualifying,39.9068573719,75.8750999524,1.18,0.0162560942587,0.0162560942587,2360,64.3519981671,125,12405.7462265,3644.63445471,10057.6928492,16,0.32,True,,39.9068573719,False,2,qualifying,45
497,5,11.4517921229,24.859004047,0.0506977600107,0.0656225537189,standard,differential_evolution,qualifying,39.9245707261,82.5494292286,1.18,0.0155971542288,0.0155971542288,2360,63.6786798574,150,11033.2241909,2701.65923321,10689.9284494,16,0.48,True,,39.9245707261,False,2,qualifying,45
498,5,13.6281834452,28.1603930282,0.0319026459232,0.0772693269611,standard,differential_evolution,qualifying,39.9291319826,79.7586240588,1.18,0.0161119097247,0.0161119097247,2360,63.9525574285,125,11814.1548414,3110.46265093,10900.1830518,17,0.4,True,,39.9291319826,False,2,qualifying,45
499,5,15.7454015351,27.9854850721,0.0279036552192,0.0765437538785,standard,random,qualifying,39.9543640894,78.3513790894,1.18,0.0161446259377,0.0161446259377,2360,64.0621805312,125,11938.3117459,3212.23773117,10712.9172507,17,0.4,True,,39.9543640894,False,2,qualifying,45
500,5,13.5023486092,24.2043166463,0.0548338862498,0.0716292201114,standard,differential_evolution,qualifying,39.9584320447,82.5960600036,1.18,0.0151973570799,0.0151973570799,2360,63.5435739718,150,10622.9724784,2692.57629256,10366.6809826,16,0.48,True,,39.9584320447,True,2,qualifying,45
501,5,13.7413015795,29.0088645353,0.0394494465336,0.0632032105783,standard,differential_evolution,qualifying,40.0169187236,78.1848977004,1.18,0.0164725431643,0.0164725431643,2360,63.9275701454,125,12287.8060259,3237.83777278,10950.4806219,18,0.4,True,,40.0169187236,False,2,qualifying,45
502,5,14.6650031086,27.082915589,0.0537298561632,0.0712804345247,standard,differential_evolution,qualifying,40.0325226118,80.5532666904,1.18,0.0154317696577,0.0154317696577,2360,63.6916162844,125,11000.018208,3004.45883375,10619.0841395,17,0.4,True,,40.0325226118,False,2,qualifying,45
503,5,11.595569695,12.5077915852,0.0483343087927,0.0478559190694,standard,random,qualifying,39.1363897615,89.5354020052,1.18,0.0153513801953,0.0153513801953,2360,63.9213162474,225,10393.0655184,1873.26660976,9693.08216975,16,0.56,False,braking_limit,39.1363897615,False,2,qualifying,45
504,5,10.8233097548,12.3975981786,0.0460692839819,0.0419834012232,standard,random,qualifying,39.2669353918,89.5085077303,1.18,0.0151256036938,0.0151256036938,2360,63.1259285286,225,10178.129559,1824.43756084,9401.71019337,16,0.56,False,braking_limit,39.2669353918,False,2,qualifying,45
505,5,12.1708102588,14.0339263671,0.0524278135918,0.0467700941545,standard,differential_evolution,qualifying,39.3356766232,88.524427096,1.18,0.0149357680709,0.0149357680709,2360,63.0097523518,225,10021.1169694,1933.05976107,9374.94208593,16,0.48,False,braking_limit,39.3356766232,False,2,qualifying,45
506,5,12.1708102588,10.2974878727,0.0524278135918,0.0467700941545,standard,differential_evolution,qualifying,39.569794086,89.6657070643,1.18,0.0145955674598,0.0145955674598,2360,61.9784481823,225,9596.80277026,1736.24285713,8822.22577523,16,0.56,False,braking_limit,39.569794086,False,2,qualifying,45
507,5,13.1547978353,10.2714055721,0.0542428318998,0.0725492528495,standard,random,qualifying,39.7738539751,89.2313670265,1.18,0.0144224486447,0.0144224486447,2360,61.3932370581,225,9423.9082918,1750.12847214,8635.34636191,16,0.56,False,braking_limit,39.7738539751,False,2,qualifying,45
508,5,11.1489264473,29.0088645353,0.0373819198136,0.0700138388085,standard,differential_evolution,qualifying,40.0520853718,79.6326364198,1.18,0.0162084330751,0.0162084330751,2360,63.6697772654,125,11898.9839488,3107.7255648,11077.1050271,17,0.4,False,balance_shift,40.0520853718,False,2,qualifying,45
509,5,11.1489264473,29.764276082,0.0373819198136,0.0700138388085,standard,differential_evolution,qualifying,40.1858814181,78.8845777038,1.18,0.0161594712386,0.0161594712386,2360,63.4119228209,125,11902.4543901,3177.35600849,11007.8943317,17,0.4,False,balance_shift,40.1858814181,False,2,qualifying,45
510,5,11.8649613928,29.8498631517,0.035753086728,0.0711488309115,standard,random,qualifying,40.2120473533,78.2139330679,1.18,0.0162157429159,0.0162157429159,2360,63.4359522971,125,12000.1014043,3226.10705596,10955.3625272,17,0.4,False,balance_shift,40.2120473533,False,2,qualifying,45
511,6,15.1550857436,14.1719516433,0.0389098051254,0.045937293338,standard,local,qualifying,38.3706161395,88.8811038155,1.18,0.0167244610622,0.0167244610622,2360,67.7738434564,175,11766.5810306,2216.75217184,11157.7632942,16,0.48,True,,38.3706161395,True,2,qualifying,46
512,6,15.1550857436,13.9127861854,0.0389098051254,0.045937293338,standard,local,qualifying,38.3760262927,89.0013020111,1.18,0.0167091712691,0.0167091712691,2360,67.7524177944,175,11739.5970656,2200.92608977,11139.0287502,16,0.48,True,,38.3760262927,True,2,qualifying,46
513,6,15.1550857436,13.855991448,0.0389098051254,0.045937293338,standard,local,qualifying,38.3773513094,89.0272789386,1.18,0.0167055644364,0.0167055644364,2360,67.7477387013,175,11733.5649281,2197.47412207,11136.3995276,16,0.48,True,,38.3773513094,True,2,qualifying,46
514,6,15.1517523869,13.855991448,0.0389098051254,0.045937293338,standard,local,qualifying,38.3774329368,89.0273606908,1.18,0.0167050652928,0.0167050652928,2360,67.7469201883,175,11733.1624516,2197.29324522,11136.0156844,16,0.48,True,,38.3774329368,True,2,qualifying,46
515,6,15.1597392569,13.855991448,0.0389098051254,0.045937293338,standard,local,qualifying,38.3775160632,89.0254837345,1.18,0.0167059754743,0.0167059754743,2360,67.7480813635,175,11733.9041646,2197.68442527,11136.9320032,16,0.48,True,,38.3775160632,False,2,qualifying,46
516,6,15.1413023893,13.855991448,0.0389098051254,0.045937293338,standard,local,qualifying,38.3777722356,89.0270340614,1.18,0.0167034245396,0.0167034245396,2360,67.7442746307,175,11731.8339906,2196.71384513,11134.8184725,16,0.48,True,,38.3777722356,True,2,qualifying,46
517,6,15.1672687996,13.855991448,0.0389098051254,0.045937293338,standard,local,qualifying,38.3778481318,89.0226931675,1.18,0.0167063162369,0.0167063162369,2360,67.7474413028,175,11734.4019454,2198.01476451,11136.6690441,16,0.48,True,,38.3778481318,False,2,qualifying,46
518,6,15.1199059612,13.855991448,0.0389098051254,0.045937293338,standard,local,qualifying,38.378467633,89.0263615226,1.18,0.016700065827,0.016700065827,2360,67.738859717,175,11729.113868,2195.5286886,11132.3689754,16,0.48,True,,38.378467633,True,2,qualifying,46
519,6,15.1923748826,13.855991448,0.0389098051254,0.045937293338,standard,local,qualifying,38.3789563304,89.013380567,1.18,0.0167074509502,0.0167074509502,2360,67.745305831,175,11736.0607948,2199.11733679,11135.7916171,16,0.48,True,,38.3789563304,False,2,qualifying,46
520,6,15.0220258527,13.855991448,0.0389098051254,0.045937293338,standard,local,qualifying,38.3817460148,89.0227655788,1.18,0.0166860437238,0.0166860437238,2360,67.7137462341,175,11716.6007849,2190.11414438,11121.0338532,16,0.48,True,,38.3817460148,True,2,qualifying,46
521,6,15.2750119125,13.855991448,0.0389098051254,0.045937293338,standard,local,qualifying,38.38261539,88.9826436278,1.18,0.0167111700041,0.0167111700041,2360,67.7382606047,175,11741.5105922,2202.75844342,11133.4234843,16,0.48,True,,38.38261539,False,2,qualifying,46
522,6,15.1550857436,14.591290163,0.0389098051254,0.045937293338,standard,local,qualifying,38.3828167713,88.6857534481,1.18,0.0167379994128,0.0167379994128,2360,67.7322627529,175,11798.3975337,2240.70286142,11184.8498213,16,0.48,True,,38.3828167713,False,2,qualifying,46
523,6,15.1550857436,14.72135955,0.0389098051254,0.045937293338,standard,local,qualifying,38.3875245616,88.6245761047,1.18,0.0167411194337,0.0167411194337,2360,67.7153563072,175,11807.6458716,2248.16022973,11190.7833845,16,0.48,True,,38.3875245616,False,2,qualifying,46
524,6,15.1550857436,14.8700957345,0.0389098051254,0.045937293338,standard,local,qualifying,38.3929995513,88.5540267528,1.18,0.0167448680975,0.0167448680975,2360,67.6958367862,175,11818.1434834,2256.75812354,11197.4576584,16,0.48,True,,38.3929995513,False,2,qualifying,46
525,6,15.7294901688,13.855991448,0.0389098051254,0.045937293338,standard,local,qualifying,38.4034851313,88.8115553579,1.18,0.0167300511429,0.0167300511429,2360,67.6990275089,175,11770.9750003,2223.0660897,11130.8243095,16,0.48,True,,38.4034851313,False,2,qualifying,46
526,6,16.0188599579,13.855991448,0.0389098051254,0.045937293338,standard,local,qualifying,38.4173725343,88.701441573,1.18,0.0167391151668,0.0167391151668,2360,67.669504941,175,11789.0969277,2236.20539935,11120.3381318,17,0.48,True,,38.4173725343,False,2,qualifying,46
527,6,16.7228315947,13.855991448,0.0389098051254,0.045937293338,standard,random,qualifying,38.4523128922,88.4259918488,1.18,0.0167630235284,0.0167630235284,2360,67.5953863632,150,11832.1523796,2269.0492871,11093.9487636,17,0.48,True,,38.4523128922,False,2,qualifying,46
528,6,17.2609909688,14.9485928094,0.0422981980371,0.0471170047933,standard,random,qualifying,38.4649256883,88.0085274805,1.18,0.0168301001809,0.0168301001809,2360,67.5377290924,150,11932.0667709,2362.95925337,11261.483582,17,0.48,True,,38.4649256883,False,2,qualifying,46
529,6,14.6126858093,13.855991448,0.0389098051254,0.045937293338,standard,local,qualifying,38.4871743914,89.0090310197,1.18,0.0166191494856,0.0166191494856,2360,67.5428981866,175,11672.5272103,2169.48683156,11049.5257233,16,0.56,True,,38.4871743914,True,2,qualifying,46
530,6,15.1550857436,13.4934476657,0.0389098051254,0.045937293338,standard,local,qualifying,38.4945080871,89.0471276813,1.18,0.0166441146509,0.0166441146509,2360,67.5819944498,175,11687.6433049,2174.46740632,11048.26094,16,0.56,True,,38.4945080871,False,2,qualifying,46
531,6,13.5410196625,13.855991448,0.0389098051254,0.045937293338,standard,local,qualifying,38.5156297653,89.2528272036,1.18,0.0163932396721,0.0163932396721,2360,66.8116582371,175,11456.2500244,2097.59819795,10852.9930768,16,0.48,True,,38.5156297653,True,2,qualifying,46
532,6,13.75,15,0.0325,0.05125,standard,grid,qualifying,38.5216347872,88.5699827417,1.18,0.0167041989918,0.0167041989918,2360,67.2928778908,175,11815.8786533,2199.02514936,11110.9493232,16,0.56,True,,38.5216347872,False,2,qualifying,46
533,6,18.5219549277,16.6248848125,0.0297023768888,0.0458638036229,standard,differential_evolution,qualifying,38.5246558879,86.5573397038,1.18,0.0167169349882,0.0167169349882,2360,67.3400754105,150,12003.4201429,2522.43646184,11038.5965121,17,0.48,True,,38.5246558879,False,2,qualifying,46
534,6,19.4728125657,13.6798713792,0.037500294313,0.0498533522317,standard,differential_evolution,qualifying,38.5339325988,87.4273131548,1.18,0.0170169299397,0.0170169299397,2360,67.3556833882,150,12170.3895848,2412.73738662,11140.1120565,17,0.48,True,,38.5339325988,False,2,qualifying,46
535,6,19.2378484044,19.3157460459,0.0310427386896,0.0580669516725,standard,random,qualifying,38.5454914922,84.0924903662,1.18,0.0171059173661,0.0171059173661,2360,67.1383953425,150,12611.539512,2762.07745668,11080.6019507,17,0.4,True,,38.5454914922,False,2,qualifying,46
536,6,16.7697823153,18.738157758,0.0344643497868,0.0605022813645,standard,differential_evolution,qualifying,38.5548052911,85.7857610529,1.18,0.0171798524216,0.0171798524216,2360,67.2544690432,150,12513.5254765,2590.48746311,11386.1241828,17,0.48,True,,38.5548052911,False,2,qualifying,46
537,6,15.1550857436,17.639320225,0.0389098051254,0.045937293338,standard,local,qualifying,38.5679624614,87.1502289214,1.18,0.0167866342748,0.0167866342748,2360,67.2252767095,150,11975.348816,2425.49687805,11326.6794792,17,0.48,True,,38.5679624614,False,2,qualifying,46
538,6,13.75,15,0.0325,0.07375,standard,grid,qualifying,38.5842739979,88.6593944477,1.18,0.0166360989175,0.0166360989175,2360,67.2325274657,175,11701.6962485,2191.18538516,11152.4827149,16,0.56,True,,38.5842739979,False,2,qualifying,46
539,6,19.2705098312,13.855991448,0.0389098051254,0.045937293338,standard,local,qualifying,38.5977302551,87.3593810193,1.18,0.0168216377111,0.0168216377111,2360,67.2390657326,150,11972.7606243,2397.43371395,11009.1819518,17,0.48,True,,38.5977302551,False,2,qualifying,46
540,6,15.1550857436,11.5066445018,0.0389098051254,0.045937293338,standard,local,qualifying,38.6539564903,89.4375803867,1.18,0.0162489905531,0.0162489905531,2360,66.1917653494,175,11291.5202511,2030.12650083,10471.2018429,16,0.48,True,,38.6539564903,True,2,qualifying,46
541,6,21.25,15,0.0325,0.05125,standard,grid,qualifying,38.6694298299,85.8428456715,1.18,0.0169701789962,0.0169701789962,2360,67.0210081941,150,12286.7731965,2575.13150185,10930.8998856,17,0.48,True,,38.6694298299,False,2,qualifying,46
542,6,19.5744029107,19.5750716637,0.0400342175901,0.0706425399807,standard,random,qualifying,38.672467579,83.8706492333,1.18,0.0170401338964,0.0170401338964,2360,66.9048411445,150,12529.0373115,2778.58993359,11067.8845429,17,0.4,True,,38.672467579,False,2,qualifying,46
543,6,10.9970490278,12.1011832307,0.0367028398294,0.0546739910513,standard,random,qualifying,38.6734272192,90.3085469627,1.18,0.0162733773626,0.0162733773626,2360,65.8004902862,225,11285.0323819,1902.07924389,10526.5713035,16,0.56,True,,38.6734272192,True,2,qualifying,46
544,6,13.8475697475,14.6821461996,0.0475117117681,0.0530155977482,standard,differential_evolution,qualifying,38.6875741508,88.4954843719,1.18,0.0162148265326,0.0162148265326,2360,66.4670524897,175,11270.7584871,2140.91635865,10805.0088839,16,0.48,True,,38.6875741508,True,2,qualifying,46
545,6,17.5,20,0.04,0.06,standard,baseline,qualifying,38.7032666645,84.2408247101,1.18,0.017154171629,0.017154171629,2360,66.8654181253,150,12581.0391855,2715.03521151,11273.7004578,17,0.44,True,,38.7032666645,False,2,qualifying,46
546,6,20.3730651982,19.3675312812,0.0438588462179,0.0649260174137,standard,differential_evolution,qualifying,38.7051512356,83.6101922806,1.18,0.0170014803428,0.0170014803428,2360,66.9098780371,150,12505.868361,2805.04202818,10976.1569356,18,0.4,True,,38.7051512356,False,2,qualifying,46
547,6,13.75,15,0.0475,0.05125,standard,grid,qualifying,38.7437377093,88.2882297409,1.18,0.016137600894,0.016137600894,2360,66.2242852524,175,11216.7356797,2148.22260879,10730.3635393,16,0.48,True,,38.7437377093,True,2,qualifying,46
548,6,17.9261291825,12.0029746902,0.0409798321736,0.0722295038426,standard,differential_evolution,qualifying,38.7522539589,88.3903104224,1.18,0.0167022101609,0.0167022101609,2360,67.0257896902,175,11724.8536926,2216.17419176,10926.4752528,17,0.56,True,,38.7522539589,False,2,qualifying,46
549,6,21.1809009802,16.4061380889,0.031872739123,0.0437954851479,standard,differential_evolution,qualifying,38.7674876556,85.0401038505,1.18,0.0166992186474,0.0166992186474,2360,66.783266999,150,12081.9583528,2644.49236351,10791.3414418,18,0.48,True,,38.7674876556,False,2,qualifying,46
550,6,21.25,15,0.0325,0.07375,standard,grid,qualifying,38.7693271172,85.7042624348,1.18,0.0168817830628,0.0168817830628,2360,66.824188691,150,12161.7669142,2567.4231249,10931.2634468,17,0.48,True,,38.7693271172,False,2,qualifying,46
551,6,15.8951765705,13.974197077,0.0501805021818,0.052636293472,standard,differential_evolution,qualifying,38.7885680571,88.2668479441,1.18,0.0160676851724,0.0160676851724,2360,66.4773338739,175,11108.8522126,2178.61589034,10666.9932315,16,0.48,True,,38.7885680571,True,2,qualifying,46
552,6,16.7697823153,20.7616384212,0.0371370189926,0.0605022813645,standard,differential_evolution,qualifying,38.815458198,83.8517837685,1.18,0.0171676065791,0.0171676065791,2360,66.6976676608,150,12618.154801,2739.17198918,11314.9711537,17,0.48,True,,38.815458198,False,2,qualifying,46
553,6,13.75,15,0.0475,0.07375,standard,grid,qualifying,38.816246331,88.3076926585,1.18,0.0160247425779,0.0160247425779,2360,66.0751849972,175,11076.9003665,2138.00494723,10716.3596503,16,0.48,True,,38.816246331,True,2,qualifying,46
554,6,10.6464326015,15.1882647287,0.0301905556677,0.0645340547443,standard,random,qualifying,38.8527027776,88.7783299387,1.18,0.016182693826,0.016182693826,2360,65.1541908458,200,11284.2393926,2034.04256452,10535.8601444,16,0.48,True,,38.8527027776,True,2,qualifying,46
555,6,11.4079005642,13.1301959624,0.0250040391616,0.0574417318404,standard,differential_evolution,qualifying,38.8851829171,89.3927607933,1.18,0.0155942562566,0.0155942562566,2360,64.3893094733,225,10707.3811985,1918.28447026,9865.72190729,16,0.48,True,,38.8851829171,True,2,qualifying,46
556,6,15.8710142467,10.7935421326,0.0369908975277,0.0421320883693,standard,differential_evolution,qualifying,38.8974422037,89.0020722117,1.18,0.015899531492,0.015899531492,2360,64.9750208296,200,10982.9737802,1998.38686859,9939.8620139,16,0.48,True,,38.8974422037,False,2,qualifying,46
557,6,16.2930388781,10.9478458353,0.0279536339545,0.047382305972,standard,differential_evolution,qualifying,38.9095247559,88.7288442648,1.18,0.0158329032301,0.0158329032301,2360,64.8337822594,200,10963.989496,2021.82405448,9834.62091305,16,0.48,True,,38.9095247559,False,2,qualifying,46
558,6,21.25,15,0.0475,0.05125,standard,grid,qualifying,38.9140249852,85.7860284704,1.18,0.0165944887923,0.0165944887923,2360,66.4829023393,150,11824.1012505,2542.89490349,10819.1081304,17,0.48,True,,38.9140249852,False,2,qualifying,46
559,6,24.5406716992,17.2408604652,0.036262452121,0.0570305750241,standard,random,qualifying,38.9201606885,82.5086502731,1.18,0.0171052436082,0.0171052436082,2360,66.3818399495,125,12714.6916267,2906.55602412,10652.4404191,17,0.4,True,,38.9201606885,False,2,qualifying,46
560,6,19.396772036,21.2042880187,0.0382335159805,0.0759735768337,standard,differential_evolution,qualifying,38.9327686316,82.8967985147,1.18,0.0168160210872,0.0168160210872,2360,66.3586231951,125,12374.0331,2865.6715328,10961.4832057,17,0.44,True,,38.9327686316,False,2,qualifying,46
561,6,23.3717888384,20.1071245329,0.0269875192431,0.0547157839239,standard,differential_evolution,qualifying,38.9506897478,81.652676135,1.18,0.0167162897813,0.0167162897813,2360,66.3123374753,125,12437.8054138,3015.27462399,10516.3862093,15,0.4,True,,38.9506897478,False,2,qualifying,46
562,6,15.946587983,20.5324840051,0.0437401604924,0.0711503461605,standard,random,qualifying,38.9541216809,84.4877071414,1.18,0.0167779596148,0.0167779596148,2360,66.354984423,150,12111.0369391,2652.78160736,11279.9636429,17,0.48,True,,38.9541216809,False,2,qualifying,46
563,6,21.25,15,0.0475,0.07375,standard,grid,qualifying,38.9997843889,85.8177948319,1.18,0.016476157672,0.016476157672,2360,66.3035237051,150,11673.1935965,2530.11860679,10805.7159398,17,0.48,True,,38.9997843889,False,2,qualifying,46
564,6,24.2008842857,16.0026350586,0.0322507776168,0.0440524390096,standard,differential_evolution,qualifying,39.0576987309,83.5959268293,1.18,0.0166173103292,0.0166173103292,2360,66.123612751,150,12116.179438,2780.56471103,10493.8157041,18,0.48,True,,39.0576987309,False,2,qualifying,46
565,6,14.7212392596,13.0687548987,0.0254669557966,0.0833822507206,standard,differential_evolution,qualifying,39.0778360793,88.627787569,1.18,0.0152535013083,0.0152535013083,2360,64.4036491588,200,10366.3331117,2016.05533872,9719.90335189,16,0.48,True,,39.0778360793,True,2,qualifying,46
566,6,14.9969647151,22.0424286536,0.0335351827115,0.0408961462431,standard,random,qualifying,39.0899720336,84.2277297382,1.18,0.0163835137446,0.0163835137446,2360,65.9373728556,150,11799.47938,2698.99791086,11104.7498537,17,0.48,True,,39.0899720336,False,2,qualifying,46
567,6,13.2122029291,21.436236127,0.0431360780569,0.0714862955221,standard,differential_evolution,qualifying,39.0918502539,85.2016586617,1.18,0.0166054774648,0.0166054774648,2360,65.9953080934,150,11863.9891143,2581.90892776,11434.8231551,16,0.48,True,,39.0918502539,False,2,qualifying,46
568,6,15.1550857436,22.360679775,0.0389098051254,0.045937293338,standard,local,qualifying,39.0985222149,83.8082961587,1.18,0.0166206659181,0.0166206659181,2360,65.9530538619,150,12064.8751294,2740.02012433,11191.8327175,17,0.48,True,,39.0985222149,False,2,qualifying,46
569,6,10.2822988598,16.6248848125,0.0328517333365,0.0458638036229,standard,differential_evolution,qualifying,39.1219187613,87.7996007072,1.18,0.0158478632726,0.0158478632726,2360,64.083633665,200,11025.8273005,2079.07162313,10178.0812042,16,0.48,True,,39.1219187613,False,2,qualifying,46
570,6,11.4975672799,19.8220638227,0.0290033063846,0.0704959677909,standard,random,qualifying,39.129276994,85.944858643,1.18,0.0162543490998,0.0162543490998,2360,65.2909248322,150,11523.2913639,2370.07397689,10931.4267109,16,0.48,True,,39.129276994,False,2,qualifying,46
571,6,16.3461479049,23.5193614652,0.0348746508648,0.0635266932915,standard,random,qualifying,39.1516814409,82.4532463792,1.18,0.0169320684872,0.0169320684872,2360,65.89934895,125,12525.2569623,2895.21507021,11191.1958619,17,0.48,True,,39.1516814409,False,2,qualifying,46
572,6,17.8155429782,22.8174071391,0.039454606204,0.0771783612176,standard,differential_evolution,qualifying,39.2086272808,82.487332253,1.18,0.016620242306,0.016620242306,2360,65.7835656923,150,12181.1275308,2886.045088,10991.943559,17,0.48,True,,39.2086272808,False,2,qualifying,46
573,6,21.25,25,0.0325,0.05125,standard,grid,qualifying,39.2175350018,79.335196346,1.18,0.0167675957282,0.0167675957282,2360,65.5927884038,125,12671.7385817,3254.8459567,10595.7678052,15,0.32,True,,39.2175350018,False,2,qualifying,46
574,6,21.25,25,0.0325,0.07375,standard,grid,qualifying,39.281426297,79.3507990739,1.18,0.0166862189393,0.0166862189393,2360,65.4575071817,125,12561.2356541,3243.5814109,10597.462195,16,0.32,True,,39.281426297,False,2,qualifying,46
575,6,22.5759748169,25.8479623937,0.0322507776168,0.0573313008044,standard,differential_evolution,qualifying,39.3361782021,78.1060570695,1.18,0.0168449524039,0.0168449524039,2360,65.4856457818,125,12866.4814354,3403.53825459,10476.4922824,15,0.32,True,,39.3361782021,False,2,qualifying,46
576,6,24.1639987783,23.7439884915,0.0493186996426,0.0468011380988,standard,random,qualifying,39.3899297641,78.9794949555,1.18,0.016195934396,0.016195934396,2360,65.3283463609,125,12067.0215118,3282.83110835,10168.9795381,15,0.32,True,,39.3899297641,False,2,qualifying,46
577,6,21.25,25,0.0475,0.05125,standard,grid,qualifying,39.3984883553,79.4355578929,1.18,0.0163679305071,0.0163679305071,2360,65.1301193361,125,12196.3321212,3217.26638309,10473.2309706,19,0.32,True,,39.3984883553,False,2,qualifying,46
578,6,17.7202659912,10.4060628833,0.044876295112,0.0813390920571,standard,differential_evolution,qualifying,39.4101989747,88.0391026051,1.18,0.0153876812807,0.0153876812807,2360,63.4577841312,200,10457.1458831,2013.91996411,9452.9162488,16,0.48,True,,39.4101989747,True,2,qualifying,46
579,6,13.75,25,0.0325,0.05125,standard,grid,qualifying,39.4141637556,82.2041169413,1.18,0.0165588578526,0.0165588578526,2360,65.2305267367,150,12132.5558138,2888.2115308,11178.139451,17,0.48,True,,39.4141637556,False,2,qualifying,46
580,6,23.9635303512,22.3643045851,0.0520616142745,0.0490709423987,standard,random,qualifying,39.4213464666,80.0419996768,1.18,0.016036204687,0.016036204687,2360,65.2081015658,125,11780.1685821,3145.6978873,10183.2476594,16,0.36,True,,39.4213464666,False,2,qualifying,46
581,6,18.7391762747,10.9526750887,0.0295386106565,0.0849369632113,standard,differential_evolution,qualifying,39.4252863024,87.3980956418,1.18,0.0153251461008,0.0153251461008,2360,63.3914134093,200,10478.9686626,2087.10808582,9355.91609953,16,0.48,True,,39.4252863024,False,2,qualifying,46
582,6,21.3498970479,26.3839314939,0.0332403099047,0.0680659147885,standard,differential_evolution,qualifying,39.427578365,78.2734618402,1.18,0.0167756589311,0.0167756589311,2360,65.2217457281,125,12753.4496329,3366.29859446,10563.1536951,15,0.32,True,,39.427578365,False,2,qualifying,46
583,6,11.4922871638,24.8842045974,0.0330364709352,0.0621605830229,standard,random,qualifying,39.4347808898,82.9374532576,1.18,0.0166166602276,0.0166166602276,2360,65.1775853486,150,12092.9519349,2798.38544197,11410.274776,16,0.48,True,,39.4347808898,False,2,qualifying,46
584,6,23.8727343616,25.5884303363,0.0350254429668,0.0406468995196,standard,random,qualifying,39.4512785446,77.8291807913,1.18,0.0163943614543,0.0163943614543,2360,65.1835124432,125,12418.5099922,3430.37118377,10184.859893,15,0.32,True,,39.4512785446,False,2,qualifying,46
585,6,13.75,25,0.0325,0.07375,standard,grid,qualifying,39.486534619,82.2135954789,1.18,0.0164886339801,0.0164886339801,2360,65.0917901016,150,12029.2867823,2877.27319896,11189.9055944,17,0.48,True,,39.486534619,False,2,qualifying,46
586,6,23.908610996,23.634644614,0.0540887241566,0.0551093436563,standard,differential_evolution,qualifying,39.4900426056,79.264590723,1.18,0.0159138795454,0.0159138795454,2360,65.0289975781,125,11721.5950351,3233.2447745,10105.4637729,19,0.32,True,,39.4900426056,False,2,qualifying,46
587,6,21.25,25,0.0475,0.07375,standard,grid,qualifying,39.5000173326,79.4583582341,1.18,0.0162740856838,0.0162740856838,2360,64.9972606722,125,12074.3827687,3205.58542249,10464.5713854,18,0.36,True,,39.5000173326,False,2,qualifying,46
588,6,11.3118222191,22.3674782892,0.0385984584582,0.0806569727301,standard,random,qualifying,39.5195293807,84.3495180517,1.18,0.0159865139947,0.0159865139947,2360,64.5729964413,150,11304.4032248,2527.28597736,10915.2849207,16,0.48,True,,39.5195293807,False,2,qualifying,46
589,6,13.7762854167,26.3839314939,0.0350563568943,0.0704834240118,standard,differential_evolution,qualifying,39.5709203293,81.0390410401,1.18,0.016542418454,0.016542418454,2360,64.7494284123,125,12167.996159,2992.56898874,11141.8823015,17,0.4,True,,39.5709203293,False,2,qualifying,46
590,6,17.6716526815,24.9701543733,0.0514147443282,0.0624615988824,standard,random,qualifying,39.5744513345,80.9596304302,1.18,0.0160493933532,0.0160493933532,2360,64.761367243,125,11662.0570998,3006.1198815,10690.5551278,17,0.4,True,,39.5744513345,False,2,qualifying,46
591,6,13.75,25,0.0475,0.05125,standard,grid,qualifying,39.6060007425,82.3291761077,1.18,0.0161286955495,0.0161286955495,2360,64.8014279678,150,11625.70808,2851.64923187,11038.6242295,17,0.48,True,,39.6060007425,False,2,qualifying,46
592,6,13.75,25,0.0475,0.07375,standard,grid,qualifying,39.670322755,82.3478919092,1.18,0.0160461809336,0.0160461809336,2360,64.674075372,150,11515.0340579,2841.42460201,11037.890357,16,0.48,True,,39.670322755,False,2,qualifying,46
593,6,13.7752769138,26.8585464932,0.0252121438596,0.0481496155019,standard,random,qualifying,39.7064199592,80.9044779623,1.18,0.0159198417127,0.0159198417127,2360,64.3614836579,125,11569.1655088,3003.826828,10821.9975444,17,0.4,True,,39.7064199592,False,2,qualifying,46
594,6,18.4511438198,28.2625414508,0.033731847282,0.0489561134208,standard,differential_evolution,qualifying,39.7482836704,78.1187406763,1.18,0.0164406168294,0.0164406168294,2360,64.4299879186,125,12391.3526196,3349.51461492,10593.6113258,18,0.36,True,,39.7482836704,False,2,qualifying,46
595,6,12.7306771468,27.5073434001,0.0269553727157,0.0577399541761,standard,differential_evolution,qualifying,39.758872112,80.5528983184,1.18,0.0161843701952,0.0161843701952,2360,64.2734982201,125,11852.4979179,3035.04025752,10993.9142752,17,0.4,True,,39.758872112,False,2,qualifying,46
596,6,17.7202659912,25.6509870005,0.0515281054284,0.0813390920571,standard,differential_evolution,qualifying,39.825852089,80.5898285552,1.18,0.0155324121556,0.0155324121556,2360,64.1799779703,125,11131.1806501,3025.29965667,10471.356247,17,0.4,True,,39.825852089,False,2,qualifying,46
597,6,13.8475697475,28.0521643381,0.0315983815278,0.0683245809286,standard,differential_evolution,qualifying,39.8384252201,79.2766875282,1.18,0.0164416712796,0.0164416712796,2360,64.2301420024,125,12193.6066602,3149.12866322,10984.413726,17,0.4,True,,39.8384252201,False,2,qualifying,46
598,6,16.7688218648,29.1349595848,0.0403273474246,0.0602224130519,standard,random,qualifying,39.9013817571,77.9836787406,1.18,0.0164773825881,0.0164773825881,2360,64.0961142075,125,12400.7628459,3342.68125449,10733.5896894,18,0.36,True,,39.9013817571,False,2,qualifying,46
599,6,11.2310096272,24.0696667798,0.0501805021818,0.0493478101382,standard,differential_evolution,qualifying,39.9458659293,82.9130076663,1.18,0.0154115118283,0.0154115118283,2360,63.0907644518,150,10840.1939374,2610.09643827,10327.3371413,16,0.48,True,,39.9458659293,False,2,qualifying,46
600,6,10.8331064007,24.6765357673,0.0445993035376,0.0805000825334,standard,random,qualifying,39.9536182612,82.7228705387,1.18,0.0155727774348,0.0155727774348,2360,63.4424557164,150,10993.4784584,2661.1342643,10637.0447004,16,0.48,True,,39.9536182612,False,2,qualifying,46
601,6,19.3292805488,29.8319782734,0.0399180554122,0.0724256699704,standard,random,qualifying,40.0299585791,76.6083740821,1.18,0.0163465184553,0.0163465184553,2360,63.8741296632,125,12392.9000057,3512.95250203,10449.3779436,19,0.32,True,,40.0299585791,False,2,qualifying,46
602,6,23.5840641504,11.5445358642,0.0331770926776,0.0679832717011,standard,random,qualifying,38.9642817423,85.7548581044,1.18,0.0168506930531,0.0168506930531,2360,66.3946042412,150,12084.6921874,2523.55565822,10647.6394008,17,0.48,False,balance;balance_shift,38.9642817423,False,2,qualifying,46
603,6,22.3175414913,12.4215466969,0.0459430145584,0.0771783612176,standard,differential_evolution,qualifying,39.2469500318,85.8376541768,1.18,0.0161712678232,0.0161712678232,2360,65.6390271792,150,11344.4750761,2425.14284286,10355.2652018,17,0.48,False,balance,39.2469500318,False,2,qualifying,46
604,6,24.0104261243,11.6989357388,0.0438768930018,0.0749007285913,standard,random,qualifying,39.2703919945,85.2806832965,1.18,0.0164110485427,0.0164110485427,2360,65.7036950562,150,11617.3765892,2513.74335358,10393.2851555,17,0.48,False,balance;balance_shift,39.2703919945,False,2,qualifying,46
605,6,21.923576743,11.1034457841,0.0469107754642,0.0747806229634,standard,random,qualifying,39.3842112251,86.0587565285,1.18,0.0159348989339,0.0159348989339,2360,64.7426898964,150,11109.5926695,2316.55980273,10002.2771625,16,0.48,False,balance;balance_shift,39.3842112251,False,2,qualifying,46
606,6,10.7348428289,29.8384806703,0.041154388512,0.0702503090339,standard,differential_evolution,qualifying,40.2478820079,79.0748147995,1.18,0.0160070806718,0.0160070806718,2360,63.2479396426,125,11719.6925509,3154.66612768,10985.5497996,17,0.4,False,balance_shift,40.2478820079,False,2,qualifying,46
607,7,12.4778970741,10.0383875745,0.0383728247304,0.0550928926843,standard,local,qualifying,26.482954901,92.082137478,1.03,0.0182762343957,0.0182762343957,2060,77.9722920377,94.2857142857,16986.8865198,2841.68422311,13056.5002739,16,0.16,True,,26.482954901,True,3,qualifying,42
608,7,12.4778970741,10.0621124003,0.0383728247304,0.0550928926843,standard,local,qualifying,26.4831165435,92.0677324811,1.03,0.0182769538108,0.0182769538108,2060,77.9697532034,94.2857142857,16989.9070276,2843.10961321,13056.1880001,16,0.16,True,,26.4831165435,False,3,qualifying,42
609,7,12.4778970741,10.1004999748,0.0383728247304,0.0550928926843,standard,local,qualifying,26.4833855822,92.0443693555,1.03,0.0182781040147,0.0182781040147,2060,77.9656224822,94.2857142857,16994.7833764,2845.42178723,13055.6677702,16,0.16,True,,26.4833855822,False,3,qualifying,42
610,7,12.4778970741,10.1626123751,0.0383728247304,0.0550928926843,standard,local,qualifying,26.4838404791,92.0064220734,1.03,0.0182799290189,0.0182799290189,2060,77.9588792948,94.2857142857,17002.6448775,2849.17825619,13054.7868457,16,0.16,True,,26.4838404791,False,3,qualifying,42
611,7,12.4778970741,10.2631123499,0.0383728247304,0.0550928926843,standard,local,qualifying,26.4846278197,91.9446441941,1.03,0.0182827878795,0.0182827878795,2060,77.9478130603,94.2857142857,17015.2901344,2855.29632162,13053.2591308,16,0.16,True,,26.4846278197,False,3,qualifying,42
612,7,12.4778970741,10.425724725,0.0383728247304,0.0550928926843,standard,local,qualifying,26.4860357259,91.8437054916,1.03,0.0182871687598,0.0182871687598,2060,77.9295033554,94.2857142857,17028.9192549,2864.18757424,13050.520764,16,0.16,True,,26.4860357259,False,3,qualifying,42
613,7,12.4778970741,10.688837075,0.0383728247304,0.0550928926843,standard,local,qualifying,26.4886640174,91.6778484675,1.03,0.018293622895,0.018293622895,2060,77.8988289535,94.2857142857,17060.261708,2880.49102929,13045.396993,16,0.16,True,,26.4886640174,False,3,qualifying,42
614,7,12.4778970741,10.8079702273,0.0383728247304,0.0550928926843,standard,local,qualifying,26.4899961347,91.6017345535,1.03,0.0182962901874,0.0182962901874,2060,77.8845181649,94.2857142857,17074.6593413,2888.04995876,13042.7974677,16,0.16,True,,26.4899961347,False,3,qualifying,42
615,7,12.4778970741,11.1145618,0.0383728247304,0.0550928926843,standard,local,qualifying,26.4938306516,91.4029918708,1.03,0.0183024338244,0.0183024338244,2060,77.8464953721,94.2857142857,17111.1178589,2907.81775784,13035.3144148,16,0.16,True,,26.4938306516,False,3,qualifying,42
616,7,12.4778970741,11.4449931504,0.0383728247304,0.0550928926843,standard,local,qualifying,26.5187597974,91.1825016377,1.03,0.0182974447663,0.0182974447663,2060,77.7543208265,94.2857142857,17128.3744838,2926.02005657,13025.2988242,16,0.16,True,,26.5187597974,False,3,qualifying,42
617,7,12.4812304174,11.4449931504,0.0383728247304,0.0550928926843,standard,local,qualifying,26.5187598041,91.1806757691,1.03,0.0182975328897,0.0182975328897,2060,77.7540594205,94.2857142857,17128.7665925,2926.20984398,13024.9011393,16,0.16,True,,26.5187598041,False,3,qualifying,42
618,7,12.4742774796,11.4449931504,0.0383728247304,0.0550928926843,standard,local,qualifying,26.5187598306,91.184484304,1.03,0.0182973489257,0.0182973489257,2060,77.754604622,94.2857142857,17127.9486473,2925.81402252,13025.7306461,16,0.16,True,,26.5187598306,False,3,qualifying,42
619,7,12.1884705063,11.4449931504,0.0383728247304,0.0550928926843,standard,local,qualifying,26.5189457663,91.3396654164,1.03,0.0182894579498,0.0182894579498,2060,77.7764901894,94.2857142857,17093.6752007,2909.63299614,13059.5387086,16,0.16,True,,26.5189457663,False,3,qualifying,42
620,7,11.7997002297,11.4449931504,0.0383728247304,0.0550928926843,standard,differential_evolution,qualifying,26.5197804828,91.5463915094,1.03,0.0182776782295,0.0182776782295,2060,77.8045902706,94.2857142857,17047.6502767,2888.35331782,13104.6037896,16,0.16,True,,26.5197804828,False,3,qualifying,42
621,7,11.6304870573,11.4449931504,0.0383728247304,0.0550928926843,standard,local,qualifying,26.5203539948,91.6347709097,1.03,0.0182721685166,0.0182721685166,2060,77.816210018,94.2857142857,17033.5733498,2880.32515514,13123.8792034,16,0.16,True,,26.5203539948,True,3,qualifying,42
622,7,10.84177512,11.4449931504,0.0383728247304,0.0550928926843,standard,local,qualifying,26.5247176311,92.0335729655,1.03,0.0182433512033,0.0182433512033,2060,77.8653643573,94.2857142857,16934.4716496,2839.09275758,13210.9211262,16,0.16,True,,26.5247176311,True,3,qualifying,42
623,7,12.4778970741,11.803398875,0.0383728247304,0.0550928926843,standard,local,qualifying,26.5518948096,90.9377649436,1.03,0.018287878886,0.018287878886,2060,77.639062447,94.2857142857,17139.7595757,2945.23503508,13014.5430006,16,0.16,True,,26.5518948096,False,3,qualifying,42
624,7,13.5410196625,11.4449931504,0.0383728247304,0.0550928926843,standard,local,qualifying,26.5809661675,90.6276648294,1.03,0.0182911494757,0.0182911494757,2060,77.5175371256,94.2857142857,17185.7692891,2977.51559617,12904.3278922,16,0.16,True,,26.5809661675,False,3,qualifying,42
625,7,13.6323990742,11.5611668468,0.0345411359699,0.0483525379591,standard,differential_evolution,qualifying,26.6059882709,90.6362046043,1.03,0.0180024389857,0.0180024389857,2060,77.4598030781,94.2857142857,16846.6925473,2976.04904177,12749.4456299,16,0.16,True,,26.6059882709,True,3,qualifying,42
626,7,12.4778970741,12.917960675,0.0383728247304,0.0550928926843,standard,local,qualifying,26.6608159804,90.2879675592,1.03,0.0182517351178,0.0182517351178,2060,77.2632401358,70.7142857143,17167.052633,3008.29055698,12987.4954587,16,0.16,True,,26.6608159804,False,3,qualifying,42
627,7,14.0352271028,11.4449931504,0.041810560062,0.0550928926843,standard,differential_evolution,qualifying,26.6674642848,90.4173057825,1.03,0.0181738452674,0.0181738452674,2060,77.2723265866,94.2857142857,17039.7656081,2988.89996242,12820.6655027,16,0.16,True,,26.6674642848,False,3,qualifying,42
628,7,15.7294901688,11.4449931504,0.0383728247304,0.0550928926843,standard,local,qualifying,26.7691449058,89.5664534547,1.03,0.0182292663657,0.0182292663657,2060,76.8735803736,70.7142857143,17231.9000101,3086.42069822,12642.8142123,17,0.16,True,,26.7691449058,False,3,qualifying,42
629,7,13.7517785762,13.5910483203,0.0453193754823,0.0535410004674,standard,differential_evolution,qualifying,26.8277284584,89.4765291571,1.03,0.0178847568903,0.0178847568903,2060,76.7174959403,70.7142857143,16799.2186358,3091.31300502,12708.3158308,16,0.16,True,,26.8277284584,True,3,qualifying,42
630,7,13.3431405521,13.9776369558,0.034285109563,0.0411445913747,standard,differential_evolution,qualifying,26.8378148216,89.5617536134,1.03,0.0175357924291,0.0175357924291,2060,76.7098859939,70.7142857143,16394.0182358,3083.95645346,12547.8582974,16,0.16,True,,26.8378148216,True,3,qualifying,42
631,7,12.4778970741,14.72135955,0.0383728247304,0.0550928926843,standard,local,qualifying,26.8563089192,89.2075842868,1.03,0.0181628122174,0.0181628122174,2060,76.6041836463,70.7142857143,17181.1088732,3119.51489248,12917.6349434,15,0.16,True,,26.8563089192,False,3,qualifying,42
632,7,13.3695446196,13.7995332991,0.0463018219286,0.0588007043453,standard,differential_evolution,qualifying,26.8607988117,89.5040549175,1.03,0.017882925753,0.017882925753,2060,76.6441396077,70.7142857143,16769.7414126,3079.5858837,12762.1175026,16,0.16,True,,26.8607988117,True,3,qualifying,42
633,7,13.75,15,0.0325,0.05125,standard,grid,qualifying,26.8919724052,88.6156957282,1.03,0.0179551846648,0.0179551846648,2060,76.4261261718,70.7142857143,17051.9153414,3201.96092913,12660.6353016,15,0.16,True,,26.8919724052,False,3,qualifying,42
634,7,13.75,15,0.0325,0.07375,standard,grid,qualifying,26.9462264337,88.6112297227,1.03,0.0179221656839,0.0179221656839,2060,76.2915922319,70.7142857143,16969.6620811,3190.39413857,12697.5250331,15,0.16,True,,26.9462264337,False,3,qualifying,42
635,7,13.3695446196,14.6284266345,0.0463018219286,0.065350047923,standard,differential_evolution,qualifying,26.9670156272,89.0027407185,1.03,0.0178299224453,0.0178299224453,2060,76.3046911724,70.7142857143,16750.9135095,3128.17099919,12737.9359843,15,0.16,True,,26.9670156272,False,3,qualifying,42
636,7,11.7997002297,15.1952426421,0.0421621385531,0.0677133023975,standard,differential_evolution,qualifying,26.9757329225,89.1740764229,1.03,0.0180112620203,0.0180112620203,2060,76.3130202882,70.7142857143,16936.7673462,3100.01931033,12961.4889791,16,0.16,True,,26.9757329225,False,3,qualifying,42
637,7,17.5609858684,13.343465472,0.03330989691,0.0531538343277,standard,differential_evolution,qualifying,26.9848750464,87.7183267199,1.03,0.0180287679719,0.0180287679719,2060,76.0706663232,70.7142857143,17273.86054,3310.94747313,12310.2633558,15,0.16,True,,26.9848750464,False,3,qualifying,42
638,7,17.3287330801,11.6400409041,0.0361256181499,0.0724001913096,standard,differential_evolution,qualifying,26.9850401499,88.6650865304,1.03,0.0180210862494,0.0180210862494,2060,76.2074159153,70.7142857143,17054.7050797,3170.07921567,12413.420382,15,0.16,True,,26.9850401499,False,3,qualifying,42
639,7,17.5609858684,11.3400352707,0.0418345888031,0.0611825098956,standard,differential_evolution,qualifying,26.9908486776,88.6322644121,1.03,0.0181143238141,0.0181143238141,2060,76.1893659937,70.7142857143,17165.9780887,3170.71317501,12425.5357104,15,0.16,True,,26.9908486776,False,3,qualifying,42
640,7,13.75,15,0.0475,0.05125,standard,grid,qualifying,27.032935548,88.7095204138,1.03,0.0175436674881,0.0175436674881,2060,76.1007226905,70.7142857143,16446.3276445,3159.88907645,12547.9369447,15,0.16,True,,27.032935548,False,3,qualifying,42
641,7,17.5609858684,15.6559455395,0.03330989691,0.058321284358,standard,differential_evolution,qualifying,27.0558236071,86.3986316376,1.03,0.0181316743818,0.0181316743818,2060,75.7332819112,70.7142857143,17612.5236848,3493.39299756,12296.3790111,16,0.16,True,,27.0558236071,False,3,qualifying,42
642,7,13.75,15,0.0475,0.07375,standard,grid,qualifying,27.0827495389,88.7209154517,1.03,0.0174794417935,0.0174794417935,2060,75.9833078626,70.7142857143,16335.7248948,3149.44568109,12563.288824,15,0.16,True,,27.0827495389,True,3,qualifying,42
643,7,14.5854552893,13.818220623,0.0493179711771,0.0411445913747,standard,differential_evolution,qualifying,27.1153165126,89.2675712548,1.03,0.0169631979612,0.0169631979612,2060,76.195222699,70.7142857143,15636.1756507,3085.99198088,12233.8142186,16,0.24,True,,27.1153165126,True,3,qualifying,42
644,7,19.2705098312,11.4449931504,0.0383728247304,0.0550928926843,standard,local,qualifying,27.1328621261,87.6268517125,1.03,0.0180314297808,0.0180314297808,2060,75.6954544763,70.7142857143,17215.5876328,3286.64062341,12173.4336858,15,0.16,True,,27.1328621261,False,3,qualifying,42
645,7,12.4778970741,17.639320225,0.0383728247304,0.0550928926843,standard,local,qualifying,27.224781818,87.2722434857,1.03,0.0179379772049,0.0179379772049,2060,75.4210832093,70.7142857143,17126.9146844,3320.23937496,12743.5791241,15,0.16,True,,27.224781818,False,3,qualifying,42
646,7,17.7810382317,11.2121413424,0.0483390075709,0.0574144174521,standard,differential_evolution,qualifying,27.232337303,88.71817155,1.03,0.0175616034979,0.0175616034979,2060,75.8224797545,70.7142857143,16386.620713,3126.5385817,12197.8946619,15,0.24,True,,27.232337303,False,3,qualifying,42
647,7,14.8873803721,17.4091941207,0.0390866743383,0.0485262111588,standard,random,qualifying,27.2422455064,86.5674223869,1.03,0.0177728956496,0.0177728956496,2060,75.2837440521,70.7142857143,17064.179407,3425.7011309,12416.6712117,15,0.16,True,,27.2422455064,False,3,qualifying,42
648,7,16.6923441336,17.6204245219,0.0340453626744,0.0683627166903,standard,random,qualifying,27.274864991,85.5751559458,1.03,0.0179954684279,0.0179954684279,2060,75.0879557023,70.7142857143,17500.1684915,3568.02187467,12313.9825787,16,0.16,True,,27.274864991,False,3,qualifying,42
649,7,19.4894108452,14.0154238883,0.0438144784771,0.0706824636308,standard,differential_evolution,qualifying,27.3507945656,86.314088416,1.03,0.0177485031137,0.0177485031137,2060,74.9846417225,70.7142857143,17017.1658934,3436.42682453,12049.6781367,15,0.16,True,,27.3507945656,False,3,qualifying,42
650,7,20.5551062328,13.3850907222,0.0366243883415,0.0483528714592,standard,differential_evolution,qualifying,27.351871483,86.0409426692,1.03,0.0177358333615,0.0177358333615,2060,74.9494044277,70.7142857143,17078.9858173,3479.11267059,11871.169339,15,0.16,True,,27.351871483,False,3,qualifying,42
651,7,18.3187718052,11.2763451221,0.0498289351598,0.0684248979605,standard,random,qualifying,27.3637190274,88.4493618708,1.03,0.0173082395398,0.0173082395398,2060,75.4720526744,70.7142857143,16067.9957031,3139.61680424,12058.1132532,15,0.24,True,,27.3637190274,False,3,qualifying,42
652,7,11.0059802885,18.5798805475,0.0345411359699,0.0483525379591,standard,differential_evolution,qualifying,27.3681654311,87.1933276104,1.03,0.0175411030562,0.0175411030562,2060,75.0680699631,70.7142857143,16615.3600905,3306.31845579,12674.803586,15,0.16,True,,27.3681654311,False,3,qualifying,42
653,7,10.4622675185,18.7343477846,0.0314375401846,0.0583837889676,standard,random,qualifying,27.3690342037,87.1887430059,1.03,0.0176906375544,0.0176906375544,2060,75.0645625582,70.7142857143,16792.8315672,3304.7140644,12791.6824699,15,0.16,True,,27.3690342037,False,3,qualifying,42
654,7,20.2374325596,12.7950496722,0.0309972460743,0.0403313021388,standard,random,qualifying,27.3912145417,86.7141771884,1.03,0.0171382362558,0.0171382362558,2060,74.9435971001,70.7142857143,16219.9941428,3377.55830959,11655.7532119,15,0.16,True,,27.3912145417,False,3,qualifying,42
655,7,18.7230754086,16.4243673258,0.0462094582677,0.04524862041,standard,differential_evolution,qualifying,27.4339119513,85.5271262497,1.03,0.0172903176908,0.0172903176908,2060,74.6853446901,70.7142857143,16585.6488457,3545.85324453,11852.2527062,16,0.16,True,,27.4339119513,False,3,qualifying,42
656,7,11.998507965,17.018300251,0.0519509722738,0.0589421441529,standard,differential_evolution,qualifying,27.4380094863,88.1662823283,1.03,0.0170071863579,0.0170071863579,2060,75.2515434633,70.7142857143,15733.2836166,3170.04053895,12486.1090923,15,0.24,True,,27.4380094863,False,3,qualifying,42
657,7,21.25,15,0.0325,0.05125,standard,grid,qualifying,27.4703445406,84.8167888515,1.03,0.0177004669548,0.0177004669548,2060,74.5198534262,70.7142857143,17214.1377162,3641.88346242,11738.3289928,16,0.16,True,,27.4703445406,False,3,qualifying,42
658,7,20.0755102661,18.7794284141,0.036490696858,0.0550925913815,standard,differential_evolution,qualifying,27.5107652121,83.1990395371,1.03,0.0179192018222,0.0179192018222,2060,74.3175922667,47.1428571429,17762.2668399,3896.20141207,11837.0943117,16,0.16,True,,27.5107652121,False,3,qualifying,42
659,7,11.94882258,19.5140985245,0.0318072804715,0.0701416297607,standard,random,qualifying,27.5145673361,86.1553291039,1.03,0.0176111980706,0.0176111980706,2060,74.5681539124,70.7142857143,16819.8149817,3425.19472923,12607.2724958,15,0.16,True,,27.5145673361,False,3,qualifying,42
660,7,21.25,15,0.0325,0.07375,standard,grid,qualifying,27.5308949805,84.8223347347,1.03,0.0176324035246,0.0176324035246,2060,74.3673193133,70.7142857143,17100.3383981,3627.97381221,11754.7983413,16,0.16,True,,27.5308949805,False,3,qualifying,42
661,7,21.6757524561,13.892774157,0.0390016301118,0.0419711694604,standard,random,qualifying,27.5463923916,85.2221710043,1.03,0.0173076663244,0.0173076663244,2060,74.277327666,70.7142857143,16606.4120814,3553.1846528,11574.4634455,16,0.12,True,,27.5463923916,False,3,qualifying,42
662,7,12.4190766855,20.0208955021,0.0295693630814,0.0713344168785,standard,random,qualifying,27.6099116642,85.6754959232,1.03,0.0174187595625,0.0174187595625,2060,74.275704147,70.7142857143,16640.4273901,3478.92492956,12458.0182592,16,0.16,True,,27.6099116642,False,3,qualifying,42
663,7,17.5,20,0.04,0.06,standard,baseline,qualifying,27.6277619754,83.5815240722,1.03,0.0178508276714,0.0178508276714,2060,74.0164981587,47.1428571429,17542.7212381,3797.61497923,12086.6645056,16,0.16,True,,27.6277619754,False,3,qualifying,42
664,7,11.9217044901,19.0077187579,0.036123940727,0.0817044244982,standard,random,qualifying,27.6305160323,86.6580284808,1.03,0.0172380713773,0.0172380713773,2060,74.5568716605,70.7142857143,16226.3842323,3344.13507123,12517.2497745,15,0.24,True,,27.6305160323,False,3,qualifying,42
665,7,21.25,15,0.0475,0.05125,standard,grid,qualifying,27.6418001558,84.8849576304,1.03,0.0173092609287,0.0173092609287,2060,74.1020047299,70.7142857143,16636.9682752,3592.34824966,11641.2407202,16,0.16,True,,27.6418001558,False,3,qualifying,42
666,7,21.4504663451,13.3850907222,0.0459966002406,0.0402073349965,standard,differential_evolution,qualifying,27.6709242605,85.712755544,1.03,0.0169068000087,0.0169068000087,2060,74.1397226812,70.7142857143,15990.9140161,3464.9470343,11472.1573703,15,0.16,True,,27.6709242605,True,3,qualifying,42
667,7,12.4385453235,18.8080630159,0.0513348011667,0.048953325184,standard,differential_evolution,qualifying,27.6893713103,86.7927425825,1.03,0.016727282653,0.016727282653,2060,74.4452444062,70.7142857143,15559.8589146,3317.56248812,12245.5626916,15,0.24,True,,27.6893713103,True,3,qualifying,42
668,7,11.9768202304,18.7794284141,0.0504960624603,0.0427709007875,standard,differential_evolution,qualifying,27.6980156943,87.036727426,1.03,0.0165421572217,0.0165421572217,2060,74.4666881087,70.7142857143,15290.7836534,3283.11847142,12205.4730131,15,0.24,True,,27.6980156943,True,3,qualifying,42
669,7,21.25,15,0.0475,0.07375,standard,grid,qualifying,27.7009542361,84.9026177413,1.03,0.0172157675409,0.0172157675409,2060,73.9597500886,70.7142857143,16484.433674,3576.47162688,11640.285113,16,0.16,True,,27.7009542361,False,3,qualifying,42
670,7,22.801046099,14.6787897173,0.0267490822507,0.052662275141,standard,random,qualifying,27.7066316753,84.1948680352,1.03,0.0171904047809,0.0171904047809,2060,73.8690109687,47.1428571429,16619.1232644,3690.15338958,11360.5920273,16,0.16,True,,27.7066316753,False,3,qualifying,42
671,7,20.0260444269,19.4219241229,0.0419570831944,0.0744249485837,standard,random,qualifying,27.708862356,82.8790495854,1.03,0.0175458238167,0.0175458238167,2060,73.7735964049,47.1428571429,17267.2652349,3900.53564223,11733.0000213,16,0.16,True,,27.708862356,False,3,qualifying,42
672,7,19.9647031049,18.1277372288,0.04942061154,0.0475137813958,standard,random,qualifying,27.7248327767,83.8889637238,1.03,0.0169928046341,0.0169928046341,2060,73.792645605,47.1428571429,16393.9261106,3736.20485616,11560.2249439,17,0.16,True,,27.7248327767,False,3,qualifying,42
673,7,11.9059076898,20.4448652011,0.0392641465973,0.0402073349965,standard,differential_evolution,qualifying,27.7278159974,85.6521641327,1.03,0.0169454711833,0.0169454711833,2060,73.9971218984,70.7142857143,16030.5389535,3462.08523586,12272.1532602,15,0.16,True,,27.7278159974,False,3,qualifying,42
674,7,11.9638912434,21.3720901425,0.0310265579415,0.0724001913096,standard,differential_evolution,qualifying,27.8196983192,84.7819212247,1.03,0.0173130959397,0.0173130959397,2060,73.6608203366,70.7142857143,16584.5996758,3566.07294835,12403.8462154,16,0.16,True,,27.8196983192,False,3,qualifying,42
675,7,22.193515137,16.6906050899,0.0416360776775,0.0402073349965,standard,differential_evolution,qualifying,27.8212944632,83.4810859144,1.03,0.0170760612444,0.0170760612444,2060,73.5166691846,47.1428571429,16543.3980666,3776.02822283,11372.7011525,17,0.16,True,,27.8212944632,False,3,qualifying,42
676,7,19.5207748,21.0715880132,0.0417762148224,0.0536777544128,standard,random,qualifying,27.8799033659,81.9815681141,1.03,0.0175659565169,0.0175659565169,2060,73.2974548745,47.1428571429,17397.9023494,4005.82556713,11710.5690277,17,0.16,True,,27.8799033659,False,3,qualifying,42
677,7,18.7066249102,20.4778504828,0.0436055232738,0.0403098172652,standard,differential_evolution,qualifying,27.8804593159,82.9581270467,1.03,0.0169385125993,0.0169385125993,2060,73.3288822801,47.1428571429,16440.7326468,3850.14501325,11571.6484556,16,0.16,True,,27.8804593159,False,3,qualifying,42
678,7,10.3511313614,21.3720901425,0.0287885959268,0.0724001913096,standard,differential_evolution,qualifying,27.8813135759,85.3063973266,1.03,0.0171147979677,0.0171147979677,2060,73.6818729726,70.7142857143,16220.7746814,3480.79389576,12472.2963168,15,0.2,True,,27.8813135759,False,3,qualifying,42
679,7,16.8837366331,21.3748239191,0.0291939099438,0.0451538533091,standard,random,qualifying,27.8862809742,83.0943897556,1.03,0.0170520831073,0.0170520831073,2060,73.3222146476,47.1428571429,16566.5588338,3825.82328333,11748.837537,16,0.16,True,,27.8862809742,False,3,qualifying,42
680,7,16.0525656102,21.1861069216,0.034922771216,0.0831908687313,standard,differential_evolution,qualifying,27.926590664,83.5609254167,1.03,0.0170192966529,0.0170192966529,2060,73.2628475461,47.1428571429,16402.9639661,3738.42125204,11907.6413295,17,0.16,True,,27.926590664,False,3,qualifying,42
681,7,12.4778970741,22.360679775,0.0383728247304,0.0550928926843,standard,local,qualifying,27.9370630231,83.7838751777,1.03,0.0174387388422,0.0174387388422,2060,73.2633231877,70.7142857143,16880.0519124,3691.21519835,12336.6073892,17,0.16,True,,27.9370630231,False,3,qualifying,42
682,7,21.6093407283,18.777568795,0.0507579375973,0.0713815613077,standard,random,qualifying,27.9989622917,82.6130875233,1.03,0.0168608329429,0.0168608329429,2060,73.0065788803,47.1428571429,16345.8482644,3876.2885043,11350.8687334,17,0.16,True,,27.9989622917,False,3,qualifying,42
683,7,24.4268849591,19.6009193404,0.0377613189175,0.065699760494,standard,differential_evolution,qualifying,28.0224172308,80.3570405119,1.03,0.0176381843259,0.0176381843259,2060,72.7023286709,47.1428571429,17688.3831218,4229.02589628,11270.7994918,18,0.08,True,,28.0224172308,False,3,qualifying,42
684,7,12.5610958945,22.6266541997,0.0409856072221,0.0486057210538,standard,differential_evolution,qualifying,28.0315750612,83.6363764543,1.03,0.0171248622217,0.0171248622217,2060,73.0212893332,70.7142857143,16483.7082325,3695.99271487,12189.2943781,17,0.16,True,,28.0315750612,False,3,qualifying,42
685,7,21.3713161013,17.0905193626,0.0541209407318,0.0801904504595,standard,random,qualifying,28.0625058157,83.9531277046,1.03,0.0161837319233,0.0161837319233,2060,72.9852425152,70.7142857143,15238.8004308,3653.1690889,11181.4470275,16,0.16,True,,28.0625058157,True,3,qualifying,42
686,7,23.0682802577,18.4814699517,0.0493179711771,0.0647736175416,standard,differential_evolution,qualifying,28.0765242699,81.9138008483,1.03,0.0170712257414,0.0170712257414,2060,72.777529905,47.1428571429,16710.4105884,3969.58185778,11278.6361703,17,0.16,True,,28.0765242699,False,3,qualifying,42
687,7,11.5435228355,21.3325717136,0.0513348011667,0.0729147973931,standard,differential_evolution,qualifying,28.1011802516,85.1761711254,1.03,0.0164813029866,0.0164813029866,2060,73.2530462042,70.7142857143,15379.8682979,3468.13794127,12157.0299417,16,0.24,True,,28.1011802516,True,3,qualifying,42
688,7,18.7230754086,22.5788569356,0.0447310581726,0.071891192866,standard,differential_evolution,qualifying,28.1777593905,81.3517497605,1.03,0.0171668163779,0.0171668163779,2060,72.4980836235,47.1428571429,16897.9855707,4039.78596874,11626.4350364,17,0.16,True,,28.1777593905,False,3,qualifying,42
689,7,21.7625408869,23.1189711376,0.0392641465973,0.0665504288886,standard,differential_evolution,qualifying,28.1848266162,79.520171941,1.03,0.0175040570526,0.0175040570526,2060,72.2821157645,47.1428571429,17602.8136694,4338.89835282,11372.8674663,19,0.08,True,,28.1848266162,False,3,qualifying,42
690,7,14.4039063665,23.2383302945,0.0417109645702,0.0752754194098,standard,random,qualifying,28.1943289077,82.5503388467,1.03,0.0170824179806,0.0170824179806,2060,72.5160330212,47.1428571429,16554.6766455,3832.37258942,12008.4884242,18,0.16,True,,28.1943289077,False,3,qualifying,42
691,7,16.6044520727,23.9001119873,0.0426959653907,0.0596772173928,standard,differential_evolution,qualifying,28.1962765638,81.1831210424,1.03,0.01727876795,0.01727876795,2060,72.2400965706,47.1428571429,17022.7384842,4036.37945655,11808.0812864,17,0.08,True,,28.1962765638,False,3,qualifying,42
692,7,22.7383511574,23.152257846,0.0438144784771,0.0447097508245,standard,differential_evolution,qualifying,28.3475952569,79.185618035,1.03,0.0168949442442,0.0168949442442,2060,71.8470593388,47.1428571429,16836.2817716,4362.1616802,11028.9306304,18,0.08,True,,28.3475952569,False,3,qualifying,42
693,7,21.8038656625,23.2970171318,0.0461549613588,0.075132806396,standard,random,qualifying,28.3706434032,79.5306705195,1.03,0.0168624590798,0.0168624590798,2060,71.7734640867,47.1428571429,16724.6363157,4291.41931506,11155.4814032,17,0.08,True,,28.3706434032,False,3,qualifying,42
694,7,13.75,25,0.0325,0.05125,standard,grid,qualifying,28.4044119627,81.3881443448,1.03,0.0169904716209,0.0169904716209,2060,71.9256740466,47.1428571429,16599.4908896,3975.70177578,11882.2610754,17,0.16,True,,28.4044119627,False,3,qualifying,42
695,7,13.75,25,0.0325,0.07375,standard,grid,qualifying,28.4460315677,81.3901586892,1.03,0.0169614151834,0.0169614151834,2060,71.8214220925,47.1428571429,16537.902397,3965.26035468,11909.371772,17,0.16,True,,28.4460315677,False,3,qualifying,42
696,7,17.1178886583,25.2310680694,0.0431579369247,0.0601670990979,standard,differential_evolution,qualifying,28.4491676891,80.0081672908,1.03,0.0170983750678,0.0170983750678,2060,71.5662148484,47.1428571429,16915.6445716,4176.41905553,11625.3709871,17,0.08,True,,28.4491676891,False,3,qualifying,42
697,7,21.25,25,0.0325,0.05125,standard,grid,qualifying,28.4985952663,78.531930842,1.03,0.0171020152657,0.0171020152657,2060,71.4655729171,47.1428571429,17161.517399,4438.67131041,11176.9166496,18,0.08,True,,28.4985952663,False,3,qualifying,42
698,7,12.314342381,23.6609790648,0.0473428646772,0.0835379379595,standard,random,qualifying,28.5026605851,83.1438280281,1.03,0.0161757554273,0.0161757554273,2060,72.0531580832,70.7142857143,15217.3413926,3691.95554243,11846.4883752,16,0.24,True,,28.5026605851,True,3,qualifying,42
699,7,20.0348238207,25.2310680694,0.0431579369247,0.0601670990979,standard,differential_evolution,qualifying,28.5205788855,78.8545061605,1.03,0.017137996435,0.017137996435,2060,71.3912492411,47.1428571429,17141.1975126,4368.27791137,11341.0758594,17,0.08,True,,28.5205788855,False,3,qualifying,42
700,7,21.25,25,0.0325,0.07375,standard,grid,qualifying,28.5297611916,78.5412569067,1.03,0.0170561500696,0.0170561500696,2060,71.3793774408,47.1428571429,17088.3287594,4428.80663468,11190.3243039,18,0.08,True,,28.5297611916,False,3,qualifying,42
701,7,13.75,25,0.0475,0.05125,standard,grid,qualifying,28.5342944615,81.4935408708,1.03,0.0165597414317,0.0165597414317,2060,71.6130305301,47.1428571429,15978.7524592,3929.84156619,11749.8548692,17,0.16,True,,28.5342944615,False,3,qualifying,42
702,7,11.0837674754,24.5781528554,0.0269839067728,0.079155271286,standard,differential_evolution,qualifying,28.535089105,82.6756096158,1.03,0.0163882176104,0.0163882176104,2060,71.9194563843,70.7142857143,15573.3070702,3757.52888008,11947.1082414,16,0.24,True,,28.535089105,False,3,qualifying,42
703,7,13.75,25,0.0475,0.07375,standard,grid,qualifying,28.5745567643,81.504929628,1.03,0.0165076080671,0.0165076080671,2060,71.5159062406,47.1428571429,15887.7058714,3918.84290156,11761.4024664,17,0.16,True,,28.5745567643,False,3,qualifying,42
704,7,21.25,25,0.0475,0.05125,standard,grid,qualifying,28.6216680662,78.6169374216,1.03,0.0166945457758,0.0166945457758,2060,71.1279273258,47.1428571429,16585.1851885,4390.45252231,11061.1704193,17,0.08,True,,28.6216680662,False,3,qualifying,42
705,7,21.25,25,0.0475,0.07375,standard,grid,qualifying,28.6559509177,78.6331711002,1.03,0.016625645072,0.016625645072,2060,71.0357853297,47.1428571429,16479.8684872,4378.87281938,11061.7146668,17,0.08,True,,28.6559509177,False,3,qualifying,42
706,7,24.4268849591,24.7579383339,0.0377613189175,0.0416837269868,standard,differential_evolution,qualifying,28.6790287312,77.3316589152,1.03,0.0167638997663,0.0167638997663,2060,71.0495406465,23.5714285714,16858.28376,4625.3124473,10728.9120555,20,0.08,True,,28.6790287312,False,3,qualifying,42
707,7,19.6579768012,26.4552322654,0.0383024259648,0.0502257424803,standard,random,qualifying,28.7169652147,78.1521545729,1.03,0.0169571844601,0.0169571844601,2060,70.8924444596,47.1428571429,16969.3542552,4446.8510091,11235.0739107,18,0.08,True,,28.7169652147,False,3,qualifying,42
708,7,22.4838970209,26.0952871499,0.0366243513709,0.0529747646769,standard,random,qualifying,28.726085072,77.2091227494,1.03,0.0171211339547,0.0171211339547,2060,70.9310917617,23.5714285714,17320.406628,4628.74616422,11016.7596029,20,0.08,True,,28.726085072,False,3,qualifying,42
709,7,16.5572787831,26.6535639212,0.0460079530601,0.0540564988622,standard,random,qualifying,28.7590912799,79.2213927637,1.03,0.0166240484403,0.0166240484403,2060,70.7670794073,47.1428571429,16347.4306264,4239.30546592,11426.928927,17,0.08,True,,28.7590912799,False,3,qualifying,42
710,7,18.4395228553,27.368534188,0.0371130197136,0.0649749768369,standard,differential_evolution,qualifying,28.8251987707,77.901655065,1.03,0.017036645338,0.017036645338,2060,70.6147187307,47.1428571429,17074.8766087,4461.50069613,11356.495689,18,0.08,True,,28.8251987707,False,3,qualifying,42
711,7,13.5929149758,27.368534188,0.0263724886409,0.0802899915553,standard,differential_evolution,qualifying,28.9182626461,79.7586238333,1.03,0.016046791753,0.016046791753,2060,70.3942675797,47.1428571429,15472.648336,4113.53240491,11433.3184578,17,0.08,True,,28.9182626461,True,3,qualifying,42
712,7,15.2611120888,27.744978578,0.0309659218135,0.0759300610657,standard,differential_evolution,qualifying,28.9250130739,78.8187000615,1.03,0.0165107004622,0.0165107004622,2060,70.3462541664,47.1428571429,16219.9913833,4270.37889223,11447.3960696,17,0.08,True,,28.9250130739,False,3,qualifying,42
713,7,24.4268849591,29.0891862897,0.0546788828297,0.0416837269868,standard,differential_evolution,qualifying,29.749924305,74.7385815866,1.03,0.0152630207433,0.0152630207433,2060,68.3888204194,23.5714285714,15016.1733397,4849.80962353,10064.1400734,19,0.08,True,,29.749924305,True,3,qualifying,42
714,7,10.340681097,11.8009572155,0.0466707805179,0.0607844753613,standard,random,qualifying,26.7832995147,91.9706195633,1.03,0.0177829706488,0.0177829706488,2060,77.4689934234,94.2857142857,16263.8007457,2788.97678504,13122.0712878,15,0.24,False,braking_limit,26.7832995147,False,3,qualifying,42
715,7,10.8445491352,12.3763583254,0.0498781114138,0.0560751069087,standard,differential_evolution,qualifying,26.9578396034,91.4891633976,1.03,0.0172665256576,0.0172665256576,2060,76.7953150383,94.2857142857,15731.4186314,2804.55203687,12680.7603297,15,0.24,False,braking_limit,26.9578396034,False,3,qualifying,42
716,7,22.9470778298,11.8194239856,0.0471159648969,0.0645320550962,standard,differential_evolution,qualifying,27.704332384,85.3184811429,1.03,0.0173358274291,0.0173358274291,2060,73.9118232908,70.7142857143,16529.7490474,3496.57029145,11532.5937913,16,0.12,False,balance,27.704332384,False,3,qualifying,42
717,7,23.2079617207,11.188392883,0.0504960624603,0.0520690819568,standard,differential_evolution,qualifying,27.9386673161,85.5480162643,1.03,0.0168538182601,0.0168538182601,2060,73.6815100393,70.7142857143,15843.9592166,3440.55723088,11304.3398763,15,0.24,False,balance;balance_shift,27.9386673161,False,3,qualifying,42
718,7,11.4126602183,29.5124470327,0.0478341910597,0.0753728937375,standard,random,qualifying,29.4683647648,78.5829164879,1.03,0.0157244388708,0.0157244388708,2060,69.2271642268,47.1428571429,15084.9155569,4198.19696,11387.1400043,17,0.16,False,balance_shift,29.4683647648,False,3,qualifying,42
719,8,17.5,20,0.04,0.06,standard,candidate_bank,race,38.7032666645,84.2408247101,1.18,0.017154171629,0.017154171629,2360,66.8654181253,150,12581.0391855,2715.03521151,11273.7004578,17,0.44,True,,422.513701643,False,2,race,42
720,8,15.6243405106,14.4581580192,0.0298721615783,0.058321284358,standard,candidate_bank,race,38.2334585584,88.9180195912,1.18,0.0170044306292,0.0170044306292,2360,68.1311612821,175,12073.8987469,2279.00464318,11391.0723472,16,0.48,True,,420.709774201,False,2,race,42
721,8,15.6243405106,14.2782710697,0.0298721615783,0.058321284358,standard,candidate_bank,race,38.2363183022,89.0019494714,1.18,0.0169964304541,0.0169964304541,2360,68.1287204996,175,12055.1790794,2267.8103662,11382.3779819,16,0.48,True,,420.756574917,False,2,race,42
722,8,15.6243405106,14.6480389808,0.0298721615783,0.058321284358,standard,candidate_bank,race,38.2398379894,88.8295221009,1.18,0.0170087449839,0.0170087449839,2360,68.0986184369,150,12088.1876641,2289.92316022,11400.4711466,16,0.48,True,,420.710535945,False,2,race,42
723,8,15.6243405106,14.72135955,0.0298721615783,0.058321284358,standard,candidate_bank,race,38.242742882,88.7949315827,1.18,0.0170107993385,0.0170107993385,2360,68.084590765,150,12093.4303377,2294.12640856,11406.8350639,16,0.48,True,,420.712820382,False,2,race,42
724,8,15.6243405106,13.9872078712,0.0298721615783,0.058321284358,standard,candidate_bank,race,38.2560796595,89.0419076752,1.18,0.0169621442479,0.0169621442479,2360,68.0893609473,175,12012.6745264,2247.63626574,11328.8071303,16,0.48,True,,420.923694965,False,2,race,42
725,8,15.6243405106,15.1942471324,0.0298721615783,0.058321284358,standard,candidate_bank,race,38.2619956128,88.5686724107,1.18,0.017023512818,0.017023512818,2360,67.9926400815,150,12126.9405196,2321.7106228,11449.1481543,17,0.48,True,,420.794013502,False,2,race,42
726,9,17.5,20,0.04,0.06,standard,candidate_bank,overtaking,38.7032666645,84.2408247101,1.18,0.017154171629,0.017154171629,2360,66.8654181253,150,12581.0391855,2715.03521151,11273.7004578,17,0.44,True,,-84.2408247101,False,2,overtaking,42
727,9,15.6243405106,14.4581580192,0.0298721615783,0.058321284358,standard,candidate_bank,overtaking,38.2334585584,88.9180195912,1.18,0.0170044306292,0.0170044306292,2360,68.1311612821,175,12073.8987469,2279.00464318,11391.0723472,16,0.48,True,,-88.9180195912,False,2,overtaking,42
728,9,15.6243405106,14.2782710697,0.0298721615783,0.058321284358,standard,candidate_bank,overtaking,38.2363183022,89.0019494714,1.18,0.0169964304541,0.0169964304541,2360,68.1287204996,175,12055.1790794,2267.8103662,11382.3779819,16,0.48,True,,-89.0019494714,False,2,overtaking,42
729,9,15.6243405106,14.6480389808,0.0298721615783,0.058321284358,standard,candidate_bank,overtaking,38.2398379894,88.8295221009,1.18,0.0170087449839,0.0170087449839,2360,68.0986184369,150,12088.1876641,2289.92316022,11400.4711466,16,0.48,True,,-88.8295221009,False,2,overtaking,42
730,9,15.6243405106,14.72135955,0.0298721615783,0.058321284358,standard,candidate_bank,overtaking,38.242742882,88.7949315827,1.18,0.0170107993385,0.0170107993385,2360,68.084590765,150,12093.4303377,2294.12640856,11406.8350639,16,0.48,True,,-88.7949315827,False,2,overtaking,42
731,9,15.6243405106,13.9872078712,0.0298721615783,0.058321284358,standard,candidate_bank,overtaking,38.2560796595,89.0419076752,1.18,0.0169621442479,0.0169621442479,2360,68.0893609473,175,12012.6745264,2247.63626574,11328.8071303,16,0.48,True,,-89.0419076752,False,2,overtaking,42
732,9,15.6243405106,15.1942471324,0.0298721615783,0.058321284358,standard,candidate_bank,overtaking,38.2619956128,88.5686724107,1.18,0.017023512818,0.017023512818,2360,67.9926400815,150,12126.9405196,2321.7106228,11449.1481543,17,0.48,True,,-88.5686724107,False,2,overtaking,42
733,10,17.5,20,0.04,0.06,standard,candidate_bank,high_downforce,38.7032666645,84.2408247101,1.18,0.017154171629,0.017154171629,2360,66.8654181253,150,12581.0391855,2715.03521151,11273.7004578,17,0.44,True,,-66.8654181253,False,2,high_downforce,42
734,10,15.6243405106,14.4581580192,0.0298721615783,0.058321284358,standard,candidate_bank,high_downforce,38.2334585584,88.9180195912,1.18,0.0170044306292,0.0170044306292,2360,68.1311612821,175,12073.8987469,2279.00464318,11391.0723472,16,0.48,True,,-68.1311612821,False,2,high_downforce,42
735,10,15.6243405106,14.2782710697,0.0298721615783,0.058321284358,standard,candidate_bank,high_downforce,38.2363183022,89.0019494714,1.18,0.0169964304541,0.0169964304541,2360,68.1287204996,175,12055.1790794,2267.8103662,11382.3779819,16,0.48,True,,-68.1287204996,False,2,high_downforce,42
736,10,15.6243405106,14.6480389808,0.0298721615783,0.058321284358,standard,candidate_bank,high_downforce,38.2398379894,88.8295221009,1.18,0.0170087449839,0.0170087449839,2360,68.0986184369,150,12088.1876641,2289.92316022,11400.4711466,16,0.48,True,,-68.0986184369,False,2,high_downforce,42
737,10,15.6243405106,14.72135955,0.0298721615783,0.058321284358,standard,candidate_bank,high_downforce,38.242742882,88.7949315827,1.18,0.0170107993385,0.0170107993385,2360,68.084590765,150,12093.4303377,2294.12640856,11406.8350639,16,0.48,True,,-68.084590765,False,2,high_downforce,42
738,10,15.6243405106,13.9872078712,0.0298721615783,0.058321284358,standard,candidate_bank,high_downforce,38.2560796595,89.0419076752,1.18,0.0169621442479,0.0169621442479,2360,68.0893609473,175,12012.6745264,2247.63626574,11328.8071303,16,0.48,True,,-68.0893609473,False,2,high_downforce,42
739,10,15.6243405106,15.1942471324,0.0298721615783,0.058321284358,standard,candidate_bank,high_downforce,38.2619956128,88.5686724107,1.18,0.017023512818,0.017023512818,2360,67.9926400815,150,12126.9405196,2321.7106228,11449.1481543,17,0.48,True,,-67.9926400815,False,2,high_downforce,42
740,11,17.5,20,0.04,0.06,standard,candidate_bank,wet,47.0009637888,80.1904431214,1.18,0.0139260173544,0.0139260173544,2360,47.5520707108,250,8798.60356633,1896.60294747,8081.5929956,22,0.56,True,,48.1415538589,False,2,wet,42
741,11,15.6243405106,14.4581580192,0.0298721615783,0.058321284358,standard,candidate_bank,wet,47.1447332186,83.0359099632,1.18,0.0135217354995,0.0135217354995,2360,46.8336734548,275,8246.90480891,1546.67350552,7841.14090824,20,0.64,True,,48.3120013632,False,2,wet,42
742,11,15.6243405106,14.2782710697,0.0298721615783,0.058321284358,standard,candidate_bank,wet,47.1621070863,83.0913712546,1.18,0.0135052530825,0.0135052530825,2360,46.7765675299,275,8228.41996165,1537.9670052,7830.88556363,20,0.64,True,,48.3292513117,False,2,wet,42
743,11,15.6243405106,14.6480389808,0.0298721615783,0.058321284358,standard,candidate_bank,wet,47.1266422278,82.9766108496,1.18,0.0135390384883,0.0135390384883,2360,46.8941685185,275,8266.34102385,1555.9620501,7851.82434432,21,0.64,True,,48.293612921,False,2,wet,42
744,11,15.6243405106,14.72135955,0.0298721615783,0.058321284358,standard,candidate_bank,wet,47.1236306659,82.9498672677,1.18,0.0135433817155,0.0135433817155,2360,46.9024373218,275,8272.27961475,1559.27972933,7855.42458579,21,0.64,True,,48.2875689564,False,2,wet,42
745,11,15.6243405106,13.9872078712,0.0298721615783,0.058321284358,standard,candidate_bank,wet,47.1904838864,83.1794935435,1.18,0.0134812172865,0.0134812172865,2360,46.6840752214,275,8198.45213018,1524.08781096,7813.99879107,20,0.64,True,,48.3573309847,False,2,wet,42
746,11,15.6243405106,15.1942471324,0.0298721615783,0.058321284358,standard,candidate_bank,wet,47.1097024723,82.7687762726,1.18,0.0135683509726,0.0135683509726,2360,46.9373318367,275,8308.39502374,1580.64936976,7877.30857819,21,0.64,True,,48.2704708495,False,2,wet,42
